id,created_at,changes,message,from_livery_id,from_operator_id,from_type_id,to_livery_id,to_operator_id,to_type_id,user_id,vehicle_id,approved_at,approved_by_id,pending,disapproved,disapproved_reason
669,2026-04-29 18:45:05.126316+02,"{""fleet number"": ""-\n+WHV27""}",,,TFLO,,,MBGA,102,1,3779257,,,f,f,
64,2026-04-04 21:28:23.981369+02,"{""reg"": ""-\n+HW62CEJ""}",,,,,25,,697,1,17592,,,f,f,
670,2026-04-29 18:45:25.399031+02,"{""fleet number"": ""-\n+WHV31""}",,,TFLO,,,MBGA,102,1,3779488,,,f,f,
137,2026-04-05 01:42:02.137+02,"{""garage"": ""-Southern Vectis\n+Newport""}",,,,,,,,1,17566,,,f,f,
4,2026-03-28 02:42:11.599702+01,"{""reg"": ""-\n+YP63WFA""}",,,,,,,,1,2563,,,f,f,
65,2026-04-04 21:28:53.597367+02,"{""reg"": ""-\n+HW63FHJ"", ""garage"": ""-\n+Newport""}",,,,,25,,697,1,17593,,,f,f,
5,2026-03-29 13:00:17.137365+02,"{""reg"": ""-\n+YT61GPF""}",,,,,1763,,282,1,3783282,,,f,f,
6,2026-03-29 13:09:09.452547+02,"{""reg"": ""-\n+YT61GPJ""}",,,,,1763,,282,1,3783287,,,f,f,
66,2026-04-04 21:29:16.020799+02,"{""reg"": ""-\n+HW63FHN"", ""garage"": ""-Southern Vectis\n+Newport""}",,,,,25,,697,1,17594,,,f,f,
7,2026-03-29 14:10:41.903741+02,"{""garage"": ""-Trent Bridge\n+Parliament Street""}",,,,,,,,1,2372,,,f,f,
8,2026-03-29 14:13:17.492913+02,"{""garage"": ""-Trent Bridge\n+Parliament Street""}",,,,,,,,1,2371,,,f,f,
9,2026-03-29 14:39:16.512799+02,"{""garage"": ""-Parliament Street\n+Trent Bridge""}",,,,,,,,1,2521,,,f,f,
10,2026-03-29 16:58:43.101404+02,"{""garage"": ""-\n+Trent Bridge""}",,,,,,,,1,3783282,,,f,f,
11,2026-03-29 17:04:45.46976+02,{},,,,,,,,1,2521,,,f,f,
12,2026-03-29 17:31:37.539503+02,{},,,,,,,,1,3783282,,,f,f,
13,2026-03-29 22:30:52.746108+02,"{""garage"": ""-\n+Hatfield (HF) - Uno""}",,,,,,,,1,3776949,,,f,f,
14,2026-03-29 22:32:50.0634+02,"{""garage"": ""-\n+Hatfield (HF) - Uno""}",,,,,,,,1,3776949,,,f,f,
15,2026-03-29 22:38:16.276288+02,"{""garage"": ""-\n+Hatfield""}",,,,,,,,1,3776949,,,f,f,
16,2026-03-29 23:22:38.069451+02,{},,4140,,,262,,,1,3776949,,,f,f,
17,2026-03-29 23:35:24.605731+02,{},,4140,,,262,,,1,3776949,,,f,f,
18,2026-03-30 00:12:27.928759+02,"{""garage"": ""-\n+Parliament Street""}",,,,,,,,1,3783417,,,f,f,
19,2026-03-30 08:17:06.041156+02,"{""reg"": ""-\n+YN22BNA"", ""branding"": ""-\n+35/36""}",,,,,1757,,68,1,3783417,,,f,f,
20,2026-03-30 15:48:47.986139+02,"{""reg"": ""-\n+YT61GPU"", ""garage"": ""-\n+Parliament Street""}",,,,,1763,,282,1,3784221,,,f,f,
21,2026-03-30 15:49:17.475958+02,"{""garage"": ""-Trent Bridge\n+Parliament Street""}",,,,,,,,1,3783282,,,f,f,
22,2026-03-30 15:49:36.44027+02,"{""garage"": ""-Trent Bridge\n+Parliament Street""}",,,,,,,,1,3783287,,,f,f,
23,2026-04-04 20:54:23.346556+02,"{""reg"": ""-\n+VDL744"", ""garage"": ""-\n+Newport"", ""previous reg"": ""-\n+HW58ASX""}",,,,,3467,,66,1,17561,,,f,f,
24,2026-04-04 20:56:10.19504+02,"{""reg"": ""-\n+HW26FEH"", ""garage"": ""-\n+Newport"", ""previous reg"": ""-\n+BF25YYT""}",,,,,4081,,649,1,17562,,,f,f,
25,2026-04-04 20:56:49.210141+02,"{""reg"": ""-\n+HW26FEJ"", ""garage"": ""-Southern Vectis\n+Newport"", ""previous reg"": ""-\n+BF25YYU""}",,,,,4081,,649,1,17563,,,f,f,
26,2026-04-04 20:56:56.260035+02,{},,,,,,,,1,17562,,,f,f,
27,2026-04-04 20:57:25.802227+02,"{""reg"": ""-\n+HW26FEK"", ""garage"": ""-\n+Newport""}",,,,,4081,,649,1,17564,,,f,f,
28,2026-04-04 20:58:02.034017+02,"{""reg"": ""-\n+HW26FEM"", ""garage"": ""-\n+Newport""}",,,,,4081,,649,1,17565,,,f,f,
29,2026-04-04 20:58:20.961035+02,"{""reg"": ""-\n+HW26EFO"", ""garage"": ""-\n+Newport""}",,,,,4081,,649,1,17566,,,f,f,
30,2026-04-04 20:58:48.793254+02,"{""reg"": ""-\n+HW26EFU"", ""garage"": ""-\n+Newport""}",,,,,4081,,649,1,17567,,,f,f,
31,2026-04-04 20:59:11.676608+02,"{""reg"": ""-\n+HW26EFU"", ""garage"": ""-\n+Newport""}",,,,,4081,,649,1,17568,,,f,f,
32,2026-04-04 20:59:21.63599+02,"{""reg"": ""-HW26EFU\n+HW26EFT""}",,,,,,,,1,17567,,,f,f,
33,2026-04-04 20:59:50.158316+02,"{""reg"": ""-\n+HW26EFV"", ""garage"": ""-\n+Newport""}",,,,,4081,,649,1,17569,,,f,f,
34,2026-04-04 21:00:24.205023+02,"{""reg"": ""-\n+HW26EFX"", ""garage"": ""-\n+Newport""}",,,,,4081,,649,1,17570,,,f,f,
35,2026-04-04 21:01:16.217269+02,"{""reg"": ""-\n+HW26FFA"", ""garage"": ""-\n+Newport""}",,,,,4081,,649,1,17571,,,f,f,
36,2026-04-04 21:01:53.795355+02,"{""reg"": ""-\n+HW26FFB"", ""garage"": ""-\n+Newport""}",,,,,4081,,649,1,17572,,,f,f,
37,2026-04-04 21:12:29.222434+02,"{""reg"": ""-\n+HW26FFC"", ""garage"": ""-\n+Newport""}",,,,,4081,,649,1,17573,,,f,f,
38,2026-04-04 21:14:04.902371+02,"{""reg"": ""-\n+HW26FFD"", ""garage"": ""-\n+Newport""}",,,,,4081,,649,1,3784871,,,f,f,
39,2026-04-04 21:16:07.478022+02,"{""reg"": ""-\n+HW26FFE"", ""garage"": ""-Southern Vectis\n+Newport""}",,,,,4081,,649,1,17574,,,f,f,
40,2026-04-04 21:16:34.28338+02,"{""reg"": ""-\n+HW26FFG"", ""garage"": ""-\n+Newport""}",,,,,4081,,649,1,17575,,,f,f,
41,2026-04-04 21:16:49.535044+02,"{""reg"": ""-\n+HW26"", ""garage"": ""-Southern Vectis\n+Newport""}",,,,,4081,,649,1,17576,,,f,f,
42,2026-04-04 21:17:01.600077+02,"{""reg"": ""-HW26\n+HW26FFH""}",,,,,,,,1,17576,,,f,f,
43,2026-04-04 21:17:24.053925+02,"{""reg"": ""-\n+HW26FFJ"", ""garage"": ""-\n+Newport""}",,,,,4081,,649,1,17577,,,f,f,
44,2026-04-04 21:18:15.529185+02,"{""reg"": ""-\n+HW26FFL"", ""garage"": ""-Southern Vectis\n+Newport""}",,,,,4081,,649,1,17578,,,f,f,
45,2026-04-04 21:18:32.354943+02,"{""reg"": ""-\n+HW26FFM"", ""garage"": ""-Southern Vectis\n+Newport""}",,,,,4081,,649,1,17579,,,f,f,
46,2026-04-04 21:18:56.643898+02,"{""reg"": ""-\n+HW26FFN"", ""garage"": ""-\n+Newport""}",,,,,4081,,649,1,2436001,,,f,f,
47,2026-04-04 21:19:17.595064+02,"{""reg"": ""-\n+HW26FFO"", ""garage"": ""-\n+Newport""}",,,,,4081,,649,1,17581,,,f,f,
48,2026-04-04 21:19:38.771634+02,"{""reg"": ""-\n+HW26FFP"", ""garage"": ""-Southern Vectis\n+Newport""}",,,,,4081,,649,1,3784694,,,f,f,
49,2026-04-04 21:19:57.794785+02,"{""reg"": ""-\n+HW26FFX"", ""garage"": ""-\n+Newport""}",,,,,4081,,649,1,3784885,,,f,f,
50,2026-04-04 21:20:31.109925+02,"{""reg"": ""-\n+HW26FOV"", ""garage"": ""-\n+Newport""}",,,,,4081,,649,1,3784691,,,f,f,
51,2026-04-04 21:21:48.455679+02,"{""reg"": ""-\n+HF09FVU"", ""garage"": ""-\n+Newport""}",,,,,27,,64,1,1973199,,,f,f,
52,2026-04-04 21:22:06.920104+02,"{""reg"": ""-\n+HF09FVV"", ""garage"": ""-\n+Newport""}",,,,,27,,64,1,17582,,,f,f,
53,2026-04-04 21:22:32.774485+02,"{""reg"": ""-\n+HF09FVW"", ""garage"": ""-\n+Newport""}",,,,,27,,64,1,3783219,,,f,f,
54,2026-04-04 21:23:42.939967+02,"{""reg"": ""-\n+HW62CVO"", ""garage"": ""-\n+Newport""}",,,,,26,,697,1,17583,,,f,f,
55,2026-04-04 21:24:10.112889+02,"{""reg"": ""-\n+HW62CVZ""}",,,,,25,,697,1,3783707,,,f,f,
56,2026-04-04 21:24:34.994818+02,"{""reg"": ""-\n+HW62CWN"", ""garage"": ""-\n+Newport""}",,,,,25,,697,1,17584,,,f,f,
57,2026-04-04 21:24:57.165487+02,"{""reg"": ""-\n+HW62CXK"", ""garage"": ""-\n+Newport""}",,,,,25,,697,1,17585,,,f,f,
58,2026-04-04 21:25:13.240383+02,"{""reg"": ""-\n+HW62CXR"", ""garage"": ""-\n+Newport""}",,,,,25,,697,1,17586,,,f,f,
59,2026-04-04 21:25:31.036892+02,"{""reg"": ""-\n+HW62CXJ""}",,,,,25,,697,1,17587,,,f,f,
60,2026-04-04 21:26:46.228774+02,"{""reg"": ""-\n+HW62CZO""}",,,,,27,,697,1,17588,,,f,f,
61,2026-04-04 21:27:05.962343+02,"{""reg"": ""-\n+HW62CZY"", ""garage"": ""-\n+Newport""}",,,,,27,,697,1,17589,,,f,f,
62,2026-04-04 21:27:35.18301+02,"{""reg"": ""-\n+HW62CAO"", ""garage"": ""-\n+Newport""}",,,,,25,,697,1,17590,,,f,f,
63,2026-04-04 21:27:58.703629+02,"{""reg"": ""-\n+HW62CCD"", ""garage"": ""-\n+Newport""}",,,,,25,,697,1,17591,,,f,f,
67,2026-04-04 21:29:51.623246+02,"{""reg"": ""-\n+HW63FHO"", ""garage"": ""-Southern Vectis\n+Newport""}",,,,,25,,697,1,17595,,,f,f,
138,2026-04-05 01:42:12.370562+02,"{""garage"": ""-\n+Newport""}",,,,,,,,1,17568,,,f,f,
68,2026-04-04 21:30:35.41871+02,"{""reg"": ""-\n+HW63FHP"", ""garage"": ""-\n+Newport""}",,,,,25,,697,1,17596,,,f,f,
69,2026-04-04 21:31:04.30601+02,"{""reg"": ""-\n+HW63FHR"", ""garage"": ""-\n+Newport""}",,,,,25,,697,1,17597,,,f,f,
70,2026-04-04 21:31:38.51291+02,"{""reg"": ""-\n+HF64BSV"", ""garage"": ""-\n+Newport""}",,,,,25,,697,1,17598,,,f,f,
71,2026-04-04 21:32:04.021455+02,"{""reg"": ""-\n+HF64BSX"", ""garage"": ""-Southern Vectis\n+Newport""}",,,,,3419,,697,1,2436162,,,f,f,
72,2026-04-04 21:32:26.711266+02,"{""reg"": ""-\n+HJ16HSC"", ""garage"": ""-\n+Newport""}",,,,,25,,697,1,17600,,,f,f,
73,2026-04-04 21:32:51.759178+02,"{""reg"": ""-\n+HJ16HSD"", ""garage"": ""-Southern Vectis\n+Newport""}",,,,,25,,697,1,17601,,,f,f,
74,2026-04-04 21:33:16.393498+02,"{""reg"": ""-\n+HJ16HSE"", ""garage"": ""-Southern Vectis\n+Newport""}",,,,,25,,697,1,17602,,,f,f,
75,2026-04-04 21:33:37.6325+02,"{""reg"": ""-\n+HJ16HSF"", ""garage"": ""-\n+Newport""}",,,,,25,,697,1,17603,,,f,f,
76,2026-04-04 21:34:00.238256+02,"{""reg"": ""-\n+HJ16HSG"", ""garage"": ""-Southern Vectis\n+Newport""}",,,,,25,,697,1,3330612,,,f,f,
77,2026-04-04 21:34:25.768873+02,"{""reg"": ""-\n+HJ16HSK"", ""garage"": ""-\n+Newport""}",,,,,25,,697,1,17604,,,f,f,
78,2026-04-04 21:34:44.103975+02,"{""reg"": ""-\n+HJ16HSL"", ""garage"": ""-Southern Vectis\n+Newport""}",,,,,25,,697,1,17605,,,f,f,
79,2026-04-04 21:35:00.874888+02,"{""reg"": ""-\n+HJ16HSN"", ""garage"": ""-Southern Vectis\n+Newport""}",,,,,25,,697,1,17606,,,f,f,
80,2026-04-04 21:35:15.999948+02,"{""reg"": ""-\n+HJ16"", ""garage"": ""-Southern Vectis\n+Newport""}",,,,,25,,697,1,17607,,,f,f,
81,2026-04-04 21:35:37.911118+02,"{""reg"": ""-\n+HJ16HSU"", ""garage"": ""-\n+Newport""}",,,,,25,,697,1,3784497,,,f,f,
82,2026-04-04 21:36:27.568606+02,"{""reg"": ""-\n+HF66CFY"", ""garage"": ""-\n+Newport""}",,,,,25,,8,1,17608,,,f,f,
83,2026-04-04 21:36:52.71956+02,"{""reg"": ""-\n+HF66CFZ"", ""garage"": ""-Southern Vectis\n+Newport""}",,,,,25,,8,1,17609,,,f,f,
84,2026-04-04 21:37:14.695513+02,"{""reg"": ""-\n+HF66CGE"", ""garage"": ""-Southern Vectis\n+Newport""}",,,,,25,,8,1,17610,,,f,f,
85,2026-04-04 21:37:33.645764+02,"{""reg"": ""-\n+HF66CGG"", ""garage"": ""-Southern Vectis\n+Newport""}",,,,,25,,8,1,17611,,,f,f,
86,2026-04-04 21:37:51.973938+02,"{""reg"": ""-\n+HF66CGK"", ""garage"": ""-Southern Vectis\n+Newport""}",,,,,25,,8,1,17612,,,f,f,
87,2026-04-04 21:38:12.013534+02,"{""reg"": ""-\n+HF66CHD"", ""garage"": ""-Southern Vectis\n+Newport""}",,,,,25,,8,1,17613,,,f,f,
88,2026-04-04 21:38:29.296222+02,"{""reg"": ""-\n+HF66CHG"", ""garage"": ""-Southern Vectis\n+Newport""}",,,,,25,,8,1,17614,,,f,f,
89,2026-04-04 21:38:50.548874+02,"{""reg"": ""-\n+HW67AHU"", ""garage"": ""-Southern Vectis\n+Newport""}",,,,,25,,8,1,17615,,,f,f,
90,2026-04-04 21:39:07.839453+02,"{""reg"": ""-\n+HW67AHU"", ""garage"": ""-\n+Newport""}",,,,,25,,8,1,17616,,,f,f,
91,2026-04-04 21:39:18.941682+02,"{""reg"": ""-HW67AHU\n+HW67AHP""}",,,,,,,,1,17615,,,f,f,
92,2026-04-04 21:39:52.686275+02,"{""reg"": ""-\n+HW67AJU"", ""garage"": ""-Southern Vectis\n+Newport""}",,,,,25,,8,1,17617,,,f,f,
93,2026-04-04 21:40:30.280072+02,"{""reg"": ""-\n+HW67AKJ"", ""garage"": ""-Southern Vectis\n+Newport""}",,,,,25,,8,1,17618,,,f,f,
94,2026-04-04 21:41:13.757745+02,"{""reg"": ""-\n+HW73BEA"", ""garage"": ""-Southern Vectis\n+Newport"", ""previous reg"": ""-\n+HJ73NFN""}",,,,,25,,8,1,17619,,,f,f,
95,2026-04-04 21:41:42.364288+02,"{""reg"": ""-\n+HW73BEB"", ""garage"": ""-\n+Newport"", ""previous reg"": ""-\n+HJ73NFO""}",,,,,25,,8,1,2436163,,,f,f,
96,2026-04-04 21:42:22.751852+02,"{""reg"": ""-\n+HW73BEC"", ""garage"": ""-\n+Newport"", ""previous reg"": ""-\n+HJ73NFP""}",,,,,25,,8,1,17621,,,f,f,
97,2026-04-04 21:43:05.273963+02,"{""reg"": ""-\n+HW73BED"", ""garage"": ""-\n+Newport"", ""previous reg"": ""-\n+HJ73NFR""}",,,,,25,,8,1,17622,,,f,f,
98,2026-04-04 21:43:43.227036+02,"{""reg"": ""-\n+HW73BEE"", ""garage"": ""-\n+Newport"", ""previous reg"": ""-\n+HJ73NFT""}",,,,,25,,8,1,17623,,,f,f,
99,2026-04-04 21:44:16.444904+02,"{""reg"": ""-\n+HW73BEG"", ""garage"": ""-Southern Vectis\n+Newport"", ""previous reg"": ""-\n+HJ73NFU""}",,,,,25,,8,1,17624,,,f,f,
100,2026-04-04 21:44:41.159307+02,"{""reg"": ""-\n+HW73BEK"", ""garage"": ""-\n+Newport"", ""previous reg"": ""-\n+HJ73NFV""}",,,,,25,,8,1,17625,,,f,f,
101,2026-04-04 21:45:19.347909+02,"{""reg"": ""-\n+HW62CGF"", ""garage"": ""-Southern Vectis\n+Newport""}",,,,,25,,47,1,17626,,,f,f,
102,2026-04-04 21:45:38.516127+02,"{""reg"": ""-\n+HW62CGO"", ""garage"": ""-\n+Newport""}",,,,,25,,47,1,3784998,,,f,f,
103,2026-04-04 21:45:56.630362+02,"{""reg"": ""-\n+HW62CGY"", ""garage"": ""-\n+Newport""}",,,,,25,,47,1,3784311,,,f,f,
104,2026-04-04 21:46:20.590447+02,"{""reg"": ""-\n+HW62CHC"", ""garage"": ""-\n+Newport""}",,,,,25,,47,1,17627,,,f,f,
105,2026-04-04 21:46:40.04238+02,"{""reg"": ""-\n+HW62CHZ"", ""garage"": ""-\n+Newport""}",,,,,25,,47,1,17628,,,f,f,
106,2026-04-04 21:47:01.805185+02,"{""reg"": ""-\n+HW62CJE"", ""garage"": ""-Southern Vectis\n+Newport""}",,,,,25,,47,1,17629,,,f,f,
107,2026-04-04 21:47:19.274205+02,"{""reg"": ""-\n+HW62CJJ"", ""garage"": ""-Southern Vectis\n+Newport""}",,,,,25,,47,1,3784991,,,f,f,
108,2026-04-04 21:47:42.060019+02,"{""reg"": ""-\n+HW62CMV"", ""garage"": ""-\n+Newport""}",,,,,25,,47,1,17630,,,f,f,
109,2026-04-04 21:47:59.740976+02,"{""reg"": ""-\n+HW62CMY"", ""garage"": ""-\n+Newport""}",,,,,25,,47,1,1896584,,,f,f,
110,2026-04-04 21:49:13.008801+02,"{""reg"": ""-\n+HSV342"", ""garage"": ""-\n+Newport"", ""previous reg"": ""-\n+HF08UHS""}",,,,,26,,771,1,17631,,,f,f,
111,2026-04-04 21:49:49.382385+02,"{""reg"": ""-\n+UEL489"", ""garage"": ""-\n+Poole"", ""previous reg"": ""-\n+HF08UHU""}",,,,,26,,771,1,3786023,,,f,f,
112,2026-04-04 21:50:00.552968+02,"{""garage"": ""-Poole\n+Newport""}",,,,,,,,1,3786023,,,f,f,
113,2026-04-04 21:50:23.862858+02,"{""reg"": ""-\n+HF08UHV"", ""garage"": ""-\n+Newport""}",,,,,26,,771,1,17632,,,f,f,
114,2026-04-04 21:51:16.043203+02,"{""reg"": ""-\n+FJ11GNP"", ""garage"": ""-\n+Newport""}",,,,,26,,291,1,17633,,,f,f,
115,2026-04-04 21:52:13.50188+02,"{""reg"": ""-\n+A14XEL"", ""garage"": ""-\n+Newport"", ""previous reg"": ""-\n+BG15RPV""}",,,,,2257,,847,1,17634,,,f,f,
116,2026-04-04 21:52:46.831032+02,"{""reg"": ""-\n+A19XEL"", ""garage"": ""-\n+Newport"", ""previous reg"": ""-\n+BF65WLA""}",,,,,2257,,847,1,17635,,,f,f,
117,2026-04-04 21:53:30.131644+02,"{""reg"": ""-\n+A20XEL"", ""garage"": ""-\n+Newport"", ""previous reg"": ""-\n+BF65WLB""}",,,,,2257,,847,1,17636,,,f,f,
118,2026-04-04 21:54:33.033181+02,"{""reg"": ""-\n+A3XEL"", ""garage"": ""-\n+Newport"", ""previous reg"": ""-\n+CT10OUG,LSK821""}",,,,,26,,852,1,17637,,,f,f,
119,2026-04-04 21:55:41.507371+02,"{""reg"": ""-\n+A4XEL"", ""garage"": ""-\n+Newport"", ""previous reg"": ""-\n+CT10OUH,LSK824""}",,,,,2257,,852,1,17638,,,f,f,
120,2026-04-04 21:56:26.496174+02,"{""reg"": ""-\n+FJ55BXZ"", ""garage"": ""-\n+Newport""}",,,,,2257,,94,1,17639,,,f,f,
121,2026-04-04 21:57:49.079606+02,"{""garage"": ""-\n+Newport""}",,,,,,,,1,17579,,,f,f,
122,2026-04-04 21:58:09.079897+02,"{""garage"": ""-Southern Vectis\n+Newport""}",,,,,,,,1,17563,,,f,f,
123,2026-04-04 22:06:44.083139+02,"{""garage"": ""-Southern Vectis\n+Newport""}",,,,,,,,1,17566,,,f,f,
124,2026-04-04 22:06:55.735106+02,"{""garage"": ""-\n+Newport""}",,,,,,,,1,17581,,,f,f,
231,2026-04-07 00:02:19.643786+02,"{""reg"": ""-\n+YK26KXS""}",,,,,3459,,451,1,15136,,,f,f,
125,2026-04-04 22:07:15.247164+02,"{""garage"": ""-Southern Vectis\n+Newport""}",,,,,,,,1,17592,,,f,f,
139,2026-04-05 01:42:21.722191+02,"{""garage"": ""-\n+Newport""}",,,,,,,,1,17573,,,f,f,
126,2026-04-04 22:07:26.263229+02,"{""garage"": ""-Southern Vectis\n+Newport""}",,,,,,,,1,17594,,,f,f,
127,2026-04-04 22:07:37.694162+02,"{""garage"": ""-\n+Newport""}",,,,,,,,1,2436162,,,f,f,
140,2026-04-05 01:42:32.785806+02,"{""garage"": ""-\n+Newport""}",,,,,,,,1,17579,,,f,f,
128,2026-04-04 22:07:48.545974+02,{},,,,,,,,1,17602,,,f,f,
129,2026-04-04 22:08:05.770306+02,"{""garage"": ""-\n+Newport""}",,,,,,,,1,17603,,,f,f,
141,2026-04-05 01:42:42.584323+02,"{""garage"": ""-Southern Vectis\n+Newport""}",,,,,,,,1,17581,,,f,f,
130,2026-04-04 22:08:20.251327+02,{},,,,,,,,1,17604,,,f,f,
131,2026-04-04 22:08:44.895026+02,"{""reg"": ""-HJ16\n+HJ16HSO""}",,,,,,,,1,17607,,,f,f,
142,2026-04-05 01:42:53.961728+02,"{""garage"": ""-Southern Vectis\n+Newport""}",,,,,,,,1,2436162,,,f,f,
132,2026-04-04 22:08:57.489515+02,"{""garage"": ""-Southern Vectis\n+Newport""}",,,,,,,,1,17610,,,f,f,
133,2026-04-04 22:09:08.212286+02,"{""garage"": ""-\n+Newport""}",,,,,,,,1,17613,,,f,f,
143,2026-04-05 01:43:07.680332+02,"{""garage"": ""-\n+Newport""}",,,,,,,,1,17600,,,f,f,
134,2026-04-04 22:09:18.974258+02,"{""garage"": ""-Southern Vectis\n+Newport""}",,,,,,,,1,2436163,,,f,f,
135,2026-04-04 22:09:29.158493+02,"{""garage"": ""-Southern Vectis\n+Newport""}",,,,,,,,1,17624,,,f,f,
144,2026-04-05 01:43:18.052249+02,"{""garage"": ""-\n+Newport""}",,,,,,,,1,17601,,,f,f,
136,2026-04-04 22:09:39.422641+02,"{""notes"": ""-\n+Spare ticket machine""}",,,,,,,,1,17640,,,f,f,
145,2026-04-05 01:43:26.933231+02,"{""garage"": ""-Southern Vectis\n+Newport""}",,,,,,,,1,17609,,,f,f,
146,2026-04-05 01:43:36.64071+02,"{""garage"": ""-\n+Newport""}",,,,,,,,1,17610,,,f,f,
147,2026-04-05 01:43:45.041108+02,"{""garage"": ""-Southern Vectis\n+Newport""}",,,,,,,,1,17613,,,f,f,
148,2026-04-05 01:43:54.161025+02,"{""garage"": ""-\n+Newport""}",,,,,,,,1,17619,,,f,f,
149,2026-04-05 01:44:03.650335+02,"{""garage"": ""-Southern Vectis\n+Newport""}",,,,,,,,1,2436163,,,f,f,
150,2026-04-05 01:44:13.241752+02,"{""garage"": ""-Southern Vectis\n+Newport""}",,,,,,,,1,17624,,,f,f,
151,2026-04-06 22:21:31.039297+02,"{""garage"": ""-Southern Vectis\n+Newport""}",,,,,,,,1,17598,,,f,f,
152,2026-04-06 22:21:41.062746+02,"{""garage"": ""-Southern Vectis\n+Newport""}",,,,,,,,1,3784497,,,f,f,
153,2026-04-06 22:21:55.408249+02,"{""garage"": ""-\n+Newport""}",,,,,,,,1,17621,,,f,f,
154,2026-04-06 22:22:08.096377+02,"{""garage"": ""-Southern Vectis\n+Newport""}",,,,,,,,1,17622,,,f,f,
155,2026-04-06 22:30:40.705036+02,"{""reg"": ""-\n+KX12GXH""}",,,,,3459,,697,1,2834,,,f,f,
156,2026-04-06 22:31:57.137292+02,"{""reg"": ""-\n+SN66VXK""}",,,,,600,,8,1,2844,,,f,f,
157,2026-04-06 22:33:07.307452+02,"{""reg"": ""-\n+SN66VXM""}",,,,,600,,8,1,2845,,,f,f,
158,2026-04-06 22:33:47.845324+02,"{""reg"": ""-\n+SN66VXP""}",,,,,3459,,8,1,2846,,,f,f,
159,2026-04-06 22:34:06.029063+02,"{""reg"": ""-\n+SN66VXR""}",,,,,3459,,8,1,2847,,,f,f,
160,2026-04-06 22:34:53.852442+02,"{""reg"": ""-\n+SN66VXS""}",,,,,600,,8,1,2848,,,f,f,
161,2026-04-06 22:39:31.436017+02,"{""reg"": ""-\n+NK07HBG""}",,,,,600,,697,1,2921,,,f,f,
162,2026-04-06 22:40:34.785276+02,"{""reg"": ""-\n+MX57LCA""}",,,,,600,,697,1,2922,,,f,f,
163,2026-04-06 22:40:56.00992+02,"{""reg"": ""-\n+MX57DZH""}",,,,,600,,697,1,2924,,,f,f,
164,2026-04-06 22:41:14.735654+02,"{""reg"": ""-\n+MX57DZJ""}",,,,,600,,697,1,2925,,,f,f,
165,2026-04-06 22:41:45.409332+02,"{""reg"": ""-\n+NK07DWF""}",,,,,600,,697,1,2927,,,f,f,
166,2026-04-06 22:42:05.167346+02,"{""reg"": ""-\n+NK07DWG""}",,,,,8,,697,1,3782349,,,f,f,
167,2026-04-06 22:43:01.8949+02,"{""reg"": ""-\n+AE07KYV""}",,,,,600,,697,1,2936,,,f,f,
168,2026-04-06 22:43:31.659633+02,"{""reg"": ""-\n+AE07KYY""}",,,,,8,,697,1,2937,,,f,f,
169,2026-04-06 22:44:06.044931+02,"{""reg"": ""-\n+AE07KYZ""}",,,,,600,,697,1,2938,,,f,f,
170,2026-04-06 23:06:22.845786+02,"{""reg"": ""-\n+AE07KZC""}",,,,,8,,697,1,2940,,,f,f,
171,2026-04-06 23:06:56.086016+02,"{""reg"": ""-\n+AE07KZD""}",,,,,8,,697,1,2941,,,f,f,
172,2026-04-06 23:07:10.993323+02,"{""reg"": ""-\n+AE07KZF""}",,,,,8,,697,1,2942,,,f,f,
173,2026-04-06 23:07:32.682276+02,"{""reg"": ""-\n+AE07KZH""}",,,,,8,,697,1,2944,,,f,f,
174,2026-04-06 23:08:23.336005+02,"{""reg"": ""-\n+MX09ATV""}",,,,,3459,,697,1,2960,,,f,f,
175,2026-04-06 23:09:03.787423+02,"{""reg"": ""-\n+MX09KSO""}",,,,,600,,697,1,2964,,,f,f,
176,2026-04-06 23:09:15.77767+02,"{""reg"": ""-\n+MX09KSV""}",,,,,600,,697,1,2965,,,f,f,
177,2026-04-06 23:13:48.70968+02,"{""reg"": ""-\n+MX09KSY""}",,,,,4141,,697,1,2966,,,f,f,
178,2026-04-06 23:14:18.909393+02,"{""reg"": ""-\n+MX09KSZ""}",,,,,8,,697,1,2967,,,f,f,
179,2026-04-06 23:15:06.62756+02,"{""reg"": ""-\n+MX09KTA""}",,,,,600,,697,1,2968,,,f,f,
180,2026-04-06 23:15:35.4496+02,"{""reg"": ""-\n+MX09KTC""}",,,,,8,,697,1,2969,,,f,f,
181,2026-04-06 23:15:59.344664+02,"{""reg"": ""-\n+MX09KTD""}",,,,,600,,697,1,2970,,,f,f,
182,2026-04-06 23:17:42.170481+02,"{""reg"": ""-\n+FX60HFL""}",,,,,600,,697,1,3785158,,,f,f,
183,2026-04-06 23:18:04.174463+02,"{""reg"": ""-\n+FX60HFM""}",,,,,600,,697,1,2977,,,f,f,
184,2026-04-06 23:18:21.165222+02,"{""reg"": ""-\n+FX60HFN""}",,,,,600,,697,1,2978,,,f,f,
185,2026-04-06 23:18:45.029293+02,"{""reg"": ""-\n+FX60HFO""}",,,,,600,,697,1,2979,,,f,f,
186,2026-04-06 23:20:05.159451+02,"{""reg"": ""-\n+FX10AFZ""}",,,,,600,,6,1,3005,,,f,f,
187,2026-04-06 23:20:22.999475+02,"{""reg"": ""-\n+FX10DTY""}",,,,,600,,6,1,3006,,,f,f,
188,2026-04-06 23:20:42.070117+02,"{""reg"": ""-\n+FX10DTZ""}",,,,,600,,6,1,3007,,,f,f,
189,2026-04-06 23:21:05.372348+02,"{""reg"": ""-\n+FX10DUA""}",,,,,3459,,6,1,3008,,,f,f,
190,2026-04-06 23:21:31.145169+02,"{""reg"": ""-\n+FX10DUJ""}",,,,,600,,6,1,3009,,,f,f,
191,2026-04-06 23:21:50.682777+02,"{""reg"": ""-\n+FX10DUU""}",,,,,600,,6,1,4424,,,f,f,
192,2026-04-06 23:22:07.10843+02,"{""reg"": ""-\n+FX10DUV""}",,,,,600,,6,1,3010,,,f,f,
193,2026-04-06 23:22:25.219593+02,"{""reg"": ""-\n+FX10DUY""}",,,,,600,,6,1,3011,,,f,f,
194,2026-04-06 23:22:59.250416+02,"{""reg"": ""-\n+FX10DVA""}",,,,,3459,,6,1,3012,,,f,f,
195,2026-04-06 23:23:42.773897+02,"{""reg"": ""-\n+FX61HGC""}",,,,,8,,6,1,3013,,,f,f,
196,2026-04-06 23:24:29.827575+02,"{""reg"": ""-\n+FX61HGD""}",,,,,600,,6,1,3014,,,f,f,
197,2026-04-06 23:24:44.737766+02,"{""reg"": ""-\n+FX61HGE""}",,,,,600,,6,1,3015,,,f,f,
198,2026-04-06 23:25:20.502623+02,"{""reg"": ""-\n+FX61HGF""}",,,,,600,,6,1,3016,,,f,f,
199,2026-04-06 23:25:50.580762+02,"{""reg"": ""-\n+GN12CPK""}",,,,,600,,6,1,3019,,,f,f,
200,2026-04-06 23:26:17.090212+02,"{""reg"": ""-\n+FX12BEO""}",,,,,8,,6,1,3020,,,f,f,
201,2026-04-06 23:26:54.981369+02,"{""reg"": ""-\n+FX12BFP""}",,,,,600,,6,1,3021,,,f,f,
202,2026-04-06 23:27:31.725297+02,"{""reg"": ""-\n+FX12BHE""}",,,,,8,,6,1,3022,,,f,f,
203,2026-04-06 23:34:49.903369+02,"{""reg"": ""-\n+MX09ARF""}",,,,,600,,697,1,2954,,,f,f,
496,2026-04-08 22:46:20.313279+02,"{""reg"": ""-\n+YN65XFK""}",,,,,1759,,61,1,2608,,,f,f,
204,2026-04-06 23:50:12.983462+02,"{""reg"": ""-\n+FX12BHN""}",,,,,600,,6,1,3023,,,f,f,
232,2026-04-07 11:14:32.598798+02,"{""reg"": ""-\n+HW26FPA"", ""garage"": ""-\n+Newport""}",,,,,4081,,649,1,3786540,,,f,f,
205,2026-04-06 23:50:43.226201+02,"{""reg"": ""-\n+FX12BJJ""}",,,,,3459,,6,1,3024,,,f,f,
3140,2026-05-06 11:36:25.668554+02,"{""reg"": ""-\n+HF67EUL""}",,,,,107,,5,1,7397,,,f,f,
206,2026-04-06 23:51:24.170835+02,"{""reg"": ""-\n+FX12BLJ""}",,,,,600,,6,1,3026,,,f,f,
233,2026-04-08 18:47:33.715002+02,"{""notes"": ""-\n+Spare ticket machine""}",,,,,,,,1,2626,,,f,f,
207,2026-04-06 23:51:43.43275+02,"{""reg"": ""-\n+FX12BLK""}",,,,,3835,,6,1,3027,,,f,f,
208,2026-04-06 23:52:07.63806+02,"{""reg"": ""-\n+FX12BMO""}",,,,,600,,6,1,3784552,,,f,f,
234,2026-04-08 18:47:39.561954+02,"{""notes"": ""-\n+Spare ticket machine""}",,,,,,,,1,3784124,,,f,f,
209,2026-04-06 23:52:30.947082+02,"{""reg"": ""-\n+FX12BMZ""}",,,,,8,,6,1,3028,,,f,f,
210,2026-04-06 23:52:54.454535+02,"{""reg"": ""-\n+FX12BNA""}",,,,,3459,,6,1,3029,,,f,f,
235,2026-04-08 18:47:43.801747+02,"{""notes"": ""-\n+Spare ticket machine""}",,,,,,,,1,2632,,,f,f,
211,2026-04-06 23:53:23.010377+02,"{""reg"": ""-\n+FT13OVL""}",,,,,600,,6,1,3031,,,f,f,
212,2026-04-06 23:54:09.949223+02,"{""reg"": ""-\n+OU61AVB""}",,,,,600,,3,1,3046,,,f,f,
236,2026-04-08 18:47:47.425893+02,"{""notes"": ""-\n+Spare ticket machine""}",,,,,,,,1,2633,,,f,f,
213,2026-04-06 23:54:43.940627+02,"{""reg"": ""-\n+SF62CXE""}",,,,,600,,3,1,3067,,,f,f,
214,2026-04-06 23:55:19.972978+02,"{""reg"": ""-\n+SF62CXG"", ""branding"": ""-\n+Keeping Lincoln moving""}",,,,,8,,3,1,3068,,,f,f,
237,2026-04-08 18:47:51.626526+02,"{""notes"": ""-\n+Spare ticket machine""}",,,,,,,,1,3783283,,,f,f,
215,2026-04-06 23:55:44.066814+02,"{""reg"": ""-\n+SF62CXN""}",,,,,600,,3,1,3069,,,f,f,
216,2026-04-06 23:56:00.214841+02,"{""reg"": ""-SF62CXN\n+SF62CXR""}",,,,,,,,1,3069,,,f,f,
238,2026-04-08 18:47:55.821739+02,"{""notes"": ""-\n+Spare ticket machine""}",,,,,,,,1,2369,,,f,f,
217,2026-04-06 23:56:16.563566+02,"{""reg"": ""-\n+SF62CXT""}",,,,,600,,3,1,3070,,,f,f,
218,2026-04-06 23:56:28.996315+02,"{""reg"": ""-\n+SF62CXU""}",,,,,600,,3,1,3071,,,f,f,
239,2026-04-08 18:48:45.183191+02,"{""reg"": ""-\n+YD73FSC"", ""branding"": ""-\n+45""}",,,,,1754,,450,1,2370,,,f,f,
219,2026-04-06 23:56:48.150597+02,"{""reg"": ""-\n+SF62CXZ""}",,,,,600,,3,1,3784974,,,f,f,
220,2026-04-06 23:57:36.868055+02,"{""reg"": ""-\n+YY64GVA""}",,,,,3459,,3,1,3083,,,f,f,
240,2026-04-08 18:49:02.838331+02,"{""reg"": ""-\n+YD73FSJ"", ""branding"": ""-\n+45""}",,,,,1754,,450,1,2371,,,f,f,
221,2026-04-06 23:58:11.385896+02,"{""reg"": ""-\n+YY64GVE""}",,,,,600,,3,1,3086,,,f,f,
222,2026-04-06 23:58:27.500757+02,"{""reg"": ""-\n+YY64GVF""}",,,,,600,,3,1,3087,,,f,f,
241,2026-04-08 18:49:28.665608+02,"{""reg"": ""-\n+YD73FSE"", ""branding"": ""-\n+28/30""}",,,,,1748,,450,1,2372,,,f,f,
223,2026-04-06 23:58:54.980215+02,"{""reg"": ""-\n+YY64GVJ""}",,,,,600,,3,1,3088,,,f,f,
224,2026-04-06 23:59:50.115301+02,"{""reg"": ""-\n+SN67WVB""}",,,,,600,,5,1,3091,,,f,f,
242,2026-04-08 18:49:49.516757+02,"{""reg"": ""-\n+YD73FSF"", ""branding"": ""-\n+28/30""}",,,,,1748,,450,1,2373,,,f,f,
225,2026-04-07 00:00:02.504465+02,"{""reg"": ""-\n+SN67WVC""}",,,,,600,,5,1,3092,,,f,f,
226,2026-04-07 00:00:16.291912+02,"{""reg"": ""-\n+SN67WVD""}",,,,,600,,5,1,3093,,,f,f,
243,2026-04-08 18:50:07.643984+02,"{""reg"": ""-\n+YD73FSG"", ""branding"": ""-\n+28/30""}",,,,,1748,,450,1,2374,,,f,f,
227,2026-04-07 00:00:28.24006+02,"{""reg"": ""-\n+SN67WVE""}",,,,,600,,5,1,3094,,,f,f,
228,2026-04-07 00:00:46.236828+02,"{""reg"": ""-\n+SN67WVF""}",,,,,600,,5,1,3095,,,f,f,
244,2026-04-08 18:50:36.696101+02,"{""reg"": ""-\n+YD73FSL"", ""branding"": ""-\n+39""}",,,,,1749,,450,1,2375,,,f,f,
229,2026-04-07 00:00:59.579414+02,"{""reg"": ""-\n+SN67WVG""}",,,,,600,,5,1,3096,,,f,f,
230,2026-04-07 00:01:16.521754+02,"{""reg"": ""-\n+SN67WVH""}",,,,,600,,5,1,3097,,,f,f,
245,2026-04-08 18:54:23.330207+02,"{""reg"": ""-\n+YD73FSO"", ""branding"": ""-\n+39""}",,,,,1749,,450,1,2376,,,f,f,
246,2026-04-08 18:54:42.717819+02,"{""reg"": ""-\n+YD73FSP"", ""branding"": ""-\n+39""}",,,,,1749,,450,1,2377,,,f,f,
247,2026-04-08 18:55:00.825852+02,"{""reg"": ""-\n+YD73FSS"", ""branding"": ""-\n+39""}",,,,,1749,,450,1,2378,,,f,f,
248,2026-04-08 18:55:19.583509+02,"{""reg"": ""-\n+YD73FSU""}",,,,,1746,,450,1,2379,,,f,f,
249,2026-04-08 18:55:34.220874+02,"{""reg"": ""-\n+YD73FSV""}",,,,,1746,,450,1,2380,,,f,f,
250,2026-04-08 18:56:31.001705+02,"{""reg"": ""-\n+YK25OGR"", ""branding"": ""-\n+48""}",,,,,1751,,450,1,2381,,,f,f,
251,2026-04-08 18:56:50.199653+02,"{""reg"": ""-\n+YK25OGS"", ""branding"": ""-\n+48""}",,,,,1751,,450,1,2382,,,f,f,
252,2026-04-08 18:57:15.279725+02,"{""reg"": ""-\n+YK25OGT"", ""branding"": ""-\n+48""}",,,,,1751,,450,1,2383,,,f,f,
253,2026-04-08 18:57:35.85785+02,"{""reg"": ""-\n+YK25OGU"", ""branding"": ""-\n+48""}",,,,,1751,,450,1,2384,,,f,f,
254,2026-04-08 18:57:50.893574+02,"{""reg"": ""-\n+YK25OGV"", ""branding"": ""-\n+48""}",,,,,1751,,450,1,2385,,,f,f,
255,2026-04-08 18:58:10.406775+02,"{""reg"": ""-\n+YK75LNN""}",,,,,1746,,450,1,3786012,,,f,f,
256,2026-04-08 18:58:26.566677+02,"{""reg"": ""-\n+YK75LNO""}",,,,,1746,,450,1,2386,,,f,f,
257,2026-04-08 18:58:56.346021+02,"{""reg"": ""-\n+YK75LNP"", ""branding"": ""-\n+28/30""}",,,,,1748,,450,1,2387,,,f,f,
258,2026-04-08 18:59:20.788341+02,"{""reg"": ""-\n+YH24MFA""}",,,,,1746,,451,1,2388,,,f,f,
259,2026-04-08 18:59:47.737468+02,"{""reg"": ""-\n+YH24MFE""}",,,,,1746,,451,1,2389,,,f,f,
260,2026-04-08 19:00:53.108293+02,"{""reg"": ""-\n+YH24MFF"", ""branding"": ""-\n+11""}",,,,,1747,,451,1,2390,,,f,f,
261,2026-04-08 19:01:11.167018+02,"{""reg"": ""-\n+YH24MFJ"", ""branding"": ""-\n+11""}",,,,,1747,,451,1,2391,,,f,f,
262,2026-04-08 19:01:40.16002+02,"{""reg"": ""-\n+YH24MFK"", ""branding"": ""-\n+11""}",,,,,1747,,451,1,2392,,,f,f,
263,2026-04-08 19:02:18.962889+02,"{""reg"": ""-\n+YH24MFN"", ""branding"": ""-\n+40/41/42""}",,,,,1749,,451,1,2393,,,f,f,
264,2026-04-08 19:02:52.4382+02,"{""reg"": ""-\n+YH24MFO"", ""branding"": ""-\n+40/41/42""}",,,,,1749,,451,1,2394,,,f,f,
265,2026-04-08 19:03:17.127631+02,"{""reg"": ""-\n+YH24MFP"", ""branding"": ""-\n+40/41/42""}",,,,,1749,,451,1,3784572,,,f,f,
266,2026-04-08 19:03:35.204916+02,"{""reg"": ""-\n+YH24MFU"", ""branding"": ""-\n+40/41/42""}",,,,,1749,,451,1,2395,,,f,f,
267,2026-04-08 19:03:58.409205+02,"{""reg"": ""-\n+YH24MFV"", ""branding"": ""-\n+40/41/42""}",,,,,1749,,451,1,2396,,,f,f,
268,2026-04-08 19:04:20.914873+02,"{""reg"": ""-\n+YH25MFX"", ""branding"": ""-\n+40/41/42""}",,,,,1749,,451,1,2397,,,f,f,
269,2026-04-08 19:04:53.73512+02,"{""reg"": ""-\n+YH24MFY"", ""branding"": ""-\n+Nottingham Electrocity Transport""}",,,,,1749,,451,1,2398,,,f,f,
270,2026-04-08 19:08:46.95523+02,"{""reg"": ""-\n+YE74VFO"", ""branding"": ""-\n+5/6/7/8/9""}",,,,,1747,,451,1,2399,,,f,f,
271,2026-04-08 19:09:05.068307+02,"{""reg"": ""-\n+YE74VFP"", ""branding"": ""-\n+5/6/7/8/9""}",,,,,1747,,451,1,3783182,,,f,f,
272,2026-04-08 19:09:21.26092+02,"{""reg"": ""-\n+YE74VFR"", ""branding"": ""-\n+5/6/7/8/9""}",,,,,1747,,451,1,2400,,,f,f,
273,2026-04-08 19:09:38.2138+02,"{""reg"": ""-\n+YE74VFT"", ""branding"": ""-\n+5/6/7/8/9""}",,,,,1747,,451,1,2401,,,f,f,
349,2026-04-08 19:41:16.373469+02,"{""reg"": ""-\n+YN18SXF"", ""branding"": ""-\n+35/36""}",,,,,1757,,68,1,2473,,,f,f,
274,2026-04-08 19:09:56.801645+02,"{""reg"": ""-\n+YE74VFU"", ""branding"": ""-\n+5/6/7/8/9""}",,,,,1747,,451,1,2402,,,f,f,
275,2026-04-08 19:10:29.764015+02,"{""reg"": ""-\n+YE74VFV"", ""branding"": ""-\n+5/6/7/8/9""}",,,,,1747,,451,1,2403,,,f,f,
276,2026-04-08 19:10:50.466407+02,"{""reg"": ""-\n+YE74VFW"", ""branding"": ""-\n+5/6/7/8/9""}",,,,,1747,,451,1,2404,,,f,f,
277,2026-04-08 19:11:11.822624+02,"{""reg"": ""-\n+YE74VFX"", ""branding"": ""-\n+5/6/7/8/9""}",,,,,1747,,451,1,2405,,,f,f,
278,2026-04-08 19:11:45.35692+02,"{""reg"": ""-\n+YE74VFZ"", ""branding"": ""-\n+70/71""}",,,,,1752,,451,1,2406,,,f,f,
279,2026-04-08 19:12:04.445752+02,"{""reg"": ""-\n+YE74VGA"", ""branding"": ""-\n+70/71""}",,,,,1752,,451,1,2407,,,f,f,
280,2026-04-08 19:12:18.27744+02,"{""reg"": ""-\n+YE74VGC"", ""branding"": ""-\n+70/71""}",,,,,1752,,451,1,2408,,,f,f,
281,2026-04-08 19:12:37.693045+02,"{""reg"": ""-\n+YE74VGD"", ""branding"": ""-\n+70/71""}",,,,,1752,,451,1,2409,,,f,f,
282,2026-04-08 19:13:14.562923+02,"{""reg"": ""-\n+YE74VGF"", ""branding"": ""-\n+70/71""}",,,,,1752,,451,1,2410,,,f,f,
283,2026-04-08 19:13:36.823601+02,"{""reg"": ""-\n+YE74VGG"", ""branding"": ""-\n+3""}",,,,,1751,,451,1,2411,,,f,f,
284,2026-04-08 19:13:57.742352+02,"{""reg"": ""-\n+YE74VGJ"", ""branding"": ""-\n+3""}",,,,,1751,,451,1,2412,,,f,f,
285,2026-04-08 19:14:24.335442+02,"{""reg"": ""-\n+YE74VGK"", ""branding"": ""-\n+3""}",,,,,1751,,451,1,2413,,,f,f,
286,2026-04-08 19:15:07.128105+02,"{""reg"": ""-\n+YE74VGL"", ""branding"": ""-\n+61""}",,,,,1753,,451,1,2414,,,f,f,
287,2026-04-08 19:15:28.639873+02,"{""reg"": ""-\n+YE74VGM"", ""branding"": ""-\n+61""}",,,,,1753,,451,1,2415,,,f,f,
288,2026-04-08 19:15:47.754382+02,"{""reg"": ""-\n+YE74VGN"", ""branding"": ""-\n+61""}",,,,,1753,,451,1,2416,,,f,f,
289,2026-04-08 19:16:06.609892+02,"{""reg"": ""-\n+YK75LMX""}",,,,,1746,,451,1,2417,,,f,f,
290,2026-04-08 19:16:29.863358+02,"{""reg"": ""-\n+YK75LMY""}",,,,,1746,,451,1,2418,,,f,f,
291,2026-04-08 19:16:55.133955+02,"{""reg"": ""-\n+YK75LNA""}",,,,,1746,,451,1,3786003,,,f,f,
292,2026-04-08 19:17:12.279941+02,"{""reg"": ""-\n+YK75LNC""}",,,,,1746,,451,1,2419,,,f,f,
293,2026-04-08 19:17:27.792935+02,"{""reg"": ""-\n+YK75LND""}",,,,,1746,,451,1,2420,,,f,f,
294,2026-04-08 19:17:43.141057+02,"{""reg"": ""-\n+YK75LNE""}",,,,,1746,,451,1,2421,,,f,f,
295,2026-04-08 19:18:02.755879+02,"{""reg"": ""-\n+YK75LNF""}",,,,,1746,,451,1,2422,,,f,f,
296,2026-04-08 19:18:19.999715+02,"{""reg"": ""-\n+YK75LNG""}",,,,,1746,,451,1,3785723,,,f,f,
297,2026-04-08 19:18:34.823297+02,"{""reg"": ""-\n+YK75LNH""}",,,,,1746,,451,1,2423,,,f,f,
298,2026-04-08 19:19:37.056541+02,"{""reg"": ""-\n+YK75LNJ""}",,,,,1746,,451,1,2424,,,f,f,
299,2026-04-08 19:19:55.420837+02,"{""reg"": ""-\n+YK75LNM""}",,,,,1746,,451,1,2425,,,f,f,
300,2026-04-08 19:20:46.469155+02,"{""reg"": ""-\n+YJ12GYO"", ""branding"": ""-\n+Pathfinder 90""}",,,,,1746,,47,1,2426,,,f,f,
301,2026-04-08 19:21:16.494424+02,"{""reg"": ""-\n+YJ12GYP"", ""branding"": ""-\n+Pathfinder 90""}",,,,,1746,,47,1,2427,,,f,f,
302,2026-04-08 19:21:42.823853+02,"{""reg"": ""-\n+YJ12GYR"", ""branding"": ""-\n+Pathfinder 90""}",,,,,1746,,47,1,2428,,,f,f,
303,2026-04-08 19:22:08.348881+02,"{""reg"": ""-\n+YJ12GYS"", ""branding"": ""-\n+Pathfinder 90""}",,,,,1746,,47,1,2429,,,f,f,
304,2026-04-08 19:24:01.488768+02,"{""reg"": ""-\n+YP17UFA"", ""branding"": ""-\n+5/6/7/8/9""}",,,,,1747,,68,1,2430,,,f,f,
305,2026-04-08 19:24:21.124475+02,"{""reg"": ""-\n+YP17UFC"", ""branding"": ""-\n+5/6/7/8/9""}",,,,,1747,,68,1,2431,,,f,f,
306,2026-04-08 19:24:38.305766+02,"{""reg"": ""-\n+YP17UFD"", ""branding"": ""-\n+5/6/7/8/9""}",,,,,1747,,68,1,2432,,,f,f,
307,2026-04-08 19:25:03.705068+02,"{""reg"": ""-\n+YP17UFE"", ""branding"": ""-\n+10""}",,,,,1747,,68,1,2433,,,f,f,
308,2026-04-08 19:25:53.396061+02,"{""reg"": ""-\n+YP17UFL"", ""branding"": ""-\n+10""}",,,,,1747,,68,1,2434,,,f,f,
309,2026-04-08 19:26:12.463598+02,"{""reg"": ""-\n+YP17UFM"", ""branding"": ""-\n+10""}",,,,,1747,,68,1,2435,,,f,f,
310,2026-04-08 19:26:33.676012+02,"{""reg"": ""-\n+YP17UFN"", ""branding"": ""-\n+10""}",,,,,1747,,68,1,2436,,,f,f,
311,2026-04-08 19:26:59.078421+02,"{""reg"": ""-\n+YP17UFG"", ""branding"": ""-\n+44""}",,,,,1754,,68,1,2437,,,f,f,
312,2026-04-08 19:27:18.606311+02,"{""reg"": ""-\n+YP17UGC"", ""branding"": ""-\n+44""}",,,,,1754,,68,1,2438,,,f,f,
313,2026-04-08 19:28:01.709226+02,"{""reg"": ""-\n+YP17UGD"", ""branding"": ""-\n+44""}",,,,,1754,,68,1,3786139,,,f,f,
314,2026-04-08 19:28:31.225636+02,"{""reg"": ""-\n+YP17UGE"", ""branding"": ""-\n+44""}",,,,,1754,,68,1,2439,,,f,f,
315,2026-04-08 19:28:53.451709+02,"{""reg"": ""-\n+YP17UGF"", ""branding"": ""-\n+44""}",,,,,1754,,68,1,2440,,,f,f,
316,2026-04-08 19:29:29.728105+02,"{""reg"": ""-\n+YP17"", ""branding"": ""-\n+44""}",,,,,1754,,68,1,2441,,,f,f,
317,2026-04-08 19:29:49.487957+02,"{""reg"": ""-\n+YP17UGH"", ""branding"": ""-\n+44""}",,,,,1754,,68,1,2442,,,f,f,
318,2026-04-08 19:30:03.081665+02,"{""reg"": ""-YP17\n+YP17UGG""}",,,,,,,,1,2441,,,f,f,
319,2026-04-08 19:30:47.484808+02,"{""reg"": ""-\n+YP17UGJ"", ""branding"": ""-\n+44""}",,,,,1754,,68,1,2443,,,f,f,
320,2026-04-08 19:31:21.910516+02,"{""reg"": ""-\n+YP17UFH"", ""branding"": ""-\n+24/25/26/27""}",,,,,1755,,68,1,2444,,,f,f,
321,2026-04-08 19:31:50.658321+02,"{""reg"": ""-\n+YP17UGK"", ""branding"": ""-\n+24/25/26/27""}",,,,,1755,,68,1,2445,,,f,f,
322,2026-04-08 19:32:05.972254+02,"{""reg"": ""-\n+YP17UGL"", ""branding"": ""-\n+24/25/26/27""}",,,,,1755,,68,1,2446,,,f,f,
323,2026-04-08 19:32:24.839654+02,"{""reg"": ""-\n+YP17UGM"", ""branding"": ""-\n+24/25/26/27""}",,,,,1755,,68,1,2447,,,f,f,
324,2026-04-08 19:32:48.019667+02,"{""reg"": ""-\n+YP17UGN"", ""branding"": ""-\n+24/25/26/27""}",,,,,1755,,68,1,2448,,,f,f,
325,2026-04-08 19:33:04.047491+02,"{""reg"": ""-\n+YP17UGO"", ""branding"": ""-\n+24/25/26/27""}",,,,,1755,,68,1,2449,,,f,f,
326,2026-04-08 19:33:36.209817+02,"{""reg"": ""-\n+YP17UGR"", ""branding"": ""-\n+24/25/26/27""}",,,,,1755,,68,1,2450,,,f,f,
327,2026-04-08 19:33:55.909304+02,"{""reg"": ""-\n+YP17UGT"", ""branding"": ""-\n+24/25/26/27""}",,,,,1755,,68,1,2451,,,f,f,
328,2026-04-08 19:34:23.48419+02,"{""reg"": ""-\n+YP17UFJ""}",,,,,1746,,68,1,2452,,,f,f,
329,2026-04-08 19:34:40.244444+02,"{""reg"": ""-\n+YP17UFR""}",,,,,1746,,68,1,2453,,,f,f,
330,2026-04-08 19:34:52.578777+02,"{""reg"": ""-\n+YP17UFS""}",,,,,1746,,68,1,2454,,,f,f,
331,2026-04-08 19:35:11.665737+02,"{""reg"": ""-\n+YP17UGA""}",,,,,1746,,68,1,2455,,,f,f,
332,2026-04-08 19:35:46.894875+02,"{""reg"": ""-\n+YP17UGB""}",,,,,1746,,68,1,2456,,,f,f,
333,2026-04-08 19:36:05.558344+02,"{""reg"": ""-\n+YN18SVA""}",,,,,1746,,68,1,2457,,,f,f,
334,2026-04-08 19:36:21.402333+02,"{""reg"": ""-\n+YN18SVC""}",,,,,1746,,68,1,2458,,,f,f,
335,2026-04-08 19:36:34.388761+02,"{""reg"": ""-\n+YN18SVD""}",,,,,1746,,68,1,2459,,,f,f,
336,2026-04-08 19:36:52.001308+02,"{""reg"": ""-\n+YN18SVE"", ""branding"": ""-\n+60""}",,,,,1753,,68,1,2460,,,f,f,
337,2026-04-08 19:37:14.543331+02,"{""reg"": ""-\n+YN18SVF"", ""branding"": ""-\n+60""}",,,,,1753,,68,1,2461,,,f,f,
497,2026-04-08 22:46:35.054826+02,"{""reg"": ""-\n+YN65XFL""}",,,,,1759,,61,1,2609,,,f,f,
338,2026-04-08 19:37:37.599561+02,"{""reg"": ""-\n+YN18SVU"", ""branding"": ""-\n+60""}",,,,,1753,,68,1,2462,,,f,f,
350,2026-04-08 19:41:31.947945+02,"{""reg"": ""-\n+YN18SXG"", ""branding"": ""-\n+35/36""}",,,,,1757,,68,1,2474,,,f,f,
339,2026-04-08 19:37:55.397579+02,"{""reg"": ""-\n+YN18SVV"", ""branding"": ""-\n+60""}",,,,,1753,,68,1,2463,,,f,f,
340,2026-04-08 19:38:15.197845+02,"{""reg"": ""-\n+YN18SVW"", ""branding"": ""-\n+60""}",,,,,1753,,68,1,2464,,,f,f,
351,2026-04-08 19:41:51.908449+02,"{""reg"": ""-\n+YN18SXJ"", ""branding"": ""-\n+35/36""}",,,,,1757,,68,1,2475,,,f,f,
341,2026-04-08 19:38:32.641394+02,"{""reg"": ""-\n+YN18SVX"", ""branding"": ""-\n+60""}",,,,,1753,,68,1,2465,,,f,f,
342,2026-04-08 19:39:10.728967+02,"{""reg"": ""-\n+YN18SVY"", ""branding"": ""-\n+60""}",,,,,1753,,68,1,2466,,,f,f,
352,2026-04-08 19:42:09.805127+02,"{""reg"": ""-\n+YN18SXK"", ""branding"": ""-\n+35/36""}",,,,,1757,,68,1,2476,,,f,f,
343,2026-04-08 19:39:33.532694+02,"{""reg"": ""-\n+YN18SVZ"", ""branding"": ""-\n+87/88/89""}",,,,,1761,,68,1,2467,,,f,f,
344,2026-04-08 19:39:47.510719+02,"{""reg"": ""-\n+YN18SXA"", ""branding"": ""-\n+87/88/89""}",,,,,1761,,68,1,2468,,,f,f,
353,2026-04-08 19:42:26.188102+02,"{""reg"": ""-\n+YN18SXL"", ""branding"": ""-\n+35/36""}",,,,,1757,,68,1,2477,,,f,f,
345,2026-04-08 19:40:00.351676+02,"{""reg"": ""-\n+YN18SXB"", ""branding"": ""-\n+87/88/89""}",,,,,1761,,68,1,2469,,,f,f,
346,2026-04-08 19:40:15.678602+02,"{""reg"": ""-\n+YN18SXC"", ""branding"": ""-\n+87/88/89""}",,,,,1761,,68,1,2470,,,f,f,
354,2026-04-08 19:42:41.090124+02,"{""reg"": ""-\n+YN18SXM"", ""branding"": ""-\n+35/36""}",,,,,1757,,68,1,2478,,,f,f,
347,2026-04-08 19:40:32.186573+02,"{""reg"": ""-\n+YN18SXD"", ""branding"": ""-\n+87/88/89""}",,,,,1761,,68,1,2471,,,f,f,
348,2026-04-08 19:41:00.882228+02,"{""reg"": ""-\n+YN18SXE"", ""branding"": ""-\n+35/36""}",,,,,1757,,68,1,2472,,,f,f,
355,2026-04-08 19:42:55.314007+02,"{""reg"": ""-\n+YN18SXO"", ""branding"": ""-\n+35/36""}",,,,,1757,,68,1,2479,,,f,f,
356,2026-04-08 19:43:25.156266+02,"{""reg"": ""-\n+YN19EEJ"", ""branding"": ""-\n+15/16/17""}",,,,,1758,,68,1,2480,,,f,f,
357,2026-04-08 19:43:39.084763+02,"{""reg"": ""-\n+YN19EEM"", ""branding"": ""-\n+15/16/17""}",,,,,1758,,68,1,2481,,,f,f,
358,2026-04-08 19:44:00.001881+02,"{""reg"": ""-\n+YN19EEO"", ""branding"": ""-\n+15/16/17""}",,,,,1758,,68,1,2482,,,f,f,
359,2026-04-08 19:44:16.660445+02,"{""reg"": ""-\n+YN19EEP"", ""branding"": ""-\n+15/16/17""}",,,,,1758,,68,1,2483,,,f,f,
360,2026-04-08 19:44:40.230999+02,"{""reg"": ""-\n+YN19EES"", ""branding"": ""-\n+15/16/17""}",,,,,1758,,68,1,2484,,,f,f,
361,2026-04-08 19:44:56.602824+02,"{""reg"": ""-\n+YN19EES"", ""branding"": ""-\n+15/16/17""}",,,,,1758,,68,1,2485,,,f,f,
362,2026-04-08 19:45:10.638225+02,"{""reg"": ""-\n+YN19EET"", ""branding"": ""-\n+15/16/17""}",,,,,1758,,68,1,2486,,,f,f,
363,2026-04-08 19:45:31.433242+02,"{""reg"": ""-\n+YN19EEU"", ""branding"": ""-\n+15/16/17""}",,,,,1758,,68,1,2487,,,f,f,
364,2026-04-08 19:45:55.908614+02,"{""reg"": ""-\n+YN19EEV"", ""branding"": ""-\n+15/16/17""}",,,,,1758,,68,1,2488,,,f,f,
365,2026-04-08 19:46:27.640122+02,"{""reg"": ""-\n+YN19EEW"", ""branding"": ""-\n+24/25/26/27""}",,,,,1755,,68,1,432532,,,f,f,
366,2026-04-08 19:46:47.164621+02,"{""reg"": ""-\n+YN19EEX"", ""branding"": ""-\n+24/25/26/27""}",,,,,1755,,68,1,3785183,,,f,f,
367,2026-04-08 19:47:04.698333+02,"{""reg"": ""-\n+YN19EEY"", ""branding"": ""-\n+24/25/26/27""}",,,,,1755,,68,1,2490,,,f,f,
368,2026-04-08 19:47:26.650411+02,"{""reg"": ""-\n+YN19EEZ"", ""branding"": ""-\n+24/25/26/27""}",,,,,1755,,68,1,2491,,,f,f,
369,2026-04-08 19:47:57.003189+02,"{""reg"": ""-\n+YN19EFA"", ""branding"": ""-\n+24/25/26/27""}",,,,,1755,,68,1,3783416,,,f,f,
370,2026-04-08 19:48:20.180723+02,"{""reg"": ""-\n+YN19EFB"", ""branding"": ""-\n+87/88/89""}",,,,,1761,,68,1,2492,,,f,f,
371,2026-04-08 19:48:49.88878+02,"{""reg"": ""-\n+YN19EFC"", ""branding"": ""-\n+87/88/89""}",,,,,1761,,68,1,2493,,,f,f,
372,2026-04-08 19:49:08.309278+02,"{""reg"": ""-\n+YN19EFD"", ""branding"": ""-\n+87/88/89""}",,,,,1761,,68,1,2494,,,f,f,
373,2026-04-08 19:49:28.860073+02,"{""reg"": ""-\n+YN19EFE"", ""branding"": ""-\n+87/88/89""}",,,,,1761,,68,1,2495,,,f,f,
374,2026-04-08 19:49:44.000712+02,"{""reg"": ""-\n+YN19EFF"", ""branding"": ""-\n+87/88/89""}",,,,,1761,,68,1,2496,,,f,f,
375,2026-04-08 19:49:55.710184+02,"{""reg"": ""-\n+YN19EFG""}",,,,,1761,,68,1,2497,,,f,f,
376,2026-04-08 19:50:08.965097+02,"{""branding"": ""-\n+87/88/89""}",,,,,,,,1,2497,,,f,f,
377,2026-04-08 19:50:32.294647+02,"{""reg"": ""-\n+YN19EFJ"", ""branding"": ""-\n+87/88/89""}",,,,,1761,,68,1,2498,,,f,f,
378,2026-04-08 19:50:54.089835+02,"{""reg"": ""-\n+YN19EFK"", ""branding"": ""-\n+87/88/89""}",,,,,1761,,68,1,2499,,,f,f,
379,2026-04-08 19:51:08.346376+02,"{""reg"": ""-\n+YN19EFL""}",,,,,1746,,68,1,2500,,,f,f,
380,2026-04-08 19:51:40.992789+02,"{""reg"": ""-\n+YN19EFM""}",,,,,1746,,68,1,2501,,,f,f,
381,2026-04-08 19:52:02.778602+02,"{""reg"": ""-\n+YN19EFN"", ""branding"": ""-\n+28/30""}",,,,,1748,,68,1,2502,,,f,f,
382,2026-04-08 19:52:15.994911+02,"{""reg"": ""-\n+YN19EFP"", ""branding"": ""-\n+28/30""}",,,,,1748,,68,1,2503,,,f,f,
383,2026-04-08 19:52:29.881455+02,"{""reg"": ""-\n+YN19EFR"", ""branding"": ""-\n+28/30""}",,,,,1748,,68,1,2504,,,f,f,
384,2026-04-08 19:52:46.059233+02,"{""reg"": ""-\n+YN19EFS"", ""branding"": ""-\n+28/30""}",,,,,1748,,68,1,2505,,,f,f,
385,2026-04-08 19:53:01.993037+02,"{""reg"": ""-\n+YN19EFT"", ""branding"": ""-\n+28/30""}",,,,,1748,,68,1,2506,,,f,f,
386,2026-04-08 19:53:20.911943+02,"{""reg"": ""-\n+YN19EFU"", ""branding"": ""-\n+28/30""}",,,,,1748,,68,1,2507,,,f,f,
387,2026-04-08 19:53:38.386839+02,"{""reg"": ""-\n+YN19EFV"", ""branding"": ""-\n+28/30""}",,,,,1748,,68,1,2508,,,f,f,
388,2026-04-08 19:53:55.690635+02,"{""reg"": ""-\n+YN19EFW"", ""branding"": ""-\n+28/30""}",,,,,1748,,68,1,2509,,,f,f,
389,2026-04-08 19:54:10.776264+02,"{""reg"": ""-\n+YN19EFX"", ""branding"": ""-\n+28/30""}",,,,,1748,,68,1,2510,,,f,f,
390,2026-04-08 19:54:30.862521+02,"{""reg"": ""-\n+YN19EFY"", ""branding"": ""-\n+49""}",,,,,1751,,68,1,2511,,,f,f,
391,2026-04-08 19:54:47.965778+02,"{""reg"": ""-\n+YN19EFZ"", ""branding"": ""-\n+49""}",,,,,1751,,68,1,2512,,,f,f,
392,2026-04-08 19:55:11.225484+02,"{""reg"": ""-\n+YN19EGC""}",,,,,1751,,68,1,2513,,,f,f,
393,2026-04-08 19:55:29.616466+02,"{""reg"": ""-\n+YN19EGD"", ""branding"": ""-\n+49""}",,,,,1751,,68,1,2514,,,f,f,
394,2026-04-08 19:55:41.082643+02,"{""branding"": ""-\n+49""}",,,,,,,,1,2513,,,f,f,
395,2026-04-08 19:56:03.511251+02,"{""reg"": ""-\n+YN19EGE""}",,,,,1746,,68,1,2515,,,f,f,
396,2026-04-08 19:56:18.648536+02,"{""reg"": ""-\n+YN19EGF""}",,,,,1746,,68,1,2516,,,f,f,
397,2026-04-08 19:57:02.607634+02,"{""reg"": ""-\n+YN19EGJ"", ""branding"": ""-\n+56/57/58/59""}",,,,,1762,,68,1,2517,,,f,f,
398,2026-04-08 19:57:20.162158+02,"{""reg"": ""-\n+YN19EGK"", ""branding"": ""-\n+56/57/58/59""}",,,,,1762,,68,1,2518,,,f,f,
399,2026-04-08 19:57:39.145387+02,"{""reg"": ""-\n+YN19EGX"", ""branding"": ""-\n+56/57/58/59""}",,,,,1762,,68,1,2519,,,f,f,
400,2026-04-08 19:57:52.031159+02,"{""reg"": ""-\n+YN19EGY"", ""branding"": ""-\n+56/57/58/59""}",,,,,1762,,68,1,2520,,,f,f,
467,2026-04-08 22:34:29.968082+02,"{""reg"": ""-\n+YN14MUB""}",,,,,1141,,61,1,2581,,,f,f,
1692,2026-05-04 11:15:44.157238+02,"{""reg"": ""-\n+HF18CJU""}",,,,,820,,5,1,27281,,,f,f,
401,2026-04-08 19:58:08.441738+02,"{""reg"": ""-\n+YN19EHB"", ""branding"": ""-\n+56/57/58/59""}",,,,,1762,,68,1,2521,,,f,f,
402,2026-04-08 19:58:29.097237+02,"{""reg"": ""-\n+YN19EHC"", ""branding"": ""-\n+56/57/58/59""}",,,,,1762,,68,1,2522,,,f,f,
403,2026-04-08 19:58:44.801394+02,"{""reg"": ""-\n+YN19EHD"", ""branding"": ""-\n+56/57/58/59""}",,,,,1762,,68,1,2523,,,f,f,
404,2026-04-08 19:59:38.500719+02,"{""reg"": ""-\n+DD18GAS"", ""colours"": ""-\n+#b5b5b5""}",,,,,,,68,1,2524,,,f,f,
405,2026-04-08 19:59:59.3868+02,"{""branding"": ""-\n+Nottingham City Transport""}",,,,,,,,1,2524,,,f,f,
406,2026-04-08 20:39:43.211333+02,"{""reg"": ""-\n+YN69DOH""}",,,,,1746,,68,1,2525,,,f,f,
407,2026-04-08 20:40:07.212071+02,"{""reg"": ""-\n+YN69DOJ""}",,,,,1746,,68,1,2526,,,f,f,
408,2026-04-08 20:40:51.865406+02,"{""reg"": ""-\n+YN69DOU"", ""branding"": ""-\n+68/69""}",,,,,1752,,68,1,2527,,,f,f,
409,2026-04-08 20:41:09.32837+02,"{""reg"": ""-\n+YN69DPE"", ""branding"": ""-\n+68/69""}",,,,,1752,,68,1,2528,,,f,f,
410,2026-04-08 20:41:30.623162+02,"{""reg"": ""-\n+YN69DPF"", ""branding"": ""-\n+68/69""}",,,,,1752,,68,1,2529,,,f,f,
411,2026-04-08 20:41:50.026461+02,"{""reg"": ""-\n+YN69DFK"", ""branding"": ""-\n+68/69""}",,,,,1752,,68,1,2530,,,f,f,
412,2026-04-08 20:42:10.615101+02,"{""reg"": ""-\n+YN69DPO"", ""branding"": ""-\n+68/69""}",,,,,1752,,68,1,2531,,,f,f,
413,2026-04-08 22:15:18.335663+02,"{""reg"": ""-\n+YN69DPU"", ""branding"": ""-\n+68/69""}",,,,,1752,,68,1,2532,,,f,f,
414,2026-04-08 22:15:36.162499+02,"{""reg"": ""-\n+YN69DPV"", ""branding"": ""-\n+68/69""}",,,,,1752,,68,1,2533,,,f,f,
415,2026-04-08 22:16:27.919736+02,"{""reg"": ""-\n+YN69DPX"", ""branding"": ""-\n+68/69""}",,,,,1752,,68,1,1835758,,,f,f,
416,2026-04-08 22:16:48.70307+02,"{""reg"": ""-\n+YN69DPY"", ""branding"": ""-\n+68/69""}",,,,,1752,,68,1,2534,,,f,f,
417,2026-04-08 22:17:14.085576+02,"{""reg"": ""-\n+YN69DPZ"", ""branding"": ""-\n+77""}",,,,,1759,,68,1,2535,,,f,f,
418,2026-04-08 22:17:30.950673+02,"{""reg"": ""-\n+YN69DRO"", ""branding"": ""-\n+77""}",,,,,1759,,68,1,2536,,,f,f,
419,2026-04-08 22:17:47.571919+02,"{""reg"": ""-\n+YN69DRV"", ""branding"": ""-\n+77""}",,,,,1759,,68,1,2537,,,f,f,
420,2026-04-08 22:18:07.435988+02,"{""reg"": ""-\n+YN69DRX"", ""branding"": ""-\n+77""}",,,,,1759,,68,1,432533,,,f,f,
421,2026-04-08 22:18:28.320915+02,"{""reg"": ""-\n+YN69DRZ"", ""branding"": ""-\n+77""}",,,,,1759,,68,1,2539,,,f,f,
422,2026-04-08 22:18:42.407454+02,"{""reg"": ""-\n+YN69DSE"", ""branding"": ""-\n+77""}",,,,,1759,,68,1,2540,,,f,f,
423,2026-04-08 22:18:56.338019+02,"{""reg"": ""-\n+YN69DSO"", ""branding"": ""-\n+77""}",,,,,1759,,68,1,2541,,,f,f,
424,2026-04-08 22:19:13.535772+02,"{""reg"": ""-\n+YN69DSU"", ""branding"": ""-\n+77""}",,,,,1759,,68,1,2542,,,f,f,
425,2026-04-08 22:19:38.976104+02,"{""reg"": ""-\n+YN71CYK"", ""branding"": ""-\n+35/36""}",,,,,1757,,68,1,2543,,,f,f,
426,2026-04-08 22:19:53.883654+02,"{""reg"": ""-\n+YN22BLX"", ""branding"": ""-\n+35/36""}",,,,,1757,,68,1,2544,,,f,f,
427,2026-04-08 22:20:07.680495+02,"{""reg"": ""-\n+YN22BLZ"", ""branding"": ""-\n+35/36""}",,,,,1757,,68,1,2545,,,f,f,
428,2026-04-08 22:20:25.328932+02,"{""reg"": ""-\n+YN22BMO"", ""branding"": ""-\n+35/36""}",,,,,1757,,68,1,2546,,,f,f,
429,2026-04-08 22:20:40.694705+02,"{""reg"": ""-\n+YN22BMU"", ""branding"": ""-\n+35/36""}",,,,,1757,,68,1,2547,,,f,f,
430,2026-04-08 22:20:55.98664+02,"{""reg"": ""-\n+YN22BMV"", ""branding"": ""-\n+35/36""}",,,,,1757,,68,1,2548,,,f,f,
431,2026-04-08 22:21:12.116352+02,"{""reg"": ""-\n+YN22BMY"", ""branding"": ""-\n+35/36""}",,,,,1757,,68,1,2549,,,f,f,
432,2026-04-08 22:21:28.606148+02,"{""reg"": ""-\n+YN22BMZ"", ""branding"": ""-\n+35/36""}",,,,,1757,,68,1,2550,,,f,f,
433,2026-04-08 22:22:03.947116+02,"{""reg"": ""-\n+YN22BNB"", ""branding"": ""-\n+35/36""}",,,,,1757,,68,1,2551,,,f,f,
434,2026-04-08 22:22:20.883178+02,"{""reg"": ""-\n+YN22BND"", ""branding"": ""-\n+35/36""}",,,,,1757,,68,1,2552,,,f,f,
435,2026-04-08 22:22:42.022341+02,"{""reg"": ""-\n+YN22BNE"", ""branding"": ""-\n+56/57/58/59""}",,,,,1762,,68,1,2553,,,f,f,
436,2026-04-08 22:22:53.070761+02,"{""reg"": ""-\n+YN22BNF"", ""branding"": ""-\n+56/57/58/59""}",,,,,1762,,68,1,2554,,,f,f,
437,2026-04-08 22:23:09.663182+02,"{""reg"": ""-\n+YN22BNJ"", ""branding"": ""-\n+56/57/58/59""}",,,,,1762,,68,1,2555,,,f,f,
438,2026-04-08 22:23:26.773245+02,"{""reg"": ""-\n+YN22BNK"", ""branding"": ""-\n+56/57/58/59""}",,,,,1762,,68,1,2556,,,f,f,
439,2026-04-08 22:23:44.286194+02,"{""reg"": ""-\n+YN22BNU"", ""branding"": ""-\n+56/57/58/59""}",,,,,1762,,68,1,2557,,,f,f,
440,2026-04-08 22:24:07.032544+02,"{""reg"": ""-\n+YN22BNV"", ""branding"": ""-\n+15/16/17""}",,,,,1758,,68,1,2558,,,f,f,
441,2026-04-08 22:24:36.903353+02,"{""reg"": ""-\n+YN22BNX"", ""branding"": ""-\n+15/16/17""}",,,,,1758,,68,1,2559,,,f,f,
442,2026-04-08 22:24:52.162142+02,"{""reg"": ""-\n+YN22BNY"", ""branding"": ""-\n+15/16/17""}",,,,,1758,,68,1,2560,,,f,f,
443,2026-04-08 22:25:08.619298+02,"{""reg"": ""-\n+YN22BNZ"", ""branding"": ""-\n+15/16/17""}",,,,,1758,,68,1,2561,,,f,f,
444,2026-04-08 22:25:22.286265+02,"{""reg"": ""-\n+YN22BOF"", ""branding"": ""-\n+15/16/17""}",,,,,1758,,68,1,2562,,,f,f,
445,2026-04-08 22:26:31.005275+02,"{""reg"": ""-\n+YP63WFB""}",,,,,1746,,61,1,2564,,,f,f,
446,2026-04-08 22:26:59.335497+02,"{""reg"": ""-\n+YP63WFC""}",,,,,3552,,61,1,2565,,,f,f,
447,2026-04-08 22:27:23.345819+02,"{""reg"": ""-\n+YP63WFD""}",,,,,1746,,61,1,2566,,,f,f,
448,2026-04-08 22:27:42.984287+02,{},,,,,1746,,61,1,2563,,,f,f,
449,2026-04-08 22:28:37.43648+02,"{""reg"": ""-\n+YP63WFE""}",,,,,,,61,1,2567,,,f,f,
450,2026-04-08 22:29:05.320822+02,"{""reg"": ""-\n+YP63WFF""}",,,,,1754,,61,1,2568,,,f,f,
451,2026-04-08 22:29:30.261844+02,"{""reg"": ""-\n+YP63WFG"", ""branding"": ""-\n+43""}",,,,,1754,,61,1,3785935,,,f,f,
452,2026-04-08 22:29:40.957732+02,"{""branding"": ""-\n+43""}",,,,,,,,1,2568,,,f,f,
453,2026-04-08 22:29:51.001442+02,{},,,,,1746,,,1,2567,,,f,f,
454,2026-04-08 22:30:18.401828+02,"{""reg"": ""-\n+YP63WFH"", ""branding"": ""-\n+43""}",,,,,1754,,61,1,2569,,,f,f,
455,2026-04-08 22:30:39.80777+02,"{""reg"": ""-\n+YP63WFJ"", ""branding"": ""-\n+43""}",,,,,1754,,61,1,2570,,,f,f,
456,2026-04-08 22:31:01.84246+02,"{""reg"": ""-\n+YP63WFK"", ""branding"": ""-\n+43""}",,,,,1754,,61,1,2571,,,f,f,
457,2026-04-08 22:31:57.474554+02,"{""reg"": ""-\n+YP63WEC"", ""colours"": ""-\n+#ff00aa"", ""branding"": ""-\n+Hits Radio""}",,,,,,,61,1,2572,,,f,f,
458,2026-04-08 22:32:12.380833+02,"{""reg"": ""-\n+YN14MTJ""}",,,,,1746,,61,1,3786029,,,f,f,
459,2026-04-08 22:32:25.217917+02,"{""reg"": ""-\n+YN14MTK""}",,,,,1746,,61,1,2573,,,f,f,
460,2026-04-08 22:32:35.846648+02,"{""reg"": ""-\n+YN14MTO""}",,,,,1746,,61,1,2574,,,f,f,
461,2026-04-08 22:32:49.866567+02,"{""reg"": ""-\n+YN14MTU""}",,,,,1746,,61,1,432534,,,f,f,
462,2026-04-08 22:33:05.790487+02,"{""reg"": ""-\n+YN14MTV""}",,,,,1746,,61,1,2576,,,f,f,
463,2026-04-08 22:33:20.162806+02,"{""reg"": ""-\n+YN14MTX""}",,,,,1746,,61,1,2577,,,f,f,
464,2026-04-08 22:33:36.741565+02,"{""reg"": ""-\n+YN14MTY""}",,,,,1746,,61,1,2578,,,f,f,
465,2026-04-08 22:33:50.269392+02,"{""reg"": ""-\n+YN14MTZ""}",,,,,1746,,61,1,2579,,,f,f,
466,2026-04-08 22:34:12.020308+02,"{""reg"": ""-\n+YN14MUA""}",,,,,1746,,61,1,2580,,,f,f,
468,2026-04-08 22:34:56.100531+02,"{""reg"": ""-\n+YN14MUC""}",,,,,1141,,61,1,2582,,,f,f,
498,2026-04-08 22:46:54.052496+02,"{""reg"": ""-\n+YN65XFM""}",,,,,1759,,61,1,2610,,,f,f,
469,2026-04-08 22:35:06.011858+02,"{""reg"": ""-\n+YN14MUE""}",,,,,1141,,61,1,2583,,,f,f,
671,2026-04-29 18:46:00.515415+02,"{""fleet number"": ""-\n+DW509""}",,,TFLO,,,AVLO,301,1,3783852,,,f,f,
470,2026-04-08 22:35:17.518498+02,"{""reg"": ""-\n+YN14MUO""}",,,,,1141,,61,1,2584,,,f,f,
499,2026-04-08 22:47:52.979051+02,{},,,,,,,,1,2610,,,f,f,
471,2026-04-08 22:35:38.912766+02,"{""reg"": ""-\n+YN14MUP""}",,,,,1141,,61,1,2585,,,f,f,
472,2026-04-08 22:35:59.556104+02,"{""reg"": ""-\n+YN14MUU""}",,,,,1141,,61,1,2586,,,f,f,
500,2026-04-08 22:48:07.967913+02,"{""reg"": ""-\n+YN65XFO""}",,,,,1759,,61,1,2611,,,f,f,
473,2026-04-08 22:36:18.508422+02,"{""reg"": ""-\n+YN14MUV""}",,,,,2639,,61,1,2587,,,f,f,
474,2026-04-08 22:36:36.47489+02,"{""reg"": ""-\n+YN14MUW""}",,,,,1746,,61,1,432535,,,f,f,
501,2026-04-08 22:48:28.939692+02,"{""reg"": ""-\n+YN65XFP"", ""branding"": ""-\n+78/79""}",,,,,1759,,61,1,2612,,,f,f,
475,2026-04-08 22:38:07.964147+02,"{""reg"": ""-\n+YN14MUY""}",,,,,1746,,61,1,2589,,,f,f,
476,2026-04-08 22:38:43.437525+02,"{""reg"": ""-\n+YN14MVC"", ""colours"": ""-\n+#00ccff""}",,,,,,,61,1,2590,,,f,f,
502,2026-04-08 22:48:40.138768+02,"{""branding"": ""-\n+78/79""}",,,,,,,,1,2608,,,f,f,
477,2026-04-08 22:39:41.378609+02,"{""reg"": ""-\n+YN14MVD""}",,,,,1746,,61,1,2591,,,f,f,
478,2026-04-08 22:40:06.576894+02,"{""reg"": ""-\n+YN14MVE""}",,,,,1746,,61,1,2592,,,f,f,
503,2026-04-08 22:48:45.90014+02,"{""branding"": ""-\n+78/79""}",,,,,,,,1,2609,,,f,f,
479,2026-04-08 22:40:19.372021+02,"{""reg"": ""-\n+YN14MVF""}",,,,,1746,,61,1,2593,,,f,f,
480,2026-04-08 22:40:33.338937+02,"{""reg"": ""-\n+YN14MVG""}",,,,,1746,,61,1,2594,,,f,f,
504,2026-04-08 22:48:51.765861+02,"{""branding"": ""-\n+78/79""}",,,,,,,,1,2610,,,f,f,
481,2026-04-08 22:40:58.695866+02,"{""reg"": ""-\n+YN14MVH""}",,,,,1746,,61,1,2595,,,f,f,
482,2026-04-08 22:41:48.959327+02,"{""reg"": ""-\n+YN14MVK""}",,,,,3846,,61,1,2596,,,f,f,
505,2026-04-08 22:48:57.360253+02,"{""branding"": ""-\n+78/79""}",,,,,,,,1,2611,,,f,f,
483,2026-04-08 22:42:10.894077+02,"{""reg"": ""-\n+YN14MVL""}",,,,,3846,,61,1,2597,,,f,f,
484,2026-04-08 22:42:22.04905+02,"{""reg"": ""-\n+YN14MVM""}",,,,,3846,,61,1,2598,,,f,f,
506,2026-04-08 22:49:22.110888+02,"{""reg"": ""-\n+YN65XFR"", ""branding"": ""-\n+78/79""}",,,,,1759,,61,1,2613,,,f,f,
485,2026-04-08 22:42:40.508275+02,"{""reg"": ""-\n+YN14MVO""}",,,,,1746,,61,1,2599,,,f,f,
486,2026-04-08 22:43:03.959647+02,"{""reg"": ""-\n+YN15EJA""}",,,,,4136,,61,1,2600,,,f,f,
507,2026-04-08 22:49:40.07622+02,"{""reg"": ""-\n+YN65XFS"", ""branding"": ""-\n+78/79""}",,,,,1759,,61,1,2614,,,f,f,
487,2026-04-08 22:43:55.720503+02,"{""reg"": ""-\n+YN15EJC""}",,,,,3845,,61,1,2601,,,f,f,
488,2026-04-08 22:44:07.7382+02,"{""reg"": ""-\n+YN15EJD""}",,,,,3845,,61,1,3785745,,,f,f,
508,2026-04-08 22:50:02.54496+02,"{""reg"": ""-\n+YN65XFU"", ""branding"": ""-\n+78/79""}",,,,,1759,,61,1,2615,,,f,f,
489,2026-04-08 22:44:24.118618+02,"{""reg"": ""-\n+YN15EJE""}",,,,,3845,,61,1,2602,,,f,f,
490,2026-04-08 22:44:40.426947+02,"{""reg"": ""-\n+YN15EJF""}",,,,,3845,,61,1,2603,,,f,f,
509,2026-04-08 22:50:57.442358+02,"{""reg"": ""-\n+YN65XFV""}",,,,,1759,,61,1,2616,,,f,f,
491,2026-04-08 22:44:54.094106+02,"{""reg"": ""-\n+YN15EJJ""}",,,,,3845,,61,1,2604,,,f,f,
492,2026-04-08 22:45:05.67004+02,"{""reg"": ""-\n+YN15EJK""}",,,,,3845,,61,1,2605,,,f,f,
510,2026-04-08 22:51:23.950839+02,"{""reg"": ""-\n+YN65XFW""}",,,,,2076,,61,1,419444,,,f,f,
493,2026-04-08 22:45:30.048017+02,"{""reg"": ""-\n+YN65XFG"", ""branding"": ""-\n+78/79""}",,,,,1759,,61,1,2606,,,f,f,
494,2026-04-08 22:45:48.452931+02,"{""reg"": ""-\n+YN65XFH"", ""branding"": ""-\n+78/79""}",,,,,1759,,61,1,2607,,,f,f,
511,2026-04-08 22:51:44.450802+02,"{""reg"": ""-\n+YN65XFT""}",,,,,1746,,61,1,2618,,,f,f,
495,2026-04-08 22:46:03.718519+02,"{""reg"": ""-\n+YN65XFJ"", ""branding"": ""-\n+78/79""}",,,,,1759,,61,1,3786077,,,f,f,
512,2026-04-08 22:51:57.70473+02,"{""reg"": ""-\n+YN65XFX""}",,,,,1746,,61,1,2619,,,f,f,
513,2026-04-08 22:52:30.055989+02,"{""reg"": ""-\n+BN75NWR"", ""branding"": ""-\n+26""}",,,,,3982,,126,1,2620,,,f,f,
514,2026-04-08 22:52:53.155682+02,"{""reg"": ""-\n+BN75NWS"", ""branding"": ""-\n+26""}",,,,,3982,,126,1,2621,,,f,f,
515,2026-04-08 22:53:14.922567+02,"{""reg"": ""-\n+BN75NWT"", ""branding"": ""-\n+26""}",,,,,3982,,126,1,2622,,,f,f,
516,2026-04-08 22:53:38.884264+02,"{""reg"": ""-\n+BN75NWU"", ""branding"": ""-\n+26""}",,,,,3982,,126,1,2623,,,f,f,
517,2026-04-08 22:54:13.307589+02,"{""reg"": ""-\n+BN75NWV"", ""branding"": ""-\n+24/25/26/27""}",,,,,4028,,126,1,2624,,,f,f,
518,2026-04-08 22:54:39.020126+02,"{""reg"": ""-\n+BN75NWW"", ""branding"": ""-\n+24/25/26/27""}",,,,,4028,,126,1,2625,,,f,f,
519,2026-04-08 22:56:03.631226+02,"{""reg"": ""-\n+YT61GPK"", ""garage"": ""-\n+Parliament Street""}",,,,,1763,,282,1,3785048,,,f,f,
520,2026-04-08 22:56:24.714194+02,"{""reg"": ""-\n+YT61GPO"", ""garage"": ""-\n+Parliament Street""}",,,,,1763,,282,1,3785046,,,f,f,
521,2026-04-08 22:56:49.069115+02,"{""reg"": ""-\n+YT61GPV"", ""garage"": ""-\n+Parliament Street""}",,,,,1763,,282,1,3785047,,,f,f,
522,2026-04-08 22:57:17.089755+02,"{""reg"": ""-\n+YT61FFM""}",,,,,1746,,282,1,2627,,,f,f,
523,2026-04-08 22:57:35.700786+02,"{""reg"": ""-\n+YT61FFN""}",,,,,3846,,282,1,2628,,,f,f,
524,2026-04-08 22:57:52.91427+02,"{""reg"": ""-\n+YT61FFO""}",,,,,3846,,282,1,2629,,,f,f,
525,2026-04-08 22:58:12.124922+02,"{""reg"": ""-\n+YT61FFP""}",,,,,3846,,282,1,2630,,,f,f,
526,2026-04-08 22:58:25.871788+02,"{""reg"": ""-\n+YT61FFR""}",,,,,3846,,282,1,2631,,,f,f,
527,2026-04-08 22:58:39.28993+02,"{""notes"": ""-\n+Spare ticket machine""}",,,,,,,,1,3785891,,,f,f,
528,2026-04-08 22:58:43.296164+02,"{""notes"": ""-\n+Spare ticket machine""}",,,,,,,,1,2368,,,f,f,
529,2026-04-08 22:58:47.32433+02,"{""notes"": ""-\n+Spare ticket machine""}",,,,,,,,1,3786706,,,f,f,
530,2026-04-08 23:17:16.699818+02,"{""reg"": ""-\n+YD73FSK"", ""branding"": ""-\n+39""}",,,,,1749,,450,1,3786796,,,f,f,
531,2026-04-08 23:18:11.514218+02,"{""reg"": ""-\n+YP17UFB"", ""branding"": ""-\n+5/6/7/8/9""}",,,,,1747,,68,1,3786797,,,f,f,
532,2026-04-08 23:18:36.193344+02,"{""reg"": ""-\n+YP17UFE"", ""branding"": ""-\n+10""}",,,,,1747,,68,1,3786798,,,f,f,
533,2026-04-08 23:19:04.174357+02,"{""reg"": ""-\n+YN19EHE""}",,,,,1746,,68,1,3786799,,,f,f,
534,2026-04-08 23:20:00.235249+02,"{""reg"": ""-\n+YN22BNL"", ""branding"": ""-\n+56/57/58/59""}",,,,,1762,,68,1,3786800,,,f,f,
535,2026-04-08 23:20:23.589804+02,"{""reg"": ""-\n+YN22BNO"", ""branding"": ""-\n+56/57/58/59""}",,,,,1762,,68,1,3786801,,,f,f,
536,2026-04-08 23:21:06.321082+02,"{""reg"": ""-\n+YN14MVA""}",,,,,3986,,61,1,3786802,,,f,f,
537,2026-04-08 23:21:36.461003+02,"{""reg"": ""-\n+YT61GOP""}",,,,,1746,,282,1,3786803,,,f,f,
538,2026-04-09 15:54:32.767421+02,"{""reg"": ""-\n+HW26FFS"", ""garage"": ""-Southern Vectis\n+Newport""}",,,,,4081,,649,1,3786794,,,f,f,
539,2026-04-09 15:55:05.221817+02,"{""reg"": ""-\n+HW26FFY"", ""garage"": ""-\n+Newport""}",,,,,4081,,649,1,3786876,,,f,f,
540,2026-04-09 15:55:57.766933+02,"{""reg"": ""-\n+HW26FPC"", ""garage"": ""-Southern Vectis\n+Newport""}",,,,,4081,,649,1,3786571,,,f,f,
541,2026-04-09 15:56:28.010891+02,"{""reg"": ""-\n+HW26FPD"", ""garage"": ""-\n+Newport""}",,,,,4081,,649,1,3786593,,,f,f,
886,2026-04-29 21:07:08.475943+02,"{""fleet number"": ""-\n+DW492""}",,,TFLO,,,AVLO,301,1,3777195,,,f,f,
542,2026-04-09 15:57:06.181993+02,"{""reg"": ""-\n+HW62CMZ"", ""garage"": ""-\n+Newport""}",,,,,25,,697,1,3786930,,,f,f,
543,2026-04-09 16:41:01.318436+02,"{""reg"": ""-\n+HW26FFR"", ""garage"": ""-\n+Newport""}",,,,,4081,,649,1,3786939,,,f,f,
544,2026-04-09 20:14:07.715259+02,"{""garage"": ""-\n+Trent Bridge""}",,,,,,,,1,3786803,,,f,f,
545,2026-04-09 20:29:11.095172+02,"{""reg"": ""-\n+HW26FFK"", ""garage"": ""-\n+Newport""}",,,,,4081,,649,1,3786961,,,f,f,
546,2026-04-09 20:29:53.578795+02,"{""reg"": ""-\n+HW62CNA"", ""garage"": ""-Southern Vectis\n+Newport""}",,,,,25,,697,1,3786962,,,f,f,
547,2026-04-09 20:30:13.770606+02,"{""reg"": ""-\n+HW62CNE"", ""garage"": ""-Southern Vectis\n+Newport""}",,,,,25,,697,1,3786963,,,f,f,
548,2026-04-09 20:30:31.797766+02,"{""reg"": ""-\n+HW62CNU"", ""garage"": ""-Southern Vectis\n+Newport""}",,,,,25,,697,1,3786964,,,f,f,
549,2026-04-09 20:30:58.112058+02,"{""reg"": ""-\n+HW62CLV"", ""garage"": ""-Southern Vectis\n+Newport""}",,,,,25,,697,1,3786965,,,f,f,
550,2026-04-09 20:31:21.579173+02,"{""reg"": ""-\n+HW62CMU"", ""garage"": ""-\n+Newport""}",,,,,25,,697,1,3786966,,,f,f,
551,2026-04-09 20:31:46.909094+02,"{""garage"": ""-Southern Vectis\n+Newport""}",,,,,,,,1,17588,,,f,f,
552,2026-04-09 20:31:59.885119+02,"{""garage"": ""-\n+Newport""}",,,,,,,,1,17590,,,f,f,
553,2026-04-09 20:33:09.538256+02,"{""reg"": ""-\n+HW63FHK"", ""garage"": ""-\n+Newport""}",,,,,25,,697,1,3786967,,,f,f,
554,2026-04-09 20:33:31.777924+02,"{""reg"": ""-\n+HW63FHL"", ""garage"": ""-\n+Newport""}",,,,,25,,697,1,3786968,,,f,f,
555,2026-04-09 20:34:03.587524+02,"{""reg"": ""-\n+HW63FHM"", ""garage"": ""-\n+Newport""}",,,,,25,,697,1,3786969,,,f,f,
556,2026-04-09 20:34:13.983811+02,"{""garage"": ""-Southern Vectis\n+Newport""}",,,,,,,,1,17597,,,f,f,
557,2026-04-09 20:34:23.736533+02,"{""garage"": ""-Southern Vectis\n+Newport""}",,,,,,,,1,17608,,,f,f,
558,2026-04-09 20:34:32.963625+02,"{""garage"": ""-\n+Newport""}",,,,,,,,1,17611,,,f,f,
559,2026-04-09 20:34:44.095294+02,"{""garage"": ""-\n+Newport""}",,,,,,,,1,17616,,,f,f,
560,2026-04-09 20:35:02.115452+02,"{""garage"": ""-\n+Newport""}",,,,,,,,1,17625,,,f,f,
561,2026-04-09 20:35:18.266248+02,"{""garage"": ""-\n+Newport""}",,,,,,,,1,3784998,,,f,f,
562,2026-04-09 20:35:47.706736+02,"{""reg"": ""-\n+HW62CKV"", ""garage"": ""-\n+Newport""}",,,,,25,,47,1,3786970,,,f,f,
563,2026-04-09 20:36:04.736211+02,"{""reg"": ""-\n+HW62CKY"", ""garage"": ""-\n+Newport""}",,,,,25,,47,1,3786971,,,f,f,
564,2026-04-09 20:36:27.124248+02,"{""reg"": ""-\n+HW62CMK"", ""garage"": ""-\n+Newport""}",,,,,25,,47,1,3786972,,,f,f,
565,2026-04-09 21:32:18.178677+02,"{""colours"": ""-#00ccff\n+#26deff""}",,,,,,,,1,2590,,,f,f,
566,2026-04-10 16:19:30.130744+02,"{""reg"": ""-AE07KYV\n+AE07KYX""}",,,,,,,,1,2936,,,f,f,
567,2026-04-10 16:56:32.836578+02,"{""reg"": ""-\n+MX09APZ""}",,,,,600,,697,1,3786661,,,f,f,
568,2026-04-11 11:15:48.148158+02,"{""reg"": ""-\n+SF62CXN""}",,,,,600,,3,1,3786474,,,f,f,
569,2026-04-13 18:51:43.289854+02,"{""garage"": ""-Southern Vectis\n+Newport""}",,,,,,,,1,17627,,,f,f,
570,2026-04-13 18:51:52.312001+02,"{""garage"": ""-Southern Vectis\n+Newport""}",,,,,,,,1,1896584,,,f,f,
571,2026-04-13 18:52:08.932386+02,"{""garage"": ""-\n+Newport""}",,,,,,,,1,3783707,,,f,f,
572,2026-04-13 18:52:20.895764+02,"{""garage"": ""-\n+Newport""}",,,,,,,,1,17584,,,f,f,
573,2026-04-13 18:52:29.211181+02,"{""garage"": ""-\n+Newport""}",,,,,,,,1,17585,,,f,f,
574,2026-04-13 18:53:28.246434+02,"{""garage"": ""-\n+Newport""}",,,,,,,,1,17589,,,f,f,
575,2026-04-13 18:53:40.363117+02,"{""garage"": ""-\n+Newport""}",,,,,,,,1,17591,,,f,f,
576,2026-04-13 18:53:54.875939+02,"{""garage"": ""-Southern Vectis\n+Newport""}",,,,,,,,1,17587,,,f,f,
577,2026-04-19 15:55:29.092526+02,"{""garage"": ""-Southern Vectis\n+Newport""}",,,,,,,,1,17628,,,f,f,
578,2026-04-19 15:55:39.291861+02,{},,,,,,,,1,17630,,,f,f,
579,2026-04-19 15:55:49.665504+02,{},,,,,,,,1,3784311,,,f,f,
580,2026-04-19 15:56:00.207657+02,{},,,,,,,,1,17596,,,f,f,
581,2026-04-19 15:56:18.207491+02,{},,,,,,,,1,17593,,,f,f,
582,2026-04-19 15:56:32.260871+02,{},,,,,,,,1,17586,,,f,f,
583,2026-04-20 10:45:29.965861+02,"{""notes"": ""-\n+Spare ticket machine""}",,,,,,,,1,3788078,,,f,f,
584,2026-04-20 10:45:38.211226+02,"{""notes"": ""-\n+Spare ticket machine""}",,,,,,,,1,3788311,,,f,f,
585,2026-04-20 10:45:45.665271+02,"{""notes"": ""-\n+Spare ticket machine""}",,,,,,,,1,3786940,,,f,f,
586,2026-04-20 10:45:58.363679+02,"{""notes"": ""-\n+Spare ticket machine""}",,,,,,,,1,3787946,,,f,f,
587,2026-04-20 10:46:01.483166+02,"{""notes"": ""-\n+Spare ticket machine""}",,,,,,,,1,3787945,,,f,f,
588,2026-04-20 19:41:06.441642+02,"{""reg"": ""-\n+HW67AHX"", ""garage"": ""-\n+Newport""}",,,,,25,,8,1,3788374,,,f,f,
589,2026-04-21 23:48:52.737597+02,"{""notes"": ""-\n+Spare ticket machine""}",,,,,,,,1,3788338,,,f,f,
590,2026-04-22 22:38:15.507563+02,"{""branding"": ""-\n+NCTX Buses App""}",,,,,,,,1,2590,,,f,f,
591,2026-04-22 22:38:36.561387+02,"{""branding"": ""-\n+78/79""}",,,,,,,,1,2616,,,f,f,
592,2026-04-23 15:42:49.365394+02,"{""notes"": ""-\n+Spare ticket machine""}",,,,,,,,1,3788632,,,f,f,
593,2026-04-24 20:53:27.842564+02,"{""reg"": ""-\n+AE07KYV""}",,,,,600,,697,1,3788018,,,f,f,
594,2026-04-24 21:45:00.595965+02,"{""reg"": ""-\n+AE07KZB""}",,,,,600,,697,1,2939,,,f,f,
595,2026-04-25 15:10:22.096381+02,{},,,,,600,,5,1,15009,,,f,f,
596,2026-04-25 17:44:05.75938+02,"{""reg"": ""-\n+SN66VXO""}",,,,,600,,8,1,3788298,,,f,f,
597,2026-04-25 22:12:51.307674+02,"{""reg"": ""-\n+AE07KYW""}",,,,,8,,697,1,2935,,,f,f,
598,2026-04-25 22:15:19.992759+02,"{""reg"": ""-\n+OU10BGF""}",,,,,3047,,697,1,3783926,,,f,f,
599,2026-04-25 23:06:58.075629+02,{},,,,697,,,61,1,3783926,,,f,f,
600,2026-04-26 18:04:02.147345+02,{},,600,,,3459,,,1,3788298,,,f,f,
601,2026-04-28 18:44:15.583358+02,"{""reg"": ""-\n+185CLT"", ""fleet number"": ""-\n+EA5""}",,,TFLO,,,AVLO,457,1,3777373,,,f,f,
602,2026-04-28 18:45:18.213878+02,"{""reg"": ""-\n+593CLT"", ""fleet number"": ""-\n+HV393""}",,,TFLO,,,AVLO,103,1,3785227,,,f,f,
603,2026-04-28 18:47:59.362006+02,"{""reg"": ""-\n+E8NJB"", ""fleet number"": ""-\n+37778""}",,,TFLO,,,ELBG,,1,3778195,,,f,f,
604,2026-04-28 18:49:18.42518+02,{},,,,,,,5,1,3778195,,,f,f,
605,2026-04-28 18:52:00.936652+02,"{""fleet number"": ""-\n+12549""}",,,TFLO,,,ELBG,564,1,3778268,,,f,f,
606,2026-04-28 20:22:47.071624+02,"{""reg"": ""-\n+LTZ1134"", ""branding"": ""-\n+SL11"", ""fleet number"": ""-\n+LT134""}",,262,TFLO,,2848,LONC,562,1,3788739,,,f,f,
607,2026-04-28 20:23:29.641167+02,"{""reg"": ""-\n+LTZ1148"", ""fleet number"": ""-\n+LT148""}",,,TFLO,,,MTLN,562,1,3788999,,,f,f,
608,2026-04-28 20:24:37.719203+02,"{""reg"": ""-\n+LTZ1266"", ""fleet number"": ""-\n+61266 (LT266)""}",,,TFLO,,,ELBG,562,1,3788464,,,f,f,
609,2026-04-28 20:26:46.198923+02,"{""reg"": ""-\n+LTZ1580"", ""fleet number"": ""-\n+LT580""}",,,TFLO,,,AVLO,562,1,3788483,,,f,f,
610,2026-04-28 20:27:44.090061+02,"{""reg"": ""-\n+LTZ1775"", ""fleet number"": ""-\n+LT775""}",,,TFLO,,,ABLO,562,1,3788906,,,f,f,
672,2026-04-29 18:46:15.401215+02,"{""fleet number"": ""-\n+DW510""}",,,TFLO,,,AVLO,301,1,3783818,,,f,f,
611,2026-04-28 20:28:17.39193+02,"{""reg"": ""-\n+LTZ1823"", ""fleet number"": ""-\n+LT823""}",,,TFLO,,,AVLO,562,1,3788671,,,f,f,
1160,2026-04-30 20:26:36.929394+02,"{""fleet number"": ""-\n+E250""}",,,TFLO,,,LONC,697,1,3779189,,,f,f,
612,2026-04-28 20:29:10.025695+02,"{""reg"": ""-\n+LTZ2151"", ""fleet number"": ""-\n+LT951""}",,,TFLO,,,BTRI,562,1,3788693,,,f,f,
673,2026-04-29 18:46:27.232075+02,"{""fleet number"": ""-\n+DW512""}",,,TFLO,,,AVLO,301,1,3777434,,,f,f,
613,2026-04-28 20:29:43.092357+02,"{""reg"": ""-\n+LTZ2176"", ""fleet number"": ""-\n+LT976""}",,,TFLO,,,AVLO,562,1,3788783,,,f,f,
614,2026-04-29 18:21:10.065873+02,"{""reg"": ""-\n+LTZ1794"", ""fleet number"": ""-\n+LT794""}",,,TFLO,,,MTLN,562,1,3789066,,,f,f,
674,2026-04-29 18:46:42.290364+02,"{""fleet number"": ""-\n+DW513""}",,,TFLO,,,AVLO,301,1,3785299,,,f,f,
615,2026-04-29 18:22:57.698213+02,"{""reg"": ""-\n+WLT546"", ""fleet number"": ""-\n+82112""}",,,TFLO,,,ELBG,649,1,3778039,,,f,f,
616,2026-04-29 18:24:18.392348+02,"{""reg"": ""-\n+WLT664"", ""fleet number"": ""-\n+HV64""}",,,TFLO,,,AVLO,102,1,3777551,,,f,f,
675,2026-04-29 18:46:54.558083+02,"{""fleet number"": ""-\n+DW514""}",,,TFLO,,,AVLO,301,1,3777256,,,f,f,
617,2026-04-29 18:25:02.472007+02,"{""reg"": ""-\n+WLT676"", ""fleet number"": ""-\n+HV376""}",,,TFLO,,,AVLO,103,1,3777220,,,f,f,
618,2026-04-29 18:25:26.822397+02,"{""reg"": ""-\n+WLT982"", ""fleet number"": ""-\n+HV382""}",,,TFLO,,,AVLO,103,1,3777221,,,f,f,
676,2026-04-29 18:47:06.764319+02,"{""fleet number"": ""-\n+DW515""}",,,TFLO,,,AVLO,301,1,3776028,,,f,f,
619,2026-04-29 18:27:15.101387+02,"{""fleet number"": ""-\n+DW213""}",,,TFLO,,,AVLO,301,1,3788712,,,f,f,
620,2026-04-29 18:27:30.845819+02,"{""fleet number"": ""-\n+DW205""}",,,TFLO,,,AVLO,301,1,3788481,,,f,f,
677,2026-04-29 18:47:17.210681+02,"{""fleet number"": ""-\n+DW516""}",,,TFLO,,,AVLO,301,1,3777249,,,f,f,
621,2026-04-29 18:27:43.7985+02,"{""fleet number"": ""-\n+DW210""}",,,TFLO,,,AVLO,301,1,3788650,,,f,f,
622,2026-04-29 18:28:08.551277+02,"{""fleet number"": ""-\n+ENL61""}",,,TFLO,,,AVLO,3,1,3781123,,,f,f,
678,2026-04-29 18:47:28.974866+02,"{""fleet number"": ""-\n+DW517""}",,,TFLO,,,AVLO,301,1,3777250,,,f,f,
623,2026-04-29 18:28:25.161423+02,"{""fleet number"": ""-\n+DW309""}",,,TFLO,,,AVLO,301,1,3781772,,,f,f,
624,2026-04-29 18:28:37.3178+02,"{""fleet number"": ""-\n+DW311""}",,,TFLO,,,AVLO,301,1,3783775,,,f,f,
679,2026-04-29 18:47:44.173438+02,"{""fleet number"": ""-\n+DW518""}",,,TFLO,,,AVLO,301,1,3783670,,,f,f,
625,2026-04-29 18:28:50.52912+02,"{""fleet number"": ""-\n+DW312""}",,,TFLO,,,AVLO,301,1,3776937,,,f,f,
626,2026-04-29 18:29:03.047257+02,"{""fleet number"": ""-\n+DW313""}",,,TFLO,,,AVLO,301,1,3776938,,,f,f,
627,2026-04-29 18:29:17.599932+02,"{""fleet number"": ""-\n+DW315""}",,,TFLO,,,AVLO,301,1,3776939,,,f,f,
628,2026-04-29 18:29:29.808485+02,"{""fleet number"": ""-\n+DW316""}",,,TFLO,,,AVLO,301,1,3776940,,,f,f,
629,2026-04-29 18:29:41.905722+02,"{""fleet number"": ""-\n+DW317""}",,,TFLO,,,AVLO,301,1,3782244,,,f,f,
630,2026-04-29 18:29:55.84442+02,"{""fleet number"": ""-\n+DW298Arriva L""}",,,TFLO,,,AVLO,301,1,3776904,,,f,f,
631,2026-04-29 18:30:08.045562+02,"{""fleet number"": ""-\n+DW302""}",,,TFLO,,,AVLO,301,1,3786009,,,f,f,
632,2026-04-29 18:30:18.731545+02,"{""fleet number"": ""-\n+DW303""}",,,TFLO,,,AVLO,301,1,3776925,,,f,f,
633,2026-04-29 18:30:33.933424+02,"{""fleet number"": ""-\n+DW304""}",,,TFLO,,,AVLO,301,1,3776927,,,f,f,
634,2026-04-29 18:30:46.237851+02,"{""fleet number"": ""-\n+DW305""}",,,TFLO,,,AVLO,301,1,3776931,,,f,f,
635,2026-04-29 18:30:59.423736+02,"{""fleet number"": ""-\n+DW306""}",,,TFLO,,,AVLO,301,1,3776933,,,f,f,
636,2026-04-29 18:31:15.794717+02,"{""fleet number"": ""-\n+DW307""}",,,TFLO,,,AVLO,301,1,3776934,,,f,f,
637,2026-04-29 18:31:40.042631+02,"{""fleet number"": ""-\n+T142""}",,,TFLO,,,AVLO,697,1,3777531,,,f,f,
638,2026-04-29 18:31:54.970719+02,"{""fleet number"": ""-\n+T132""}",,,TFLO,,,AVLO,697,1,3777534,,,f,f,
639,2026-04-29 18:32:05.995775+02,"{""fleet number"": ""-\n+T135""}",,,TFLO,,,AVLO,697,1,3781081,,,f,f,
640,2026-04-29 18:32:16.984165+02,"{""fleet number"": ""-\n+T136""}",,,TFLO,,,AVLO,697,1,3777190,,,f,f,
641,2026-04-29 18:32:27.627904+02,"{""fleet number"": ""-\n+T138""}",,,TFLO,,,AVLO,697,1,3777191,,,f,f,
642,2026-04-29 18:32:42.869821+02,"{""fleet number"": ""-\n+T139""}",,,TFLO,,,AVLO,697,1,3782311,,,f,f,
643,2026-04-29 18:33:02.760611+02,"{""fleet number"": ""-\n+T128""}",,,TFLO,,,AVLO,697,1,3777532,,,f,f,
644,2026-04-29 18:33:13.462222+02,"{""fleet number"": ""-\n+T129""}",,,TFLO,,,AVLO,697,1,3784512,,,f,f,
645,2026-04-29 18:33:25.958244+02,"{""fleet number"": ""-\n+T130""}",,,TFLO,,,AVLO,697,1,3777533,,,f,f,
646,2026-04-29 18:33:38.903032+02,"{""fleet number"": ""-\n+T118""}",,,TFLO,,,AVLO,697,1,3781781,,,f,f,
647,2026-04-29 18:33:51.707123+02,"{""fleet number"": ""-\n+T120""}",,,TFLO,,,AVLO,697,1,3782609,,,f,f,
648,2026-04-29 18:34:10.100071+02,"{""fleet number"": ""-\n+HV46""}",,,TFLO,,,AVLO,102,1,3781782,,,f,f,
649,2026-04-29 18:34:21.951954+02,"{""fleet number"": ""-\n+HV36""}",,,TFLO,,,AVLO,102,1,3780595,,,f,f,
650,2026-04-29 18:34:34.172786+02,"{""fleet number"": ""-\n+HV38""}",,,TFLO,,,AVLO,102,1,3780597,,,f,f,
651,2026-04-29 18:34:46.937246+02,"{""fleet number"": ""-\n+HV39""}",,,TFLO,,,AVLO,102,1,3780598,,,f,f,
652,2026-04-29 18:34:57.971359+02,"{""fleet number"": ""-\n+HV40""}",,,TFLO,,,AVLO,102,1,3782912,,,f,f,
653,2026-04-29 18:35:09.6497+02,"{""fleet number"": ""-\n+HV41""}",,,TFLO,,,AVLO,102,1,3780600,,,f,f,
654,2026-04-29 18:35:22.034231+02,"{""fleet number"": ""-\n+HV42""}",,,TFLO,,,AVLO,102,1,3775841,,,f,f,
655,2026-04-29 18:35:33.436973+02,"{""fleet number"": ""-\n+HV43""}",,,TFLO,,,AVLO,102,1,3775845,,,f,f,
656,2026-04-29 18:35:45.280654+02,"{""fleet number"": ""-\n+HV44""}",,,TFLO,,,AVLO,102,1,3783203,,,f,f,
657,2026-04-29 18:36:04.604534+02,"{""fleet number"": ""-\n+HV45""}",,,TFLO,,,AVLO,102,1,3775851,,,f,f,
658,2026-04-29 18:36:18.885035+02,"{""fleet number"": ""-\n+HV27""}",,,TFLO,,,AVLO,102,1,3779341,,,f,f,
659,2026-04-29 18:36:36.005401+02,"{""fleet number"": ""-\n+HV33""}",,,TFLO,,,AVLO,102,1,3780593,,,f,f,
660,2026-04-29 18:37:45.814953+02,"{""fleet number"": ""-\n+HV35""}",,,TFLO,,,AVLO,102,1,3786936,,,f,f,
661,2026-04-29 18:38:07.605472+02,"{""fleet number"": ""-\n+ENX17""}",,,TFLO,,,AVLO,3,1,3777313,,,f,f,
662,2026-04-29 18:39:55.594226+02,"{""fleet number"": ""-\n+606""}",,,TFLO,,,UNOL,3,1,3776946,,,f,f,
663,2026-04-29 18:40:23.583713+02,"{""fleet number"": ""-\n+SDE20296""}",,,TFLO,,,FLON,3,1,3775952,,,f,f,
664,2026-04-29 18:42:09.472821+02,"{""fleet number"": ""-\n+WS6""}",,,TFLO,,,MBGA,131,1,3776789,,,f,f,
665,2026-04-29 18:42:30.986894+02,"{""fleet number"": ""-\n+WS7""}",,,TFLO,,,MBGA,131,1,3786341,,,f,f,
666,2026-04-29 18:43:10.403994+02,"{""fleet number"": ""-\n+WVL481""}",,,TFLO,,,LONC,124,1,3779243,,,f,f,
667,2026-04-29 18:44:06.124526+02,"{""fleet number"": ""-\n+WVL483""}",,,TFLO,,,LGEN,124,1,3781331,,,f,f,
668,2026-04-29 18:44:37.311235+02,"{""fleet number"": ""-\n+WVL484""}",,,TFLO,,,MBGA,124,1,3776839,,,f,f,
680,2026-04-29 18:47:55.743106+02,"{""fleet number"": ""-\n+DW523""}",,,TFLO,,,AVLO,301,1,3777485,,,f,f,
887,2026-04-29 21:07:20.018486+02,"{""fleet number"": ""-\n+DW493""}",,,TFLO,,,AVLO,301,1,3779819,,,f,f,
681,2026-04-29 18:48:06.667076+02,"{""fleet number"": ""-\n+DW524""}",,,TFLO,,,AVLO,301,1,3787142,,,f,f,
682,2026-04-29 18:48:18.108919+02,"{""fleet number"": ""-\n+DW525""}",,,TFLO,,,AVLO,301,1,3777431,,,f,f,
683,2026-04-29 19:01:59.666965+02,"{""fleet number"": ""-\n+DW526""}",,,TFLO,,,AVLO,301,1,3777430,,,f,f,
684,2026-04-29 19:02:13.889769+02,"{""fleet number"": ""-\n+DW527""}",,,TFLO,,,AVLO,301,1,3777435,,,f,f,
685,2026-04-29 19:02:25.681069+02,"{""fleet number"": ""-\n+DW528""}",,,TFLO,,,AVLO,301,1,3781093,,,f,f,
686,2026-04-29 19:02:38.05257+02,"{""fleet number"": ""-\n+DW549""}",,,TFLO,,,AVLO,301,1,3780560,,,f,f,
687,2026-04-29 19:02:49.562166+02,"{""fleet number"": ""-\n+DW550""}",,,TFLO,,,AVLO,301,1,3780565,,,f,f,
688,2026-04-29 19:03:00.933132+02,"{""fleet number"": ""-\n+DW551""}",,,TFLO,,,AVLO,301,1,3781479,,,f,f,
689,2026-04-29 19:03:10.157743+02,"{""fleet number"": ""-\n+DW552""}",,,TFLO,,,AVLO,301,1,3780567,,,f,f,
690,2026-04-29 19:03:23.958668+02,"{""fleet number"": ""-\n+DW553""}",,,TFLO,,,AVLO,301,1,3784551,,,f,f,
691,2026-04-29 19:03:35.740633+02,"{""fleet number"": ""-\n+DW554""}",,,TFLO,,,AVLO,301,1,3787178,,,f,f,
692,2026-04-29 19:03:45.099653+02,"{""fleet number"": ""-\n+DW555""}",,,TFLO,,,AVLO,301,1,3775817,,,f,f,
693,2026-04-29 19:03:55.248752+02,"{""fleet number"": ""-\n+DW556""}",,,TFLO,,,AVLO,301,1,3783559,,,f,f,
694,2026-04-29 19:04:07.830288+02,"{""fleet number"": ""-\n+DW561""}",,,TFLO,,,AVLO,301,1,3777309,,,f,f,
695,2026-04-29 19:04:33.040392+02,"{""fleet number"": ""-DW298Arriva L\n+DW298""}",,,,,,,,1,3776904,,,f,f,
696,2026-04-29 19:05:15.025081+02,"{""fleet number"": ""-\n+DW562""}",,,TFLO,,,AVLO,301,1,3777311,,,f,f,
697,2026-04-29 19:05:27.819758+02,"{""fleet number"": ""-\n+DW539""}",,,TFLO,,,AVLO,301,1,3786401,,,f,f,
698,2026-04-29 19:05:38.504501+02,"{""fleet number"": ""-\n+DW540""}",,,TFLO,,,AVLO,301,1,3783759,,,f,f,
699,2026-04-29 19:05:48.893693+02,"{""fleet number"": ""-\n+DW541""}",,,TFLO,,,AVLO,301,1,3786348,,,f,f,
700,2026-04-29 19:05:59.512681+02,"{""fleet number"": ""-\n+DW543""}",,,TFLO,,,AVLO,301,1,3775815,,,f,f,
701,2026-04-29 19:06:09.277418+02,"{""fleet number"": ""-\n+DW544""}",,,TFLO,,,AVLO,301,1,3775818,,,f,f,
702,2026-04-29 19:06:19.188667+02,"{""fleet number"": ""-\n+DW545""}",,,TFLO,,,AVLO,301,1,3781990,,,f,f,
703,2026-04-29 19:06:30.939843+02,"{""fleet number"": ""-\n+DW546""}",,,TFLO,,,AVLO,301,1,3776090,,,f,f,
704,2026-04-29 19:06:45.062437+02,"{""fleet number"": ""-\n+DW547""}",,,TFLO,,,AVLO,301,1,3781602,,,f,f,
705,2026-04-29 19:06:56.045344+02,"{""fleet number"": ""-\n+DW548""}",,,TFLO,,,AVLO,301,1,3777521,,,f,f,
706,2026-04-29 19:07:08.826411+02,"{""fleet number"": ""-\n+T285""}",,,TFLO,,,AVLO,697,1,3777248,,,f,f,
707,2026-04-29 19:07:23.488515+02,"{""fleet number"": ""-\n+T279""}",,,TFLO,,,AVLO,697,1,3784624,,,f,f,
708,2026-04-29 19:07:36.896435+02,"{""fleet number"": ""-\n+T280""}",,,TFLO,,,AVLO,697,1,3777316,,,f,f,
709,2026-04-29 19:07:49.891101+02,"{""fleet number"": ""-\n+T281""}",,,TFLO,,,AVLO,697,1,3782169,,,f,f,
710,2026-04-29 19:08:07.094051+02,"{""fleet number"": ""-\n+T282""}",,,TFLO,,,AVLO,697,1,3781110,,,f,f,
711,2026-04-29 19:08:20.018641+02,"{""fleet number"": ""-\n+DW573""}",,,TFLO,,,AVLO,301,1,3777526,,,f,f,
712,2026-04-29 19:08:33.397019+02,"{""fleet number"": ""-\n+DW574""}",,,TFLO,,,AVLO,301,1,3781850,,,f,f,
713,2026-04-29 19:08:46.114752+02,"{""fleet number"": ""-\n+DW575""}",,,TFLO,,,AVLO,301,1,3780561,,,f,f,
714,2026-04-29 19:08:58.829411+02,"{""fleet number"": ""-\n+DW576""}",,,TFLO,,,AVLO,301,1,3783291,,,f,f,
715,2026-04-29 19:09:13.065067+02,"{""fleet number"": ""-\n+DW577""}",,,TFLO,,,AVLO,301,1,3780566,,,f,f,
716,2026-04-29 19:09:27.571702+02,"{""fleet number"": ""-\n+DW563""}",,,TFLO,,,AVLO,301,1,3782967,,,f,f,
717,2026-04-29 19:09:40.007715+02,"{""fleet number"": ""-\n+DW564""}",,,TFLO,,,AVLO,301,1,3777519,,,f,f,
718,2026-04-29 19:09:49.937834+02,"{""fleet number"": ""-\n+DW565""}",,,TFLO,,,AVLO,301,1,3780611,,,f,f,
719,2026-04-29 19:09:59.234307+02,"{""fleet number"": ""-\n+DW566""}",,,TFLO,,,AVLO,301,1,3775920,,,f,f,
720,2026-04-29 19:10:11.550947+02,"{""fleet number"": ""-\n+DW567""}",,,TFLO,,,AVLO,301,1,3780907,,,f,f,
721,2026-04-29 19:10:24.02025+02,"{""fleet number"": ""-\n+DW568""}",,,TFLO,,,AVLO,301,1,3776941,,,f,f,
722,2026-04-29 19:10:41.727759+02,"{""fleet number"": ""-\n+DW569""}",,,TFLO,,,AVLO,301,1,3776957,,,f,f,
723,2026-04-29 19:10:52.299218+02,"{""fleet number"": ""-\n+DW570""}",,,TFLO,,,AVLO,301,1,3777523,,,f,f,
724,2026-04-29 19:11:03.856967+02,"{""fleet number"": ""-\n+DW571""}",,,TFLO,,,AVLO,301,1,3777524,,,f,f,
725,2026-04-29 19:11:13.820006+02,"{""fleet number"": ""-\n+DW572""}",,,TFLO,,,AVLO,301,1,3777525,,,f,f,
726,2026-04-29 19:11:25.031884+02,"{""fleet number"": ""-\n+DW592""}",,,TFLO,,,AVLO,301,1,3781094,,,f,f,
727,2026-04-29 19:11:36.912599+02,"{""fleet number"": ""-\n+DW530""}",,,TFLO,,,AVLO,301,1,3777432,,,f,f,
728,2026-04-29 19:11:49.720756+02,"{""fleet number"": ""-\n+DW531""}",,,TFLO,,,AVLO,301,1,3777429,,,f,f,
729,2026-04-29 19:12:05.628377+02,"{""fleet number"": ""-\n+DW532""}",,,TFLO,,,AVLO,301,1,3777433,,,f,f,
730,2026-04-29 19:12:19.642503+02,"{""fleet number"": ""-\n+DW533""}",,,TFLO,,,AVLO,301,1,3781113,,,f,f,
731,2026-04-29 19:12:31.789211+02,"{""fleet number"": ""-\n+DW534""}",,,TFLO,,,AVLO,301,1,3784444,,,f,f,
732,2026-04-29 19:14:25.914532+02,"{""fleet number"": ""-\n+DW535""}",,,TFLO,,,AVLO,301,1,3775933,,,f,f,
733,2026-04-29 19:14:38.391601+02,"{""fleet number"": ""-\n+DW536""}",,,TFLO,,,AVLO,301,1,3775939,,,f,f,
734,2026-04-29 19:14:47.926494+02,"{""fleet number"": ""-\n+DW537""}",,,TFLO,,,AVLO,301,1,3788677,,,f,f,
735,2026-04-29 19:14:59.341621+02,"{""fleet number"": ""-\n+DW538""}",,,TFLO,,,AVLO,301,1,3788541,,,f,f,
736,2026-04-29 19:15:14.913673+02,"{""fleet number"": ""-\n+DW519""}",,,TFLO,,,AVLO,301,1,3785304,,,f,f,
737,2026-04-29 19:15:28.029678+02,"{""fleet number"": ""-\n+DW520""}",,,TFLO,,,AVLO,301,1,3781120,,,f,f,
738,2026-04-29 20:19:12.355292+02,"{""fleet number"": ""-\n+DW521""}",,,TFLO,,,AVLO,301,1,3788229,,,f,f,
739,2026-04-29 20:19:24.785629+02,"{""fleet number"": ""-\n+DW522""}",,,TFLO,,,AVLO,301,1,3776105,,,f,f,
740,2026-04-29 20:19:54.058017+02,"{""fleet number"": ""-\n+HV122""}",,,TFLO,,,AVLO,102,1,3779823,,,f,f,
741,2026-04-29 20:20:08.484322+02,"{""fleet number"": ""-\n+HV123""}",,,TFLO,,,AVLO,102,1,3779824,,,f,f,
742,2026-04-29 20:20:22.98584+02,"{""fleet number"": ""-\n+HV124""}",,,TFLO,,,AVLO,102,1,3782306,,,f,f,
743,2026-04-29 20:20:35.477482+02,"{""fleet number"": ""-\n+HV125""}",,,TFLO,,,AVLO,102,1,3783839,,,f,f,
744,2026-04-29 20:20:50.545445+02,"{""fleet number"": ""-\n+HV126""}",,,TFLO,,,AVLO,102,1,3783821,,,f,f,
745,2026-04-29 20:21:14.967526+02,"{""fleet number"": ""-\n+HV127""}",,,TFLO,,,AVLO,102,1,3782750,,,f,f,
746,2026-04-29 20:21:27.17484+02,"{""fleet number"": ""-\n+HV128""}",,,TFLO,,,AVLO,102,1,3781109,,,f,f,
2740,2026-05-05 11:23:34.104547+02,"{""reg"": ""-\n+HF05GGX""}",,,,,2867,,115,1,27225,,,f,f,
747,2026-04-29 20:21:42.991064+02,"{""fleet number"": ""-\n+HV112""}",,,TFLO,,,AVLO,102,1,3777439,,,f,f,
748,2026-04-29 20:21:56.372638+02,"{""fleet number"": ""-\n+HV113""}",,,TFLO,,,AVLO,102,1,3777535,,,f,f,
749,2026-04-29 20:23:16.07536+02,"{""fleet number"": ""-\n+HV114""}",,,TFLO,,,AVLO,102,1,3779446,,,f,f,
750,2026-04-29 20:23:27.109852+02,"{""fleet number"": ""-\n+HV115""}",,,TFLO,,,AVLO,102,1,3782592,,,f,f,
751,2026-04-29 20:23:43.02971+02,"{""fleet number"": ""-\n+HV116""}",,,TFLO,,,AVLO,102,1,3779458,,,f,f,
752,2026-04-29 20:23:57.596926+02,"{""fleet number"": ""-\n+HV117""}",,,TFLO,,,AVLO,102,1,3779476,,,f,f,
753,2026-04-29 20:24:11.774944+02,"{""fleet number"": ""-\n+HV118""}",,,TFLO,,,AVLO,102,1,3779480,,,f,f,
754,2026-04-29 20:24:24.246299+02,"{""fleet number"": ""-\n+HV119""}",,,TFLO,,,AVLO,102,1,3780562,,,f,f,
755,2026-04-29 20:24:36.200368+02,"{""fleet number"": ""-\n+HV120""}",,,TFLO,,,AVLO,102,1,3779249,,,f,f,
756,2026-04-29 20:24:48.001499+02,"{""fleet number"": ""-\n+HV121""}",,,TFLO,,,AVLO,102,1,3779254,,,f,f,
757,2026-04-29 20:24:59.077585+02,"{""fleet number"": ""-\n+HV102""}",,,TFLO,,,AVLO,102,1,3779882,,,f,f,
758,2026-04-29 20:25:11.387906+02,"{""fleet number"": ""-\n+HV103""}",,,TFLO,,,AVLO,102,1,3782725,,,f,f,
759,2026-04-29 20:25:23.123645+02,"{""fleet number"": ""-\n+HV104""}",,,TFLO,,,AVLO,102,1,3777317,,,f,f,
760,2026-04-29 20:25:36.38569+02,"{""fleet number"": ""-\n+HV105""}",,,TFLO,,,AVLO,102,1,3777400,,,f,f,
761,2026-04-29 20:26:07.891998+02,"{""fleet number"": ""-\n+HV107""}",,,TFLO,,,AVLO,102,1,3786849,,,f,f,
762,2026-04-29 20:26:19.347926+02,"{""fleet number"": ""-\n+HV108""}",,,TFLO,,,AVLO,102,1,3777310,,,f,f,
763,2026-04-29 20:26:32.132941+02,"{""fleet number"": ""-\n+HV109""}",,,TFLO,,,AVLO,102,1,3779826,,,f,f,
764,2026-04-29 20:26:42.28879+02,"{""fleet number"": ""-\n+HV111""}",,,TFLO,,,AVLO,102,1,3786431,,,f,f,
765,2026-04-29 20:26:55.62035+02,"{""fleet number"": ""-\n+HV92""}",,,TFLO,,,AVLO,102,1,3777329,,,f,f,
766,2026-04-29 20:27:07.319312+02,"{""fleet number"": ""-\n+HV93""}",,,TFLO,,,AVLO,102,1,3781096,,,f,f,
767,2026-04-29 20:27:23.99128+02,"{""fleet number"": ""-\n+HV94""}",,,TFLO,,,AVLO,102,1,3780612,,,f,f,
768,2026-04-29 20:27:35.641686+02,"{""fleet number"": ""-\n+HV95""}",,,TFLO,,,AVLO,102,1,3780613,,,f,f,
769,2026-04-29 20:27:46.741239+02,"{""fleet number"": ""-\n+HV96""}",,,TFLO,,,AVLO,102,1,3782785,,,f,f,
770,2026-04-29 20:27:59.220037+02,"{""fleet number"": ""-\n+HV97""}",,,TFLO,,,AVLO,102,1,3776964,,,f,f,
771,2026-04-29 20:28:11.33881+02,"{""fleet number"": ""-\n+HV98""}",,,TFLO,,,AVLO,102,1,3776965,,,f,f,
772,2026-04-29 20:28:23.075621+02,"{""fleet number"": ""-\n+HV99""}",,,TFLO,,,AVLO,102,1,3781362,,,f,f,
773,2026-04-29 20:28:35.695493+02,"{""fleet number"": ""-\n+HV100""}",,,TFLO,,,AVLO,102,1,3783410,,,f,f,
774,2026-04-29 20:28:46.621999+02,"{""fleet number"": ""-\n+HV101""}",,,TFLO,,,AVLO,102,1,3788025,,,f,f,
775,2026-04-29 20:29:01.46555+02,"{""fleet number"": ""-\n+HV82""}",,,TFLO,,,AVLO,102,1,3780636,,,f,f,
776,2026-04-29 20:29:16.749376+02,"{""fleet number"": ""-\n+HV83""}",,,TFLO,,,AVLO,102,1,3779365,,,f,f,
777,2026-04-29 20:29:29.521605+02,"{""fleet number"": ""-\n+HV84""}",,,TFLO,,,AVLO,102,1,3779273,,,f,f,
778,2026-04-29 20:29:45.482545+02,"{""fleet number"": ""-\n+HV85""}",,,TFLO,,,AVLO,102,1,3782493,,,f,f,
779,2026-04-29 20:29:58.274375+02,"{""fleet number"": ""-\n+HV86""}",,,TFLO,,,AVLO,102,1,3779308,,,f,f,
780,2026-04-29 20:30:10.911845+02,"{""fleet number"": ""-\n+HV87""}",,,TFLO,,,AVLO,102,1,3779773,,,f,f,
781,2026-04-29 20:30:21.915734+02,"{""fleet number"": ""-\n+HV88""}",,,TFLO,,,AVLO,102,1,3777368,,,f,f,
782,2026-04-29 20:30:33.382288+02,"{""fleet number"": ""-\n+HV89""}",,,TFLO,,,AVLO,102,1,3777369,,,f,f,
783,2026-04-29 20:30:43.717571+02,"{""fleet number"": ""-\n+HV90""}",,,TFLO,,,AVLO,102,1,3777318,,,f,f,
784,2026-04-29 20:30:57.320042+02,"{""fleet number"": ""-\n+HV91""}",,,TFLO,,,AVLO,102,1,3783279,,,f,f,
785,2026-04-29 20:31:14.428703+02,"{""fleet number"": ""-\n+HV129""}",,,TFLO,,,AVLO,102,1,3784471,,,f,f,
786,2026-04-29 20:31:25.668569+02,"{""fleet number"": ""-\n+HV130""}",,,TFLO,,,AVLO,102,1,3777398,,,f,f,
787,2026-04-29 20:31:35.597234+02,"{""fleet number"": ""-\n+HV131""}",,,TFLO,,,AVLO,102,1,3777399,,,f,f,
788,2026-04-29 20:32:33.912132+02,"{""fleet number"": ""-\n+VH45124""}",,,TFLO,,,FLON,103,1,3787685,,,f,f,
789,2026-04-29 20:32:48.068441+02,"{""fleet number"": ""-\n+VH45125""}",,,TFLO,,,FLON,103,1,3775791,,,f,f,
790,2026-04-29 20:33:08.737266+02,"{""fleet number"": ""-\n+VH45126""}",,,TFLO,,,FLON,103,1,3781855,,,f,f,
791,2026-04-29 20:33:21.205805+02,"{""fleet number"": ""-\n+VH45127""}",,,TFLO,,,FLON,103,1,3775807,,,f,f,
792,2026-04-29 20:33:34.787559+02,"{""fleet number"": ""-\n+VH45128""}",,,TFLO,,,FLON,103,1,3780832,,,f,f,
793,2026-04-29 20:33:46.130559+02,"{""fleet number"": ""-\n+VH45129""}",,,TFLO,,,FLON,103,1,3780833,,,f,f,
794,2026-04-29 20:33:58.52037+02,"{""fleet number"": ""-\n+VH45130""}",,,TFLO,,,FLON,103,1,3781521,,,f,f,
795,2026-04-29 20:34:13.152359+02,"{""fleet number"": ""-\n+VH45131""}",,,TFLO,,,FLON,103,1,3775792,,,f,f,
796,2026-04-29 20:34:29.302631+02,"{""fleet number"": ""-\n+VH45132""}",,,TFLO,,,FLON,103,1,3782891,,,f,f,
797,2026-04-29 20:34:45.076365+02,"{""fleet number"": ""-\n+VH45133""}",,,TFLO,,,FLON,103,1,3782783,,,f,f,
798,2026-04-29 20:34:58.670997+02,"{""fleet number"": ""-\n+VH45134""}",,,TFLO,,,FLON,103,1,3780856,,,f,f,
799,2026-04-29 20:35:16.723158+02,"{""fleet number"": ""-\n+VH45135""}",,,TFLO,,,FLON,103,1,3782751,,,f,f,
800,2026-04-29 20:35:32.278418+02,"{""fleet number"": ""-\n+VH45136""}",,,TFLO,,,FLON,103,1,3780857,,,f,f,
801,2026-04-29 20:35:47.326573+02,"{""fleet number"": ""-\n+VH45137""}",,,TFLO,,,FLON,103,1,3780858,,,f,f,
802,2026-04-29 20:36:01.827338+02,"{""fleet number"": ""-\n+VH45138""}",,,TFLO,,,FLON,103,1,3780896,,,f,f,
803,2026-04-29 20:36:22.724131+02,"{""fleet number"": ""-\n+VH45139""}",,,TFLO,,,FLON,103,1,3775811,,,f,f,
804,2026-04-29 20:36:36.618047+02,"{""fleet number"": ""-\n+VH45140""}",,,TFLO,,,FLON,103,1,3781530,,,f,f,
805,2026-04-29 20:36:50.400667+02,"{""fleet number"": ""-\n+VH45141""}",,,TFLO,,,FLON,103,1,3780828,,,f,f,
806,2026-04-29 20:37:05.405368+02,"{""fleet number"": ""-\n+VH45142""}",,,TFLO,,,FLON,103,1,3785497,,,f,f,
807,2026-04-29 20:37:24.476064+02,"{""fleet number"": ""-\n+VH45143""}",,,TFLO,,,FLON,103,1,3780887,,,f,f,
808,2026-04-29 20:37:39.611486+02,"{""fleet number"": ""-\n+VH45144""}",,,TFLO,,,FLON,103,1,3776042,,,f,f,
809,2026-04-29 20:37:51.633411+02,"{""fleet number"": ""-\n+VH45145""}",,,TFLO,,,FLON,103,1,3775812,,,f,f,
810,2026-04-29 20:38:04.70622+02,"{""fleet number"": ""-\n+VH45146""}",,,TFLO,,,FLON,103,1,3783723,,,f,f,
811,2026-04-29 20:38:18.152761+02,"{""fleet number"": ""-\n+VH45147""}",,,TFLO,,,FLON,103,1,3780881,,,f,f,
812,2026-04-29 20:38:32.683167+02,"{""fleet number"": ""-\n+VH45148""}",,,TFLO,,,FLON,103,1,3780886,,,f,f,
813,2026-04-29 20:38:49.587741+02,"{""fleet number"": ""-\n+VH45149""}",,,TFLO,,,FLON,103,1,3780823,,,f,f,
1506,2026-05-01 00:17:51.010988+02,"{""fleet number"": ""-\n+19778""}",,,TFLO,,,ELBG,697,1,3778103,,,f,f,
814,2026-04-29 20:39:02.599098+02,"{""fleet number"": ""-\n+VH45150""}",,,TFLO,,,FLON,103,1,3780818,,,f,f,
815,2026-04-29 20:39:15.443768+02,"{""fleet number"": ""-\n+VH45151""}",,,TFLO,,,FLON,103,1,3780830,,,f,f,
816,2026-04-29 20:39:29.312813+02,"{""fleet number"": ""-\n+VH45152""}",,,TFLO,,,FLON,103,1,3783116,,,f,f,
817,2026-04-29 20:40:25.91279+02,"{""fleet number"": ""-\n+WVN26""}",,,TFLO,,,LGEN,124,1,3778510,,,f,f,
818,2026-04-29 20:40:52.41013+02,"{""fleet number"": ""-\n+WVN27""}",,,TFLO,,,LONC,124,1,3778511,,,f,f,
819,2026-04-29 20:41:20.220016+02,"{""fleet number"": ""-\n+WVN28""}",,,TFLO,,,LGEN,124,1,3785095,,,f,f,
820,2026-04-29 20:41:36.770313+02,"{""fleet number"": ""-\n+WVN29""}",,,TFLO,,,LONC,124,1,3778512,,,f,f,
821,2026-04-29 20:42:20.108454+02,"{""fleet number"": ""-\n+HV189""}",,,TFLO,,,AVLO,103,1,3784398,,,f,f,
822,2026-04-29 20:42:32.721158+02,"{""fleet number"": ""-\n+HV192""}",,,TFLO,,,AVLO,103,1,3783157,,,f,f,
823,2026-04-29 20:42:47.17464+02,"{""fleet number"": ""-\n+HV191""}",,,TFLO,,,AVLO,103,1,3776969,,,f,f,
824,2026-04-29 20:43:00.172925+02,"{""fleet number"": ""-\n+HV188""}",,,TFLO,,,AVLO,103,1,3776968,,,f,f,
825,2026-04-29 20:43:18.352811+02,"{""fleet number"": ""-\n+HV190""}",,,TFLO,,,AVLO,103,1,3782344,,,f,f,
826,2026-04-29 20:43:31.460598+02,"{""fleet number"": ""-\n+HV186""}",,,TFLO,,,AVLO,103,1,3777282,,,f,f,
827,2026-04-29 20:43:42.867452+02,"{""fleet number"": ""-\n+HV187""}",,,TFLO,,,AVLO,103,1,3776967,,,f,f,
828,2026-04-29 20:43:55.722833+02,"{""fleet number"": ""-\n+HV184""}",,,TFLO,,,AVLO,103,1,3785433,,,f,f,
829,2026-04-29 20:44:10.918584+02,"{""fleet number"": ""-\n+HV185""}",,,TFLO,,,AVLO,103,1,3777281,,,f,f,
830,2026-04-29 20:44:24.222994+02,"{""fleet number"": ""-\n+HV182""}",,,TFLO,,,AVLO,103,1,3780603,,,f,f,
831,2026-04-29 20:45:03.458346+02,"{""fleet number"": ""-\n+HV183""}",,,TFLO,,,AVLO,103,1,3781090,,,f,f,
832,2026-04-29 20:45:16.878565+02,"{""fleet number"": ""-\n+HV181""}",,,TFLO,,,AVLO,103,1,3780602,,,f,f,
833,2026-04-29 20:45:56.289427+02,"{""fleet number"": ""-\n+DW253""}",,,TFLO,,,AVLO,301,1,3787204,,,f,f,
834,2026-04-29 20:46:08.730696+02,"{""fleet number"": ""-\n+DW225""}",,,TFLO,,,AVLO,301,1,3783357,,,f,f,
835,2026-04-29 20:46:22.786449+02,"{""fleet number"": ""-\n+DW258""}",,,TFLO,,,AVLO,301,1,3783718,,,f,f,
836,2026-04-29 20:46:34.318184+02,"{""fleet number"": ""-\n+DW269""}",,,TFLO,,,AVLO,301,1,3776832,,,f,f,
837,2026-04-29 20:46:44.678283+02,"{""fleet number"": ""-\n+DW271""}",,,TFLO,,,AVLO,301,1,3785771,,,f,f,
838,2026-04-29 20:46:56.265731+02,"{""fleet number"": ""-\n+DW263""}",,,TFLO,,,AVLO,301,1,3783687,,,f,f,
839,2026-04-29 20:47:06.659876+02,"{""fleet number"": ""-\n+SW264""}",,,TFLO,,,AVLO,301,1,3779806,,,f,f,
840,2026-04-29 20:47:17.058317+02,"{""fleet number"": ""-\n+DW266""}",,,TFLO,,,AVLO,301,1,3776817,,,f,f,
841,2026-04-29 20:47:29.007192+02,"{""fleet number"": ""-\n+DW267""}",,,TFLO,,,AVLO,301,1,3776823,,,f,f,
842,2026-04-29 20:47:40.880603+02,"{""fleet number"": ""-\n+DW268""}",,,TFLO,,,AVLO,301,1,3785979,,,f,f,
843,2026-04-29 20:47:54.837146+02,"{""fleet number"": ""-\n+T185""}",,,TFLO,,,AVLO,697,1,3784433,,,f,f,
844,2026-04-29 20:48:05.819722+02,"{""fleet number"": ""-\n+T187""}",,,TFLO,,,AVLO,697,1,3782922,,,f,f,
845,2026-04-29 20:48:16.120418+02,"{""fleet number"": ""-\n+T188""}",,,TFLO,,,AVLO,697,1,3780550,,,f,f,
846,2026-04-29 20:48:27.394312+02,"{""fleet number"": ""-\n+T189""}",,,TFLO,,,AVLO,697,1,3783468,,,f,f,
847,2026-04-29 20:48:38.660741+02,"{""fleet number"": ""-\n+T190""}",,,TFLO,,,AVLO,697,1,3780559,,,f,f,
848,2026-04-29 20:48:50.144258+02,"{""fleet number"": ""-\n+T192""}",,,TFLO,,,AVLO,697,1,3780569,,,f,f,
849,2026-04-29 20:49:05.398524+02,"{""fleet number"": ""-\n+ENL62""}",,,TFLO,,,AVLO,3,1,3779617,,,f,f,
850,2026-04-29 20:50:24.065368+02,"{""branding"": ""-\n+150"", ""fleet number"": ""-\n+T175""}",,,TFLO,,,AVLO,697,1,3779763,,,f,f,
851,2026-04-29 20:50:42.560494+02,"{""branding"": ""-\n+150"", ""fleet number"": ""-\n+T177""}",,,TFLO,,,AVLO,697,1,3788665,,,f,f,
852,2026-04-29 20:51:01.94443+02,"{""branding"": ""-\n+150"", ""fleet number"": ""-\n+T179""}",,,TFLO,,,AVLO,697,1,3782048,,,f,f,
853,2026-04-29 20:51:12.02075+02,"{""fleet number"": ""-\n+T180""}",,,TFLO,,,AVLO,697,1,3778083,,,f,f,
854,2026-04-29 20:51:22.315029+02,"{""fleet number"": ""-\n+T183""}",,,TFLO,,,AVLO,697,1,3777323,,,f,f,
855,2026-04-29 20:51:34.094809+02,"{""fleet number"": ""-\n+T165""}",,,TFLO,,,AVLO,697,1,3777488,,,f,f,
856,2026-04-29 20:51:45.300619+02,"{""fleet number"": ""-\n+T168""}",,,TFLO,,,AVLO,697,1,3780599,,,f,f,
857,2026-04-29 20:52:02.239176+02,"{""branding"": ""-\n+150"", ""fleet number"": ""-\n+T170""}",,,TFLO,,,AVLO,697,1,3788493,,,f,f,
858,2026-04-29 20:52:20.081987+02,"{""fleet number"": ""-\n+T172""}",,,TFLO,,,AVLO,697,1,3781483,,,f,f,
859,2026-04-29 20:54:53.846469+02,"{""fleet number"": ""-\n+T155""}",,,TFLO,,,AVLO,697,1,3777299,,,f,f,
860,2026-04-29 20:55:05.80733+02,"{""fleet number"": ""-\n+T156""}",,,TFLO,,,AVLO,697,1,3777300,,,f,f,
861,2026-04-29 20:55:17.806435+02,"{""fleet number"": ""-\n+T163""}",,,TFLO,,,AVLO,697,1,3782129,,,f,f,
862,2026-04-29 20:55:46.774964+02,"{""fleet number"": ""-\n+T164""}",,,TFLO,,,AVLO,697,1,3783960,,,f,f,
863,2026-04-29 20:56:23.466915+02,"{""fleet number"": ""-\n+T149""}",,,TFLO,,,AVLO,697,1,3782942,,,f,f,
864,2026-04-29 20:56:34.588858+02,"{""fleet number"": ""-\n+T151""}",,,TFLO,,,AVLO,697,1,3777295,,,f,f,
865,2026-04-29 20:57:37.954915+02,"{""fleet number"": ""-\n+T153""}",,,TFLO,,,AVLO,697,1,3777298,,,f,f,
866,2026-04-29 20:57:55.449218+02,"{""fleet number"": ""-\n+HV20""}",,,TFLO,,,AVLO,102,1,3779809,,,f,f,
867,2026-04-29 20:58:21.672891+02,"{""fleet number"": ""-\n+HV10""}",,,TFLO,,,AVLO,102,1,3776974,,,f,f,
868,2026-04-29 20:58:38.718396+02,"{""fleet number"": ""-\n+HV12""}",,,TFLO,,,AVLO,102,1,3782846,,,f,f,
869,2026-04-29 20:59:03.321532+02,"{""fleet number"": ""-\n+ENL73""}",,,TFLO,,,AVLO,3,1,3783748,,,f,f,
870,2026-04-29 20:59:14.573333+02,"{""fleet number"": ""-\n+ENL74""}",,,TFLO,,,AVLO,3,1,3779679,,,f,f,
871,2026-04-29 21:01:15.576636+02,"{""fleet number"": ""-\n+DW320""}",,,TFLO,,,AVLO,301,1,3777137,,,f,f,
872,2026-04-29 21:01:30.198616+02,"{""fleet number"": ""-\n+DW321""}",,,TFLO,,,AVLO,301,1,3777138,,,f,f,
873,2026-04-29 21:01:46.206756+02,"{""fleet number"": ""-\n+DW324""}",,,TFLO,,,AVLO,301,1,3777437,,,f,f,
874,2026-04-29 21:01:57.491898+02,"{""fleet number"": ""-\n+ENL63""}",,,TFLO,,,AVLO,3,1,3786457,,,f,f,
875,2026-04-29 21:02:09.998983+02,"{""fleet number"": ""-\n+ENL65""}",,,TFLO,,,AVLO,3,1,3783543,,,f,f,
876,2026-04-29 21:02:27.780504+02,"{""fleet number"": ""-\n+ENL67""}",,,TFLO,,,AVLO,3,1,3779638,,,f,f,
877,2026-04-29 21:02:37.397076+02,"{""fleet number"": ""-\n+ENL68""}",,,TFLO,,,AVLO,3,1,3781390,,,f,f,
878,2026-04-29 21:02:50.334542+02,"{""fleet number"": ""-\n+ENL70""}",,,TFLO,,,AVLO,3,1,3779653,,,f,f,
879,2026-04-29 21:05:36.036163+02,"{""fleet number"": ""-\n+ENL72""}",,,TFLO,,,AVLO,3,1,3781836,,,f,f,
888,2026-04-29 21:07:32.468428+02,"{""fleet number"": ""-\n+DW494""}",,,TFLO,,,AVLO,301,1,3777284,,,f,f,
880,2026-04-29 21:06:00.833594+02,"{""fleet number"": ""-\n+DW485""}",,,TFLO,,,AVLO,301,1,3783582,,,f,f,
1161,2026-04-30 20:26:51.635353+02,"{""fleet number"": ""-\n+E247""}",,,TFLO,,,LONC,697,1,3782839,,,f,f,
881,2026-04-29 21:06:13.508608+02,"{""fleet number"": ""-\n+DW487""}",,,TFLO,,,AVLO,301,1,3777192,,,f,f,
889,2026-04-29 21:07:44.816539+02,"{""fleet number"": ""-\n+DW475""}",,,TFLO,,,AVLO,301,1,3784957,,,f,f,
882,2026-04-29 21:06:26.174908+02,"{""fleet number"": ""-\n+DW488""}",,,TFLO,,,AVLO,301,1,3783456,,,f,f,
883,2026-04-29 21:06:35.081477+02,"{""fleet number"": ""-\n+DW489""}",,,TFLO,,,AVLO,301,1,3781082,,,f,f,
890,2026-04-29 21:08:05.067636+02,"{""fleet number"": ""-\n+DW477""}",,,TFLO,,,AVLO,301,1,3784732,,,f,f,
884,2026-04-29 21:06:43.097997+02,"{""fleet number"": ""-\n+DW490""}",,,TFLO,,,AVLO,301,1,3777193,,,f,f,
885,2026-04-29 21:06:57.957302+02,"{""fleet number"": ""-\n+DW491""}",,,TFLO,,,AVLO,301,1,3777194,,,f,f,
891,2026-04-29 21:08:14.992517+02,"{""fleet number"": ""-\n+DW478""}",,,TFLO,,,AVLO,301,1,3783506,,,f,f,
892,2026-04-29 21:08:26.766373+02,"{""fleet number"": ""-\n+DW479""}",,,TFLO,,,AVLO,301,1,3783716,,,f,f,
893,2026-04-29 21:08:37.990711+02,"{""fleet number"": ""-\n+DW480""}",,,TFLO,,,AVLO,301,1,3783096,,,f,f,
894,2026-04-29 21:08:50.695115+02,"{""fleet number"": ""-\n+DW482""}",,,TFLO,,,AVLO,301,1,3783569,,,f,f,
895,2026-04-29 21:09:00.747733+02,"{""fleet number"": ""-\n+DW483""}",,,TFLO,,,AVLO,301,1,3784073,,,f,f,
896,2026-04-29 21:09:10.827193+02,"{""fleet number"": ""-\n+DW484""}",,,TFLO,,,AVLO,301,1,3776221,,,f,f,
897,2026-04-29 21:09:21.332774+02,"{""fleet number"": ""-\n+DW467""}",,,TFLO,,,AVLO,301,1,3782015,,,f,f,
898,2026-04-29 21:09:37.341341+02,"{""fleet number"": ""-\n+DW469""}",,,TFLO,,,AVLO,301,1,3787063,,,f,f,
899,2026-04-29 21:09:48.926815+02,"{""fleet number"": ""-\n+DW460""}",,,TFLO,,,AVLO,301,1,3787035,,,f,f,
900,2026-04-29 21:10:06.642739+02,"{""fleet number"": ""-\n+DW462""}",,,TFLO,,,AVLO,301,1,3777536,,,f,f,
901,2026-04-29 21:10:38.320954+02,"{""fleet number"": ""-\n+T222""}",,,TFLO,,,AVLO,697,1,3778051,,,f,f,
902,2026-04-29 21:10:54.044671+02,"{""fleet number"": ""-\n+T217""}",,,TFLO,,,AVLO,697,1,3788314,,,f,f,
903,2026-04-29 21:11:07.159123+02,"{""fleet number"": ""-\n+T219""}",,,TFLO,,,AVLO,697,1,3778003,,,f,f,
904,2026-04-29 21:11:22.136227+02,"{""fleet number"": ""-\n+DW496""}",,,TFLO,,,AVLO,301,1,3777553,,,f,f,
905,2026-04-29 21:11:33.303516+02,"{""fleet number"": ""-\n+DW497""}",,,TFLO,,,AVLO,301,1,3780619,,,f,f,
906,2026-04-29 21:11:42.947072+02,"{""fleet number"": ""-\n+DW498""}",,,TFLO,,,AVLO,301,1,3780620,,,f,f,
907,2026-04-29 21:11:53.13108+02,"{""fleet number"": ""-\n+ENX1""}",,,TFLO,,,AVLO,3,1,3783518,,,f,f,
908,2026-04-29 21:12:06.886355+02,"{""fleet number"": ""-\n+ENX2""}",,,TFLO,,,AVLO,3,1,3776961,,,f,f,
909,2026-04-29 21:12:16.377733+02,"{""fleet number"": ""-\n+ENX3""}",,,TFLO,,,AVLO,3,1,3784629,,,f,f,
910,2026-04-29 21:12:25.263886+02,"{""fleet number"": ""-\n+ENX4""}",,,TFLO,,,AVLO,3,1,3776962,,,f,f,
911,2026-04-29 21:12:36.383679+02,"{""fleet number"": ""-\n+ENX5""}",,,TFLO,,,AVLO,3,1,3777231,,,f,f,
912,2026-04-29 21:13:14.707995+02,"{""fleet number"": ""-\n+WVL455""}",,,TFLO,,,LONC,124,1,3783442,,,f,f,
913,2026-04-29 21:13:58.384218+02,"{""fleet number"": ""-\n+WVL456""}",,,TFLO,,,LONC,124,1,3783444,,,f,f,
914,2026-04-29 21:14:48.680749+02,"{""fleet number"": ""-\n+WHV2""}",,,TFLO,,,LGEN,102,1,3779482,,,f,f,
915,2026-04-29 21:15:08.868122+02,"{""fleet number"": ""-\n+WHV3""}",,,TFLO,,,LGEN,102,1,3779483,,,f,f,
916,2026-04-29 21:15:21.01448+02,"{""fleet number"": ""-\n+WHV4""}",,,TFLO,,,LGEN,102,1,3779484,,,f,f,
917,2026-04-29 21:15:47.819971+02,"{""fleet number"": ""-\n+WHV6""}",,,TFLO,,,LGEN,102,1,3785235,,,f,f,
918,2026-04-29 21:16:19.533308+02,"{""fleet number"": ""-\n+WVL448""}",,,TFLO,,,MBGA,124,1,3776871,,,f,f,
919,2026-04-29 21:16:45.030985+02,"{""fleet number"": ""-\n+WVL449""}",,,TFLO,,,MBGA,124,1,3781046,,,f,f,
920,2026-04-29 21:17:00.185539+02,"{""fleet number"": ""-\n+WVL450""}",,,TFLO,,,MBGA,124,1,3776872,,,f,f,
921,2026-04-29 21:17:12.470321+02,"{""fleet number"": ""-\n+WVL454""}",,,TFLO,,,MBGA,124,1,3776826,,,f,f,
922,2026-04-29 21:40:06.024329+02,"{""fleet number"": ""-\n+WVL436""}",,,TFLO,,,MBGA,124,1,3781981,,,f,f,
923,2026-04-29 21:41:04.312082+02,"{""fleet number"": ""-\n+WVL437""}",,,TFLO,,,LONC,124,1,3779217,,,f,f,
924,2026-04-29 21:41:16.713407+02,{},,,MBGA,,,LONC,,1,3781981,,,f,f,
925,2026-04-29 21:42:53.79941+02,"{""fleet number"": ""-\n+WVN20""}",,,TFLO,,,MBGA,124,1,3781769,,,f,f,
926,2026-04-29 21:43:08.93179+02,"{""fleet number"": ""-\n+WVN22""}",,,TFLO,,,MBGA,124,1,3776779,,,f,f,
927,2026-04-29 21:43:36.089168+02,"{""fleet number"": ""-\n+WVN23""}",,,TFLO,,,LGEN,124,1,3778507,,,f,f,
928,2026-04-29 21:45:05.305475+02,"{""fleet number"": ""-\n+WVN11""}",,,TFLO,,,LONC,124,1,3778505,,,f,f,
929,2026-04-29 21:49:14.538844+02,"{""fleet number"": ""-\n+WVN2""}",,,TFLO,,,LONC,124,1,3785427,,,f,f,
930,2026-04-29 21:50:27.360187+02,"{""fleet number"": ""-\n+1487""}",,,TFLO,,,UNOL,697,1,3787407,,,f,f,
931,2026-04-29 21:50:50.44908+02,"{""fleet number"": ""-\n+1488""}",,,TFLO,,,UNOL,697,1,3788870,,,f,f,
932,2026-04-29 21:51:26.042288+02,"{""fleet number"": ""-\n+VW1209""}",,,TFLO,,,MTLN,124,1,3780258,,,f,f,
933,2026-04-29 21:51:43.017616+02,"{""fleet number"": ""-\n+VW1210""}",,,TFLO,,,MTLN,124,1,3784175,,,f,f,
934,2026-04-29 21:52:03.854815+02,"{""fleet number"": ""-\n+VW1211""}",,,TFLO,,,MTLN,124,1,3782936,,,f,f,
935,2026-04-29 21:59:05.611928+02,"{""fleet number"": ""-\n+VW1212""}",,,TFLO,,,MTLN,124,1,3781458,,,f,f,
936,2026-04-29 21:59:36.254274+02,"{""fleet number"": ""-\n+VW1213""}",,,TFLO,,,MTLN,124,1,3780357,,,f,f,
937,2026-04-29 22:03:24.077474+02,"{""fleet number"": ""-\n+WVL274""}",,,TFLO,,,LONC,124,1,3783430,,,f,f,
938,2026-04-29 22:03:53.298076+02,"{""fleet number"": ""-\n+WVL292""}",,,TFLO,,,MBGA,124,1,3776922,,,f,f,
939,2026-04-29 22:04:24.942863+02,"{""fleet number"": ""-\n+WVL334""}",,,TFLO,,,MBGA,124,1,3776813,,,f,f,
940,2026-04-29 22:04:35.301888+02,"{""fleet number"": ""-\n+WVL335""}",,,TFLO,,,MBGA,124,1,3785249,,,f,f,
941,2026-04-29 22:04:46.250984+02,"{""fleet number"": ""-\n+WVL336""}",,,TFLO,,,MBGA,124,1,3781045,,,f,f,
942,2026-04-29 22:05:00.615349+02,"{""fleet number"": ""-\n+WVL337""}",,,TFLO,,,MBGA,124,1,3776836,,,f,f,
943,2026-04-29 22:05:13.053506+02,"{""fleet number"": ""-\n+WVL338""}",,,TFLO,,,MBGA,124,1,3783181,,,f,f,
944,2026-04-29 22:05:25.385313+02,"{""fleet number"": ""-\n+WVL339""}",,,TFLO,,,MBGA,124,1,3776920,,,f,f,
945,2026-04-29 22:05:37.717932+02,"{""fleet number"": ""-\n+WVL340""}",,,TFLO,,,MBGA,124,1,3776921,,,f,f,
946,2026-04-29 22:05:51.868109+02,"{""fleet number"": ""-\n+WVL341""}",,,TFLO,,,MBGA,124,1,3784756,,,f,f,
947,2026-04-29 22:06:07.492188+02,"{""fleet number"": ""-\n+WVL342""}",,,TFLO,,,MBGA,124,1,3776878,,,f,f,
948,2026-04-29 22:06:21.662816+02,"{""fleet number"": ""-\n+WVL343""}",,,TFLO,,,MBGA,124,1,3786978,,,f,f,
1937,2026-05-04 19:01:33.981662+02,"{""notes"": ""-\n+Spare ticket machine""}",,,LGEN,,,GAHL,,1,3786316,,,f,f,
949,2026-04-29 22:06:38.879299+02,"{""fleet number"": ""-\n+WVL344""}",,,TFLO,,,MBGA,124,1,3776863,,,f,f,
950,2026-04-29 22:07:52.96764+02,"{""fleet number"": ""-\n+WVL359""}",,,TFLO,,,BTRI,124,1,3787411,,,f,f,
951,2026-04-29 22:14:47.786777+02,"{""fleet number"": ""-\n+WVN32""}",,,TFLO,,,LGEN,124,1,3785082,,,f,f,
952,2026-04-29 22:15:15.251941+02,"{""fleet number"": ""-\n+WVN33""}",,,TFLO,,,LONC,124,1,3779853,,,f,f,
953,2026-04-29 22:15:46.734845+02,"{""fleet number"": ""-\n+WVN35""}",,,TFLO,,,LGEN,124,1,3781896,,,f,f,
954,2026-04-29 22:16:08.891202+02,"{""fleet number"": ""-\n+WVN36""}",,,TFLO,,,LGEN,124,1,3782547,,,f,f,
955,2026-04-29 22:16:28.826189+02,"{""fleet number"": ""-\n+WVN37""}",,,TFLO,,,LONC,124,1,3784413,,,f,f,
956,2026-04-29 22:16:47.362691+02,"{""fleet number"": ""-\n+WVN39""}",,,TFLO,,,LGEN,124,1,3778513,,,f,f,
957,2026-04-29 22:17:03.141177+02,"{""fleet number"": ""-\n+WVN40""}",,,TFLO,,,LGEN,124,1,3778514,,,f,f,
958,2026-04-29 22:33:45.76+02,"{""fleet number"": ""-\n+VW1043""}",,,TFLO,,,MTLN,124,1,3780047,,,f,f,
959,2026-04-29 22:33:57.241537+02,"{""fleet number"": ""-\n+VW1044""}",,,TFLO,,,MTLN,562,1,3780048,,,f,f,
960,2026-04-29 22:34:19.623174+02,"{""fleet number"": ""-\n+VW1045""}",,,TFLO,,,MTLN,124,1,3781429,,,f,f,
961,2026-04-29 22:34:54.116635+02,"{""fleet number"": ""-\n+DE1125""}",,,TFLO,,,MTLN,3,1,3783789,,,f,f,
962,2026-04-29 22:35:12.771886+02,"{""fleet number"": ""-\n+DE1127""}",,,TFLO,,,MTLN,3,1,3779761,,,f,f,
963,2026-04-29 22:35:29.370229+02,"{""fleet number"": ""-\n+DE1137""}",,,TFLO,,,MTLN,3,1,3780539,,,f,f,
964,2026-04-29 22:35:42.335747+02,"{""fleet number"": ""-\n+DE1145""}",,,TFLO,,,MTLN,3,1,3787930,,,f,f,
965,2026-04-29 22:35:57.620154+02,"{""fleet number"": ""-\n+DE1147""}",,,TFLO,,,MTLN,3,1,3782277,,,f,f,
966,2026-04-29 22:36:15.689766+02,"{""fleet number"": ""-\n+DE1152""}",,,TFLO,,,MTLN,3,1,3779666,,,f,f,
967,2026-04-29 22:36:25.538307+02,"{""fleet number"": ""-\n+DE1153""}",,,TFLO,,,MTLN,3,1,3779667,,,f,f,
968,2026-04-29 22:36:34.210003+02,"{""fleet number"": ""-\n+DE1154""}",,,TFLO,,,MTLN,3,1,3779681,,,f,f,
969,2026-04-29 22:36:42.303106+02,"{""fleet number"": ""-\n+DE1155""}",,,TFLO,,,MTLN,3,1,3784760,,,f,f,
970,2026-04-29 22:36:54.959133+02,"{""fleet number"": ""-\n+DE1156""}",,,TFLO,,,MTLN,3,1,3781400,,,f,f,
971,2026-04-29 22:42:09.858885+02,"{""fleet number"": ""-\n+DE1157""}",,,TFLO,,,MTLN,3,1,3779718,,,f,f,
972,2026-04-29 22:42:20.96884+02,"{""fleet number"": ""-\n+DE1158""}",,,TFLO,,,MTLN,3,1,3779724,,,f,f,
973,2026-04-29 22:42:35.800989+02,"{""fleet number"": ""-\n+DE1159""}",,,TFLO,,,MTLN,3,1,3779887,,,f,f,
974,2026-04-29 22:42:45.973795+02,"{""fleet number"": ""-\n+DE1160""}",,,TFLO,,,MTLN,3,1,3780086,,,f,f,
975,2026-04-29 22:42:55.781691+02,"{""fleet number"": ""-\n+DE1161""}",,,TFLO,,,MTLN,3,1,3783959,,,f,f,
976,2026-04-29 22:43:07.196375+02,"{""fleet number"": ""-\n+DE1162""}",,,TFLO,,,MTLN,3,1,3780087,,,f,f,
977,2026-04-29 22:43:15.852145+02,"{""fleet number"": ""-\n+DE1163""}",,,TFLO,,,MTLN,3,1,3780088,,,f,f,
978,2026-04-29 22:43:25.463452+02,"{""fleet number"": ""-\n+DE1164""}",,,TFLO,,,MTLN,3,1,3783487,,,f,f,
979,2026-04-29 22:43:33.754783+02,"{""fleet number"": ""-\n+DE1165""}",,,TFLO,,,MTLN,3,1,3784453,,,f,f,
980,2026-04-29 22:43:43.962786+02,"{""fleet number"": ""-\n+DE1166""}",,,TFLO,,,MTLN,3,1,3782262,,,f,f,
981,2026-04-29 22:43:52.822613+02,"{""fleet number"": ""-\n+DE1167""}",,,TFLO,,,MTLN,3,1,3780548,,,f,f,
982,2026-04-29 22:44:03.717198+02,"{""fleet number"": ""-\n+DE1168""}",,,TFLO,,,MTLN,3,1,3783137,,,f,f,
983,2026-04-29 22:44:15.814628+02,"{""fleet number"": ""-\n+DE1170""}",,,TFLO,,,MTLN,3,1,3780551,,,f,f,
984,2026-04-29 22:44:36.59147+02,"{""fleet number"": ""-\n+DE1172""}",,,TFLO,,,MTLN,3,1,3786093,,,f,f,
985,2026-04-29 22:44:45.294077+02,"{""fleet number"": ""-\n+DE1173""}",,,TFLO,,,MTLN,3,1,3779722,,,f,f,
986,2026-04-29 22:44:54.419975+02,"{""fleet number"": ""-\n+DE1174""}",,,TFLO,,,MTLN,3,1,3779723,,,f,f,
987,2026-04-29 22:45:21.000113+02,"{""fleet number"": ""-\n+VW1177""}",,,TFLO,,,MTLN,124,1,3783791,,,f,f,
988,2026-04-29 22:45:37.875615+02,"{""fleet number"": ""-\n+VW1179""}",,,TFLO,,,MTLN,124,1,3780527,,,f,f,
989,2026-04-29 22:45:52.256967+02,"{""fleet number"": ""-\n+VW1180""}",,,TFLO,,,MTLN,124,1,3780528,,,f,f,
990,2026-04-29 22:46:01.374214+02,"{""fleet number"": ""-\n+VW1181""}",,,TFLO,,,MTLN,124,1,3780529,,,f,f,
991,2026-04-29 22:48:03.880793+02,"{""fleet number"": ""-\n+VW1182""}",,,TFLO,,,MTLN,124,1,3780530,,,f,f,
992,2026-04-29 22:48:16.578329+02,"{""fleet number"": ""-\n+VW1187""}",,,TFLO,,,MTLN,124,1,3780531,,,f,f,
993,2026-04-29 22:48:29.073018+02,"{""fleet number"": ""-\n+VW1188""}",,,TFLO,,,MTLN,124,1,3782377,,,f,f,
994,2026-04-29 22:48:44.764151+02,"{""fleet number"": ""-\n+VW1192""}",,,TFLO,,,MTLN,124,1,3780532,,,f,f,
995,2026-04-29 22:50:15.039118+02,"{""fleet number"": ""-\n+VW1197""}",,,TFLO,,,MTLN,124,1,3781709,,,f,f,
996,2026-04-29 22:50:36.948588+02,"{""fleet number"": ""-\n+VW1198""}",,,TFLO,,,MTLN,124,1,3779715,,,f,f,
997,2026-04-29 22:50:47.890844+02,"{""fleet number"": ""-\n+VW1199""}",,,TFLO,,,MTLN,124,1,3782439,,,f,f,
998,2026-04-29 22:51:56.484201+02,"{""fleet number"": ""-\n+VW1243""}",,,TFLO,,,MTLN,124,1,3779663,,,f,f,
999,2026-04-29 22:52:06.576344+02,"{""fleet number"": ""-\n+VW1244""}",,,TFLO,,,MTLN,124,1,3779664,,,f,f,
1000,2026-04-29 22:52:19.460199+02,"{""fleet number"": ""-\n+VW1245""}",,,TFLO,,,MTLN,124,1,3779665,,,f,f,
1001,2026-04-29 22:52:35.584566+02,"{""fleet number"": ""-\n+VW1246""}",,,TFLO,,,MTLN,124,1,3784770,,,f,f,
1002,2026-04-29 22:53:15.934098+02,"{""fleet number"": ""-\n+VW1247""}",,,TFLO,,,MTLN,124,1,3779668,,,f,f,
1003,2026-04-29 22:58:49.419204+02,"{""fleet number"": ""-\n+VW1248""}",,,TFLO,,,MTLN,124,1,3779669,,,f,f,
1004,2026-04-29 22:59:17.259435+02,"{""fleet number"": ""-\n+VW1252""}",,,TFLO,,,MTLN,124,1,3779683,,,f,f,
1005,2026-04-29 23:01:29.129116+02,"{""fleet number"": ""-\n+VW1255""}",,,TFLO,,,MTLN,124,1,3779696,,,f,f,
1006,2026-04-29 23:01:42.36101+02,"{""fleet number"": ""-\n+VW1257""}",,,TFLO,,,MTLN,124,1,3779700,,,f,f,
1007,2026-04-29 23:01:54.016913+02,"{""fleet number"": ""-\n+VW1259""}",,,TFLO,,,MTLN,124,1,3779886,,,f,f,
1008,2026-04-29 23:02:06.401519+02,"{""fleet number"": ""-\n+VW1260""}",,,TFLO,,,MTLN,124,1,3782292,,,f,f,
1009,2026-04-29 23:02:17.036356+02,"{""fleet number"": ""-\n+VW1261""}",,,TFLO,,,MTLN,124,1,3779719,,,f,f,
1010,2026-04-29 23:02:42.298545+02,"{""fleet number"": ""-\n+VW1263""}",,,TFLO,,,MTLN,124,1,3779721,,,f,f,
1011,2026-04-29 23:02:51.612006+02,"{""fleet number"": ""-\n+VW1264""}",,,TFLO,,,MTLN,124,1,3784282,,,f,f,
1012,2026-04-29 23:03:01.835905+02,"{""fleet number"": ""-\n+VW1265""}",,,TFLO,,,MTLN,124,1,3781401,,,f,f,
1013,2026-04-29 23:03:14.367412+02,"{""fleet number"": ""-\n+VW1266""}",,,,,,,,1,3779895,,,f,f,
1014,2026-04-29 23:04:30.183247+02,"{""fleet number"": ""-\n+VW1262""}",,,TFLO,,,MTLN,124,1,3779720,,,f,f,
1015,2026-04-29 23:04:49.543718+02,"{""fleet number"": ""-\n+VW1267""}",,,TFLO,,,MTLN,124,1,3780117,,,f,f,
1162,2026-04-30 20:27:13.315225+02,"{""fleet number"": ""-\n+E251""}",,,TFLO,,,LONC,697,1,3785797,,,f,f,
1016,2026-04-29 23:05:05.865643+02,"{""fleet number"": ""-\n+VW1268""}",,,TFLO,,,MTLN,124,1,3781437,,,f,f,
1017,2026-04-29 23:05:25.731457+02,"{""fleet number"": ""-\n+VW1269""}",,,TFLO,,,MTLN,124,1,3782027,,,f,f,
1018,2026-04-29 23:05:56.873721+02,"{""fleet number"": ""-\n+VW1270""}",,,TFLO,,,MTLN,124,1,3780119,,,f,f,
1019,2026-04-29 23:09:09.906985+02,"{""fleet number"": ""-\n+VW1271""}",,,TFLO,,,MTLN,124,1,3780124,,,f,f,
1020,2026-04-29 23:09:57.689745+02,"{""fleet number"": ""-\n+VW1272""}",,,TFLO,,,MTLN,124,1,3780134,,,f,f,
1021,2026-04-29 23:10:25.626537+02,"{""fleet number"": ""-\n+VW1273""}",,,TFLO,,,MTLN,124,1,3780137,,,f,f,
1022,2026-04-29 23:10:40.949243+02,"{""fleet number"": ""-\n+VW1274""}",,,TFLO,,,MTLN,124,1,3780139,,,f,f,
1023,2026-04-29 23:11:03.592953+02,"{""fleet number"": ""-\n+VW1275""}",,,TFLO,,,MTLN,124,1,3780141,,,f,f,
1024,2026-04-29 23:11:27.942591+02,"{""fleet number"": ""-\n+VW1276""}",,,TFLO,,,MTLN,124,1,3780257,,,f,f,
1025,2026-04-29 23:11:45.340385+02,"{""fleet number"": ""-\n+VW1277""}",,,TFLO,,,MTLN,124,1,3780372,,,f,f,
1026,2026-04-29 23:11:57.30322+02,"{""fleet number"": ""-\n+VW1278""}",,,TFLO,,,MTLN,124,1,3780374,,,f,f,
1027,2026-04-29 23:14:07.275921+02,"{""fleet number"": ""-\n+VW1279""}",,,TFLO,,,MTLN,124,1,3785635,,,f,f,
1028,2026-04-29 23:14:58.474593+02,"{""fleet number"": ""-\n+VW1280""}",,,TFLO,,,MTLN,124,1,3781847,,,f,f,
1029,2026-04-29 23:15:10.227357+02,"{""fleet number"": ""-\n+VW1281""}",,,TFLO,,,MTLN,124,1,3780410,,,f,f,
1030,2026-04-29 23:15:21.731604+02,"{""fleet number"": ""-\n+VW1282""}",,,TFLO,,,MTLN,124,1,3784225,,,f,f,
1031,2026-04-29 23:15:39.114231+02,"{""fleet number"": ""-\n+VW1283""}",,,TFLO,,,MTLN,124,1,3780411,,,f,f,
1032,2026-04-29 23:16:02.959988+02,"{""fleet number"": ""-\n+VW1284""}",,,TFLO,,,MTLN,124,1,3780412,,,f,f,
1033,2026-04-29 23:16:19.098555+02,"{""fleet number"": ""-\n+VW1285""}",,,TFLO,,,MTLN,124,1,3780413,,,f,f,
1034,2026-04-29 23:18:21.993615+02,"{""fleet number"": ""-\n+VW1286""}",,,TFLO,,,MTLN,124,1,3780414,,,f,f,
1035,2026-04-29 23:18:38.894359+02,"{""fleet number"": ""-\n+VW1287""}",,,TFLO,,,MTLN,124,1,3783402,,,f,f,
1036,2026-04-29 23:18:53.814003+02,"{""fleet number"": ""-\n+VW1288""}",,,TFLO,,,MTLN,124,1,3780420,,,f,f,
1037,2026-04-29 23:19:04.149355+02,"{""fleet number"": ""-\n+VW1289""}",,,TFLO,,,MTLN,124,1,3780421,,,f,f,
1038,2026-04-29 23:19:29.665153+02,"{""fleet number"": ""-\n+VW1290""}",,,TFLO,,,MTLN,124,1,3780422,,,f,f,
1039,2026-04-29 23:28:44.327131+02,"{""fleet number"": ""-\n+VW1291""}",,,TFLO,,,MTLN,124,1,3780423,,,f,f,
1040,2026-04-29 23:28:55.169964+02,"{""fleet number"": ""-\n+VW1292""}",,,TFLO,,,MTLN,124,1,3780424,,,f,f,
1041,2026-04-29 23:29:05.52786+02,"{""fleet number"": ""-\n+VW1293""}",,,TFLO,,,MTLN,124,1,3782766,,,f,f,
1042,2026-04-29 23:29:37.350868+02,"{""fleet number"": ""-\n+VW1294""}",,,TFLO,,,MTLN,124,1,3780425,,,f,f,
1043,2026-04-29 23:30:25.567758+02,"{""fleet number"": ""-\n+VW1295""}",,,TFLO,,,MTLN,124,1,3782440,,,f,f,
1044,2026-04-29 23:30:38.572872+02,"{""fleet number"": ""-\n+VW1296""}",,,TFLO,,,MTLN,124,1,3781848,,,f,f,
1045,2026-04-29 23:30:51.840143+02,"{""fleet number"": ""-\n+VW1297""}",,,TFLO,,,MTLN,124,1,3780426,,,f,f,
1046,2026-04-29 23:31:50.400285+02,"{""fleet number"": ""-\n+VW1299""}",,,TFLO,,,MTLN,124,1,3785244,,,f,f,
1047,2026-04-29 23:32:03.085828+02,"{""fleet number"": ""-\n+VW1300""}",,,TFLO,,,MTLN,124,1,3781465,,,f,f,
1048,2026-04-29 23:32:17.383286+02,"{""fleet number"": ""-\n+VW1302""}",,,TFLO,,,MTLN,124,1,3783121,,,f,f,
1049,2026-04-29 23:32:33.539601+02,"{""fleet number"": ""-\n+VW1303""}",,,TFLO,,,MTLN,124,1,3783397,,,f,f,
1050,2026-04-29 23:32:44.127745+02,"{""fleet number"": ""-\n+VW1304""}",,,TFLO,,,MTLN,124,1,3780467,,,f,f,
1051,2026-04-29 23:32:56.553766+02,"{""fleet number"": ""-\n+VW1305""}",,,TFLO,,,MTLN,124,1,3785586,,,f,f,
1052,2026-04-29 23:33:12.137103+02,"{""fleet number"": ""-\n+VW1306""}",,,TFLO,,,MTLN,124,1,3780468,,,f,f,
1053,2026-04-29 23:33:54.524799+02,"{""fleet number"": ""-\n+TE1307""}",,,TFLO,,,MTLN,697,1,3780469,,,f,f,
1054,2026-04-29 23:34:09.466439+02,"{""fleet number"": ""-\n+TE1311""}",,,TFLO,,,MTLN,697,1,3780519,,,f,f,
1055,2026-04-29 23:34:24.405417+02,"{""fleet number"": ""-\n+TE1312""}",,,TFLO,,,MTLN,697,1,3780520,,,f,f,
1056,2026-04-29 23:34:45.834846+02,"{""fleet number"": ""-\n+DE1318""}",,,TFLO,,,MTLN,3,1,3787473,,,f,f,
1057,2026-04-29 23:35:06.403583+02,"{""fleet number"": ""-\n+DE1319""}",,,TFLO,,,MTLN,3,1,3780521,,,f,f,
1058,2026-04-29 23:35:21.088887+02,"{""fleet number"": ""-\n+DE1320""}",,,TFLO,,,MTLN,3,1,3786686,,,f,f,
1059,2026-04-29 23:35:31.150458+02,"{""fleet number"": ""-\n+DE1321""}",,,TFLO,,,MTLN,3,1,3780522,,,f,f,
1060,2026-04-29 23:35:44.782043+02,"{""fleet number"": ""-\n+DE1322""}",,,TFLO,,,MTLN,3,1,3779759,,,f,f,
1061,2026-04-29 23:35:54.11358+02,"{""fleet number"": ""-\n+DE1323""}",,,TFLO,,,MTLN,3,1,3781472,,,f,f,
1062,2026-04-29 23:36:03.072228+02,"{""fleet number"": ""-\n+DE1324""}",,,TFLO,,,MTLN,3,1,3780533,,,f,f,
1063,2026-04-29 23:36:11.865778+02,"{""fleet number"": ""-\n+DE1325""}",,,TFLO,,,MTLN,3,1,3780534,,,f,f,
1064,2026-04-29 23:36:23.714711+02,"{""fleet number"": ""-\n+DE1326""}",,,TFLO,,,MTLN,3,1,3780540,,,f,f,
1065,2026-04-29 23:36:32.490782+02,"{""fleet number"": ""-\n+DE1327""}",,,TFLO,,,MTLN,3,1,3786038,,,f,f,
1066,2026-04-29 23:36:42.847441+02,"{""fleet number"": ""-\n+DE1328""}",,,TFLO,,,MTLN,3,1,3780541,,,f,f,
1067,2026-04-29 23:36:52.941204+02,"{""fleet number"": ""-\n+DE1329""}",,,TFLO,,,MTLN,3,1,3783612,,,f,f,
1068,2026-04-29 23:37:06.970932+02,"{""fleet number"": ""-\n+DE1330""}",,,TFLO,,,MTLN,3,1,3781849,,,f,f,
1069,2026-04-29 23:37:22.422332+02,"{""fleet number"": ""-\n+DE1331""}",,,TFLO,,,MTLN,3,1,3780543,,,f,f,
1070,2026-04-29 23:37:38.048078+02,"{""fleet number"": ""-\n+DE1332""}",,,TFLO,,,MTLN,3,1,3783332,,,f,f,
1071,2026-04-29 23:37:49.114106+02,"{""fleet number"": ""-\n+DE1333""}",,,TFLO,,,MTLN,3,1,3784878,,,f,f,
1072,2026-04-29 23:38:02.626301+02,"{""fleet number"": ""-\n+DE1334""}",,,TFLO,,,MTLN,3,1,3780549,,,f,f,
1073,2026-04-29 23:38:15.565844+02,"{""fleet number"": ""-\n+DE1335""}",,,TFLO,,,MTLN,3,1,3782327,,,f,f,
1074,2026-04-29 23:39:10.094903+02,"{""fleet number"": ""-\n+DE1336""}",,,TFLO,,,MTLN,3,1,3781477,,,f,f,
1075,2026-04-29 23:39:43.017357+02,{},,,TFLO,,,MTLN,124,1,3779895,,,f,f,
1076,2026-04-29 23:41:18.294628+02,"{""fleet number"": ""-\n+TE1434""}",,,TFLO,,,MTLN,697,1,3783285,,,f,f,
1077,2026-04-29 23:41:30.657232+02,"{""fleet number"": ""-\n+TE1435""}",,,TFLO,,,MTLN,697,1,3782608,,,f,f,
1078,2026-04-29 23:41:48.485593+02,"{""fleet number"": ""-\n+TE1436""}",,,TFLO,,,MTLN,697,1,3780302,,,f,f,
1079,2026-04-29 23:41:57.188534+02,"{""fleet number"": ""-\n+TE1437""}",,,TFLO,,,MTLN,697,1,3780354,,,f,f,
1080,2026-04-29 23:42:08.074144+02,"{""fleet number"": ""-\n+TE1438""}",,,TFLO,,,MTLN,697,1,3784303,,,f,f,
1081,2026-04-29 23:42:24.266456+02,"{""fleet number"": ""-\n+TE1439""}",,,TFLO,,,MTLN,124,1,3785375,,,f,f,
1082,2026-04-29 23:42:30.657689+02,{},,,,124,,,697,1,3785375,,,f,f,
1083,2026-04-29 23:44:12.278389+02,"{""fleet number"": ""-\n+1501""}",,,TFLO,,,UNOL,62,1,3787346,,,f,f,
1507,2026-05-01 00:18:04.073992+02,"{""fleet number"": ""-\n+19779""}",,,TFLO,,,ELBG,697,1,3778111,,,f,f,
1084,2026-04-29 23:44:32.372383+02,"{""fleet number"": ""-\n+1502""}",,,TFLO,,,UNOL,62,1,3787422,,,f,f,
1085,2026-04-29 23:44:51.954216+02,"{""fleet number"": ""-\n+1503""}",,,TFLO,,,UNOL,62,1,3787420,,,f,f,
1086,2026-04-29 23:45:10.317452+02,"{""fleet number"": ""-\n+1504""}",,,TFLO,,,UNOL,62,1,3785768,,,f,f,
1087,2026-04-30 18:53:21.741873+02,"{""reg"": ""-\n+LTZ1263"", ""fleet number"": ""-\n+61263 (LT263)""}",,,TFLO,,,ELBG,562,1,3789223,,,f,f,
1088,2026-04-30 18:54:21.863374+02,"{""fleet number"": ""-SW264\n+DW264""}",,,,,,,,1,3779806,,,f,f,
1089,2026-04-30 18:57:11.335028+02,"{""reg"": ""-\n+LTZ1812""}",,,,,,,,1,3776997,,,f,f,
1090,2026-04-30 19:08:16.110667+02,"{""fleet number"": ""-\n+8321""}",,,TFLO,,,ABLO,3,1,3783385,,,f,f,
1091,2026-04-30 19:09:42.662134+02,"{""fleet number"": ""-\n+8322""}",,,TFLO,,,ABLO,3,1,3784590,,,f,f,
1092,2026-04-30 19:09:54.837975+02,"{""fleet number"": ""-\n+8323""}",,,TFLO,,,ABLO,3,1,3776225,,,f,f,
1093,2026-04-30 19:10:05.272626+02,"{""fleet number"": ""-\n+8324""}",,,TFLO,,,ABLO,3,1,3786479,,,f,f,
1094,2026-04-30 19:10:15.63869+02,"{""fleet number"": ""-\n+8325""}",,,TFLO,,,ABLO,3,1,3784119,,,f,f,
1095,2026-04-30 19:10:28.240139+02,"{""fleet number"": ""-\n+8326""}",,262,TFLO,,4143,ABLO,3,1,3789006,,,f,f,
1096,2026-04-30 19:10:46.022937+02,"{""fleet number"": ""-\n+8328""}",,,TFLO,,,ABLO,3,1,3782201,,,f,f,
1097,2026-04-30 19:10:59.243782+02,"{""fleet number"": ""-\n+8329""}",,,TFLO,,,ABLO,3,1,3788208,,,f,f,
1098,2026-04-30 19:13:00.673074+02,"{""fleet number"": ""-\n+36399""}",,,TFLO,,,ELBG,3,1,3778357,,,f,f,
1099,2026-04-30 19:14:00.053841+02,"{""fleet number"": ""-\n+SEN20""}",,,TFLO,,,LONC,3,1,3778448,,,f,f,
1100,2026-04-30 19:14:21.814569+02,"{""fleet number"": ""-\n+8330""}",,,TFLO,,,ABLO,3,1,3784696,,,f,f,
1101,2026-04-30 19:14:31.015737+02,"{""fleet number"": ""-\n+8331""}",,,TFLO,,,ABLO,3,1,3776621,,,f,f,
1102,2026-04-30 19:14:42.566157+02,"{""fleet number"": ""-\n+8333""}",,,TFLO,,,ABLO,3,1,3783783,,,f,f,
1103,2026-04-30 19:14:55.756416+02,"{""fleet number"": ""-\n+8334""}",,,TFLO,,,ABLO,3,1,3787154,,,f,f,
1104,2026-04-30 19:15:29.912161+02,"{""fleet number"": ""-\n+8335""}",,,TFLO,,,ABLO,3,1,3776622,,,f,f,
1105,2026-04-30 19:15:39.312521+02,"{""fleet number"": ""-\n+8336""}",,,TFLO,,,ABLO,3,1,3782163,,,f,f,
1106,2026-04-30 19:15:51.205571+02,"{""fleet number"": ""-\n+8337""}",,,TFLO,,,ABLO,3,1,3776623,,,f,f,
1107,2026-04-30 19:16:03.888142+02,"{""fleet number"": ""-\n+8338""}",,,TFLO,,,ABLO,3,1,3776624,,,f,f,
1108,2026-04-30 19:16:13.655323+02,"{""fleet number"": ""-\n+8339""}",,,TFLO,,,ABLO,3,1,3786145,,,f,f,
1109,2026-04-30 19:16:24.344737+02,"{""fleet number"": ""-\n+8340""}",,,TFLO,,,ABLO,3,1,3782170,,,f,f,
1110,2026-04-30 19:16:33.492537+02,"{""fleet number"": ""-\n+8341""}",,,TFLO,,,ABLO,3,1,3776625,,,f,f,
1111,2026-04-30 19:16:53.863346+02,"{""fleet number"": ""-\n+8342""}",,,TFLO,,,ABLO,3,1,3776626,,,f,f,
1112,2026-04-30 19:41:36.673664+02,"{""fleet number"": ""-\n+36397""}",,,TFLO,,,ELBG,3,1,3777988,,,f,f,
1113,2026-04-30 19:42:17.529047+02,"{""fleet number"": ""-\n+SE88""}",,,TFLO,,,LONC,3,1,3779377,,,f,f,
1114,2026-04-30 19:42:53.039244+02,"{""fleet number"": ""-\n+SE89""}",,,TFLO,,,MBGA,3,1,3776897,,,f,f,
1115,2026-04-30 19:43:23.040577+02,"{""fleet number"": ""-\n+SE92""}",,,TFLO,,,LONC,3,1,3784648,,,f,f,
1116,2026-04-30 19:43:59.018195+02,"{""fleet number"": ""-\n+741""}",,,TFLO,,,MBGA,3,1,3783963,,,f,f,
1117,2026-04-30 19:44:12.865048+02,"{""fleet number"": ""-\n+732""}",,,TFLO,,,MBGA,3,1,3776867,,,f,f,
1118,2026-04-30 19:44:25.724349+02,"{""fleet number"": ""-\n+733""}",,,TFLO,,,MBGA,3,1,3776868,,,f,f,
1119,2026-04-30 19:44:53.943366+02,"{""fleet number"": ""-\n+SEN13""}",,,TFLO,,,LGEN,3,1,3779549,,,f,f,
1120,2026-04-30 19:45:07.89343+02,"{""fleet number"": ""-\n+SEN15""}",,,TFLO,,,LONC,3,1,3781234,,,f,f,
1121,2026-04-30 19:45:22.341209+02,"{""fleet number"": ""-\n+SEN17""}",,,TFLO,,,LONC,3,1,3782197,,,f,f,
1122,2026-04-30 19:45:33.208614+02,"{""fleet number"": ""-\n+SEN18""}",,,TFLO,,,LONC,3,1,3782702,,,f,f,
1123,2026-04-30 19:46:07.658942+02,"{""fleet number"": ""-\n+DE20176""}",,,TFLO,,,FLON,3,1,3781528,,,f,f,
1124,2026-04-30 19:46:33.298282+02,"{""fleet number"": ""-\n+DE20196""}",,,TFLO,,,FLON,3,1,3775833,,,f,f,
1125,2026-04-30 19:46:58.753427+02,"{""fleet number"": ""-\n+8567""}",,,TFLO,,,ABLO,3,1,3781758,,,f,f,
1126,2026-04-30 19:47:10.234997+02,"{""fleet number"": ""-\n+8570""}",,,TFLO,,,ABLO,3,1,3782018,,,f,f,
1127,2026-04-30 19:48:19.762988+02,"{""fleet number"": ""-\n+37561""}",,,TFLO,,,ELBG,3,1,3778020,,,f,f,
1128,2026-04-30 19:48:33.923052+02,"{""fleet number"": ""-\n+37562""}",,,TFLO,,,ELBG,3,1,3781945,,,f,f,
1129,2026-04-30 19:49:24.040669+02,"{""fleet number"": ""-\n+DEL1973""}",,,TFLO,,,MTLN,3,1,3777109,,,f,f,
1130,2026-04-30 19:49:37.653703+02,"{""fleet number"": ""-\n+DE1975""}",,,TFLO,,,MTLN,3,1,3777111,,,f,f,
1131,2026-04-30 19:50:38.57928+02,"{""fleet number"": ""-\n+DE1972""}",,,TFLO,,,MTLN,3,1,3777108,,,f,f,
1132,2026-04-30 20:00:00.18395+02,"{""fleet number"": ""-\n+37563""}",,,TFLO,,,ELBG,3,1,3778021,,,f,f,
1133,2026-04-30 20:00:31.866703+02,"{""fleet number"": ""-\n+37564""}",,,TFLO,,,ELBG,3,1,3777815,,,f,f,
1134,2026-04-30 20:00:46.929684+02,"{""fleet number"": ""-\n+37565""}",,,TFLO,,,ELBG,3,1,3778023,,,f,f,
1135,2026-04-30 20:01:02.192201+02,"{""fleet number"": ""-\n+37566""}",,,TFLO,,,ELBG,3,1,3778024,,,f,f,
1136,2026-04-30 20:01:43.512316+02,"{""fleet number"": ""-\n+DEL1970""}",,,TFLO,,,MTLN,3,1,3777107,,,f,f,
1137,2026-04-30 20:01:57.491856+02,"{""fleet number"": ""-\n+DEL1971""}",,,TFLO,,,MTLN,3,1,3786053,,,f,f,
1138,2026-04-30 20:02:15.477397+02,"{""fleet number"": ""-\n+DEL1980""}",,,TFLO,,,MTLN,3,1,3783024,,,f,f,
1139,2026-04-30 20:02:29.338841+02,"{""fleet number"": ""-\n+DEL1979""}",,,TFLO,,,MTLN,3,1,3784219,,,f,f,
1140,2026-04-30 20:02:52.92732+02,"{""fleet number"": ""-\n+DE1978""}",,,TFLO,,,MTLN,3,1,3781075,,,f,f,
1141,2026-04-30 20:03:08.817264+02,"{""fleet number"": ""-\n+DEL1976""}",,,TFLO,,,MTLN,3,1,3782634,,,f,f,
1142,2026-04-30 20:03:36.477706+02,"{""fleet number"": ""-\n+37567""}",,,TFLO,,,ELBG,3,1,3783373,,,f,f,
1143,2026-04-30 20:04:27.372672+02,"{""fleet number"": ""-\n+DEL1977""}",,,TFLO,,,MTLN,3,1,3781074,,,f,f,
1144,2026-04-30 20:04:45.809467+02,"{""fleet number"": ""-\n+DEL1974""}",,,TFLO,,,MTLN,3,1,3777110,,,f,f,
1145,2026-04-30 20:05:20.170642+02,"{""fleet number"": ""-\n+8780""}",,,TFLO,,,ABLO,3,1,3782905,,,f,f,
1146,2026-04-30 20:05:34.509317+02,"{""fleet number"": ""-\n+8786""}",,,TFLO,,,ABLO,3,1,3781760,,,f,f,
1147,2026-04-30 20:05:45.99297+02,"{""fleet number"": ""-\n+8787""}",,,TFLO,,,ABLO,3,1,3776515,,,f,f,
1148,2026-04-30 20:21:47.619561+02,"{""fleet number"": ""-\n+1505""}",,,TFLO,,,UNOL,697,1,3776950,,,f,f,
1149,2026-04-30 20:21:59.866539+02,"{""fleet number"": ""-\n+1506""}",,,TFLO,,,UNOL,697,1,3783758,,,f,f,
1150,2026-04-30 20:22:16.722541+02,"{""fleet number"": ""-\n+1507""}",,,TFLO,,,UNOL,697,1,3776951,,,f,f,
1163,2026-04-30 20:27:24.737224+02,"{""fleet number"": ""-\n+E252""}",,,TFLO,,,LONC,697,1,3779232,,,f,f,
1151,2026-04-30 20:23:45.22674+02,"{""fleet number"": ""-\n+1508""}",,,TFLO,,,UNOL,697,1,3784829,,,f,f,
2474,2026-05-04 22:51:03.379286+02,"{""fleet number"": ""-\n+VWH2043""}",,,TFLO,,,MTLN,103,1,3780166,,,f,f,
1152,2026-04-30 20:24:00.325999+02,"{""fleet number"": ""-\n+1489""}",,,TFLO,,,UNOL,697,1,3782116,,,f,f,
1164,2026-04-30 20:27:45.65711+02,"{""fleet number"": ""-\n+E253""}",,,TFLO,,,LONC,697,1,3785829,,,f,f,
1153,2026-04-30 20:24:12.789553+02,"{""fleet number"": ""-\n+1490""}",,,TFLO,,,UNOL,697,1,3787391,,,f,f,
1154,2026-04-30 20:24:26.091575+02,"{""fleet number"": ""-\n+1491""}",,,TFLO,,,UNOL,697,1,3776947,,,f,f,
1165,2026-04-30 20:27:58.528442+02,"{""fleet number"": ""-\n+E254""}",,,TFLO,,,LONC,697,1,3781697,,,f,f,
1155,2026-04-30 20:24:38.283981+02,"{""fleet number"": ""-\n+1492""}",,,TFLO,,,UNOL,697,1,3787415,,,f,f,
1156,2026-04-30 20:24:49.272297+02,"{""fleet number"": ""-\n+1493""}",,,TFLO,,,UNOL,697,1,3776948,,,f,f,
1166,2026-04-30 20:28:22.791972+02,"{""fleet number"": ""-\n+E260""}",,,TFLO,,,LONC,697,1,3782684,,,f,f,
1157,2026-04-30 20:25:25.099853+02,"{""fleet number"": ""-\n+E246""}",,,TFLO,,,LONC,697,1,3778515,,,f,f,
1158,2026-04-30 20:25:40.09955+02,"{""fleet number"": ""-\n+E248""}",,,TFLO,,,LONC,697,1,3783271,,,f,f,
1167,2026-04-30 20:29:33.925913+02,"{""fleet number"": ""-\n+8788""}",,,TFLO,,,ABLO,3,1,3786416,,,f,f,
1159,2026-04-30 20:25:59.133057+02,"{""fleet number"": ""-\n+E249""}",,,TFLO,,,LONC,697,1,3779187,,,f,f,
1168,2026-04-30 20:29:46.542007+02,"{""fleet number"": ""-\n+8789""}",,,TFLO,,,ABLO,3,1,3781557,,,f,f,
1169,2026-04-30 20:30:04.268804+02,"{""fleet number"": ""-\n+8790""}",,,TFLO,,,ABLO,3,1,3784434,,,f,f,
1170,2026-04-30 20:30:16.358324+02,"{""fleet number"": ""-\n+8791""}",,,TFLO,,,ABLO,3,1,3782192,,,f,f,
1171,2026-04-30 20:30:30.200718+02,"{""fleet number"": ""-\n+8792""}",,,TFLO,,,ABLO,3,1,3781869,,,f,f,
1172,2026-04-30 20:31:32.000714+02,"{""fleet number"": ""-\n+8793""}",,,TFLO,,,ABLO,3,1,3785660,,,f,f,
1173,2026-04-30 20:32:27.070212+02,"{""fleet number"": ""-\n+747""}",,,TFLO,,,LONC,3,1,3779616,,,f,f,
1174,2026-04-30 20:32:45.56889+02,"{""fleet number"": ""-\n+748""}",,,TFLO,,,LONC,3,1,3779166,,,f,f,
1175,2026-04-30 20:33:01.291722+02,"{""fleet number"": ""-\n+749""}",,,TFLO,,,LONC,3,1,3783752,,,f,f,
1176,2026-04-30 20:34:30.67079+02,"{""fleet number"": ""-\n+750""}",,,TFLO,,,LONC,3,1,3779662,,,f,f,
1177,2026-04-30 20:51:46.886958+02,"{""fleet number"": ""-\n+751""}",,,TFLO,,,LONC,3,1,3779103,,,f,f,
1178,2026-04-30 20:52:04.897537+02,"{""fleet number"": ""-\n+752""}",,,TFLO,,,LONC,3,1,3784619,,,f,f,
1179,2026-04-30 20:52:34.115991+02,"{""fleet number"": ""-\n+753""}",,,TFLO,,,LONC,3,1,3781996,,,f,f,
1180,2026-04-30 20:52:44.248221+02,"{""fleet number"": ""-\n+754""}",,,TFLO,,,LONC,3,1,3779134,,,f,f,
1181,2026-04-30 20:52:58.452249+02,"{""fleet number"": ""-\n+755""}",,,TFLO,,,LONC,3,1,3779138,,,f,f,
1182,2026-04-30 20:53:08.554527+02,"{""fleet number"": ""-\n+756""}",,,TFLO,,,LONC,3,1,3779139,,,f,f,
1183,2026-04-30 20:53:24.90913+02,"{""fleet number"": ""-\n+757""}",,,TFLO,,,LONC,3,1,3779147,,,f,f,
1184,2026-04-30 20:53:37.613049+02,"{""fleet number"": ""-\n+758""}",,,TFLO,,,LONC,3,1,3783249,,,f,f,
1185,2026-04-30 20:53:50.710837+02,"{""fleet number"": ""-\n+760""}",,,TFLO,,,LONC,3,1,3779154,,,f,f,
1186,2026-04-30 20:54:09.639345+02,"{""fleet number"": ""-\n+761""}",,,TFLO,,,LONC,3,1,3779165,,,f,f,
1187,2026-04-30 20:54:34.983486+02,"{""fleet number"": ""-\n+762""}",,,TFLO,,,LONC,3,1,3779196,,,f,f,
1188,2026-04-30 20:54:58.264593+02,"{""fleet number"": ""-\n+185""}",,,TFLO,,,MBGA,3,1,3783234,,,f,f,
1189,2026-04-30 20:55:13.774867+02,"{""fleet number"": ""-\n+186""}",,,TFLO,,,MBGA,3,1,3779637,,,f,f,
1190,2026-04-30 20:55:28.074408+02,"{""fleet number"": ""-\n+187""}",,,TFLO,,,MBGA,3,1,3782268,,,f,f,
1191,2026-04-30 20:55:43.018899+02,"{""fleet number"": ""-\n+188""}",,,TFLO,,,MBGA,3,1,3781388,,,f,f,
1192,2026-04-30 20:56:31.597129+02,"{""fleet number"": ""-\n+EH22""}",,,TFLO,,,BTRI,9,1,3779379,,,f,f,
1193,2026-04-30 20:56:50.97287+02,"{""fleet number"": ""-\n+EH23""}",,,TFLO,,,BTRI,9,1,3781969,,,f,f,
1194,2026-04-30 20:57:05.400028+02,"{""fleet number"": ""-\n+EH25""}",,,TFLO,,,BTRI,9,1,3785997,,,f,f,
1195,2026-04-30 20:57:23.192233+02,"{""fleet number"": ""-\n+EH26""}",,,TFLO,,,BTRI,9,1,3786154,,,f,f,
1196,2026-04-30 20:57:38.8077+02,"{""fleet number"": ""-\n+EH27""}",,,TFLO,,,BTRI,9,1,3782081,,,f,f,
1197,2026-04-30 20:57:57.619499+02,"{""fleet number"": ""-\n+EH28""}",,,TFLO,,,BTRI,9,1,3782956,,,f,f,
1198,2026-04-30 20:58:15.647622+02,"{""fleet number"": ""-\n+EH29""}",,,TFLO,,,BTRI,,1,3778820,,,f,f,
1199,2026-04-30 20:58:27.03569+02,"{""fleet number"": ""-\n+EH30""}",,,TFLO,,,BTRI,9,1,3778564,,,f,f,
1200,2026-04-30 21:00:10.196951+02,"{""fleet number"": ""-\n+EH31""}",,,TFLO,,,LGEN,9,1,3778590,,,f,f,
1201,2026-04-30 21:00:52.763476+02,"{""fleet number"": ""-\n+EH33""}",,,TFLO,,,LGEN,9,1,3778795,,,f,f,
1202,2026-04-30 21:01:04.545072+02,"{""fleet number"": ""-\n+EH34""}",,,TFLO,,,LGEN,9,1,3785291,,,f,f,
1203,2026-04-30 21:01:19.874384+02,"{""fleet number"": ""-\n+EH35""}",,,TFLO,,,LGEN,9,1,3782029,,,f,f,
1204,2026-04-30 21:01:32.789188+02,"{""fleet number"": ""-\n+EH36""}",,,TFLO,,,LGEN,9,1,3778800,,,f,f,
1205,2026-04-30 21:02:11.662241+02,"{""fleet number"": ""-\n+8806""}",,,TFLO,,,ABLO,3,1,3776318,,,f,f,
1206,2026-04-30 21:02:34.991008+02,"{""fleet number"": ""-\n+8807""}",,,TFLO,,,ABLO,3,1,3776319,,,f,f,
1207,2026-04-30 21:02:55.328892+02,"{""fleet number"": ""-\n+8808""}",,,TFLO,,,ABLO,3,1,3776328,,,f,f,
1208,2026-04-30 21:03:19.211582+02,"{""fleet number"": ""-\n+8809""}",,,TFLO,,,ABLO,3,1,3776533,,,f,f,
1209,2026-04-30 21:03:31.435123+02,"{""fleet number"": ""-\n+8810""}",,,TFLO,,,ABLO,3,1,3784246,,,f,f,
1210,2026-04-30 21:03:46.260316+02,"{""fleet number"": ""-\n+8811""}",,,TFLO,,,ABLO,3,1,3776534,,,f,f,
1211,2026-04-30 21:03:56.959296+02,"{""fleet number"": ""-\n+8812""}",,,TFLO,,,ABLO,3,1,3776603,,,f,f,
1212,2026-04-30 21:04:11.302671+02,"{""fleet number"": ""-\n+8813""}",,,TFLO,,,ABLO,3,1,3776598,,,f,f,
1213,2026-04-30 21:04:30.006889+02,"{""fleet number"": ""-\n+8814""}",,,TFLO,,,ABLO,3,1,3776600,,,f,f,
1214,2026-04-30 21:05:10.533441+02,"{""fleet number"": ""-\n+8815""}",,,TFLO,,,ABLO,3,1,3776601,,,f,f,
1215,2026-04-30 21:05:29.077942+02,"{""fleet number"": ""-\n+8122""}",,,TFLO,,,ABLO,3,1,3776720,,,f,f,
1216,2026-04-30 21:05:47.749+02,"{""fleet number"": ""-\n+8123""}",,,TFLO,,,ABLO,3,1,3776721,,,f,f,
1217,2026-04-30 21:06:01.785027+02,"{""fleet number"": ""-\n+8124""}",,,TFLO,,,ABLO,3,1,3776722,,,f,f,
1218,2026-04-30 21:06:25.100826+02,"{""fleet number"": ""-\n+8125""}",,,TFLO,,,ABLO,3,1,3784139,,,f,f,
1219,2026-04-30 21:06:40.104865+02,"{""fleet number"": ""-\n+8126""}",,,TFLO,,,ABLO,3,1,3776723,,,f,f,
1693,2026-05-04 11:16:10.364201+02,"{""reg"": ""-\n+HF18CJV""}",,,,,820,,5,1,27282,,,f,f,
1220,2026-04-30 21:06:57.356208+02,"{""fleet number"": ""-\n+8127""}",,,TFLO,,,ABLO,3,1,3776724,,,f,f,
1221,2026-04-30 21:17:15.55237+02,"{""fleet number"": ""-\n+SDE20278""}",,,TFLO,,,FLON,3,1,3780919,,,f,f,
1222,2026-04-30 21:17:37.516147+02,"{""fleet number"": ""-\n+SDE20279""}",,,TFLO,,,FLON,3,1,3782726,,,f,f,
1223,2026-04-30 21:17:56.403235+02,"{""fleet number"": ""-\n+SDE20280""}",,,TFLO,,,FLON,3,1,3775940,,,f,f,
1224,2026-04-30 21:18:14.61759+02,"{""fleet number"": ""-\n+SDE20281""}",,,TFLO,,,FLON,3,1,3783601,,,f,f,
1225,2026-04-30 21:18:50.233401+02,"{""fleet number"": ""-\n+SDE20282""}",,,TFLO,,,FLON,3,1,3783592,,,f,f,
1226,2026-04-30 21:19:24.364343+02,"{""fleet number"": ""-\n+SDE20283""}",,,TFLO,,,FLON,3,1,3783488,,,f,f,
1227,2026-04-30 21:20:49.59615+02,"{""fleet number"": ""-SDE20282\n+8256""}",,,FLON,,,ABLO,,1,3783592,,,f,f,
1228,2026-04-30 21:29:18.818257+02,"{""fleet number"": ""-SDE20283\n+8257""}",,,FLON,,,ABLO,,1,3783488,,,f,f,
1229,2026-04-30 21:34:53.911459+02,"{""fleet number"": ""-\n+8258""}",,,TFLO,,,ABLO,3,1,3781554,,,f,f,
1230,2026-04-30 21:35:53.134955+02,"{""fleet number"": ""-\n+SDE20285""}",,,TFLO,,,FLON,3,1,3775942,,,f,f,
1231,2026-04-30 21:36:11.926734+02,"{""fleet number"": ""-\n+SDE20286""}",,,TFLO,,,FLON,3,1,3780814,,,f,f,
1232,2026-04-30 21:38:28.667987+02,"{""fleet number"": ""-\n+2515""}",,,TFLO,,,ABLO,265,1,3788088,,,f,f,
1233,2026-04-30 21:38:57.872049+02,"{""fleet number"": ""-\n+2516""}",,,TFLO,,,ABLO,265,1,3781755,,,f,f,
1234,2026-04-30 21:39:11.031866+02,"{""fleet number"": ""-\n+2517""}",,,TFLO,,,ABLO,265,1,3776305,,,f,f,
1235,2026-04-30 21:39:23.566898+02,"{""fleet number"": ""-\n+2518""}",,,TFLO,,,ABLO,265,1,3780957,,,f,f,
1236,2026-04-30 21:39:34.656626+02,"{""fleet number"": ""-\n+2519""}",,,TFLO,,,ABLO,265,1,3776478,,,f,f,
1237,2026-04-30 21:41:47.250244+02,"{""fleet number"": ""-\n+2520""}",,,TFLO,,,ABLO,265,1,3780982,,,f,f,
1238,2026-04-30 21:42:02.882665+02,"{""fleet number"": ""-\n+2521""}",,,TFLO,,,ABLO,265,1,3780983,,,f,f,
1239,2026-04-30 21:42:28.70095+02,"{""fleet number"": ""-\n+2522""}",,,TFLO,,,ABLO,265,1,3776488,,,f,f,
1240,2026-04-30 21:43:01.524416+02,"{""fleet number"": ""-\n+2523""}",,,TFLO,,,ABLO,265,1,3776503,,,f,f,
1241,2026-04-30 21:43:12.241214+02,"{""fleet number"": ""-\n+2524""}",,,TFLO,,,ABLO,265,1,3780986,,,f,f,
1242,2026-04-30 21:43:26.196706+02,"{""fleet number"": ""-\n+2525""}",,,TFLO,,,ABLO,265,1,3780987,,,f,f,
1243,2026-04-30 21:43:40.215645+02,"{""fleet number"": ""-\n+2526""}",,,TFLO,,,ABLO,265,1,3780988,,,f,f,
1244,2026-04-30 21:43:57.898345+02,"{""fleet number"": ""-\n+2527""}",,,TFLO,,,ABLO,265,1,3785705,,,f,f,
1245,2026-04-30 21:44:07.696313+02,"{""fleet number"": ""-\n+2528""}",,,TFLO,,,ABLO,265,1,3779796,,,f,f,
1246,2026-04-30 21:44:26.365444+02,"{""fleet number"": ""-\n+2529""}",,,TFLO,,,ABLO,265,1,3776504,,,f,f,
1247,2026-04-30 21:44:45.211858+02,"{""fleet number"": ""-\n+8530""}",,,TFLO,,,ABLO,265,1,3783208,,,f,f,
1248,2026-04-30 21:45:01.430062+02,"{""fleet number"": ""-\n+2531""}",,,TFLO,,,ABLO,265,1,3776505,,,f,f,
1249,2026-04-30 21:45:33.849262+02,"{""fleet number"": ""-\n+2532""}",,,TFLO,,,ABLO,265,1,3779797,,,f,f,
1250,2026-04-30 21:45:49.912273+02,"{""fleet number"": ""-\n+2533""}",,,TFLO,,,ABLO,265,1,3776506,,,f,f,
1251,2026-04-30 21:46:44.467005+02,"{""fleet number"": ""-\n+WVL366""}",,,TFLO,,,MBGA,124,1,3776802,,,f,f,
1252,2026-04-30 21:47:40.085678+02,"{""fleet number"": ""-\n+19842""}",,,TFLO,,,ELBG,697,1,3783320,,,f,f,
1253,2026-04-30 21:47:51.361338+02,"{""fleet number"": ""-\n+19843""}",,,TFLO,,,ELBG,697,1,3781798,,,f,f,
1254,2026-04-30 21:48:04.083968+02,"{""fleet number"": ""-\n+19846""}",,,TFLO,,,ELBG,697,1,3783107,,,f,f,
1255,2026-04-30 21:48:44.650851+02,"{""fleet number"": ""-\n+12148""}",,,TFLO,,,ELBG,9,1,3778356,,,f,f,
1256,2026-04-30 21:48:58.836817+02,"{""fleet number"": ""-\n+12149""}",,,TFLO,,,ELBG,9,1,3778360,,,f,f,
1257,2026-04-30 21:49:14.402061+02,"{""fleet number"": ""-\n+12153""}",,,TFLO,,,ELBG,9,1,3778366,,,f,f,
1258,2026-04-30 21:49:32.082935+02,"{""fleet number"": ""-\n+19837""}",,,TFLO,,,ELBG,697,1,3777895,,,f,f,
1259,2026-04-30 21:49:46.452909+02,"{""fleet number"": ""-\n+12138""}",,,TFLO,,,ELBG,9,1,3783082,,,f,f,
1260,2026-04-30 21:50:04.134266+02,"{""fleet number"": ""-\n+12139""}",,,TFLO,,,ELBG,9,1,3785988,,,f,f,
1261,2026-04-30 21:50:47.083097+02,"{""fleet number"": ""-\n+12141""}",,,TFLO,,,ELBG,9,1,3778295,,,f,f,
1262,2026-04-30 21:51:16.785345+02,"{""fleet number"": ""-\n+12144""}",,,TFLO,,,ELBG,9,1,3778297,,,f,f,
1263,2026-04-30 21:51:32.13992+02,"{""fleet number"": ""-\n+12145""}",,,TFLO,,,ELBG,9,1,3778332,,,f,f,
1264,2026-04-30 21:51:47.601397+02,"{""fleet number"": ""-\n+12146""}",,,TFLO,,,ELBG,9,1,3778349,,,f,f,
1265,2026-04-30 21:51:59.941517+02,"{""fleet number"": ""-\n+12147""}",,,TFLO,,,ELBG,9,1,3778355,,,f,f,
1266,2026-04-30 21:52:11.806955+02,"{""fleet number"": ""-\n+12128""}",,,TFLO,,,ELBG,9,1,3777593,,,f,f,
1267,2026-04-30 21:52:22.962692+02,"{""fleet number"": ""-\n+12129""}",,,TFLO,,,ELBG,9,1,3778104,,,f,f,
1268,2026-04-30 21:52:35.403523+02,"{""fleet number"": ""-\n+12130""}",,,TFLO,,,ELBG,9,1,3778106,,,f,f,
1269,2026-04-30 21:52:48.203355+02,"{""fleet number"": ""-\n+12131""}",,,TFLO,,,ELBG,9,1,3778107,,,f,f,
1270,2026-04-30 21:52:57.739796+02,"{""fleet number"": ""-\n+12133""}",,,TFLO,,,ELBG,9,1,3781195,,,f,f,
1271,2026-04-30 21:53:08.559856+02,"{""fleet number"": ""-\n+12134""}",,,TFLO,,,ELBG,9,1,3778108,,,f,f,
1272,2026-04-30 21:53:21.302905+02,"{""fleet number"": ""-\n+12136""}",,,TFLO,,,ELBG,9,1,3778183,,,f,f,
1273,2026-04-30 21:54:28.51417+02,"{""fleet number"": ""-\n+37556""}",,,TFLO,,,ELBG,3,1,3778017,,,f,f,
1274,2026-04-30 21:56:20.419658+02,"{""fleet number"": ""-\n+SE55""}",,,TFLO,,,LONC,3,1,3779004,,,f,f,
1275,2026-04-30 21:56:33.309683+02,"{""fleet number"": ""-\n+SE57""}",,,TFLO,,,LONC,3,1,3779006,,,f,f,
1276,2026-04-30 21:56:56.088477+02,"{""fleet number"": ""-\n+SE61""}",,,TFLO,,,LONC,3,1,3779009,,,f,f,
1277,2026-04-30 21:57:10.553929+02,"{""fleet number"": ""-\n+SE53""}",,,TFLO,,,LGEN,3,1,3782808,,,f,f,
1278,2026-04-30 21:57:31.225274+02,"{""fleet number"": ""-\n+SE72""}",,,TFLO,,,LONC,3,1,3783275,,,f,f,
1279,2026-04-30 21:57:42.82077+02,"{""fleet number"": ""-\n+SE73""}",,,TFLO,,,LONC,3,1,3781310,,,f,f,
1280,2026-04-30 21:57:58.481474+02,"{""fleet number"": ""-\n+SE74""}",,,TFLO,,,LONC,3,1,3781817,,,f,f,
1281,2026-04-30 21:58:18.648238+02,"{""fleet number"": ""-\n+SE68""}",,,TFLO,,,LONC,3,1,3779625,,,f,f,
1282,2026-04-30 21:58:42.832807+02,"{""fleet number"": ""-\n+SE56""}",,,TFLO,,,LONC,3,1,3779005,,,f,f,
1283,2026-04-30 21:58:55.058655+02,"{""fleet number"": ""-\n+SE58""}",,,TFLO,,,LONC,3,1,3781818,,,f,f,
1284,2026-04-30 21:59:05.855565+02,"{""fleet number"": ""-\n+SE59""}",,,TFLO,,,LONC,3,1,3781678,,,f,f,
1285,2026-04-30 21:59:28.260182+02,"{""fleet number"": ""-\n+SE60""}",,,TFLO,,,LONC,3,1,3779008,,,f,f,
1286,2026-04-30 21:59:41.457928+02,"{""fleet number"": ""-\n+SE63""}",,,TFLO,,,LONC,3,1,3782526,,,f,f,
1287,2026-04-30 22:00:02.312902+02,"{""fleet number"": ""-\n+154""}",,,TFLO,,,LONC,3,1,3782189,,,f,f,
1288,2026-04-30 22:00:31.971888+02,"{""fleet number"": ""-\n+155""}",,,TFLO,,,LONC,3,1,3782606,,,f,f,
1289,2026-04-30 22:00:41.236008+02,"{""fleet number"": ""-\n+156""}",,,TFLO,,,LONC,3,1,3779100,,,f,f,
1290,2026-04-30 22:00:58.964136+02,"{""fleet number"": ""-\n+158""}",,,TFLO,,,LONC,3,1,3783773,,,f,f,
1291,2026-04-30 22:01:10.289134+02,"{""fleet number"": ""-\n+159""}",,,TFLO,,,LONC,3,1,3783327,,,f,f,
1292,2026-04-30 22:02:00.159489+02,"{""fleet number"": ""-\n+162""}",,,TFLO,,,LONC,3,1,3783747,,,f,f,
1293,2026-04-30 22:02:12.921891+02,"{""fleet number"": ""-\n+161""}",,,TFLO,,,LONC,3,1,3779101,,,f,f,
1294,2026-04-30 22:02:33.130506+02,"{""fleet number"": ""-\n+162""}",,,TFLO,,,LONC,3,1,3779102,,,f,f,
1295,2026-04-30 22:03:30.867208+02,"{""fleet number"": ""-\n+SE104""}",,,TFLO,,,DLBU,3,1,3787189,,,f,f,
1296,2026-04-30 22:03:44.822538+02,"{""fleet number"": ""-\n+SE105""}",,,TFLO,,,DLBU,3,1,3778542,,,f,f,
1297,2026-04-30 22:03:58.856272+02,"{""fleet number"": ""-\n+SE106""}",,,TFLO,,,DLBU,3,1,3778543,,,f,f,
1298,2026-04-30 22:04:15.181703+02,"{""fleet number"": ""-\n+SE107""}",,,TFLO,,,DLBU,3,1,3781652,,,f,f,
1299,2026-04-30 22:04:39.965196+02,"{""fleet number"": ""-\n+SE108""}",,,TFLO,,,DLBU,3,1,3783252,,,f,f,
1300,2026-04-30 22:04:55.145526+02,"{""fleet number"": ""-\n+SE136""}",,,TFLO,,,DLBU,3,1,3779156,,,f,f,
1301,2026-04-30 22:05:15.882914+02,"{""fleet number"": ""-\n+SE122""}",,,TFLO,,,LONC,3,1,3779515,,,f,f,
1302,2026-04-30 22:05:36.163013+02,"{""fleet number"": ""-\n+SE124""}",,,TFLO,,,LONC,3,1,3784801,,,f,f,
1303,2026-04-30 22:06:13.671784+02,"{""fleet number"": ""-\n+SE129""}",,,TFLO,,,MBGA,3,1,3776856,,,f,f,
1304,2026-04-30 22:07:48.599454+02,"{""fleet number"": ""-\n+SE142""}",,,TFLO,,,BTRI,3,1,3778540,,,f,f,
1305,2026-04-30 22:08:22.596867+02,"{""fleet number"": ""-\n+SE146""}",,,TFLO,,,LGEN,3,1,3781920,,,f,f,
1306,2026-04-30 22:08:39.311011+02,"{""fleet number"": ""-\n+SE112""}",,,TFLO,,,DLBU,3,1,3782080,,,f,f,
1307,2026-04-30 22:08:55.492416+02,"{""fleet number"": ""-\n+SE113""}",,,TFLO,,,DLBU,3,1,3778549,,,f,f,
1308,2026-04-30 22:09:15.405615+02,"{""fleet number"": ""-\n+SE114""}",,,TFLO,,,DLBU,3,1,3778550,,,f,f,
1309,2026-04-30 22:09:39.640497+02,"{""fleet number"": ""-\n+SE115""}",,,TFLO,,,LGEN,3,1,3785706,,,f,f,
1310,2026-04-30 22:10:54.438813+02,"{""fleet number"": ""-\n+SE116""}",,,TFLO,,,LGEN,3,1,3783359,,,f,f,
1311,2026-04-30 22:11:22.99911+02,"{""fleet number"": ""-\n+SE117""}",,,TFLO,,,LGEN,3,1,3782824,,,f,f,
1312,2026-04-30 22:11:40.023993+02,"{""fleet number"": ""-\n+SE109""}",,,TFLO,,,DLBU,3,1,3778546,,,f,f,
1313,2026-04-30 22:11:51.551256+02,"{""fleet number"": ""-\n+SE110""}",,,TFLO,,,DLBU,3,1,3778547,,,f,f,
1314,2026-04-30 22:12:11.579098+02,"{""fleet number"": ""-\n+SE111""}",,,TFLO,,,DLBU,3,1,3778548,,,f,f,
1315,2026-04-30 22:14:21.563209+02,"{""fleet number"": ""-\n+E238""}",,,TFLO,,,LONC,697,1,3779369,,,f,f,
1316,2026-04-30 22:14:36.598397+02,"{""fleet number"": ""-\n+E239""}",,,TFLO,,,LONC,697,1,3781984,,,f,f,
1317,2026-04-30 22:14:48.643569+02,"{""fleet number"": ""-\n+E240""}",,,TFLO,,,LONC,697,1,3779370,,,f,f,
1318,2026-04-30 22:14:58.912387+02,"{""fleet number"": ""-\n+E241""}",,,TFLO,,,LONC,697,1,3783613,,,f,f,
1319,2026-04-30 22:15:11.254124+02,"{""fleet number"": ""-\n+E242""}",,,TFLO,,,LONC,697,1,3781351,,,f,f,
1320,2026-04-30 22:15:29.471484+02,"{""fleet number"": ""-\n+E243""}",,,TFLO,,,LONC,697,1,3781352,,,f,f,
1321,2026-04-30 22:15:51.58026+02,"{""fleet number"": ""-\n+E244""}",,,TFLO,,,LONC,697,1,3779371,,,f,f,
1322,2026-04-30 22:16:11.157157+02,"{""fleet number"": ""-\n+E245""}",,,TFLO,,,LONC,697,1,3779372,,,f,f,
1323,2026-04-30 22:16:24.000802+02,"{""fleet number"": ""-\n+E229""}",,,TFLO,,,LONC,697,1,3781350,,,f,f,
1324,2026-04-30 22:16:48.261227+02,"{""fleet number"": ""-\n+E230""}",,,TFLO,,,LONC,697,1,3779362,,,f,f,
1325,2026-04-30 22:17:01.083496+02,"{""fleet number"": ""-\n+E231""}",,,TFLO,,,LONC,697,1,3779363,,,f,f,
1326,2026-04-30 22:17:12.133144+02,"{""fleet number"": ""-\n+E232""}",,,TFLO,,,LONC,697,1,3779364,,,f,f,
1327,2026-04-30 22:17:22.722373+02,"{""fleet number"": ""-\n+E233""}",,,TFLO,,,LONC,697,1,3779366,,,f,f,
1328,2026-04-30 22:17:36.7871+02,"{""fleet number"": ""-\n+E234""}",,,TFLO,,,LONC,697,1,3782562,,,f,f,
1329,2026-04-30 22:17:48.175855+02,"{""fleet number"": ""-\n+E235""}",,,TFLO,,,LONC,697,1,3779367,,,f,f,
1330,2026-04-30 22:18:01.240046+02,"{""fleet number"": ""-\n+E236""}",,,TFLO,,,LONC,697,1,3779368,,,f,f,
1331,2026-04-30 22:18:17.494124+02,"{""fleet number"": ""-\n+E237""}",,,TFLO,,,LONC,697,1,3786006,,,f,f,
1332,2026-04-30 22:18:52.045301+02,"{""fleet number"": ""-\n+SE148""}",,,TFLO,,,LGEN,3,1,3778803,,,f,f,
1333,2026-04-30 22:19:06.106224+02,"{""fleet number"": ""-\n+SE149""}",,,TFLO,,,LGEN,3,1,3778810,,,f,f,
1334,2026-04-30 22:19:25.992849+02,"{""fleet number"": ""-\n+SE150""}",,,TFLO,,,LGEN,3,1,3779054,,,f,f,
1335,2026-04-30 22:20:08.397938+02,"{""fleet number"": ""-\n+SE151""}",,,TFLO,,,MBGA,3,1,3781047,,,f,f,
1336,2026-04-30 22:20:40.721283+02,"{""fleet number"": ""-\n+SE152""}",,,TFLO,,,LONC,3,1,3778946,,,f,f,
1337,2026-04-30 22:21:17.240351+02,"{""fleet number"": ""-\n+SE153""}",,,TFLO,,,LONC,3,1,3781656,,,f,f,
1338,2026-04-30 22:21:31.935145+02,"{""fleet number"": ""-\n+SE154""}",,,TFLO,,,LGEN,3,1,3783609,,,f,f,
1339,2026-04-30 22:22:24.354079+02,"{""fleet number"": ""-\n+SE155""}",,,TFLO,,,LONC,3,1,3784063,,,f,f,
1340,2026-04-30 22:22:51.279239+02,"{""fleet number"": ""-\n+SE156""}",,,TFLO,,,LONC,3,1,3778947,,,f,f,
1341,2026-04-30 22:23:12.476288+02,"{""fleet number"": ""-\n+SE157""}",,,TFLO,,,LONC,3,1,3778952,,,f,f,
1342,2026-04-30 22:23:29.672734+02,"{""fleet number"": ""-\n+SE158""}",,,TFLO,,,LONC,3,1,3778953,,,f,f,
1343,2026-04-30 22:23:41.426933+02,"{""fleet number"": ""-\n+SE159""}",,,TFLO,,,LONC,3,1,3783381,,,f,f,
1344,2026-04-30 22:24:03.489921+02,"{""fleet number"": ""-\n+SE160""}",,,TFLO,,,LONC,3,1,3782679,,,f,f,
1345,2026-04-30 22:24:14.051605+02,"{""fleet number"": ""-\n+SE161""}",,,TFLO,,,LONC,3,1,3779373,,,f,f,
1346,2026-04-30 22:24:26.16584+02,"{""fleet number"": ""-\n+SE162""}",,,TFLO,,,LONC,3,1,3779376,,,f,f,
1347,2026-04-30 22:24:57.598157+02,"{""fleet number"": ""-\n+SE163""}",,,TFLO,,,LONC,3,1,3786048,,,f,f,
1348,2026-04-30 22:25:11.429201+02,"{""fleet number"": ""-\n+SE164""}",,,TFLO,,,LONC,3,1,3781696,,,f,f,
1349,2026-04-30 22:25:37.842073+02,"{""fleet number"": ""-\n+SE167""}",,,TFLO,,,LGEN,3,1,3784011,,,f,f,
1350,2026-04-30 22:26:04.607328+02,"{""fleet number"": ""-\n+SE168""}",,,TFLO,,,LGEN,3,1,3785522,,,f,f,
1351,2026-04-30 22:26:28.582847+02,"{""fleet number"": ""-\n+SE169""}",,,TFLO,,,LGEN,3,1,3778963,,,f,f,
1352,2026-04-30 22:26:49.811785+02,"{""fleet number"": ""-\n+SE171""}",,,TFLO,,,LGEN,3,1,3783664,,,f,f,
1353,2026-04-30 22:27:08.365753+02,"{""fleet number"": ""-\n+SE172""}",,,TFLO,,,LGEN,3,1,3782577,,,f,f,
1508,2026-05-01 00:18:15.85122+02,"{""fleet number"": ""-\n+19781""}",,,TFLO,,,ELBG,697,1,3778339,,,f,f,
1354,2026-04-30 22:27:29.398454+02,"{""fleet number"": ""-\n+SE173""}",,,TFLO,,,LONC,3,1,3778501,,,f,f,
1355,2026-04-30 22:27:41.754612+02,"{""fleet number"": ""-\n+SE174""}",,,TFLO,,,LONC,3,1,3778502,,,f,f,
1356,2026-04-30 22:28:22.076402+02,"{""fleet number"": ""-\n+DEM1912""}",,,TFLO,,,MTLN,3,1,3777080,,,f,f,
1357,2026-04-30 22:28:36.844563+02,"{""fleet number"": ""-\n+DEM1913""}",,,TFLO,,,MTLN,3,1,3784772,,,f,f,
1358,2026-04-30 22:28:54.569742+02,"{""fleet number"": ""-\n+DEM1914""}",,,TFLO,,,MTLN,3,1,3783642,,,f,f,
1359,2026-04-30 22:29:14.476054+02,"{""fleet number"": ""-\n+DEM1915""}",,,TFLO,,,MTLN,3,1,3782443,,,f,f,
1360,2026-04-30 22:29:26.294044+02,"{""fleet number"": ""-\n+DEM1917""}",,,TFLO,,,MTLN,3,1,3781070,,,f,f,
1361,2026-04-30 22:29:40.70411+02,"{""fleet number"": ""-\n+DEM1918""}",,,TFLO,,,MTLN,3,1,3777081,,,f,f,
1362,2026-04-30 22:30:07.332369+02,"{""fleet number"": ""-\n+163""}",,,TFLO,,,MBGA,3,1,3782599,,,f,f,
1363,2026-04-30 22:30:17.935834+02,"{""fleet number"": ""-\n+164""}",,,TFLO,,,MBGA,3,1,3776814,,,f,f,
1364,2026-04-30 22:32:22.125149+02,"{""fleet number"": ""-\n+165""}",,,TFLO,,,MBGA,3,1,3781038,,,f,f,
1365,2026-04-30 22:32:42.917908+02,"{""fleet number"": ""-\n+166""}",,,TFLO,,,MBGA,3,1,3776869,,,f,f,
1366,2026-04-30 22:36:28.397613+02,"{""fleet number"": ""-\n+167""}",,,TFLO,,,MBGA,3,1,3776918,,,f,f,
1367,2026-04-30 22:37:23.501926+02,"{""fleet number"": ""-\n+168""}",,,TFLO,,,MBGA,3,1,3788331,,,f,f,
1368,2026-04-30 22:38:14.859485+02,"{""fleet number"": ""-\n+169""}",,,TFLO,,,MBGA,3,1,3776919,,,f,f,
1369,2026-04-30 22:38:55.175434+02,"{""fleet number"": ""-\n+172""}",,,TFLO,,,MBGA,3,1,3776926,,,f,f,
1370,2026-04-30 22:39:12.873445+02,"{""fleet number"": ""-\n+173""}",,,TFLO,,,MBGA,3,1,3783525,,,f,f,
1371,2026-04-30 22:39:28.096473+02,"{""fleet number"": ""-\n+174""}",,,TFLO,,,MBGA,3,1,3783708,,,f,f,
1372,2026-04-30 22:43:35.820883+02,"{""fleet number"": ""-\n+176""}",,,TFLO,,,MBGA,3,1,3784700,,,f,f,
1373,2026-04-30 22:43:45.114266+02,"{""fleet number"": ""-\n+177""}",,,TFLO,,,MBGA,3,1,3781770,,,f,f,
1374,2026-04-30 22:44:29.294568+02,"{""fleet number"": ""-\n+178""}",,,TFLO,,,MBGA,3,1,3783700,,,f,f,
1375,2026-04-30 22:45:53.265034+02,"{""fleet number"": ""-\n+ADE40305""}",,,TFLO,,,FLON,697,1,3785993,,,f,f,
1376,2026-04-30 22:46:46.513321+02,"{""fleet number"": ""-\n+SE22""}",,,TFLO,,,MBGA,3,1,3781036,,,f,f,
1377,2026-04-30 22:47:17.898346+02,"{""fleet number"": ""-\n+SEN23""}",,,TFLO,,,MBGA,3,1,3786904,,,f,f,
1378,2026-04-30 22:48:14.914084+02,"{""fleet number"": ""-\n+SEN24""}",,,TFLO,,,MBGA,3,1,3781766,,,f,f,
1379,2026-04-30 22:48:44.237791+02,"{""fleet number"": ""-\n+SEN25""}",,,TFLO,,,MBGA,3,1,3776788,,,f,f,
1380,2026-04-30 22:49:09.35484+02,"{""fleet number"": ""-\n+SEN26""}",,,TFLO,,,MBGA,3,1,3785729,,,f,f,
1381,2026-04-30 22:49:29.330518+02,"{""fleet number"": ""-\n+SEN27""}",,,TFLO,,,MBGA,3,1,3781040,,,f,f,
1382,2026-04-30 22:49:49.659664+02,"{""fleet number"": ""-\n+SEN28""}",,,TFLO,,,MBGA,3,1,3785241,,,f,f,
1383,2026-04-30 22:51:27.890422+02,"{""fleet number"": ""-\n+37558""}",,,TFLO,,,ELBG,3,1,3778018,,,f,f,
1384,2026-04-30 22:57:52.738585+02,"{""fleet number"": ""-\n+SEN30""}",,,TFLO,,,BTRI,3,1,3779199,,,f,f,
1385,2026-04-30 22:58:08.249115+02,"{""fleet number"": ""-\n+SEN31""}",,,TFLO,,,BTRI,3,1,3784423,,,f,f,
1386,2026-04-30 22:58:36.671174+02,"{""fleet number"": ""-\n+SEN29""}",,,TFLO,,,MBGA,3,1,3776892,,,f,f,
1387,2026-04-30 23:30:50.163454+02,"{""fleet number"": ""-\n+1483""}",,,TFLO,,,UNOL,697,1,3785110,,,f,f,
1388,2026-04-30 23:31:08.037584+02,"{""fleet number"": ""-\n+1484""}",,,TFLO,,,UNOL,697,1,3781049,,,f,f,
1389,2026-04-30 23:31:18.636524+02,"{""fleet number"": ""-\n+1485""}",,,TFLO,,,UNOL,697,1,3787318,,,f,f,
1390,2026-04-30 23:31:34.523826+02,"{""fleet number"": ""-\n+1486""}",,,TFLO,,,UNOL,697,1,3776945,,,f,f,
1391,2026-04-30 23:31:52.207667+02,"{""fleet number"": ""-\n+1481""}",,,TFLO,,,UNOL,697,1,3783090,,,f,f,
1392,2026-04-30 23:32:07.789039+02,"{""fleet number"": ""-\n+1482""}",,,TFLO,,,UNOL,697,1,3776944,,,f,f,
1393,2026-04-30 23:32:39.23803+02,"{""fleet number"": ""-\n+1496""}",,,TFLO,,,UNOL,697,1,3787096,,,f,f,
1394,2026-04-30 23:33:45.628675+02,"{""fleet number"": ""-\n+ADE40473""}",,,TFLO,,,FLON,697,1,3776140,,,f,f,
1395,2026-04-30 23:34:14.77657+02,"{""fleet number"": ""-\n+1497""}",,,TFLO,,,UNOL,697,1,3785885,,,f,f,
1396,2026-04-30 23:35:13.305333+02,"{""fleet number"": ""-\n+8583""}",,,TFLO,,,ABLO,3,1,3776413,,,f,f,
1397,2026-04-30 23:35:29.519278+02,"{""fleet number"": ""-\n+8584""}",,,TFLO,,,ABLO,3,1,3785991,,,f,f,
1398,2026-04-30 23:35:51.962259+02,"{""fleet number"": ""-\n+8587""}",,,TFLO,,,ABLO,3,1,3776535,,,f,f,
1399,2026-04-30 23:36:06.162318+02,"{""fleet number"": ""-\n+8588""}",,,TFLO,,,ABLO,3,1,3776536,,,f,f,
1400,2026-04-30 23:36:24.797782+02,"{""fleet number"": ""-\n+8590""}",,,TFLO,,,ABLO,3,1,3782652,,,f,f,
1401,2026-04-30 23:36:38.006875+02,"{""fleet number"": ""-\n+8591""}",,,TFLO,,,ABLO,3,1,3788300,,,f,f,
1402,2026-04-30 23:37:19.039925+02,"{""fleet number"": ""-\n+179""}",,,TFLO,,,MBGA,3,1,3776932,,,f,f,
1403,2026-04-30 23:37:47.686557+02,"{""fleet number"": ""-\n+180""}",,,TFLO,,,LONC,3,1,3778446,,,f,f,
1404,2026-04-30 23:38:03.51498+02,"{""fleet number"": ""-\n+181""}",,,TFLO,,,LONC,3,1,3778481,,,f,f,
1405,2026-04-30 23:38:22.839749+02,"{""fleet number"": ""-\n+182""}",,,TFLO,,,LONC,3,1,3778503,,,f,f,
1406,2026-04-30 23:38:54.175615+02,"{""fleet number"": ""-\n+183""}",,,TFLO,,,LONC,3,1,3778526,,,f,f,
1407,2026-04-30 23:39:05.993859+02,"{""fleet number"": ""-\n+184""}",,,TFLO,,,LONC,3,1,3781316,,,f,f,
1408,2026-04-30 23:41:23.758083+02,"{""fleet number"": ""-\n+ADH45023""}",,,TFLO,,,FLON,9,1,3775796,,,f,f,
1409,2026-04-30 23:41:45.92301+02,"{""fleet number"": ""-\n+ADH45024""}",,,TFLO,,,FLON,9,1,3789022,,,f,f,
1410,2026-04-30 23:41:54.790957+02,{},,262,,,4145,,,1,3789022,,,f,f,
1411,2026-04-30 23:43:06.591827+02,"{""fleet number"": ""-\n+ADH45025""}",,,TFLO,,,FLON,9,1,3780889,,,f,f,
1412,2026-04-30 23:43:29.817015+02,"{""fleet number"": ""-\n+ADH45026""}",,,TFLO,,,FLON,9,1,3775813,,,f,f,
1413,2026-04-30 23:43:45.014586+02,"{""fleet number"": ""-\n+ADH45027""}",,,TFLO,,,FLON,9,1,3775814,,,f,f,
1414,2026-04-30 23:43:58.561329+02,"{""fleet number"": ""-\n+ADH45028""}",,,TFLO,,,FLON,9,1,3781740,,,f,f,
1415,2026-04-30 23:44:14.635709+02,"{""fleet number"": ""-\n+ADH45029""}",,,TFLO,,,FLON,9,1,3780838,,,f,f,
1416,2026-04-30 23:44:33.932508+02,"{""fleet number"": ""-\n+ADH45030""}",,,TFLO,,,FLON,9,1,3775835,,,f,f,
1417,2026-04-30 23:44:51.82398+02,"{""fleet number"": ""-\n+ADH45032""}",,,TFLO,,,FLON,9,1,3785284,,,f,f,
1418,2026-04-30 23:45:13.351696+02,"{""fleet number"": ""-\n+ADH45035""}",,,TFLO,,,FLON,9,1,3775852,,,f,f,
1419,2026-04-30 23:45:35.519454+02,"{""fleet number"": ""-\n+ADH45036""}",,,TFLO,,,FLON,9,1,3781856,,,f,f,
1420,2026-04-30 23:45:57.108378+02,"{""fleet number"": ""-\n+ADH45037""}",,,TFLO,,,FLON,9,1,3775855,,,f,f,
1421,2026-04-30 23:46:17.770629+02,"{""fleet number"": ""-\n+ADH45041""}",,,TFLO,,,FLON,9,1,3780902,,,f,f,
1428,2026-04-30 23:48:26.232219+02,"{""fleet number"": ""-\n+ADH45048""}",,,TFLO,,,FLON,9,1,3785014,,,f,f,
1509,2026-05-01 00:18:31.347377+02,"{""fleet number"": ""-\n+19787""}",,,TFLO,,,ELBG,697,1,3778242,,,f,f,
1439,2026-04-30 23:54:47.423675+02,"{""fleet number"": ""-\n+SE267""}",,,TFLO,,,LONC,3,1,3779327,,,f,f,
1441,2026-04-30 23:55:54.282102+02,"{""fleet number"": ""-\n+37586""}",,,TFLO,,,ELBG,3,1,3777869,,,f,f,
1510,2026-05-01 00:18:44.185891+02,"{""fleet number"": ""-\n+19788""}",,,TFLO,,,ELBG,697,1,3778334,,,f,f,
1444,2026-04-30 23:56:52.645342+02,"{""fleet number"": ""-\n+37580""}",,,TFLO,,,ELBG,3,1,3781186,,,f,f,
1447,2026-04-30 23:57:42.172042+02,"{""fleet number"": ""-\n+37583""}",,,TFLO,,,ELBG,3,1,3785145,,,f,f,
1511,2026-05-01 00:18:56.590611+02,"{""fleet number"": ""-\n+19789""}",,,TFLO,,,ELBG,697,1,3781219,,,f,f,
1449,2026-05-01 00:00:28.277196+02,"{""fleet number"": ""-\n+SE268""}",,,TFLO,,,LGEN,3,1,3778861,,,f,f,
1462,2026-05-01 00:04:17.424312+02,"{""fleet number"": ""-\n+SE281""}",,,TFLO,,,LGEN,3,1,3779325,,,f,f,
1512,2026-05-01 00:19:14.064544+02,"{""fleet number"": ""-\n+19792""}",,,TFLO,,,ELBG,697,1,3778348,,,f,f,
1464,2026-05-01 00:04:48.752215+02,"{""fleet number"": ""-\n+SE283""}",,,TFLO,,,LGEN,3,1,3781813,,,f,f,
1467,2026-05-01 00:05:34.158667+02,"{""fleet number"": ""-\n+SE286""}",,,TFLO,,,LGEN,3,1,3785151,,,f,f,
1513,2026-05-01 00:19:36.27613+02,"{""fleet number"": ""-\n+19793""}",,,TFLO,,,ELBG,697,1,3782441,,,f,f,
1471,2026-05-01 00:08:06.879387+02,"{""fleet number"": ""-\n+ENL106""}",,,TFLO,,,AVLO,3,1,3779766,,,f,f,
1516,2026-05-01 00:21:05.754527+02,"{""fleet number"": ""-\n+19817""}",,,TFLO,,,ELBG,697,1,3783293,,,f,f,
1517,2026-05-01 00:21:19.328547+02,"{""fleet number"": ""-\n+19821""}",,,TFLO,,,ELBG,697,1,3777602,,,f,f,
1519,2026-05-01 00:22:08.275288+02,"{""fleet number"": ""-\n+19826""}",,,TFLO,,,ELBG,697,1,3777984,,,f,f,
1521,2026-05-01 00:22:40.226554+02,"{""fleet number"": ""-\n+19833""}",,,TFLO,,,ELBG,697,1,3778335,,,f,f,
1522,2026-05-01 00:23:22.435945+02,"{""fleet number"": ""-\n+WVL414""}",,,TFLO,,,LONC,124,1,3783802,,,f,f,
1523,2026-05-01 00:24:23.295113+02,"{""fleet number"": ""-\n+WVL415""}",,,TFLO,,,LONC,124,1,3779356,,,f,f,
1525,2026-05-01 00:25:22.595233+02,"{""fleet number"": ""-\n+WVL417""}",,,TFLO,,,LONC,124,1,3783199,,,f,f,
1526,2026-05-01 00:25:54.858157+02,"{""fleet number"": ""-\n+WVL418""}",,,TFLO,,,LONC,124,1,3779358,,,f,f,
1527,2026-05-01 00:26:09.85442+02,"{""fleet number"": ""-\n+WVL419""}",,,TFLO,,,LONC,124,1,3779359,,,f,f,
1528,2026-05-01 00:26:30.468222+02,"{""fleet number"": ""-\n+WVL420""}",,,TFLO,,,LONC,124,1,3779361,,,f,f,
1529,2026-05-01 00:26:44.205748+02,"{""fleet number"": ""-\n+WVL421""}",,,TFLO,,,LONC,124,1,3785346,,,f,f,
1530,2026-05-01 00:27:34.267722+02,"{""fleet number"": ""-\n+WVL422""}",,,TFLO,,,BTRI,124,1,3787514,,,f,f,
1531,2026-05-01 00:28:01.634214+02,"{""fleet number"": ""-\n+WVL423""}",,,TFLO,,,LONC,124,1,3784527,,,f,f,
1532,2026-05-01 00:29:08.460811+02,"{""fleet number"": ""-\n+WVL424""}",,,TFLO,,,LONC,124,1,3785404,,,f,f,
1533,2026-05-01 00:29:31.167406+02,"{""fleet number"": ""-\n+WVL426""}",,,TFLO,,,LONC,124,1,3779388,,,f,f,
1535,2026-05-01 00:30:39.920554+02,"{""fleet number"": ""-\n+WVL428""}",,,TFLO,,,LONC,124,1,3784550,,,f,f,
1536,2026-05-01 00:31:05.435356+02,"{""fleet number"": ""-\n+WVL430""}",,,TFLO,,,BTRI,124,1,3782056,,,f,f,
1537,2026-05-01 00:31:24.510591+02,"{""fleet number"": ""-\n+WVL432""}",,,TFLO,,,BTRI,124,1,3781914,,,f,f,
1540,2026-05-02 17:55:05.442599+02,"{""reg"": ""-\n+YY16YJE""}",,,,,820,,3,1,27065,,,f,f,
1541,2026-05-02 17:55:25.182869+02,"{""reg"": ""-\n+YY16YJF""}",,,,,820,,3,1,27066,,,f,f,
1542,2026-05-02 17:57:28.510179+02,"{""reg"": ""-\n+HF67EUN""}",,,,,820,,5,1,3789366,,,f,f,
1543,2026-05-02 20:48:27.508522+02,"{""reg"": ""-\n+HF67EUN""}",,,,,820,,5,1,27262,,,f,f,
1544,2026-05-02 20:49:06.081036+02,"{""reg"": ""-\n+HF18CGV""}",,,,,820,,5,1,27263,,,f,f,
1546,2026-05-02 20:50:37.192185+02,"{""reg"": ""-\n+HF18CGY""}",,,,,820,,5,1,27265,,,f,f,
1548,2026-05-02 20:51:36.104113+02,"{""reg"": ""-\n+HF18CHC""}",,,,,820,,5,1,27267,,,f,f,
1549,2026-05-02 20:51:48.151505+02,"{""reg"": ""-\n+HF18CHD""}",,,,,820,,5,1,27268,,,f,f,
1551,2026-05-02 20:53:31.608676+02,"{""reg"": ""-\n+HF18CHH""}",,,,,820,,5,1,27269,,,f,f,
1552,2026-05-02 20:53:44.772366+02,"{""reg"": ""-\n+HF18CHJ""}",,,,,820,,5,1,27270,,,f,f,
1553,2026-05-02 20:53:59.775518+02,"{""reg"": ""-\n+HF18CHK""}",,,,,820,,5,1,27271,,,f,f,
1554,2026-05-02 20:54:11.558063+02,"{""reg"": ""-\n+HF18CHL""}",,,,,820,,5,1,27272,,,f,f,
1555,2026-05-02 20:54:28.688212+02,"{""reg"": ""-\n+HF18CHN""}",,,,,820,,5,1,27273,,,f,f,
1556,2026-05-02 20:54:43.52282+02,"{""reg"": ""-\n+HF18CHO""}",,,,,820,,5,1,27274,,,f,f,
1557,2026-05-02 21:08:49.839064+02,"{""reg"": ""-\n+HF18CHV""}",,,,,820,,5,1,27275,,,f,f,
1558,2026-05-02 21:09:22.728643+02,"{""reg"": ""-\n+HF18CHX""}",,,,,820,,5,1,27276,,,f,f,
1559,2026-05-02 21:09:39.25381+02,"{""reg"": ""-\n+HF18CHY""}",,,,,820,,5,1,27277,,,f,f,
1561,2026-05-02 21:10:48.827276+02,"{""reg"": ""-\n+HF18CJE""}",,,,,820,,5,1,27278,,,f,f,
1562,2026-05-02 21:11:23.005638+02,"{""reg"": ""-\n+HF18CJJ""}",,,,,820,,5,1,27279,,,f,f,
1563,2026-05-03 14:06:59.203424+02,"{""reg"": ""-\n+PIW4457""}",,,,,3336,,697,1,3788212,,,f,f,
1564,2026-05-03 21:14:12.972784+02,"{""fleet number"": ""-\n+EN28""}",,,TFLO,,,LONC,697,1,3783292,,,f,f,
1565,2026-05-03 21:14:26.07119+02,"{""fleet number"": ""-\n+EN29""}",,,TFLO,,,LONC,697,1,3778934,,,f,f,
1567,2026-05-03 21:15:28.480244+02,"{""fleet number"": ""-\n+EN31""}",,,TFLO,,,LONC,697,1,3782529,,,f,f,
1568,2026-05-03 21:15:41.37922+02,"{""fleet number"": ""-\n+EN32""}",,,TFLO,,,LONC,697,1,3778668,,,f,f,
1569,2026-05-03 21:16:03.793319+02,"{""fleet number"": ""-\n+EN34""}",,,TFLO,,,LONC,697,1,3779609,,,f,f,
1571,2026-05-03 21:16:39.090478+02,"{""fleet number"": ""-\n+EN36""}",,,TFLO,,,LONC,697,1,3783659,,,f,f,
1653,2026-05-03 23:53:07.791864+02,"{""fleet number"": ""-\n+12317""}",,,TFLO,,,ELBG,9,1,3782601,,,f,f,
1655,2026-05-03 23:55:35.456543+02,"{""fleet number"": ""-\n+12364""}",,,TFLO,,,ELBG,9,1,3778289,,,f,f,
1657,2026-05-03 23:57:08.482124+02,"{""fleet number"": ""-\n+WVL438""}",,,TFLO,,,LONC,124,1,3779218,,,f,f,
1660,2026-05-04 00:05:25.938523+02,"{""fleet number"": ""-\n+WHV11""}",,,TFLO,,,LGEN,102,1,3781952,,,f,f,
1661,2026-05-04 00:07:09.551829+02,"{""fleet number"": ""-\n+WHV12""}",,,TFLO,,,LGEN,102,1,3779591,,,f,f,
1666,2026-05-04 00:12:27.360041+02,"{""fleet number"": ""-\n+T273""}",,,TFLO,,,AVLO,697,1,3777286,,,f,f,
1667,2026-05-04 00:12:41.010293+02,"{""fleet number"": ""-\n+T274""}",,,TFLO,,,AVLO,697,1,3777294,,,f,f,
1668,2026-05-04 00:20:51.860996+02,"{""fleet number"": ""-\n+T277""}",,,TFLO,,,AVLO,697,1,3777537,,,f,f,
1670,2026-05-04 00:24:31.540432+02,"{""fleet number"": ""-\n+T263""}",,,TFLO,,,AVLO,697,1,3776959,,,f,f,
1674,2026-05-04 00:25:41.491992+02,"{""fleet number"": ""-\n+T268""}",,,TFLO,,,AVLO,697,1,3781573,,,f,f,
1677,2026-05-04 00:26:53.476657+02,"{""fleet number"": ""-\n+T253""}",,,TFLO,,,AVLO,697,1,3783975,,,f,f,
1422,2026-04-30 23:46:32.294559+02,"{""fleet number"": ""-\n+ADH45042""}",,,TFLO,,,FLON,9,1,3775868,,,f,f,
2166,2026-05-04 20:53:51.504917+02,"{""fleet number"": ""-\n+E273""}",,,TFLO,,,LONC,697,1,3779438,,,f,f,
1425,2026-04-30 23:47:35.326606+02,"{""fleet number"": ""-\n+ADH45045""}",,,TFLO,,,FLON,9,1,3775879,,,f,f,
1514,2026-05-01 00:19:53.456322+02,"{""fleet number"": ""-\n+19803""}",,,TFLO,,,ELBG,697,1,3778340,,,f,f,
1426,2026-04-30 23:47:52.461903+02,"{""fleet number"": ""-\n+ADH45046""}",,,TFLO,,,FLON,9,1,3775880,,,f,f,
1433,2026-04-30 23:51:14.33861+02,"{""fleet number"": ""-\n+36582""}",,,TFLO,,,ELBG,3,1,3781603,,,f,f,
1515,2026-05-01 00:20:49.576456+02,"{""fleet number"": ""-\n+19815""}",,,TFLO,,,ELBG,697,1,3777596,,,f,f,
1434,2026-04-30 23:53:21.846975+02,"{""fleet number"": ""-\n+SE261""}",,,TFLO,,,LONC,3,1,3779259,,,f,f,
1436,2026-04-30 23:53:49.533544+02,"{""fleet number"": ""-\n+SE263""}",,,TFLO,,,LONC,3,1,3779326,,,f,f,
1518,2026-05-01 00:21:52.360827+02,"{""fleet number"": ""-\n+19823""}",,,TFLO,,,ELBG,697,1,3777603,,,f,f,
1437,2026-04-30 23:54:02.805801+02,"{""fleet number"": ""-\n+SE264""}",,,TFLO,,,LONC,3,1,3779876,,,f,f,
1443,2026-04-30 23:56:39.1372+02,"{""fleet number"": ""-\n+37579""}",,,TFLO,,,ELBG,3,1,3783143,,,f,f,
1520,2026-05-01 00:22:24.713609+02,"{""fleet number"": ""-\n+19830""}",,,TFLO,,,ELBG,697,1,3778293,,,f,f,
1445,2026-04-30 23:57:08.925202+02,"{""fleet number"": ""-\n+37581""}",,,TFLO,,,ELBG,3,1,3783103,,,f,f,
1446,2026-04-30 23:57:23.726497+02,"{""fleet number"": ""-\n+37582""}",,,TFLO,,,ELBG,3,1,3778032,,,f,f,
1524,2026-05-01 00:24:52.569266+02,"{""fleet number"": ""-\n+WVL416""}",,,TFLO,,,LONC,124,1,3784503,,,f,f,
1448,2026-04-30 23:57:57.626213+02,"{""fleet number"": ""-\n+37584""}",,,TFLO,,,ELBG,3,1,3777913,,,f,f,
1453,2026-05-01 00:01:50.722603+02,"{""fleet number"": ""-\n+SE272""}",,,TFLO,,,LGEN,3,1,3781903,,,f,f,
1534,2026-05-01 00:29:57.754316+02,"{""fleet number"": ""-\n+WVL427""}",,,TFLO,,,LONC,124,1,3783319,,,f,f,
1456,2026-05-01 00:02:46.166774+02,"{""fleet number"": ""-\n+SE275""}",,,TFLO,,,LGEN,3,1,3786068,,,f,f,
1457,2026-05-01 00:02:59.287515+02,"{""fleet number"": ""-\n+SE276""}",,,TFLO,,,LGEN,3,1,3781290,,,f,f,
1538,2026-05-01 00:31:52.812309+02,"{""fleet number"": ""-\n+WVL433""}",,,TFLO,,,BTRI,124,1,3779394,,,f,f,
1463,2026-05-01 00:04:29.240434+02,"{""fleet number"": ""-\n+SE282""}",,,TFLO,,,LGEN,3,1,3781993,,,f,f,
1468,2026-05-01 00:05:51.082833+02,"{""fleet number"": ""-\n+SE287""}",,,TFLO,,,LGEN,3,1,3778915,,,f,f,
1539,2026-05-01 00:32:24.514229+02,"{""fleet number"": ""-\n+WVL434""}",,,TFLO,,,LGEN,124,1,3788903,,,f,f,
1469,2026-05-01 00:07:39.45941+02,"{""fleet number"": ""-\n+ENL105""}",,,TFLO,,,AVLO,3,1,3780671,,,f,f,
1545,2026-05-02 20:49:22.444342+02,"{""reg"": ""-\n+HF18CGX""}",,,,,820,,5,1,27264,,,f,f,
1547,2026-05-02 20:50:55.271005+02,"{""reg"": ""-\n+HF18CGZ""}",,,,,820,,5,1,27266,,,f,f,
1550,2026-05-02 20:52:21.317196+02,"{""reg"": ""-\n+HF18CHG""}",,,,,820,,5,1,1250059,,,f,f,
1560,2026-05-02 21:10:02.831604+02,"{""reg"": ""-\n+HF18CHZ""}",,,,,820,,5,1,3787542,,,f,f,
1566,2026-05-03 21:14:44.725311+02,"{""fleet number"": ""-\n+EN30""}",,,TFLO,,,LONC,697,1,3778667,,,f,f,
1570,2026-05-03 21:16:17.421925+02,"{""fleet number"": ""-\n+EN35""}",,,TFLO,,,LONC,697,1,3782248,,,f,f,
1572,2026-05-03 21:16:52.87027+02,"{""fleet number"": ""-\n+EN40""}",,,TFLO,,,LONC,697,1,3779319,,,f,f,
1573,2026-05-03 21:17:05.107966+02,"{""fleet number"": ""-\n+EN39""}",,,TFLO,,,LONC,697,1,3789177,,,f,f,
1654,2026-05-03 23:54:20.216053+02,"{""fleet number"": ""-\n+12318""}",,,TFLO,,,ELBG,9,1,3777770,,,f,f,
1656,2026-05-03 23:56:30.176569+02,"{""fleet number"": ""-\n+DW251""}",,262,TFLO,,4142,AVLO,301,1,3789387,,,f,f,
1658,2026-05-04 00:01:18.779299+02,"{""fleet number"": ""-\n+WVL439""}",,,TFLO,,,LONC,124,1,3783615,,,f,f,
1659,2026-05-04 00:02:00.28248+02,"{""fleet number"": ""-\n+WHV14""}",,,TFLO,,,LGEN,102,1,3779487,,,f,f,
1662,2026-05-04 00:07:32.981628+02,"{""fleet number"": ""-\n+WHV13""}",,,TFLO,,,LGEN,102,1,3786160,,,f,f,
1663,2026-05-04 00:11:13.668842+02,"{""fleet number"": ""-\n+WHV16""}",,,TFLO,,,LGEN,102,1,3779636,,,f,f,
1664,2026-05-04 00:11:46.631085+02,"{""fleet number"": ""-\n+T271""}",,,TFLO,,,AVLO,697,1,3777232,,,f,f,
1665,2026-05-04 00:12:08.401592+02,"{""fleet number"": ""-\n+T272""}",,,TFLO,,,AVLO,697,1,3777233,,,f,f,
1669,2026-05-04 00:21:08.361848+02,"{""fleet number"": ""-\n+T278""}",,,TFLO,,,AVLO,697,1,3777552,,,f,f,
1671,2026-05-04 00:24:50.374429+02,"{""fleet number"": ""-\n+T264""}",,,TFLO,,,AVLO,697,1,3781572,,,f,f,
1672,2026-05-04 00:25:06.594248+02,"{""fleet number"": ""-\n+T265""}",,,TFLO,,,AVLO,697,1,3783583,,,f,f,
1673,2026-05-04 00:25:22.315882+02,"{""fleet number"": ""-\n+T266""}",,,TFLO,,,AVLO,697,1,3776960,,,f,f,
1675,2026-05-04 00:25:57.323307+02,"{""fleet number"": ""-\n+T269""}",,,TFLO,,,AVLO,697,1,3779820,,,f,f,
1676,2026-05-04 00:26:25.802571+02,"{""fleet number"": ""-\n+T270""}",,,TFLO,,,AVLO,697,1,3785382,,,f,f,
1678,2026-05-04 00:27:06.404442+02,"{""fleet number"": ""-\n+T257""}",,,TFLO,,,AVLO,697,1,3784066,,,f,f,
1679,2026-05-04 00:27:24.699119+02,"{""fleet number"": ""-\n+T249""}",,,TFLO,,,AVLO,697,1,3776955,,,f,f,
1680,2026-05-04 00:27:47.111787+02,"{""fleet number"": ""-\n+WVL457""}",,,TFLO,,,LONC,124,1,3779132,,,f,f,
1681,2026-05-04 00:28:00.894375+02,"{""fleet number"": ""-\n+WVL458""}",,,TFLO,,,LONC,124,1,3779133,,,f,f,
1682,2026-05-04 00:28:13.190691+02,"{""fleet number"": ""-\n+WVL459""}",,,TFLO,,,LONC,124,1,3779228,,,f,f,
1683,2026-05-04 00:28:27.016655+02,"{""fleet number"": ""-\n+WVL460""}",,,TFLO,,,LONC,124,1,3779233,,,f,f,
1684,2026-05-04 00:28:42.610104+02,"{""fleet number"": ""-\n+WVL461""}",,,TFLO,,,LONC,124,1,3782736,,,f,f,
1685,2026-05-04 00:28:56.31438+02,"{""fleet number"": ""-\n+WVL462""}",,,TFLO,,,LONC,124,1,3784474,,,f,f,
1686,2026-05-04 00:29:16.321312+02,"{""fleet number"": ""-\n+WVL463""}",,,TFLO,,,LONC,124,1,3783910,,,f,f,
1687,2026-05-04 00:29:40.756744+02,"{""fleet number"": ""-\n+WVL464""}",,,TFLO,,,LONC,124,1,3783302,,,f,f,
1688,2026-05-04 00:29:54.221936+02,"{""fleet number"": ""-\n+WVL465""}",,,TFLO,,,LONC,124,1,3781825,,,f,f,
1689,2026-05-04 00:30:11.978987+02,"{""fleet number"": ""-\n+WVL466""}",,,TFLO,,,LONC,124,1,3779258,,,f,f,
1690,2026-05-04 00:30:54.016685+02,"{""fleet number"": ""-\n+WHV17""}",,,TFLO,,,LGEN,102,1,3786146,,,f,f,
1691,2026-05-04 11:15:30.405492+02,"{""reg"": ""-\n+HF18CJO""}",,,,,820,,5,1,27280,,,f,f,
1694,2026-05-04 11:16:30.385293+02,"{""reg"": ""-\n+HF69CMV""}",,,,,820,,5,1,27283,,,f,f,
1695,2026-05-04 11:16:51.464247+02,"{""reg"": ""-\n+HF69CMX""}",,,,,820,,5,1,27284,,,f,f,
1696,2026-05-04 11:17:07.540735+02,"{""reg"": ""-\n+HF69CNJ""}",,,,,820,,5,1,27290,,,f,f,
1697,2026-05-04 11:18:02.402732+02,"{""reg"": ""-\n+YN06JWY""}",,,,,268,,72,1,3786504,,,f,f,
1698,2026-05-04 11:18:23.680366+02,"{""reg"": ""-\n+YN06JWZ""}",,,,,268,,72,1,27064,,,f,f,
1699,2026-05-04 11:20:32.885837+02,"{""reg"": ""-\n+HW08AOP""}",,,,,268,,66,1,27067,,,f,f,
1700,2026-05-04 11:21:09.215671+02,"{""reg"": ""-\n+HW08AOR""}",,,,,3419,,66,1,27068,,,f,f,
1701,2026-05-04 11:21:33.123163+02,"{""reg"": ""-\n+HW08AOS""}",,,,,268,,66,1,27069,,,f,f,
1423,2026-04-30 23:46:54.224543+02,"{""fleet number"": ""-\n+ADH45043""}",,,TFLO,,,FLON,9,1,3775869,,,f,f,
1938,2026-05-04 19:03:46.115767+02,"{""reg"": ""-\n+LJ25BWN"", ""fleet number"": ""-\n+IE21""}",,,LGEN,,3541,FTLO,724,1,12399,,,f,f,
1429,2026-04-30 23:48:45.15187+02,"{""fleet number"": ""-\n+ADH45049""}",,,TFLO,,,FLON,9,1,3775885,,,f,f,
1574,2026-05-03 21:17:48.692713+02,"{""fleet number"": ""-\n+EN42""}",,,TFLO,,,LONC,697,1,3779555,,,f,f,
1430,2026-04-30 23:49:01.314348+02,"{""fleet number"": ""-\n+ADH45050""}",,,TFLO,,,FLON,9,1,3775934,,,f,f,
1438,2026-04-30 23:54:14.928225+02,"{""fleet number"": ""-\n+SE265""}",,,TFLO,,,LONC,3,1,3783186,,,f,f,
1576,2026-05-03 21:18:13.028623+02,"{""fleet number"": ""-\n+EN44""}",,,TFLO,,,LONC,697,1,3781374,,,f,f,
1440,2026-04-30 23:55:33.466586+02,"{""fleet number"": ""-\n+37585""}",,,TFLO,,,ELBG,3,1,3777914,,,f,f,
1455,2026-05-01 00:02:29.475954+02,"{""fleet number"": ""-\n+SE274""}",,,TFLO,,,LGEN,3,1,3783286,,,f,f,
1577,2026-05-03 21:18:29.651675+02,"{""fleet number"": ""-\n+EN46""}",,,TFLO,,,LONC,697,1,3779556,,,f,f,
1459,2026-05-01 00:03:35.734651+02,"{""fleet number"": ""-\n+SE278""}",,,TFLO,,,LGEN,3,1,3778521,,,f,f,
1460,2026-05-01 00:03:48.535685+02,"{""fleet number"": ""-\n+SE279""}",,,TFLO,,,LGEN,3,1,3778522,,,f,f,
1578,2026-05-03 21:18:47.793214+02,"{""fleet number"": ""-\n+EN47""}",,,TFLO,,,LONC,697,1,3783443,,,f,f,
1466,2026-05-01 00:05:12.558446+02,"{""fleet number"": ""-\n+SE285""}",,,TFLO,,,LGEN,3,1,3778914,,,f,f,
1470,2026-05-01 00:07:53.199288+02,"{""fleet number"": ""-\n+ENL104""}",,,TFLO,,,AVLO,3,1,3784013,,,f,f,
1580,2026-05-03 21:20:13.958761+02,"{""fleet number"": ""-\n+ADH45062""}",,,TFLO,,,FLON,697,1,3788076,,,f,f,
1581,2026-05-03 21:22:26.404423+02,"{""fleet number"": ""-\n+ADH45063""}",,,TFLO,,,FLON,697,1,3776125,,,f,f,
1582,2026-05-03 21:25:47.412776+02,"{""fleet number"": ""-\n+1476""}",,,TFLO,,,UNOL,9,1,3784509,,,f,f,
1584,2026-05-03 21:27:18.801286+02,"{""fleet number"": ""-\n+ADH45065""}",,,TFLO,,,FLON,9,1,3776127,,,f,f,
1585,2026-05-03 21:27:58.718071+02,"{""fleet number"": ""-\n+1477""}",,,TFLO,,,UNOL,9,1,3784603,,,f,f,
1586,2026-05-03 21:28:21.140676+02,"{""fleet number"": ""-\n+AD45067""}",,,TFLO,,,FLON,9,1,3776128,,,f,f,
1588,2026-05-03 21:28:50.873923+02,"{""fleet number"": ""-\n+ADH45069""}",,,TFLO,,,FLON,9,1,3785866,,,f,f,
1589,2026-05-03 21:29:09.807419+02,"{""fleet number"": ""-\n+ADH45071""}",,,TFLO,,,FLON,9,1,3776129,,,f,f,
1590,2026-05-03 21:29:34.025615+02,"{""fleet number"": ""-\n+ADH45072""}",,,TFLO,,,FLON,9,1,3787495,,,f,f,
1592,2026-05-03 21:30:08.758125+02,"{""fleet number"": ""-\n+ADH45074""}",,,TFLO,,,FLON,9,1,3783204,,,f,f,
1593,2026-05-03 21:30:28.825628+02,"{""fleet number"": ""-\n+ADH45075""}",,,TFLO,,,FLON,9,1,3776130,,,f,f,
1594,2026-05-03 21:30:46.15977+02,"{""fleet number"": ""-\n+ADH45077""}",,,TFLO,,,FLON,9,1,3785335,,,f,f,
1595,2026-05-03 21:31:02.224454+02,"{""fleet number"": ""-\n+ADH45078""}",,,TFLO,,,FLON,9,1,3785407,,,f,f,
1596,2026-05-03 21:32:35.138429+02,"{""fleet number"": ""-\n+2438""}",,,TFLO,,,ABLO,9,1,3776313,,,f,f,
1597,2026-05-03 21:32:48.972578+02,"{""fleet number"": ""-\n+2439""}",,,TFLO,,,ABLO,9,1,3784460,,,f,f,
1599,2026-05-03 21:33:27.382928+02,"{""fleet number"": ""-\n+2442""}",,,TFLO,,,ABLO,9,1,3776315,,,f,f,
1600,2026-05-03 21:33:47.455566+02,"{""fleet number"": ""-\n+2443""}",,,TFLO,,,ABLO,9,1,3776317,,,f,f,
1602,2026-05-03 21:34:41.04149+02,"{""fleet number"": ""-\n+SE177""}",,,TFLO,,,LONC,3,1,3781385,,,f,f,
1603,2026-05-03 21:34:52.58813+02,"{""fleet number"": ""-\n+SE178""}",,,TFLO,,,LONC,3,1,3783939,,,f,f,
1608,2026-05-03 22:36:41.761969+02,"{""fleet number"": ""-\n+SE184""}",,,TFLO,,,LGEN,3,1,3784706,,,f,f,
1610,2026-05-03 22:37:42.615705+02,"{""fleet number"": ""-\n+SE186""}",,,TFLO,,,LGEN,3,1,3785134,,,f,f,
1612,2026-05-03 22:49:58.400871+02,"{""fleet number"": ""-\n+SE188""}",,,TFLO,,,LGEN,3,1,3783387,,,f,f,
1614,2026-05-03 22:51:03.231673+02,"{""fleet number"": ""-\n+SE190""}",,,TFLO,,,LONC,3,1,3785224,,,f,f,
1615,2026-05-03 22:51:31.873677+02,"{""fleet number"": ""-\n+SE191""}",,,TFLO,,,LONC,3,1,3783403,,,f,f,
1617,2026-05-03 22:53:11.623965+02,"{""fleet number"": ""-\n+SE193""}",,,TFLO,,,LONC,3,1,3783964,,,f,f,
1618,2026-05-03 22:53:34.392202+02,"{""fleet number"": ""-\n+SE176""}",,,TFLO,,,LONC,3,1,3785371,,,f,f,
1619,2026-05-03 23:10:13.043416+02,"{""fleet number"": ""-\n+1494""}",,,TFLO,,,UNOL,697,1,3776949,,,f,f,
1620,2026-05-03 23:19:13.20374+02,"{""fleet number"": ""-\n+1495""}",,,TFLO,,,UNOL,697,1,3787312,,,f,f,
1621,2026-05-03 23:37:27.002772+02,"{""fleet number"": ""-\n+ADE40491""}",,,TFLO,,,FLON,697,1,3784942,,,f,f,
1622,2026-05-03 23:37:47.048132+02,"{""fleet number"": ""-\n+ADH40492""}",,,TFLO,,,FLON,697,1,3781729,,,f,f,
1624,2026-05-03 23:39:12.062147+02,"{""fleet number"": ""-\n+ADE40493""}",,,TFLO,,,FLON,697,1,3788475,,,f,f,
1626,2026-05-03 23:40:47.397855+02,"{""fleet number"": ""-\n+E277""}",,,TFLO,,,BTRI,697,1,3786157,,,f,f,
1627,2026-05-03 23:41:04.459416+02,"{""fleet number"": ""-\n+E278""}",,,TFLO,,,BTRI,697,1,3783009,,,f,f,
1628,2026-05-03 23:41:22.136056+02,"{""fleet number"": ""-\n+E279""}",,,TFLO,,,BTRI,697,1,3779656,,,f,f,
1629,2026-05-03 23:42:47.181489+02,"{""fleet number"": ""-\n+12261""}",,,TFLO,,,ELBG,9,1,3782433,,,f,f,
1630,2026-05-03 23:43:12.649149+02,"{""fleet number"": ""-\n+12262""}",,,TFLO,,,ELBG,9,1,3777565,,,f,f,
1631,2026-05-03 23:43:35.148996+02,"{""fleet number"": ""-\n+12264""}",,,TFLO,,,ELBG,697,1,3777559,,,f,f,
1632,2026-05-03 23:43:54.302953+02,"{""fleet number"": ""-\n+12265""}",,,TFLO,,,ELBG,697,1,3783091,,,f,f,
1633,2026-05-03 23:46:09.075847+02,{},,,,697,,,9,1,3777559,,,f,f,
1635,2026-05-03 23:48:05.493297+02,"{""fleet number"": ""-\n+12266""}",,,TFLO,,,ELBG,9,1,3788318,,,f,f,
1636,2026-05-03 23:48:19.582527+02,"{""fleet number"": ""-\n+12267""}",,,TFLO,,,ELBG,9,1,3777557,,,f,f,
1637,2026-05-03 23:48:35.199395+02,"{""fleet number"": ""-\n+12269""}",,,TFLO,,,ELBG,9,1,3777558,,,f,f,
1638,2026-05-03 23:49:05.639672+02,"{""fleet number"": ""-\n+12270""}",,,TFLO,,,ELBG,9,1,3777560,,,f,f,
1639,2026-05-03 23:49:19.733665+02,"{""fleet number"": ""-\n+12272""}",,,TFLO,,,ELBG,9,1,3785834,,,f,f,
1640,2026-05-03 23:49:36.780877+02,"{""fleet number"": ""-\n+12277""}",,,TFLO,,,ELBG,9,1,3782077,,,f,f,
1641,2026-05-03 23:49:57.616189+02,"{""fleet number"": ""-\n+12277""}",,,TFLO,,,ELBG,9,1,3782812,,,f,f,
1643,2026-05-03 23:50:50.356772+02,"{""fleet number"": ""-\n+12300""}",,,TFLO,,,ELBG,9,1,3777761,,,f,f,
1644,2026-05-03 23:51:01.869839+02,"{""fleet number"": ""-\n+12301""}",,,TFLO,,,ELBG,9,1,3782045,,,f,f,
1645,2026-05-03 23:51:19.129985+02,"{""fleet number"": ""-\n+12308""}",,,TFLO,,,ELBG,9,1,3777561,,,f,f,
1647,2026-05-03 23:51:46.069809+02,"{""fleet number"": ""-\n+12310""}",,,TFLO,,,ELBG,9,1,3777862,,,f,f,
1648,2026-05-03 23:51:59.899148+02,"{""fleet number"": ""-\n+12311""}",,,TFLO,,,ELBG,9,1,3778045,,,f,f,
1650,2026-05-03 23:52:22.920909+02,"{""fleet number"": ""-\n+12314""}",,,TFLO,,,ELBG,9,1,3777747,,,f,f,
1652,2026-05-03 23:52:47.522452+02,"{""fleet number"": ""-\n+12316""}",,,TFLO,,,ELBG,9,1,3781156,,,f,f,
1424,2026-04-30 23:47:09.993584+02,"{""fleet number"": ""-\n+ADH45044""}",,,TFLO,,,FLON,9,1,3781534,,,f,f,
3141,2026-05-06 11:36:47.825629+02,"{""reg"": ""-\n+HF67EUM""}",,,,,107,,5,1,7398,,,f,f,
1427,2026-04-30 23:48:07.792267+02,"{""fleet number"": ""-\n+ADH45047""}",,,TFLO,,,FLON,9,1,3775884,,,f,f,
1575,2026-05-03 21:17:59.992495+02,"{""fleet number"": ""-\n+EN43""}",,,TFLO,,,LONC,697,1,3783014,,,f,f,
1431,2026-04-30 23:49:17.560851+02,"{""fleet number"": ""-\n+ADH45051""}",,,TFLO,,,FLON,9,1,3775935,,,f,f,
1432,2026-04-30 23:51:01.880722+02,"{""fleet number"": ""-\n+36581""}",,,TFLO,,,ELBG,5,1,3782272,,,f,f,
1579,2026-05-03 21:19:46.880365+02,"{""fleet number"": ""-\n+ADH45061""}",,,TFLO,,,FLON,697,1,3783124,,,f,f,
1435,2026-04-30 23:53:35.591333+02,"{""fleet number"": ""-\n+SE262""}",,,TFLO,,,LONC,3,1,3779875,,,f,f,
1442,2026-04-30 23:56:27.109862+02,"{""fleet number"": ""-\n+37587""}",,,TFLO,,,ELBG,3,1,3785658,,,f,f,
1583,2026-05-03 21:26:53.830596+02,"{""fleet number"": ""-\n+ADH45064""}",,,TFLO,,,FLON,697,1,3776126,,,f,f,
1450,2026-05-01 00:00:48.751876+02,"{""fleet number"": ""-\n+SE269""}",,,TFLO,,,LGEN,3,1,3781284,,,f,f,
1451,2026-05-01 00:01:20.713988+02,"{""fleet number"": ""-\n+SE270""}",,,TFLO,,,LGEN,3,1,3781800,,,f,f,
1587,2026-05-03 21:28:36.263159+02,"{""fleet number"": ""-\n+ADH45068""}",,,TFLO,,,FLON,9,1,3784703,,,f,f,
1452,2026-05-01 00:01:34.56505+02,"{""fleet number"": ""-\n+SE271""}",,,TFLO,,,LGEN,3,1,3778821,,,f,f,
1454,2026-05-01 00:02:12.482978+02,"{""fleet number"": ""-\n+SE273""}",,,TFLO,,,LGEN,3,1,3778833,,,f,f,
1591,2026-05-03 21:29:48.390342+02,"{""fleet number"": ""-\n+ADH45073""}",,,TFLO,,,FLON,9,1,3780937,,,f,f,
1458,2026-05-01 00:03:22.865563+02,"{""fleet number"": ""-\n+SE277""}",,,TFLO,,,LGEN,3,1,3778882,,,f,f,
1461,2026-05-01 00:04:04.935139+02,"{""fleet number"": ""-\n+SE280""}",,,TFLO,,,LGEN,3,1,3781291,,,f,f,
1598,2026-05-03 21:33:05.021607+02,"{""fleet number"": ""-\n+2440""}",,,TFLO,,,ABLO,9,1,3782176,,,f,f,
1465,2026-05-01 00:04:59.618703+02,"{""fleet number"": ""-\n+SE284""}",,,TFLO,,,LGEN,3,1,3778913,,,f,f,
1472,2026-05-01 00:08:25.568494+02,"{""fleet number"": ""-\n+ENL108""}",,,TFLO,,,AVLO,3,1,3783102,,,f,f,
1601,2026-05-03 21:34:22.751396+02,"{""fleet number"": ""-\n+EN48""}",,,TFLO,,,LONC,697,1,3786985,,,f,f,
1473,2026-05-01 00:08:48.443063+02,"{""fleet number"": ""-\n+ENL112""}",,,TFLO,,,AVLO,3,1,3780688,,,f,f,
1474,2026-05-01 00:09:38.504593+02,"{""fleet number"": ""-\n+19712""}",,,TFLO,,,ELBG,697,1,3782700,,,f,f,
1604,2026-05-03 22:26:58.301418+02,"{""fleet number"": ""-\n+SE181""}",,,TFLO,,,LGEN,3,1,3783395,,,f,f,
1475,2026-05-01 00:09:54.64888+02,"{""fleet number"": ""-\n+19713""}",,,TFLO,,,ELBG,697,1,3777850,,,f,f,
1476,2026-05-01 00:10:09.573422+02,"{""fleet number"": ""-\n+19714""}",,,TFLO,,,ELBG,697,1,3777851,,,f,f,
1605,2026-05-03 22:27:37.835685+02,{},,262,,,4144,,,1,3789177,,,f,f,
1477,2026-05-01 00:10:23.307319+02,"{""fleet number"": ""-\n+19715""}",,,TFLO,,,ELBG,697,1,3777897,,,f,f,
1478,2026-05-01 00:10:41.102505+02,"{""fleet number"": ""-\n+19716""}",,,TFLO,,,ELBG,697,1,3777898,,,f,f,
1606,2026-05-03 22:35:50.334762+02,"{""fleet number"": ""-\n+SE182""}",,,TFLO,,,LGEN,3,1,3784707,,,f,f,
1479,2026-05-01 00:10:55.979107+02,"{""fleet number"": ""-\n+19717""}",,,TFLO,,,ELBG,697,1,3783692,,,f,f,
1480,2026-05-01 00:11:10.968409+02,"{""fleet number"": ""-\n+19718""}",,,TFLO,,,ELBG,697,1,3777899,,,f,f,
1607,2026-05-03 22:36:13.633485+02,"{""fleet number"": ""-\n+SE183""}",,,TFLO,,,LGEN,3,1,3783255,,,f,f,
1481,2026-05-01 00:11:23.792733+02,"{""fleet number"": ""-\n+19719""}",,,TFLO,,,ELBG,697,1,3781792,,,f,f,
1482,2026-05-01 00:11:36.875915+02,"{""fleet number"": ""-\n+19721""}",,,TFLO,,,ELBG,697,1,3777900,,,f,f,
1609,2026-05-03 22:37:25.325818+02,"{""fleet number"": ""-\n+SE185""}",,,TFLO,,,LGEN,3,1,3783809,,,f,f,
1483,2026-05-01 00:11:54.390768+02,"{""fleet number"": ""-\n+19722""}",,,TFLO,,,ELBG,697,1,3783530,,,f,f,
1484,2026-05-01 00:12:05.597187+02,"{""fleet number"": ""-\n+19723""}",,,TFLO,,,ELBG,697,1,3783077,,,f,f,
1611,2026-05-03 22:38:01.042402+02,"{""fleet number"": ""-\n+SE187""}",,,TFLO,,,LGEN,3,1,3783079,,,f,f,
1485,2026-05-01 00:12:16.460403+02,"{""fleet number"": ""-\n+19724""}",,,TFLO,,,ELBG,697,1,3778033,,,f,f,
1486,2026-05-01 00:12:29.477438+02,"{""fleet number"": ""-\n+19725""}",,,TFLO,,,ELBG,697,1,3782491,,,f,f,
1613,2026-05-03 22:50:18.294284+02,"{""fleet number"": ""-\n+SE189""}",,,TFLO,,,LONC,3,1,3786786,,,f,f,
1487,2026-05-01 00:12:47.028737+02,"{""fleet number"": ""-\n+19726""}",,,TFLO,,,ELBG,697,1,3783216,,,f,f,
1488,2026-05-01 00:12:59.324203+02,"{""fleet number"": ""-\n+19727""}",,,TFLO,,,ELBG,697,1,3783770,,,f,f,
1616,2026-05-03 22:53:00.941035+02,"{""fleet number"": ""-\n+SE192""}",,,TFLO,,,LONC,3,1,3782805,,,f,f,
1489,2026-05-01 00:13:13.600882+02,"{""fleet number"": ""-\n+19728""}",,,TFLO,,,ELBG,697,1,3778095,,,f,f,
1490,2026-05-01 00:13:28.946626+02,"{""fleet number"": ""-\n+19729""}",,,TFLO,,,ELBG,697,1,3782069,,,f,f,
1623,2026-05-03 23:38:08.43447+02,"{""fleet number"": ""-ADH40492\n+ADE40492""}",,,,,,,,1,3781729,,,f,f,
1491,2026-05-01 00:13:41.863463+02,"{""fleet number"": ""-\n+19730""}",,,TFLO,,,ELBG,697,1,3778096,,,f,f,
1492,2026-05-01 00:13:52.689954+02,"{""fleet number"": ""-\n+19731""}",,,TFLO,,,ELBG,697,1,3781194,,,f,f,
1625,2026-05-03 23:40:21.201217+02,"{""fleet number"": ""-\n+E276""}",,,TFLO,,,BTRI,697,1,3786153,,,f,f,
1493,2026-05-01 00:14:07.352321+02,"{""fleet number"": ""-\n+19732""}",,,TFLO,,,ELBG,697,1,3778098,,,f,f,
1494,2026-05-01 00:14:19.569722+02,"{""fleet number"": ""-\n+19733""}",,,TFLO,,,ELBG,697,1,3778099,,,f,f,
1634,2026-05-03 23:46:16.015674+02,{},,,,697,,,9,1,3783091,,,f,f,
1495,2026-05-01 00:14:32.650009+02,"{""fleet number"": ""-\n+19734""}",,,TFLO,,,ELBG,697,1,3777901,,,f,f,
1496,2026-05-01 00:14:43.992623+02,"{""fleet number"": ""-\n+19735""}",,,TFLO,,,ELBG,697,1,3783198,,,f,f,
1642,2026-05-03 23:50:16.449004+02,"{""fleet number"": ""-\n+12280""}",,,TFLO,,,ELBG,9,1,3782067,,,f,f,
1497,2026-05-01 00:14:55.482722+02,"{""fleet number"": ""-\n+19736""}",,,TFLO,,,ELBG,697,1,3777902,,,f,f,
1498,2026-05-01 00:15:27.046439+02,"{""fleet number"": ""-\n+19737""}",,,TFLO,,,ELBG,697,1,3777910,,,f,f,
1646,2026-05-03 23:51:33.460776+02,"{""fleet number"": ""-\n+12309""}",,,TFLO,,,ELBG,9,1,3777668,,,f,f,
1499,2026-05-01 00:15:41.335967+02,"{""fleet number"": ""-\n+19738""}",,,TFLO,,,ELBG,697,1,3777932,,,f,f,
1500,2026-05-01 00:15:56.339475+02,"{""fleet number"": ""-\n+19739""}",,,TFLO,,,ELBG,697,1,3779841,,,f,f,
1649,2026-05-03 23:52:10.488764+02,"{""fleet number"": ""-\n+12312""}",,,TFLO,,,ELBG,9,1,3781623,,,f,f,
1501,2026-05-01 00:16:09.249403+02,"{""fleet number"": ""-\n+19740""}",,,TFLO,,,,,1,3777933,,,f,f,
1502,2026-05-01 00:16:39.047639+02,"{""fleet number"": ""-\n+19741""}",,,TFLO,,,ELBG,697,1,3783044,,,f,f,
1651,2026-05-03 23:52:35.212965+02,"{""fleet number"": ""-\n+12315""}",,,TFLO,,,ELBG,9,1,3777749,,,f,f,
1503,2026-05-01 00:16:59.642412+02,"{""fleet number"": ""-\n+19774""}",,,TFLO,,,ELBG,697,1,3778100,,,f,f,
1504,2026-05-01 00:17:12.909899+02,"{""fleet number"": ""-\n+19775""}",,,TFLO,,,ELBG,697,1,3781633,,,f,f,
1505,2026-05-01 00:17:24.437283+02,"{""fleet number"": ""-\n+19776""}",,,TFLO,,,ELBG,697,1,3778101,,,f,f,
1939,2026-05-04 19:04:17.258374+02,{},,,LGEN,,,FTLO,,1,12400,,,f,f,
1702,2026-05-04 11:21:53.506039+02,"{""reg"": ""-\n+HW08AOT""}",,,,,268,,66,1,27070,,,f,f,
2475,2026-05-04 22:51:20.786589+02,"{""fleet number"": ""-\n+VWH2044""}",,,TFLO,,,MTLN,103,1,3780167,,,f,f,
1703,2026-05-04 11:22:06.620558+02,"{""reg"": ""-\n+HW58ARU""}",,,,,268,,66,1,27071,,,f,f,
1943,2026-05-04 19:04:36.540375+02,{},,,LGEN,,,FTLO,,1,12404,,,f,f,
1705,2026-05-04 11:22:41.606295+02,"{""reg"": ""-\n+HW58ARZ""}",,,,,2855,,66,1,27073,,,f,f,
2741,2026-05-05 11:23:44.823914+02,"{""reg"": ""-\n+HF05GGY""}",,,,,2867,,115,1,27226,,,f,f,
1708,2026-05-04 11:24:41.467498+02,"{""reg"": ""-\n+HW58ATU""}",,,,,268,,66,1,27076,,,f,f,
1944,2026-05-04 19:04:42.644824+02,{},,,LGEN,,,FTLO,,1,12405,,,f,f,
1710,2026-05-04 11:25:43.855958+02,"{""reg"": ""-\n+HF58GYY""}",,,,,820,,62,1,27078,,,f,f,
1711,2026-05-04 11:26:02.06426+02,"{""reg"": ""-\n+HF58GYZ""}",,,,,820,,62,1,27079,,,f,f,
1945,2026-05-04 19:04:48.328552+02,{},,,LGEN,,,FTLO,,1,12406,,,f,f,
1716,2026-05-04 11:29:03.39018+02,"{""reg"": ""-\n+HW09BCF""}",,,,,820,,66,1,27083,,,f,f,
1720,2026-05-04 11:30:52.140308+02,"{""reg"": ""-\n+HW09BCV""}",,,,,820,,66,1,27087,,,f,f,
1946,2026-05-04 19:04:52.988914+02,{},,,LGEN,,,FTLO,,1,12407,,,f,f,
1724,2026-05-04 16:05:39.588099+02,"{""reg"": ""-\n+HF58GZH""}",,,,,820,,62,1,27091,,,f,f,
1736,2026-05-04 16:10:18.896661+02,"{""reg"": ""-HF59DMU\n+HF59DMO""}",,,,,,,,1,27100,,,f,f,
1951,2026-05-04 19:05:27.069857+02,{},,,LGEN,,,FTLO,,1,12412,,,f,f,
1737,2026-05-04 16:10:32.487619+02,"{""reg"": ""-\n+HF59DMU""}",,,,,2866,,64,1,27101,,,f,f,
1739,2026-05-04 16:11:14.359558+02,"{""reg"": ""-\n+HF59DMX""}",,,,,268,,64,1,3788174,,,f,f,
1955,2026-05-04 19:05:53.749968+02,{},,,LGEN,,,FTLO,,1,12416,,,f,f,
1741,2026-05-04 16:12:16.889064+02,"{""reg"": ""-\n+HF09FVR""}",,,,,268,,64,1,3784839,,,f,f,
1744,2026-05-04 16:13:17.948223+02,"{""reg"": ""-\n+HF59FAJ""}",,,,,328,,61,1,3788351,,,f,f,
1957,2026-05-04 19:06:26.125335+02,{},,,LGEN,,,FTLO,,1,12419,,,f,f,
1745,2026-05-04 16:13:31.502622+02,"{""reg"": ""-\n+HF59FAK""}",,,,,328,,61,1,3789301,,,f,f,
1746,2026-05-04 16:15:58.7592+02,"{""reg"": ""-\n+HJ63JHZ""}",,,,,107,,697,1,27104,,,f,f,
1958,2026-05-04 19:06:31.9336+02,{},,,LGEN,,,FTLO,,1,12420,,,f,f,
1750,2026-05-04 16:17:43.919954+02,"{""reg"": ""-\n+HJ63JJL""}",,,,,107,,697,1,27108,,,f,f,
1755,2026-05-04 16:19:11.008191+02,"{""reg"": ""-\n+HJ63JJX""}",,,,,820,,697,1,27110,,,f,f,
1967,2026-05-04 19:08:32.736641+02,"{""withdrawn"": ""-No\n+Yes""}",,,,,,,,1,12426,,,f,f,
1758,2026-05-04 16:20:41.955266+02,"{""reg"": ""-\n+HJ63JKE""}",,,,,268,,697,1,27112,,,f,f,
1763,2026-05-04 16:23:04.42162+02,"{""reg"": ""-\n+HF65AYS""}",,,,,268,,697,1,27118,,,f,f,
1969,2026-05-04 19:09:19.399213+02,{},,,LGEN,,,GAHL,,1,12431,,,f,f,
1764,2026-05-04 16:23:38.774447+02,"{""reg"": ""-\n+HF66CDY""}",,,,,820,,8,1,1131225,,,f,f,
1770,2026-05-04 16:25:41.986812+02,"{""reg"": ""-\n+HF66CEO""}",,,,,820,,8,1,27123,,,f,f,
1977,2026-05-04 19:12:26.631168+02,"{""fleet number"": ""-\n+T294""}",,,TFLO,,,AVLO,697,1,3781487,,,f,f,
1772,2026-05-04 16:26:28.464474+02,"{""reg"": ""-\n+HF66CEV""}",,,,,820,,8,1,27125,,,f,f,
1773,2026-05-04 16:27:19.627183+02,"{""reg"": ""-\n+HF66CFO""}",,,,,4031,,8,1,27127,,,f,f,
1979,2026-05-04 19:13:13.963558+02,"{""fleet number"": ""-\n+T300""}",,,TFLO,,,AVLO,697,1,3783845,,,f,f,
1774,2026-05-04 16:27:34.394437+02,"{""reg"": ""-\n+HF66CFP""}",,,,,4031,,8,1,3786640,,,f,f,
1775,2026-05-04 16:27:45.834923+02,"{""reg"": ""-\n+HF66CFU""}",,,,,4031,,8,1,27128,,,f,f,
1982,2026-05-04 19:14:11.527497+02,"{""fleet number"": ""-\n+10158""}",,,TFLO,,,ELBG,697,1,3778220,,,f,f,
1778,2026-05-04 16:28:59.986747+02,"{""reg"": ""-\n+HF69CRV""}",,,,,820,,8,1,27131,,,f,f,
1784,2026-05-04 16:31:07.862444+02,"{""reg"": ""-\n+HF20CFN""}",,,,,820,,8,1,27137,,,f,f,
1984,2026-05-04 19:14:47.827877+02,"{""fleet number"": ""-\n+10156""}",,,TFLO,,,ELBG,697,1,3778213,,,f,f,
1787,2026-05-04 16:32:08.804922+02,"{""reg"": ""-\n+HJ22UXX""}",,,,,2445,,8,1,27140,,,f,f,
1985,2026-05-04 19:15:01.439699+02,"{""fleet number"": ""-\n+10155""}",,,TFLO,,,ELBG,697,1,3777795,,,f,f,
1992,2026-05-04 19:18:55.561758+02,"{""fleet number"": ""-\n+WHV20""}",,,TFLO,,,LGEN,102,1,3787075,,,f,f,
1994,2026-05-04 19:20:04.037752+02,"{""fleet number"": ""-\n+WHV22""}",,,TFLO,,,LGEN,102,1,3781333,,,f,f,
1998,2026-05-04 19:20:57.293787+02,"{""fleet number"": ""-\n+WHV26""}",,,TFLO,,,LGEN,102,1,3779256,,,f,f,
2008,2026-05-04 19:24:23.965555+02,"{""fleet number"": ""-\n+WVL493""}",,,TFLO,,,MBGA,124,1,3776838,,,f,f,
2012,2026-05-04 19:26:13.275293+02,"{""fleet number"": ""-\n+WVL485""}",,,TFLO,,,MBGA,124,1,3776853,,,f,f,
2013,2026-05-04 19:26:34.902297+02,"{""fleet number"": ""-\n+WVL486""}",,,TFLO,,,MBGA,124,1,3776829,,,f,f,
2019,2026-05-04 19:28:41.056256+02,"{""fleet number"": ""-\n+HV47""}",,,TFLO,,,AVLO,102,1,3785195,,,f,f,
2020,2026-05-04 19:28:52.201614+02,"{""fleet number"": ""-\n+HV77""}",,,TFLO,,,AVLO,102,1,3777529,,,f,f,
2024,2026-05-04 19:29:40.303684+02,"{""fleet number"": ""-\n+HV79""}",,,TFLO,,,AVLO,102,1,3787472,,,f,f,
2167,2026-05-04 20:54:27.001381+02,"{""fleet number"": ""-\n+E274""}",,,TFLO,,,LONC,697,1,3781917,,,f,f,
2168,2026-05-04 20:54:41.648977+02,"{""fleet number"": ""-\n+E275""}",,,TFLO,,,LONC,,1,3779519,,,f,f,
2169,2026-05-04 20:55:05.022071+02,"{""fleet number"": ""-\n+12500""}",,,TFLO,,,ELBG,9,1,3778165,,,f,f,
2170,2026-05-04 20:55:49.025466+02,"{""fleet number"": ""-\n+10164""}",,,TFLO,,,ELBG,697,1,3783645,,,f,f,
2171,2026-05-04 20:56:01.715461+02,"{""fleet number"": ""-\n+10165""}",,,TFLO,,,ELBG,697,1,3777799,,,f,f,
2172,2026-05-04 20:56:13.176564+02,"{""fleet number"": ""-\n+10166""}",,,TFLO,,,ELBG,697,1,3783150,,,f,f,
2173,2026-05-04 20:56:26.993582+02,"{""fleet number"": ""-\n+10167""}",,,TFLO,,,ELBG,697,1,3777569,,,f,f,
2174,2026-05-04 20:56:49.790853+02,"{""fleet number"": ""-\n+10168""}",,,TFLO,,,ELBG,697,1,3782671,,,f,f,
2175,2026-05-04 20:57:00.347245+02,"{""fleet number"": ""-\n+10169""}",,,TFLO,,,ELBG,697,1,3777574,,,f,f,
2176,2026-05-04 20:57:13.309541+02,"{""fleet number"": ""-\n+10170""}",,,TFLO,,,ELBG,697,1,3777575,,,f,f,
2177,2026-05-04 20:57:27.667874+02,"{""fleet number"": ""-\n+10171""}",,,TFLO,,,ELBG,697,1,3781189,,,f,f,
2178,2026-05-04 20:57:41.087928+02,"{""fleet number"": ""-\n+10172""}",,,TFLO,,,ELBG,697,1,3782425,,,f,f,
2179,2026-05-04 20:57:53.658917+02,"{""fleet number"": ""-\n+10173""}",,,TFLO,,,ELBG,697,1,3777566,,,f,f,
2180,2026-05-04 20:59:00.886449+02,"{""fleet number"": ""-\n+10175""}",,,TFLO,,,ELBG,697,1,3783230,,,f,f,
2181,2026-05-04 20:59:15.634834+02,"{""fleet number"": ""-\n+10176""}",,,TFLO,,,ELBG,697,1,3777567,,,f,f,
2182,2026-05-04 20:59:48.446997+02,"{""fleet number"": ""-\n+10177""}",,,TFLO,,,ELBG,697,1,3783787,,,f,f,
2183,2026-05-04 21:00:07.476892+02,"{""fleet number"": ""-\n+10178""}",,,TFLO,,,ELBG,697,1,3782390,,,f,f,
2184,2026-05-04 21:00:32.303792+02,"{""fleet number"": ""-\n+10179""}",,,TFLO,,,ELBG,697,1,3777568,,,f,f,
2185,2026-05-04 21:00:55.8452+02,"{""fleet number"": ""-\n+10180""}",,,TFLO,,,ELBG,697,1,3782361,,,f,f,
2186,2026-05-04 21:01:09.310784+02,"{""fleet number"": ""-\n+10181""}",,,TFLO,,,ELBG,697,1,3786693,,,f,f,
1704,2026-05-04 11:22:26.94117+02,"{""reg"": ""-\n+HW58ARX""}",,,,,2855,,66,1,27072,,,f,f,
1940,2026-05-04 19:04:22.567712+02,{},,,LGEN,,,FTLO,,1,12401,,,f,f,
1709,2026-05-04 11:25:30.390989+02,"{""reg"": ""-\n+HF58GYW""}",,,,,820,,62,1,27077,,,f,f,
1712,2026-05-04 11:26:36.524634+02,"{""reg"": ""-\n+HF58GZB""}",,,,,268,,62,1,27080,,,f,f,
1941,2026-05-04 19:04:27.641373+02,{},,,LGEN,,,FTLO,,1,12402,,,f,f,
1717,2026-05-04 11:29:58.966445+02,"{""reg"": ""-\n+HW09BCK""}",,,,,820,,66,1,27084,,,f,f,
3089,2026-05-05 23:10:32.169726+02,{},,,,3,,,265,1,3783208,,,f,f,
1722,2026-05-04 16:05:03.447666+02,"{""reg"": ""-\n+HF58GZE""}",,,,,820,,62,1,27089,,,f,f,
1942,2026-05-04 19:04:31.958385+02,{},,,LGEN,,,FTLO,,1,12403,,,f,f,
1725,2026-05-04 16:05:59.505402+02,"{""reg"": ""-\n+HF58GZJ""}",,,,,820,,62,1,27092,,,f,f,
1728,2026-05-04 16:07:05.556262+02,"{""reg"": ""-\n+HF58GZM""}",,,,,820,,62,1,27095,,,f,f,
1947,2026-05-04 19:04:58.467907+02,{},,,LGEN,,,FTLO,,1,12408,,,f,f,
1729,2026-05-04 16:07:20.560865+02,"{""reg"": ""-\n+HF58GZN""}",,,,,820,,62,1,3784969,,,f,f,
1730,2026-05-04 16:07:34.880817+02,"{""reg"": ""-\n+HF58GZO""}",,,,,820,,62,1,27096,,,f,f,
1948,2026-05-04 19:05:04.57758+02,{},,,LGEN,,,FTLO,,1,12409,,,f,f,
1734,2026-05-04 16:09:45.898212+02,"{""reg"": ""-\n+HF09FVY""}",,,,,2866,,64,1,27099,,,f,f,
1735,2026-05-04 16:10:03.336901+02,"{""reg"": ""-\n+HF59DMU""}",,,,,2866,,64,1,27100,,,f,f,
1949,2026-05-04 19:05:10.037205+02,{},,,LGEN,,,FTLO,,1,12410,,,f,f,
1751,2026-05-04 16:17:55.440024+02,"{""reg"": ""-\n+HJ63JJO""}",,,,,107,,697,1,3784798,,,f,f,
1753,2026-05-04 16:18:25.858047+02,"{""reg"": ""-\n+HJ63JJU""}",,,,,820,,697,1,27109,,,f,f,
1952,2026-05-04 19:05:32.634084+02,{},,,LGEN,,,FTLO,,1,12413,,,f,f,
1754,2026-05-04 16:18:53.453106+02,"{""reg"": ""-\n+HJ63JJV""}",,,,,820,,697,1,3785547,,,f,f,
1757,2026-05-04 16:19:53.202768+02,"{""reg"": ""-\n+HJ63JJZ""}",,,,,268,,697,1,3785868,,,f,f,
1954,2026-05-04 19:05:43.787443+02,{},,,LGEN,,,FTLO,,1,12415,,,f,f,
1761,2026-05-04 16:22:17.388536+02,"{""reg"": ""-\n+HF65AYN""}",,,,,820,,697,1,27116,,,f,f,
1765,2026-05-04 16:23:59.942133+02,"{""reg"": ""-\n+HF66CDZ""}",,,,,820,,8,1,27119,,,f,f,
1956,2026-05-04 19:05:59.205906+02,{},,,LGEN,,,FTLO,,1,757002,,,f,f,
1766,2026-05-04 16:24:17.570437+02,"{""reg"": ""-\n+HF66CEA""}",,,,,820,,8,1,27120,,,f,f,
1780,2026-05-04 16:29:29.879737+02,"{""reg"": ""-\n+HF69CRZ""}",,,,,820,,8,1,27133,,,f,f,
1960,2026-05-04 19:06:40.681743+02,{},,,LGEN,,,FTLO,,1,12422,,,f,f,
1785,2026-05-04 16:31:19.700058+02,"{""reg"": ""-\n+HF20CFO""}",,,,,820,,8,1,27138,,,f,f,
1962,2026-05-04 19:06:50.212599+02,{},,,LGEN,,,FTLO,,1,12418,,,f,f,
1963,2026-05-04 19:06:55.009519+02,{},,,LGEN,,,FTLO,,1,12417,,,f,f,
1966,2026-05-04 19:08:27.479928+02,"{""withdrawn"": ""-No\n+Yes""}",,,,,,,,1,12425,,,f,f,
1968,2026-05-04 19:09:06.81888+02,{},,,LGEN,,,GAHL,,1,12430,,,f,f,
1971,2026-05-04 19:09:48.649855+02,{},,,LGEN,,,FTLO,,1,12429,,,f,f,
1972,2026-05-04 19:09:54.243026+02,{},,,LGEN,,,FTLO,,1,12428,,,f,f,
1973,2026-05-04 19:10:00.084083+02,{},,,LGEN,,,FTLO,,1,12427,,,f,f,
1980,2026-05-04 19:13:51.158151+02,"{""fleet number"": ""-\n+10160""}",,,TFLO,,,ELBG,697,1,3782796,,,f,f,
1981,2026-05-04 19:14:01.087989+02,"{""fleet number"": ""-\n+10159""}",,,TFLO,,,ELBG,697,1,3778221,,,f,f,
1983,2026-05-04 19:14:29.318589+02,"{""fleet number"": ""-\n+10157""}",,,TFLO,,,ELBG,697,1,3778219,,,f,f,
1986,2026-05-04 19:15:15.432509+02,"{""fleet number"": ""-\n+10163""}",,,TFLO,,,ELBG,697,1,3783031,,,f,f,
1988,2026-05-04 19:15:45.062443+02,"{""fleet number"": ""-\n+10161""}",,,TFLO,,,ELBG,697,1,3778291,,,f,f,
1990,2026-05-04 19:18:23.118944+02,"{""fleet number"": ""-\n+WHV18""}",,,TFLO,,,LGEN,102,1,3783276,,,f,f,
1991,2026-05-04 19:18:35.018477+02,"{""fleet number"": ""-\n+WHV19""}",,,TFLO,,,LGEN,102,1,3779251,,,f,f,
1993,2026-05-04 19:19:45.008462+02,"{""fleet number"": ""-\n+WHV21""}",,,TFLO,,,LGEN,102,1,3779252,,,f,f,
1997,2026-05-04 19:20:45.296566+02,"{""fleet number"": ""-\n+WHV25""}",,,TFLO,,,LGEN,102,1,3779255,,,f,f,
2000,2026-05-04 19:21:45.912882+02,"{""fleet number"": ""-\n+WHV29""}",,,TFLO,,,LGEN,102,1,3785252,,,f,f,
2001,2026-05-04 19:21:59.496962+02,"{""fleet number"": ""-\n+WHV30""}",,,TFLO,,,LGEN,102,1,3781365,,,f,f,
2002,2026-05-04 19:22:14.437535+02,"{""fleet number"": ""-\n+WVL487""}",,,TFLO,,,MBGA,124,1,3781030,,,f,f,
2004,2026-05-04 19:22:53.599288+02,"{""fleet number"": ""-\n+WVL489""}",,,TFLO,,,MBGA,124,1,3776835,,,f,f,
2005,2026-05-04 19:23:39.136653+02,"{""fleet number"": ""-\n+WVL490""}",,,TFLO,,,MBGA,124,1,3782841,,,f,f,
2007,2026-05-04 19:24:05.967386+02,"{""fleet number"": ""-\n+WVL492""}",,,TFLO,,,MBGA,124,1,3782925,,,f,f,
2009,2026-05-04 19:24:50.916507+02,"{""fleet number"": ""-\n+WVL494""}",,,TFLO,,,MBGA,124,1,3776837,,,f,f,
2010,2026-05-04 19:25:38.96194+02,"{""fleet number"": ""-\n+WVL495""}",,,TFLO,,,MBGA,124,1,3783212,,,f,f,
2011,2026-05-04 19:25:56.98491+02,"{""fleet number"": ""-\n+WVL482""}",,,TFLO,,,LGEN,124,1,3779244,,,f,f,
2015,2026-05-04 19:27:33.026065+02,"{""fleet number"": ""-\n+DW505""}",,,TFLO,,,AVLO,301,1,3783733,,,f,f,
2017,2026-05-04 19:28:12.825143+02,"{""fleet number"": ""-\n+DW506""}",,,TFLO,,,AVLO,301,1,3783621,,,f,f,
2021,2026-05-04 19:29:03.887494+02,"{""fleet number"": ""-\n+HV48""}",,,TFLO,,,AVLO,102,1,3777406,,,f,f,
2027,2026-05-04 19:30:16.699372+02,"{""fleet number"": ""-\n+HV81""}",,,TFLO,,,AVLO,102,1,3787198,,,f,f,
2029,2026-05-04 19:30:46.659052+02,"{""fleet number"": ""-\n+DW500""}",,,TFLO,,,AVLO,301,1,3776033,,,f,f,
2187,2026-05-04 21:02:12.553011+02,"{""fleet number"": ""-\n+10182""}",,,TFLO,,,ELBG,697,1,3777570,,,f,f,
2201,2026-05-04 21:09:04.444513+02,"{""fleet number"": ""-\n+WS33""}",,,TFLO,,,MBGA,131,1,3776917,,,f,f,
2207,2026-05-04 21:10:55.62232+02,"{""fleet number"": ""-\n+WS43""}",,,TFLO,,,MBGA,131,1,3785715,,,f,f,
2209,2026-05-04 21:12:24.096119+02,"{""fleet number"": ""-\n+46""}",,,TFLO,,,UNOL,131,1,3788939,,,f,f,
2210,2026-05-04 21:12:57.43705+02,"{""fleet number"": ""-\n+WS47""}",,,TFLO,,,MBGA,131,1,3783020,,,f,f,
2214,2026-05-04 21:14:49.762929+02,"{""fleet number"": ""-\n+2467""}",,,TFLO,,,ABLO,9,1,3776480,,,f,f,
2216,2026-05-04 21:17:33.800439+02,"{""fleet number"": ""-\n+2469""}",,,TFLO,,,ABLO,9,1,3776481,,,f,f,
2218,2026-05-04 21:17:55.011401+02,"{""fleet number"": ""-\n+2471""}",,,TFLO,,,ABLO,9,1,3776482,,,f,f,
2220,2026-05-04 21:18:20.65957+02,"{""fleet number"": ""-\n+2473""}",,,TFLO,,,ABLO,9,1,3780979,,,f,f,
2221,2026-05-04 21:18:32.71472+02,"{""fleet number"": ""-\n+2474""}",,,TFLO,,,ABLO,9,1,3776484,,,f,f,
2222,2026-05-04 21:18:46.742071+02,"{""fleet number"": ""-\n+2475""}",,,TFLO,,,ABLO,9,1,3779794,,,f,f,
2224,2026-05-04 21:19:13.829943+02,"{""fleet number"": ""-\n+2477""}",,,TFLO,,,ABLO,9,1,3776485,,,f,f,
2225,2026-05-04 21:19:23.600265+02,"{""fleet number"": ""-\n+2478""}",,,TFLO,,,ABLO,9,1,3780980,,,f,f,
2226,2026-05-04 21:19:34.030347+02,"{""fleet number"": ""-\n+2479""}",,,TFLO,,,ABLO,9,1,3780981,,,f,f,
3142,2026-05-06 11:37:08.049911+02,"{""reg"": ""-\n+HF18CJX""}",,,,,107,,5,1,7399,,,f,f,
1706,2026-05-04 11:23:15.101478+02,"{""reg"": ""-\n+HW58ASU""}",,,,,268,,66,1,3788651,,,f,f,
1950,2026-05-04 19:05:15.754936+02,{},,,LGEN,,,FTLO,,1,12411,,,f,f,
1713,2026-05-04 11:27:09.46581+02,"{""reg"": ""-\n+HF58GZC""}",,,,,268,,62,1,3784319,,,f,f,
1714,2026-05-04 11:27:22.830538+02,"{""reg"": ""-\n+HF58GZD""}",,,,,268,,62,1,27081,,,f,f,
1953,2026-05-04 19:05:37.591115+02,{},,,LGEN,,,FTLO,,1,12414,,,f,f,
1715,2026-05-04 11:28:22.765644+02,"{""reg"": ""-\n+HW09BBU""}",,,,,268,,66,1,27082,,,f,f,
1718,2026-05-04 11:30:14.223138+02,"{""reg"": ""-\n+HW09BCO""}",,,,,820,,66,1,27085,,,f,f,
1959,2026-05-04 19:06:35.966215+02,{},,,LGEN,,,FTLO,,1,12421,,,f,f,
1719,2026-05-04 11:30:32.041699+02,"{""reg"": ""-\n+HF09BCU""}",,,,,820,,66,1,27086,,,f,f,
1723,2026-05-04 16:05:15.702004+02,"{""reg"": ""-\n+HF58GZG""}",,,,,820,,62,1,27090,,,f,f,
1961,2026-05-04 19:06:45.282989+02,{},,,LGEN,,,FTLO,,1,12423,,,f,f,
1731,2026-05-04 16:08:03.122814+02,"{""reg"": ""-\n+BX09PFD""}",,,,,820,,697,1,3787892,,,f,f,
1733,2026-05-04 16:09:30.990742+02,"{""reg"": ""-\n+HF09FVX""}",,,,,2866,,64,1,27098,,,f,f,
1742,2026-05-04 16:12:34.748118+02,"{""reg"": ""-\n+HF09FVS""}",,,,,268,,64,1,27103,,,f,f,
1965,2026-05-04 19:08:20.577369+02,"{""withdrawn"": ""-No\n+Yes""}",,,,,,,,1,12424,,,f,f,
1747,2026-05-04 16:16:16.684036+02,"{""reg"": ""-\n+HJ63JE""}",,,,,107,,697,1,27105,,,f,f,
1752,2026-05-04 16:18:07.93842+02,{},,107,,,820,,,1,3784798,,,f,f,
1970,2026-05-04 19:09:32.770521+02,{},,,LGEN,,,GAHL,,1,12432,,,f,f,
1756,2026-05-04 16:19:33.851509+02,"{""reg"": ""-\n+HJ63JJY""}",,,,,820,,697,1,27111,,,f,f,
1762,2026-05-04 16:22:30.742464+02,"{""reg"": ""-\n+HF65AYO""}",,,,,820,,697,1,27117,,,f,f,
1974,2026-05-04 19:11:45.978168+02,"{""fleet number"": ""-\n+T288""}",,,TFLO,,,AVLO,697,1,3780570,,,f,f,
1767,2026-05-04 16:24:29.484231+02,"{""reg"": ""-\n+HF66CEJ""}",,,,,820,,8,1,27121,,,f,f,
1769,2026-05-04 16:25:26.947276+02,"{""reg"": ""-\n+HF66CEN""}",,,,,820,,8,1,27122,,,f,f,
1975,2026-05-04 19:11:58.382178+02,"{""fleet number"": ""-\n+T292""}",,,TFLO,,,AVLO,697,1,3780639,,,f,f,
1771,2026-05-04 16:26:12.7864+02,"{""reg"": ""-\n+HF66CEU""}",,,,,820,,8,1,27124,,,f,f,
1782,2026-05-04 16:30:18.988107+02,"{""reg"": ""-\n+HF69CSU""}",,,,,820,,8,1,27135,,,f,f,
1976,2026-05-04 19:12:14.268673+02,"{""fleet number"": ""-\n+T291""}",,,TFLO,,,AVLO,697,1,3780638,,,f,f,
1786,2026-05-04 16:31:47.292067+02,"{""reg"": ""-\n+HJ22UXW""}",,,,,2445,,8,1,27139,,,f,f,
1788,2026-05-04 16:32:43.54184+02,"{""reg"": ""-\n+HJ22UXY""}",,,,,3764,,8,1,27141,,,f,f,
1978,2026-05-04 19:12:50.762568+02,"{""fleet number"": ""-\n+T297""}",,,TFLO,,,AVLO,697,1,3784726,,,f,f,
1987,2026-05-04 19:15:26.965388+02,"{""fleet number"": ""-\n+10162""}",,,TFLO,,,ELBG,697,1,3778308,,,f,f,
1989,2026-05-04 19:16:31.519349+02,"{""fleet number"": ""-\n+WHV111""}",,,TFLO,,,LONC,103,1,3788336,,,f,f,
1995,2026-05-04 19:20:18.951167+02,"{""fleet number"": ""-\n+WHV23""}",,,TFLO,,,LGEN,102,1,3779253,,,f,f,
1996,2026-05-04 19:20:32.545945+02,"{""fleet number"": ""-\n+WHV24""}",,,TFLO,,,LGEN,102,1,3782823,,,f,f,
1999,2026-05-04 19:21:09.500237+02,"{""fleet number"": ""-\n+WHV28""}",,,TFLO,,,LGEN,102,1,3785257,,,f,f,
2003,2026-05-04 19:22:32.328486+02,"{""fleet number"": ""-\n+WVL488""}",,,TFLO,,,MBGA,124,1,3776834,,,f,f,
2006,2026-05-04 19:23:51.423662+02,"{""fleet number"": ""-\n+WVL491""}",,,TFLO,,,MBGA,124,1,3776827,,,f,f,
2014,2026-05-04 19:26:55.838254+02,"{""fleet number"": ""-\n+WVL467""}",,,TFLO,,,LONC,124,1,3781692,,,f,f,
2016,2026-05-04 19:27:44.763049+02,"{""fleet number"": ""-\n+HV65""}",,,TFLO,,,AVLO,102,1,3783177,,,f,f,
2018,2026-05-04 19:28:25.381266+02,"{""fleet number"": ""-\n+HV66""}",,,TFLO,,,AVLO,102,1,3781883,,,f,f,
2022,2026-05-04 19:29:15.112881+02,"{""fleet number"": ""-\n+HV49""}",,,TFLO,,,AVLO,102,1,3777440,,,f,f,
2023,2026-05-04 19:29:26.778024+02,"{""fleet number"": ""-\n+HV78""}",,,TFLO,,,AVLO,102,1,3780634,,,f,f,
2025,2026-05-04 19:29:51.861698+02,"{""fleet number"": ""-\n+HV50""}",,,TFLO,,,AVLO,102,1,3777441,,,f,f,
2026,2026-05-04 19:30:03.588245+02,"{""fleet number"": ""-\n+HV80""}",,,TFLO,,,AVLO,102,1,3782527,,,f,f,
2028,2026-05-04 19:30:30.460101+02,"{""fleet number"": ""-\n+DW499""}",,,TFLO,,,AVLO,301,1,3781941,,,f,f,
2030,2026-05-04 19:30:58.662378+02,"{""fleet number"": ""-\n+DW501""}",,,TFLO,,,AVLO,301,1,3783508,,,f,f,
2031,2026-05-04 19:31:17.051036+02,"{""fleet number"": ""-\n+HV51""}",,,TFLO,,,AVLO,102,1,3785091,,,f,f,
2032,2026-05-04 19:31:42.503019+02,"{""fleet number"": ""-\n+HV52""}",,,TFLO,,,AVLO,102,1,3777442,,,f,f,
2033,2026-05-04 19:31:53.920597+02,"{""fleet number"": ""-\n+DW502""}",,,TFLO,,,AVLO,301,1,3783580,,,f,f,
2034,2026-05-04 19:32:04.540668+02,"{""fleet number"": ""-\n+HV53""}",,,TFLO,,,AVLO,102,1,3781114,,,f,f,
2035,2026-05-04 19:32:16.403795+02,"{""fleet number"": ""-\n+DW503""}",,,TFLO,,,AVLO,301,1,3783668,,,f,f,
2036,2026-05-04 19:32:27.830161+02,"{""fleet number"": ""-\n+HV67""}",,,TFLO,,,AVLO,102,1,3782983,,,f,f,
2037,2026-05-04 19:32:37.712051+02,"{""fleet number"": ""-\n+HV54""}",,,TFLO,,,AVLO,102,1,3781596,,,f,f,
2038,2026-05-04 19:32:48.379403+02,"{""fleet number"": ""-\n+HV55""}",,,TFLO,,,AVLO,102,1,3784493,,,f,f,
2039,2026-05-04 19:33:03.614619+02,"{""fleet number"": ""-\n+HV68""}",,,TFLO,,,AVLO,102,1,3777520,,,f,f,
2040,2026-05-04 19:33:16.027784+02,"{""fleet number"": ""-\n+HV69""}",,,TFLO,,,AVLO,102,1,3775953,,,f,f,
2041,2026-05-04 19:33:31.735863+02,"{""fleet number"": ""-\n+HV70""}",,,TFLO,,,AVLO,102,1,3785070,,,f,f,
2042,2026-05-04 19:33:44.070918+02,"{""fleet number"": ""-\n+HV71""}",,,TFLO,,,AVLO,102,1,3777522,,,f,f,
2043,2026-05-04 19:34:04.469703+02,"{""fleet number"": ""-\n+HV72""}",,,TFLO,,,AVLO,102,1,3777528,,,f,f,
2044,2026-05-04 19:34:13.815812+02,"{""fleet number"": ""-\n+HV73""}",,,TFLO,,,AVLO,102,1,3786216,,,f,f,
2045,2026-05-04 19:34:28.72756+02,"{""fleet number"": ""-\n+HV74""}",,,TFLO,,,AVLO,102,1,3777527,,,f,f,
2046,2026-05-04 19:34:43.791396+02,"{""fleet number"": ""-\n+HV75""}",,,TFLO,,,AVLO,102,1,3776170,,,f,f,
2047,2026-05-04 19:34:55.731485+02,"{""fleet number"": ""-\n+HV57""}",,,TFLO,,,AVLO,102,1,3777436,,,f,f,
2048,2026-05-04 19:35:10.502757+02,"{""fleet number"": ""-\n+HV58""}",,,TFLO,,,AVLO,102,1,3782183,,,f,f,
2049,2026-05-04 19:35:21.792355+02,"{""fleet number"": ""-\n+HV59""}",,,TFLO,,,AVLO,102,1,3781126,,,f,f,
2050,2026-05-04 19:35:36.195471+02,"{""fleet number"": ""-\n+HV61""}",,,TFLO,,,AVLO,102,1,3781127,,,f,f,
2051,2026-05-04 19:35:55.26228+02,"{""fleet number"": ""-\n+HV62""}",,,TFLO,,,AVLO,102,1,3782939,,,f,f,
2052,2026-05-04 19:36:07.016219+02,"{""fleet number"": ""-\n+DW504""}",,,TFLO,,,AVLO,301,1,3777252,,,f,f,
2053,2026-05-04 19:36:17.988994+02,"{""fleet number"": ""-\n+DW557""}",,,TFLO,,,AVLO,301,1,3779762,,,f,f,
2054,2026-05-04 19:36:31.937114+02,"{""fleet number"": ""-\n+DW558""}",,,TFLO,,,AVLO,301,1,3777306,,,f,f,
2055,2026-05-04 19:36:47.851177+02,"{""fleet number"": ""-\n+DW559""}",,,TFLO,,,AVLO,301,1,3777307,,,f,f,
2056,2026-05-04 19:36:59.938016+02,"{""fleet number"": ""-\n+DW560""}",,,TFLO,,,AVLO,301,1,3777308,,,f,f,
2057,2026-05-04 19:37:41.394575+02,"{""fleet number"": ""-\n+WHV36""}",,,TFLO,,,LGEN,102,1,3781980,,,f,f,
1707,2026-05-04 11:23:28.639166+02,"{""reg"": ""-\n+HW58ASV""}",,,,,268,,66,1,27075,,,f,f,
1721,2026-05-04 11:31:15.542286+02,"{""reg"": ""-\n+HW09BAA""}",,,,,820,,66,1,27088,,,f,f,
1726,2026-05-04 16:06:13.186214+02,"{""reg"": ""-\n+HF58GZK""}",,,,,820,,62,1,27093,,,f,f,
1727,2026-05-04 16:06:35.040518+02,"{""reg"": ""-\n+HF58GZL""}",,,,,268,,62,1,27094,,,f,f,
1732,2026-05-04 16:08:19.63916+02,"{""reg"": ""-\n+BX09PFJ""}",,,,,820,,697,1,27097,,,f,f,
1738,2026-05-04 16:10:47.705567+02,"{""reg"": ""-\n+HF59DMX""}",,,,,2866,,64,1,27102,,,f,f,
1740,2026-05-04 16:11:31.081937+02,"{""reg"": ""-HF59DMX\n+HF59DMV""}",,,,,,,,1,27102,,,f,f,
1743,2026-05-04 16:12:47.948889+02,"{""reg"": ""-\n+HF09FVT""}",,,,,268,,64,1,2425902,,,f,f,
1748,2026-05-04 16:17:08.527666+02,"{""reg"": ""-\n+HJ63JJF""}",,,,,107,,697,1,27106,,,f,f,
1749,2026-05-04 16:17:30.400414+02,"{""reg"": ""-\n+HJ63JJK""}",,,,,107,,697,1,27107,,,f,f,
1759,2026-05-04 16:21:08.303709+02,"{""reg"": ""-\n+HJ63JKV""}",,,,,268,,697,1,27113,,,f,f,
1760,2026-05-04 16:21:57.964065+02,"{""reg"": ""-\n+HF65AYB""}",,,,,820,,697,1,27115,,,f,f,
1768,2026-05-04 16:25:04.467444+02,"{""reg"": ""-\n+HF66CEK""}",,,,,1576,,8,1,1362942,,,f,f,
1776,2026-05-04 16:28:13.597576+02,"{""reg"": ""-\n+HF66CFV""}",,,,,3599,,8,1,27129,,,f,f,
1777,2026-05-04 16:28:29.667742+02,"{""reg"": ""-\n+HF66CFX""}",,,,,4031,,8,1,27130,,,f,f,
1779,2026-05-04 16:29:16.59368+02,"{""reg"": ""-\n+HF69CRX""}",,,,,820,,8,1,27132,,,f,f,
1781,2026-05-04 16:30:05.948118+02,"{""reg"": ""-\n+HF69CSO""}",,,,,820,,8,1,27134,,,f,f,
1783,2026-05-04 16:30:53.946764+02,"{""reg"": ""-\n+HF20CFM""}",,,,,820,,8,1,27136,,,f,f,
1789,2026-05-04 16:33:15.254494+02,"{""reg"": ""-\n+HJ22UXZ""}",,,,,2445,,8,1,27142,,,f,f,
1790,2026-05-04 16:33:58.64404+02,"{""reg"": ""-\n+HJ22UYA""}",,,,,2445,,8,1,27143,,,f,f,
1791,2026-05-04 16:34:14.125565+02,"{""reg"": ""-\n+HJ22UYB""}",,,,,2445,,8,1,27144,,,f,f,
1792,2026-05-04 16:34:35.582007+02,"{""reg"": ""-\n+HJ22UYC""}",,,,,2445,,8,1,27145,,,f,f,
1793,2026-05-04 16:34:53.093834+02,"{""reg"": ""-\n+HJ22UYD""}",,,,,2445,,8,1,27146,,,f,f,
1794,2026-05-04 16:35:07.869393+02,"{""reg"": ""-\n+HJ22UYE""}",,,,,2445,,8,1,27147,,,f,f,
1795,2026-05-04 16:35:21.847868+02,"{""reg"": ""-\n+HJ22UYF""}",,,,,2445,,8,1,27148,,,f,f,
1796,2026-05-04 16:35:37.32922+02,"{""reg"": ""-\n+HJ22WOR""}",,,,,2445,,8,1,27149,,,f,f,
1797,2026-05-04 16:35:53.599803+02,"{""reg"": ""-\n+HJ22WOU""}",,,,,2445,,8,1,27150,,,f,f,
1798,2026-05-04 16:36:21.922944+02,"{""reg"": ""-\n+HJ22WOV""}",,,,,,,8,1,27151,,,f,f,
1799,2026-05-04 16:36:52.254995+02,"{""reg"": ""-\n+HJ22WOX""}",,,,,,,8,1,27152,,,f,f,
1800,2026-05-04 16:37:03.856024+02,"{""reg"": ""-\n+HJ22WOY""}",,,,,,,8,1,27153,,,f,f,
1801,2026-05-04 16:38:01.422445+02,"{""reg"": ""-\n+HJ16HSV""}",,,,,1576,,261,1,27154,,,f,f,
1802,2026-05-04 16:38:15.979006+02,"{""reg"": ""-\n+HJ16HSX""}",,,,,1576,,261,1,27155,,,f,f,
1803,2026-05-04 16:38:26.060686+02,"{""reg"": ""-\n+HJ16HSY""}",,,,,1576,,261,1,27156,,,f,f,
1804,2026-05-04 16:38:39.821171+02,"{""reg"": ""-\n+HJ16HSZ""}",,,,,1576,,261,1,27157,,,f,f,
1805,2026-05-04 16:38:52.682216+02,"{""reg"": ""-\n+HJ16HTA""}",,,,,1576,,261,1,27158,,,f,f,
1806,2026-05-04 16:39:04.598683+02,"{""reg"": ""-\n+HJ16HTC""}",,,,,1576,,261,1,3784979,,,f,f,
1807,2026-05-04 16:39:21.022641+02,"{""reg"": ""-\n+HF66DSE""}",,,,,1576,,261,1,27159,,,f,f,
1808,2026-05-04 16:39:31.585811+02,"{""reg"": ""-\n+HF66DSO""}",,,,,1576,,261,1,3783942,,,f,f,
1809,2026-05-04 16:39:48.749476+02,"{""reg"": ""-\n+HF66DSU""}",,,,,1576,,261,1,27160,,,f,f,
1810,2026-05-04 16:40:03.783309+02,"{""reg"": ""-\n+HF66DSV""}",,,,,1576,,261,1,27161,,,f,f,
1811,2026-05-04 16:40:32.114842+02,"{""reg"": ""-\n+HF66DSX""}",,,,,1576,,261,1,27162,,,f,f,
1812,2026-05-04 16:40:43.471972+02,"{""reg"": ""-\n+HF66DSY""}",,,,,1576,,261,1,27163,,,f,f,
1813,2026-05-04 16:41:19.409882+02,"{""reg"": ""-\n+HJ73JJV""}",,,,,3055,,8,1,27164,,,f,f,
1814,2026-05-04 16:41:31.842931+02,"{""reg"": ""-\n+HJ73JJX""}",,,,,3055,,8,1,27165,,,f,f,
1815,2026-05-04 16:41:44.564037+02,"{""reg"": ""-\n+HJ73JJY""}",,,,,3055,,8,1,3784747,,,f,f,
1816,2026-05-04 16:41:58.084444+02,"{""reg"": ""-\n+HH73JJZ""}",,,,,3055,,8,1,27166,,,f,f,
1817,2026-05-04 16:42:27.781695+02,"{""reg"": ""-\n+HJ73JKE""}",,,,,3055,,8,1,27167,,,f,f,
1818,2026-05-04 16:42:57.421539+02,"{""reg"": ""-\n+HJ73JKF""}",,,,,3055,,8,1,27168,,,f,f,
1819,2026-05-04 16:43:20.281882+02,"{""reg"": ""-\n+HJ73JKK""}",,,,,3055,,8,1,27169,,,f,f,
1820,2026-05-04 16:43:37.257056+02,"{""reg"": ""-\n+HJ73JKN""}",,,,,3055,,8,1,27170,,,f,f,
1821,2026-05-04 16:43:48.294021+02,"{""reg"": ""-\n+HJ73JKO""}",,,,,3055,,8,1,27171,,,f,f,
1822,2026-05-04 16:44:06.60341+02,"{""reg"": ""-\n+HJ73JKU""}",,,,,3055,,8,1,3786051,,,f,f,
1823,2026-05-04 16:44:34.45908+02,"{""reg"": ""-\n+HJ73JKV""}",,,,,3055,,8,1,27172,,,f,f,
1824,2026-05-04 16:44:47.345037+02,"{""reg"": ""-\n+HJ73JKX""}",,,,,3055,,8,1,27173,,,f,f,
1825,2026-05-04 16:44:59.390543+02,"{""reg"": ""-\n+HJ73JKY""}",,,,,3055,,8,1,27174,,,f,f,
1826,2026-05-04 16:45:50.983293+02,"{""reg"": ""-\n+HJ73JKZ""}",,,,,3055,,8,1,27175,,,f,f,
1827,2026-05-04 16:46:10.095196+02,"{""reg"": ""-\n+HJ73JLO""}",,,,,3055,,8,1,27176,,,f,f,
1828,2026-05-04 16:46:23.697007+02,"{""reg"": ""-\n+HJ73NEN""}",,,,,3055,,8,1,27177,,,f,f,
1829,2026-05-04 16:46:34.336569+02,"{""reg"": ""-\n+HJ73NEO""}",,,,,3055,,8,1,27178,,,f,f,
1830,2026-05-04 16:46:44.737521+02,"{""reg"": ""-\n+HJ73NEU""}",,,,,3055,,8,1,27179,,,f,f,
1831,2026-05-04 16:47:10.418647+02,"{""reg"": ""-\n+HJ73NFA""}",,,,,3055,,8,1,27180,,,f,f,
1832,2026-05-04 16:47:38.142535+02,"{""reg"": ""-\n+HJ73NFC""}",,,,,3055,,8,1,27181,,,f,f,
1833,2026-05-04 16:47:59.79212+02,"{""reg"": ""-\n+HJ73NFD""}",,,,,3055,,8,1,27182,,,f,f,
1834,2026-05-04 18:13:25.473918+02,"{""fleet number"": ""-\n+WVN47""}",,,TFLO,,,LONC,124,1,3785696,,,f,f,
1835,2026-05-04 18:13:46.803399+02,"{""fleet number"": ""-\n+WVN46""}",,,TFLO,,,LONC,124,1,3782988,,,f,f,
1836,2026-05-04 18:14:12.612533+02,"{""fleet number"": ""-\n+WVN49""}",,,TFLO,,,LONC,124,1,3784511,,,f,f,
1837,2026-05-04 18:14:36.635078+02,"{""fleet number"": ""-\n+WVN51""}",,,TFLO,,,MBGA,124,1,3776914,,,f,f,
1838,2026-05-04 18:15:51.032841+02,"{""fleet number"": ""-\n+WVN48""}",,,TFLO,,,LONC,124,1,3779536,,,f,f,
1839,2026-05-04 18:16:22.146+02,"{""fleet number"": ""-\n+WVN50""}",,,TFLO,,,MBGA,124,1,3776913,,,f,f,
1840,2026-05-04 18:17:09.290566+02,"{""fleet number"": ""-\n+WVN52""}",,,TFLO,,,MBGA,124,1,3776906,,,f,f,
1841,2026-05-04 18:18:19.4181+02,"{""fleet number"": ""-\n+VWH2697""}",,,TFLO,,,MTLN,103,1,3780208,,,f,f,
1842,2026-05-04 18:18:40.075918+02,"{""fleet number"": ""-\n+VWH2698""}",,,TFLO,,,MTLN,103,1,3780209,,,f,f,
1843,2026-05-04 18:18:57.877218+02,"{""fleet number"": ""-\n+VWH2699""}",,,TFLO,,,MTLN,103,1,3780210,,,f,f,
1844,2026-05-04 18:19:13.208264+02,"{""fleet number"": ""-\n+VWH2700""}",,,TFLO,,,MTLN,103,1,3783190,,,f,f,
1845,2026-05-04 18:19:38.800101+02,"{""fleet number"": ""-\n+VWH2701""}",,,TFLO,,,MTLN,103,1,3782919,,,f,f,
2476,2026-05-04 22:51:32.977823+02,"{""fleet number"": ""-\n+VWH2045""}",,,TFLO,,,MTLN,103,1,3780168,,,f,f,
1846,2026-05-04 18:19:57.515487+02,"{""fleet number"": ""-\n+VWH2702""}",,,TFLO,,,MTLN,103,1,3782190,,,f,f,
2058,2026-05-04 19:38:01.676344+02,"{""fleet number"": ""-\n+WHV37""}",,,TFLO,,,LGEN,102,1,3783301,,,f,f,
1854,2026-05-04 18:23:44.784635+02,"{""fleet number"": ""-\n+13086""}",,,TFLO,,,ELBG,193,1,3781212,,,f,f,
1860,2026-05-04 18:25:27.074589+02,"{""fleet number"": ""-\n+13092""}",,,TFLO,,,ELBG,193,1,3778060,,,f,f,
2066,2026-05-04 19:41:05.139816+02,"{""fleet number"": ""-\n+VH45160""}",,,TFLO,,,FLON,103,1,3780765,,,f,f,
1861,2026-05-04 18:25:41.34359+02,"{""fleet number"": ""-\n+13093""}",,,TFLO,,,ELBG,193,1,3777945,,,f,f,
1864,2026-05-04 18:26:25.836637+02,"{""fleet number"": ""-\n+13096""}",,,TFLO,,,ELBG,193,1,3781187,,,f,f,
2068,2026-05-04 20:19:18.799879+02,"{""fleet number"": ""-\n+E178""}",,,TFLO,,,BTRI,697,1,3779220,,,f,f,
1869,2026-05-04 18:27:40.891758+02,"{""fleet number"": ""-\n+13101""}",,,TFLO,,,ELBG,193,1,3782046,,,f,f,
1873,2026-05-04 18:29:54.391682+02,"{""fleet number"": ""-\n+EHV13""}",,,TFLO,,,LGEN,193,1,3778759,,,f,f,
2071,2026-05-04 20:19:56.114466+02,"{""fleet number"": ""-\n+E181""}",,,TFLO,,,BTRI,697,1,3779222,,,f,f,
1880,2026-05-04 18:31:50.077502+02,"{""fleet number"": ""-\n+EHV16""}",,,TFLO,,,LGEN,193,1,3778762,,,f,f,
1883,2026-05-04 18:32:49.230377+02,"{""fleet number"": ""-\n+EHV2""}",,,TFLO,,,LGEN,193,1,3778752,,,f,f,
2074,2026-05-04 20:20:29.941262+02,"{""fleet number"": ""-\n+E184""}",,,TFLO,,,BTRI,697,1,3779223,,,f,f,
1885,2026-05-04 18:33:24.458489+02,"{""fleet number"": ""-\n+EHV5""}",,,TFLO,,,LGEN,193,1,3784436,,,f,f,
1891,2026-05-04 18:35:59.98155+02,"{""fleet number"": ""-\n+HV179""}",,,TFLO,,,AVLO,103,1,3783180,,,f,f,
2078,2026-05-04 20:21:39.39421+02,"{""fleet number"": ""-\n+E190""}",,,TFLO,,,BTRI,697,1,3781330,,,f,f,
1898,2026-05-04 18:37:47.053366+02,"{""fleet number"": ""-\n+HV169""}",,,TFLO,,,AVLO,103,1,3781108,,,f,f,
2079,2026-05-04 20:21:50.388863+02,"{""fleet number"": ""-\n+E191""}",,,TFLO,,,BTRI,697,1,3779234,,,f,f,
2081,2026-05-04 20:22:17.1281+02,"{""fleet number"": ""-\n+E193""}",,,TFLO,,,BTRI,697,1,3779237,,,f,f,
2085,2026-05-04 20:24:04.109007+02,"{""fleet number"": ""-\n+E196""}",,,TFLO,,,MBGA,697,1,3776858,,,f,f,
2089,2026-05-04 20:25:07.23127+02,"{""fleet number"": ""-\n+E200""}",,,TFLO,,,MBGA,697,1,3776811,,,f,f,
2090,2026-05-04 20:25:20.018714+02,"{""fleet number"": ""-\n+E201""}",,,TFLO,,,MBGA,697,1,3783680,,,f,f,
2100,2026-05-04 20:30:23.630387+02,"{""fleet number"": ""-\n+2426""}",,,TFLO,,,ABLO,9,1,3784757,,,f,f,
2106,2026-05-04 20:31:40.49463+02,"{""fleet number"": ""-\n+2433""}",,,TFLO,,,ABLO,9,1,3776365,,,f,f,
2107,2026-05-04 20:31:52.541403+02,"{""fleet number"": ""-\n+2434""}",,,TFLO,,,ABLO,9,1,3776366,,,f,f,
2115,2026-05-04 20:35:27.230471+02,"{""fleet number"": ""-\n+EH16""}",,,TFLO,,,BTRI,9,1,3779447,,,f,f,
2118,2026-05-04 20:37:08.009848+02,"{""fleet number"": ""-\n+EH20""}",,,TFLO,,,BTRI,9,1,3779449,,,f,f,
2122,2026-05-04 20:39:28.563809+02,"{""fleet number"": ""-\n+E208""}",,,TFLO,,,LONC,697,1,3781302,,,f,f,
2124,2026-05-04 20:40:10.955497+02,"{""fleet number"": ""-\n+E210""}",,,TFLO,,,LONC,697,1,3778959,,,f,f,
2127,2026-05-04 20:41:46.817599+02,"{""fleet number"": ""-\n+E215""}",,,TFLO,,,MBGA,697,1,3776864,,,f,f,
2128,2026-05-04 20:42:17.895625+02,"{""fleet number"": ""-\n+E216""}",,,TFLO,,,MBGA,697,1,3783080,,,f,f,
2130,2026-05-04 20:42:52.124107+02,"{""fleet number"": ""-\n+E218""}",,,TFLO,,,MBGA,697,1,3776902,,,f,f,
2137,2026-05-04 20:46:02.374014+02,"{""fleet number"": ""-\n+E227""}",,,TFLO,,,LONC,697,1,3779451,,,f,f,
2139,2026-05-04 20:46:53.820808+02,"{""fleet number"": ""-\n+2401""}",,,TFLO,,,ABLO,9,1,3776445,,,f,f,
2141,2026-05-04 20:47:37.999247+02,"{""fleet number"": ""-\n+2404""}",,,TFLO,,,ABLO,9,1,3786603,,,f,f,
2142,2026-05-04 20:47:48.108371+02,"{""fleet number"": ""-\n+2405""}",,,TFLO,,,ABLO,9,1,3776521,,,f,f,
2143,2026-05-04 20:48:01.201056+02,"{""fleet number"": ""-\n+2406""}",,,TFLO,,,ABLO,9,1,3776448,,,f,f,
2148,2026-05-04 20:49:02.940589+02,"{""fleet number"": ""-\n+2411""}",,,TFLO,,,ABLO,9,1,3786577,,,f,f,
2149,2026-05-04 20:49:15.074588+02,"{""fleet number"": ""-\n+2412""}",,,TFLO,,,ABLO,9,1,3783777,,,f,f,
2151,2026-05-04 20:49:41.355745+02,"{""fleet number"": ""-\n+2414""}",,,TFLO,,,ABLO,9,1,3784427,,,f,f,
2153,2026-05-04 20:50:04.020501+02,"{""fleet number"": ""-\n+2416""}",,,TFLO,,,ABLO,9,1,3776330,,,f,f,
2156,2026-05-04 20:51:06.151085+02,"{""fleet number"": ""-\n+E262""}",,,TFLO,,,LONC,697,1,3781241,,,f,f,
2188,2026-05-04 21:02:28.946175+02,"{""fleet number"": ""-\n+10183""}",,,TFLO,,,ELBG,697,1,3777571,,,f,f,
2189,2026-05-04 21:02:39.771226+02,"{""fleet number"": ""-\n+10184""}",,,TFLO,,,ELBG,697,1,3777572,,,f,f,
2190,2026-05-04 21:02:56.339532+02,"{""fleet number"": ""-\n+10185""}",,,TFLO,,,ELBG,697,1,3787966,,,f,f,
2191,2026-05-04 21:03:17.353235+02,"{""fleet number"": ""-\n+10186""}",,,TFLO,,,ELBG,697,1,3783517,,,f,f,
2192,2026-05-04 21:03:29.165727+02,"{""fleet number"": ""-\n+10187""}",,,TFLO,,,ELBG,697,1,3783969,,,f,f,
2193,2026-05-04 21:03:40.138246+02,"{""fleet number"": ""-\n+10188""}",,,TFLO,,,ELBG,697,1,3777563,,,f,f,
2194,2026-05-04 21:03:56.067305+02,"{""fleet number"": ""-\n+10189""}",,,TFLO,,,ELBG,697,1,3777573,,,f,f,
2195,2026-05-04 21:04:11.562993+02,"{""fleet number"": ""-\n+10190""}",,,TFLO,,,ELBG,697,1,3785663,,,f,f,
2196,2026-05-04 21:04:32.623499+02,"{""fleet number"": ""-\n+10191""}",,,TFLO,,,ELBG,697,1,3783457,,,f,f,
2197,2026-05-04 21:04:44.467308+02,"{""fleet number"": ""-\n+10192""}",,,TFLO,,,ELBG,697,1,3777798,,,f,f,
2198,2026-05-04 21:04:55.992777+02,"{""fleet number"": ""-\n+10193""}",,,TFLO,,,ELBG,697,1,3777669,,,f,f,
2199,2026-05-04 21:05:07.10978+02,"{""fleet number"": ""-\n+10194""}",,,TFLO,,,ELBG,697,1,3781607,,,f,f,
2200,2026-05-04 21:05:17.876582+02,"{""fleet number"": ""-\n+10195""}",,,TFLO,,,ELBG,697,1,3783726,,,f,f,
2202,2026-05-04 21:09:17.024137+02,"{""fleet number"": ""-\n+WS34""}",,,TFLO,,,MBGA,131,1,3783040,,,f,f,
2203,2026-05-04 21:09:46.536784+02,"{""fleet number"": ""-\n+WS37""}",,,TFLO,,,MBGA,131,1,3776840,,,f,f,
2204,2026-05-04 21:09:58.384704+02,"{""fleet number"": ""-\n+WS39""}",,,TFLO,,,MBGA,131,1,3776876,,,f,f,
2205,2026-05-04 21:10:27.629384+02,"{""fleet number"": ""-\n+WS41""}",,,TFLO,,,MBGA,131,1,3776833,,,f,f,
2206,2026-05-04 21:10:41.016078+02,"{""fleet number"": ""-\n+WS42""}",,,TFLO,,,MBGA,131,1,3781026,,,f,f,
2208,2026-05-04 21:11:22.960221+02,"{""fleet number"": ""-\n+WS45""}",,,TFLO,,,MBGA,131,1,3781027,,,f,f,
2211,2026-05-04 21:13:14.077945+02,"{""fleet number"": ""-\n+WS48""}",,,TFLO,,,MBGA,131,1,3784844,,,f,f,
2212,2026-05-04 21:13:45.232947+02,"{""fleet number"": ""-\n+39123""}",,,TFLO,,,ELBG,128,1,3786434,,,f,f,
2213,2026-05-04 21:14:03.628165+02,"{""fleet number"": ""-\n+39124""}",,,TFLO,,,ELBG,128,1,3779840,,,f,f,
2215,2026-05-04 21:17:10.646968+02,"{""withdrawn"": ""-No\n+Yes""}",,,TFLO,,,ABLO,,1,3782633,,,f,f,
2217,2026-05-04 21:17:43.209552+02,"{""fleet number"": ""-\n+2470""}",,,TFLO,,,ABLO,9,1,3780978,,,f,f,
1847,2026-05-04 18:20:12.425156+02,"{""fleet number"": ""-\n+VWH2703""}",,,TFLO,,,MTLN,103,1,3780211,,,f,f,
1850,2026-05-04 18:22:39.059779+02,"{""fleet number"": ""-\n+13082""}",,,TFLO,,,ELBG,193,1,3778272,,,f,f,
2059,2026-05-04 19:38:52.624661+02,"{""fleet number"": ""-\n+VH45153""}",,,TFLO,,,FLON,103,1,3780760,,,f,f,
1863,2026-05-04 18:26:06.96407+02,"{""fleet number"": ""-\n+13095""}",,,TFLO,,,ELBG,193,1,3777993,,,f,f,
2477,2026-05-04 22:51:52.254939+02,"{""fleet number"": ""-\n+VWH2046""}",,,TFLO,,,MTLN,103,1,3780526,,,f,f,
1865,2026-05-04 18:26:36.319908+02,"{""fleet number"": ""-\n+13097""}",,,TFLO,,,ELBG,193,1,3778302,,,f,f,
2060,2026-05-04 19:39:08.788883+02,"{""fleet number"": ""-\n+VH45154""}",,,TFLO,,,FLON,103,1,3783053,,,f,f,
1867,2026-05-04 18:27:07.083358+02,"{""fleet number"": ""-\n+13099""}",,,TFLO,,,ELBG,193,1,3781627,,,f,f,
1871,2026-05-04 18:29:24.329815+02,"{""fleet number"": ""-\n+EHV15""}",,,TFLO,,,LGEN,193,1,3778761,,,f,f,
2061,2026-05-04 19:39:26.379184+02,"{""fleet number"": ""-\n+VH45155""}",,,TFLO,,,FLON,103,1,3780761,,,f,f,
1874,2026-05-04 18:30:09.261435+02,"{""fleet number"": ""-\n+EHV12""}",,,TFLO,,,LGEN,193,1,3781948,,,f,f,
1875,2026-05-04 18:30:22.804889+02,"{""fleet number"": ""-\n+EHV11""}",,,TFLO,,,LGEN,193,1,3778758,,,f,f,
2062,2026-05-04 19:39:46.073935+02,"{""fleet number"": ""-\n+VH45156""}",,,TFLO,,,FLON,103,1,3780763,,,f,f,
1877,2026-05-04 18:30:57.196058+02,"{""fleet number"": ""-\n+EHV9""}",,,TFLO,,,LGEN,193,1,3778756,,,f,f,
1878,2026-05-04 18:31:12.288324+02,"{""fleet number"": ""-\n+EHV8""}",,,TFLO,,,LGEN,193,1,3785218,,,f,f,
2063,2026-05-04 19:40:05.923748+02,"{""fleet number"": ""-\n+VH45157""}",,,TFLO,,,FLON,103,1,3783348,,,f,f,
1881,2026-05-04 18:32:03.237736+02,"{""fleet number"": ""-\n+EHV4""}",,,TFLO,,,LGEN,193,1,3778753,,,f,f,
1890,2026-05-04 18:35:47.910261+02,"{""fleet number"": ""-\n+HV180""}",,,TFLO,,,AVLO,103,1,3777518,,,f,f,
2064,2026-05-04 19:40:26.278456+02,"{""fleet number"": ""-\n+VH45158""}",,,TFLO,,,FLON,103,1,3782064,,,f,f,
1892,2026-05-04 18:36:10.802164+02,"{""fleet number"": ""-\n+HV178""}",,,TFLO,,,AVLO,103,1,3783768,,,f,f,
1893,2026-05-04 18:36:24.916328+02,"{""fleet number"": ""-\n+HV177""}",,,TFLO,,,AVLO,103,1,3776963,,,f,f,
2065,2026-05-04 19:40:47.390706+02,"{""fleet number"": ""-\n+VH45159""}",,,TFLO,,,FLON,103,1,3780764,,,f,f,
1901,2026-05-04 18:38:38.002039+02,"{""fleet number"": ""-\n+HV172""}",,,TFLO,,,AVLO,103,1,3781594,,,f,f,
1902,2026-05-04 18:38:52.148434+02,"{""fleet number"": ""-\n+HV173""}",,,TFLO,,,AVLO,103,1,3784628,,,f,f,
2067,2026-05-04 19:41:20.991461+02,"{""fleet number"": ""-\n+VH45161""}",,,TFLO,,,FLON,103,1,3781510,,,f,f,
1903,2026-05-04 18:39:07.899333+02,"{""fleet number"": ""-\n+HV174""}",,,TFLO,,,AVLO,103,1,3777395,,,f,f,
2069,2026-05-04 20:19:31.557169+02,"{""fleet number"": ""-\n+E179""}",,,TFLO,,,BTRI,697,1,3779221,,,f,f,
2070,2026-05-04 20:19:45.828245+02,"{""fleet number"": ""-\n+E180""}",,,TFLO,,,BTRI,697,1,3781329,,,f,f,
2072,2026-05-04 20:20:08.251788+02,"{""fleet number"": ""-\n+E182""}",,,TFLO,,,BTRI,697,1,3783035,,,f,f,
2073,2026-05-04 20:20:18.895138+02,"{""fleet number"": ""-\n+E183""}",,,TFLO,,,BTRI,697,1,3783007,,,f,f,
2075,2026-05-04 20:20:43.847606+02,"{""fleet number"": ""-\n+E185""}",,,TFLO,,,BTRI,697,1,3779224,,,f,f,
2076,2026-05-04 20:21:14.557868+02,"{""fleet number"": ""-\n+E186""}",,,TFLO,,,BTRI,697,1,3779225,,,f,f,
2077,2026-05-04 20:21:27.054714+02,"{""fleet number"": ""-\n+E189""}",,,TFLO,,,BTRI,697,1,3781691,,,f,f,
2080,2026-05-04 20:22:05.746076+02,"{""fleet number"": ""-\n+E192""}",,,TFLO,,,BTRI,697,1,3779235,,,f,f,
2082,2026-05-04 20:22:26.961925+02,"{""fleet number"": ""-\n+E194""}",,,TFLO,,,BTRI,697,1,3785790,,,f,f,
2083,2026-05-04 20:23:08.014322+02,{},,,BTRI,,,MBGA,,1,3785790,,,f,f,
2084,2026-05-04 20:23:46.810031+02,"{""fleet number"": ""-\n+E195""}",,,TFLO,,,MBGA,697,1,3776879,,,f,f,
2086,2026-05-04 20:24:17.745558+02,"{""fleet number"": ""-\n+E197""}",,,TFLO,,,MBGA,697,1,3776859,,,f,f,
2087,2026-05-04 20:24:44.774451+02,"{""fleet number"": ""-\n+E198""}",,,TFLO,,,MBGA,697,1,3781034,,,f,f,
2088,2026-05-04 20:24:57.072326+02,"{""fleet number"": ""-\n+E199""}",,,TFLO,,,MBGA,697,1,3786245,,,f,f,
2091,2026-05-04 20:25:33.386026+02,"{""fleet number"": ""-\n+E203""}",,,TFLO,,,MBGA,697,1,3778519,,,f,f,
2092,2026-05-04 20:25:47.944301+02,"{""fleet number"": ""-\n+E204""}",,,TFLO,,,MBGA,697,1,3778520,,,f,f,
2093,2026-05-04 20:26:14.540948+02,"{""fleet number"": ""-\n+EH6""}",,,TFLO,,,LGEN,9,1,3781305,,,f,f,
2094,2026-05-04 20:27:33.608693+02,"{""fleet number"": ""-\n+2418""}",,,TFLO,,,ABLO,9,1,3776545,,,f,f,
2095,2026-05-04 20:27:44.721543+02,"{""fleet number"": ""-\n+2419""}",,,TFLO,,,ABLO,9,1,3783244,,,f,f,
2096,2026-05-04 20:27:56.318758+02,"{""fleet number"": ""-\n+2420""}",,,TFLO,,,ABLO,9,1,3776548,,,f,f,
2097,2026-05-04 20:28:07.370907+02,"{""fleet number"": ""-\n+2422""}",,,TFLO,,,ABLO,9,1,3776406,,,f,f,
2098,2026-05-04 20:28:19.642003+02,"{""fleet number"": ""-\n+2423""}",,,TFLO,,,ABLO,9,1,3776407,,,f,f,
2099,2026-05-04 20:28:33.591279+02,"{""fleet number"": ""-\n+2424""}",,,TFLO,,,ABLO,9,1,3776359,,,f,f,
2101,2026-05-04 20:30:37.126211+02,"{""fleet number"": ""-\n+2427""}",,,TFLO,,,ABLO,9,1,3776361,,,f,f,
2102,2026-05-04 20:30:47.313016+02,"{""fleet number"": ""-\n+2428""}",,,TFLO,,,ABLO,9,1,3783521,,,f,f,
2103,2026-05-04 20:31:00.302153+02,"{""fleet number"": ""-\n+2429""}",,,TFLO,,,ABLO,9,1,3776362,,,f,f,
2104,2026-05-04 20:31:13.597582+02,"{""fleet number"": ""-\n+2431""}",,,TFLO,,,ABLO,9,1,3776363,,,f,f,
2105,2026-05-04 20:31:28.349339+02,"{""fleet number"": ""-\n+2432""}",,,TFLO,,,ABLO,9,1,3776364,,,f,f,
2108,2026-05-04 20:32:05.997387+02,"{""fleet number"": ""-\n+2435""}",,,TFLO,,,ABLO,9,1,3776368,,,f,f,
2109,2026-05-04 20:32:17.954192+02,"{""fleet number"": ""-\n+2436""}",,,TFLO,,,ABLO,9,1,3782223,,,f,f,
2110,2026-05-04 20:33:01.438411+02,"{""fleet number"": ""-\n+EH9""}",,,TFLO,,,LONC,9,1,3781681,,,f,f,
2111,2026-05-04 20:33:36.527242+02,"{""fleet number"": ""-\n+EH12""}",,,TFLO,,,BTRI,9,1,3781682,,,f,f,
2112,2026-05-04 20:34:13.760974+02,"{""fleet number"": ""-\n+EH13""}",,,TFLO,,,LONC,9,1,3784254,,,f,f,
2113,2026-05-04 20:34:33.261489+02,"{""fleet number"": ""-\n+EH14""}",,,TFLO,,,LGEN,9,1,3783297,,,f,f,
2114,2026-05-04 20:34:51.318998+02,"{""fleet number"": ""-\n+EH15""}",,,TFLO,,,LGEN,9,1,3778618,,,f,f,
2116,2026-05-04 20:36:11.138493+02,"{""fleet number"": ""-\n+EH17""}",,,TFLO,,,BTRI,9,1,3783278,,,f,f,
2117,2026-05-04 20:36:48.605602+02,"{""fleet number"": ""-\n+EH19""}",,,TFLO,,,BTRI,9,1,3779448,,,f,f,
2119,2026-05-04 20:37:45.81057+02,"{""fleet number"": ""-\n+E205""}",,,TFLO,,,LONC,697,1,3782497,,,f,f,
2120,2026-05-04 20:38:09.117815+02,"{""fleet number"": ""-\n+E206""}",,,TFLO,,,LONC,697,1,3784549,,,f,f,
2121,2026-05-04 20:39:07.070138+02,"{""fleet number"": ""-\n+E207""}",,,TFLO,,,BTRI,697,1,3785092,,,f,f,
2123,2026-05-04 20:39:46.081267+02,"{""fleet number"": ""-\n+E209""}",,,TFLO,,,LONC,697,1,3786588,,,f,f,
2125,2026-05-04 20:40:40.171165+02,"{""fleet number"": ""-\n+E212""}",,,TFLO,,,BTRI,697,1,3779354,,,f,f,
2126,2026-05-04 20:41:32.171216+02,"{""fleet number"": ""-\n+E213""}",,,TFLO,,,BTRI,697,1,3783807,,,f,f,
1848,2026-05-04 18:20:31.988823+02,"{""fleet number"": ""-\n+VWH2704""}",,,TFLO,,,MTLN,103,1,3780212,,,f,f,
3143,2026-05-06 11:37:27.890137+02,"{""reg"": ""-\n+HF18CJY""}",,,,,107,,5,1,7400,,,f,f,
1849,2026-05-04 18:20:48.173306+02,"{""fleet number"": ""-\n+VWH2705""}",,,TFLO,,,MTLN,103,1,3785074,,,f,f,
2131,2026-05-04 20:43:11.182297+02,"{""fleet number"": ""-\n+E219""}",,,TFLO,,,MBGA,697,1,3776791,,,f,f,
1851,2026-05-04 18:22:56.55714+02,"{""fleet number"": ""-\n+13083""}",,,TFLO,,,ELBG,193,1,3783503,,,f,f,
1857,2026-05-04 18:24:47.088278+02,"{""fleet number"": ""-\n+13089""}",,,TFLO,,,ELBG,193,1,3778281,,,f,f,
2144,2026-05-04 20:48:13.022211+02,"{""fleet number"": ""-\n+2407""}",,,TFLO,,,ABLO,9,1,3776449,,,f,f,
1858,2026-05-04 18:25:05.260292+02,"{""fleet number"": ""-\n+13090""}",,,TFLO,,,ELBG,193,1,3778392,,,f,f,
1862,2026-05-04 18:25:55.635429+02,"{""fleet number"": ""-\n+13094""}",,,TFLO,,,ELBG,193,1,3778054,,,f,f,
2146,2026-05-04 20:48:39.92619+02,"{""fleet number"": ""-\n+2409""}",,,TFLO,,,ABLO,9,1,3782898,,,f,f,
1866,2026-05-04 18:26:49.943024+02,"{""fleet number"": ""-\n+13098""}",,,TFLO,,,ELBG,193,1,3782681,,,f,f,
1882,2026-05-04 18:32:20.374453+02,"{""fleet number"": ""-\n+EHV6""}",,,TFLO,,,LGEN,193,1,3778754,,,f,f,
2154,2026-05-04 20:50:16.273046+02,"{""fleet number"": ""-\n+2417""}",,,TFLO,,,ABLO,9,1,3776455,,,f,f,
1886,2026-05-04 18:33:54.312897+02,"{""fleet number"": ""-\n+EHV3""}",,,TFLO,,,LGEN,193,1,3782225,,,f,f,
1888,2026-05-04 18:34:33.929278+02,"{""fleet number"": ""-\n+13076""}",,,TFLO,,,ELBG,193,1,3781788,,,f,f,
2158,2026-05-04 20:51:38.630477+02,"{""fleet number"": ""-\n+E264""}",,,TFLO,,,LONC,697,1,3781653,,,f,f,
1894,2026-05-04 18:36:56.20354+02,"{""fleet number"": ""-\n+HV165""}",,,TFLO,,,AVLO,103,1,3784459,,,f,f,
1895,2026-05-04 18:37:08.278879+02,"{""fleet number"": ""-\n+HV166""}",,,TFLO,,,AVLO,103,1,3777267,,,f,f,
2219,2026-05-04 21:18:08.253789+02,"{""fleet number"": ""-\n+2472""}",,,TFLO,,,ABLO,9,1,3776483,,,f,f,
1896,2026-05-04 18:37:22.523833+02,"{""fleet number"": ""-\n+HV167""}",,,TFLO,,,AVLO,103,1,3777513,,,f,f,
1899,2026-05-04 18:38:10.310803+02,"{""fleet number"": ""-\n+HV170""}",,,TFLO,,,AVLO,103,1,3777393,,,f,f,
2223,2026-05-04 21:18:57.525157+02,"{""fleet number"": ""-\n+2476""}",,,TFLO,,,ABLO,9,1,3786838,,,f,f,
2227,2026-05-04 21:19:44.705949+02,"{""fleet number"": ""-\n+2480""}",,,TFLO,,,ABLO,9,1,3776486,,,f,f,
2228,2026-05-04 21:19:54.057944+02,"{""fleet number"": ""-\n+2481""}",,,TFLO,,,ABLO,9,1,3782098,,,f,f,
2229,2026-05-04 21:20:28.039028+02,"{""fleet number"": ""-\n+2482""}",,,TFLO,,,ABLO,9,1,3785223,,,f,f,
2230,2026-05-04 21:20:37.75196+02,"{""fleet number"": ""-\n+2483""}",,,TFLO,,,ABLO,9,1,3782383,,,f,f,
2231,2026-05-04 21:20:50.027878+02,"{""fleet number"": ""-\n+2484""}",,,TFLO,,,ABLO,9,1,3776476,,,f,f,
2232,2026-05-04 21:21:02.797845+02,"{""fleet number"": ""-\n+2485""}",,,TFLO,,,ABLO,9,1,3776477,,,f,f,
2233,2026-05-04 21:21:48.854203+02,"{""fleet number"": ""-\n+12334""}",,,TFLO,,,ELBG,9,1,3777576,,,f,f,
2234,2026-05-04 21:21:59.888999+02,"{""fleet number"": ""-\n+12335""}",,,TFLO,,,ELBG,9,1,3784154,,,f,f,
2235,2026-05-04 21:22:18.368962+02,"{""fleet number"": ""-\n+12339""}",,,TFLO,,,ELBG,9,1,3777681,,,f,f,
2236,2026-05-04 21:22:33.094594+02,"{""fleet number"": ""-\n+12340""}",,,TFLO,,,ELBG,9,1,3777682,,,f,f,
2237,2026-05-04 21:22:48.454487+02,"{""fleet number"": ""-\n+12341""}",,,TFLO,,,ELBG,9,1,3781609,,,f,f,
2238,2026-05-04 21:22:59.890276+02,"{""fleet number"": ""-\n+12342""}",,,TFLO,,,ELBG,9,1,3782038,,,f,f,
2239,2026-05-04 21:23:16.714825+02,"{""fleet number"": ""-\n+12344""}",,,TFLO,,,ELBG,9,1,3787108,,,f,f,
2240,2026-05-04 21:23:53.547866+02,"{""fleet number"": ""-\n+12345""}",,4147,TFLO,,1331,ELBG,9,1,3777714,,,f,f,
2241,2026-05-04 21:24:11.589159+02,"{""fleet number"": ""-\n+12347""}",,,TFLO,,,ELBG,9,1,3786155,,,f,f,
2242,2026-05-04 21:24:28.124744+02,"{""fleet number"": ""-\n+12348""}",,,TFLO,,,ELBG,9,1,3777715,,,f,f,
2243,2026-05-04 21:24:37.85425+02,"{""fleet number"": ""-\n+12349""}",,,TFLO,,,ELBG,9,1,3777716,,,f,f,
2244,2026-05-04 21:24:50.153357+02,"{""fleet number"": ""-\n+12350""}",,,TFLO,,,ELBG,9,1,3782811,,,f,f,
2245,2026-05-04 21:25:01.88617+02,"{""fleet number"": ""-\n+12351""}",,,TFLO,,,ELBG,9,1,3777717,,,f,f,
2246,2026-05-04 21:25:14.694728+02,"{""fleet number"": ""-\n+12352""}",,,TFLO,,,ELBG,9,1,3784035,,,f,f,
2247,2026-05-04 21:25:35.485021+02,"{""fleet number"": ""-\n+12353""}",,,TFLO,,,ELBG,9,1,3782006,,,f,f,
2248,2026-05-04 21:25:47.501853+02,"{""fleet number"": ""-\n+12354""}",,,TFLO,,,ELBG,9,1,3777768,,,f,f,
2249,2026-05-04 21:25:58.650617+02,"{""fleet number"": ""-\n+12355""}",,,TFLO,,,ELBG,9,1,3788672,,,f,f,
2250,2026-05-04 21:26:09.887539+02,"{""fleet number"": ""-\n+12356""}",,,TFLO,,,ELBG,9,1,3777769,,,f,f,
2251,2026-05-04 21:26:23.600905+02,"{""fleet number"": ""-\n+12359""}",,,TFLO,,,ELBG,9,1,3784475,,,f,f,
2252,2026-05-04 21:28:06.837964+02,"{""fleet number"": ""-\n+12538""}",,,TFLO,,,ELBG,564,1,3778315,,,f,f,
2253,2026-05-04 21:29:43.5642+02,"{""fleet number"": ""-\n+19851""}",,,TFLO,,,ELBG,697,1,3781131,,,f,f,
2254,2026-05-04 21:29:56.425652+02,"{""fleet number"": ""-\n+19853""}",,,TFLO,,,ELBG,697,1,3783911,,,f,f,
2255,2026-05-04 21:30:11.19403+02,"{""fleet number"": ""-\n+19854""}",,,TFLO,,,ELBG,697,1,3784359,,,f,f,
2256,2026-05-04 21:30:31.198586+02,"{""fleet number"": ""-\n+19858""}",,,TFLO,,,ELBG,697,1,3777598,,,f,f,
2257,2026-05-04 21:30:53.98864+02,"{""fleet number"": ""-\n+19860""}",,,TFLO,,,ELBG,697,1,3777599,,,f,f,
2258,2026-05-04 21:31:05.690528+02,"{""fleet number"": ""-\n+19864""}",,,TFLO,,,ELBG,697,1,3783558,,,f,f,
2259,2026-05-04 21:31:22.359206+02,"{""fleet number"": ""-\n+19865""}",,,TFLO,,,ELBG,697,1,3783669,,,f,f,
2260,2026-05-04 21:31:58.96738+02,"{""fleet number"": ""-\n+19866""}",,,TFLO,,,ELBG,697,1,3777600,,,f,f,
2261,2026-05-04 21:32:09.445796+02,"{""fleet number"": ""-\n+19868""}",,,TFLO,,,ELBG,697,1,3781132,,,f,f,
2262,2026-05-04 21:32:23.237048+02,"{""fleet number"": ""-\n+19869""}",,,TFLO,,,ELBG,697,1,3783209,,,f,f,
2263,2026-05-04 21:32:35.453317+02,"{""fleet number"": ""-\n+19870""}",,,TFLO,,,ELBG,697,1,3777601,,,f,f,
2264,2026-05-04 21:32:51.17574+02,"{""fleet number"": ""-\n+19871""}",,,TFLO,,,ELBG,697,1,3784939,,,f,f,
2265,2026-05-04 21:33:16.599341+02,"{""fleet number"": ""-\n+10101""}",,,TFLO,,,ELBG,697,1,3787588,,,f,f,
2266,2026-05-04 21:33:28.492954+02,"{""fleet number"": ""-\n+10102""}",,,TFLO,,,ELBG,697,1,3786619,,,f,f,
2267,2026-05-04 21:33:39.933424+02,"{""fleet number"": ""-\n+10103""}",,,TFLO,,,ELBG,697,1,3783427,,,f,f,
2268,2026-05-04 21:33:51.902182+02,"{""fleet number"": ""-\n+10104""}",,,TFLO,,,ELBG,697,1,3786440,,,f,f,
2269,2026-05-04 21:34:07.937756+02,"{""fleet number"": ""-\n+10105""}",,,TFLO,,,ELBG,697,1,3783418,,,f,f,
2270,2026-05-04 21:34:22.213974+02,"{""fleet number"": ""-\n+10106""}",,,TFLO,,,ELBG,697,1,3786367,,,f,f,
2271,2026-05-04 21:34:42.96303+02,"{""fleet number"": ""-\n+10107""}",,,TFLO,,,ELBG,697,1,3777854,,,f,f,
1852,2026-05-04 18:23:17.522262+02,"{""fleet number"": ""-\n+13084""}",,,TFLO,,,ELBG,193,1,3783967,,,f,f,
2478,2026-05-04 22:52:13.2998+02,"{""fleet number"": ""-\n+VWH2047""}",,,TFLO,,,MTLN,103,1,3781058,,,f,f,
1853,2026-05-04 18:23:31.336395+02,"{""fleet number"": ""-\n+13085""}",,,TFLO,,,ELBG,193,1,3777585,,,f,f,
2129,2026-05-04 20:42:31.135638+02,"{""fleet number"": ""-\n+E217""}",,,TFLO,,,MBGA,697,1,3783141,,,f,f,
1855,2026-05-04 18:23:59.293102+02,"{""fleet number"": ""-\n+13087""}",,,TFLO,,,ELBG,193,1,3778280,,,f,f,
1856,2026-05-04 18:24:28.00346+02,"{""fleet number"": ""-\n+13088""}",,,TFLO,,,ELBG,193,1,3784846,,,f,f,
2132,2026-05-04 20:43:34.028063+02,"{""fleet number"": ""-\n+E220""}",,,TFLO,,,MBGA,697,1,3776796,,,f,f,
1859,2026-05-04 18:25:15.587075+02,"{""fleet number"": ""-\n+13091""}",,,TFLO,,,ELBG,193,1,3778059,,,f,f,
1868,2026-05-04 18:27:24.906725+02,"{""fleet number"": ""-\n+13100""}",,,TFLO,,,ELBG,193,1,3782040,,,f,f,
2133,2026-05-04 20:43:54.847025+02,"{""fleet number"": ""-\n+E221""}",,,TFLO,,,MBGA,697,1,3781936,,,f,f,
1870,2026-05-04 18:27:55.18354+02,"{""fleet number"": ""-\n+13102""}",,,TFLO,,,ELBG,193,1,3783321,,,f,f,
1872,2026-05-04 18:29:41.803396+02,"{""fleet number"": ""-\n+EHV14""}",,,TFLO,,,LGEN,193,1,3778760,,,f,f,
2134,2026-05-04 20:44:12.270519+02,"{""fleet number"": ""-\n+E223""}",,,TFLO,,,MBGA,697,1,3776798,,,f,f,
1876,2026-05-04 18:30:42.647432+02,"{""fleet number"": ""-\n+EHV10""}",,,TFLO,,,LGEN,193,1,3778757,,,f,f,
1879,2026-05-04 18:31:29.196244+02,"{""fleet number"": ""-\n+EHV7""}",,,TFLO,,,LGEN,193,1,3778755,,,f,f,
2135,2026-05-04 20:44:41.140506+02,"{""fleet number"": ""-\n+E225""}",,,TFLO,,,LONC,697,1,3779450,,,f,f,
1884,2026-05-04 18:33:05.170744+02,"{""fleet number"": ""-\n+EHV1""}",,,TFLO,,,LGEN,193,1,3788581,,,f,f,
1887,2026-05-04 18:34:14.996985+02,"{""fleet number"": ""-\n+13078""}",,,TFLO,,,ELBG,193,1,3777787,,,f,f,
2136,2026-05-04 20:45:44.587934+02,"{""fleet number"": ""-\n+E226""}",,,TFLO,,,MBGA,697,1,3776875,,,f,f,
1889,2026-05-04 18:34:47.039149+02,"{""fleet number"": ""-\n+13075""}",,,TFLO,,,ELBG,193,1,3779831,,,f,f,
1897,2026-05-04 18:37:35.625924+02,"{""fleet number"": ""-\n+HV168""}",,,TFLO,,,AVLO,103,1,3777269,,,f,f,
2138,2026-05-04 20:46:26.717412+02,"{""fleet number"": ""-\n+E228""}",,,TFLO,,,BTRI,697,1,3778958,,,f,f,
1900,2026-05-04 18:38:23.071294+02,"{""fleet number"": ""-\n+HV171""}",,,TFLO,,,AVLO,103,1,3777394,,,f,f,
1904,2026-05-04 18:39:26.725862+02,"{""fleet number"": ""-\n+HV175""}",,,TFLO,,,AVLO,103,1,3777270,,,f,f,
2140,2026-05-04 20:47:22.057837+02,"{""fleet number"": ""-\n+2403""}",,,TFLO,,,ABLO,9,1,3776520,,,f,f,
1905,2026-05-04 18:40:31.839845+02,"{""fleet number"": ""-\n+WHV43""}",,,TFLO,,,LGEN,103,1,3778664,,,f,f,
1906,2026-05-04 18:40:48.603558+02,"{""fleet number"": ""-\n+WHV42""}",,,TFLO,,,LGEN,103,1,3779424,,,f,f,
2145,2026-05-04 20:48:29.812579+02,"{""fleet number"": ""-\n+2408""}",,,TFLO,,,ABLO,9,1,3776326,,,f,f,
1907,2026-05-04 18:40:59.181059+02,"{""fleet number"": ""-\n+WHV44""}",,,TFLO,,,LGEN,103,1,3778683,,,f,f,
1908,2026-05-04 18:41:13.594822+02,"{""fleet number"": ""-\n+WHV47""}",,,TFLO,,,LGEN,103,1,3776924,,,f,f,
2147,2026-05-04 20:48:51.254555+02,"{""fleet number"": ""-\n+2410""}",,,TFLO,,,ABLO,9,1,3776473,,,f,f,
1909,2026-05-04 18:41:43.989508+02,"{""fleet number"": ""-\n+WHV45""}",,,TFLO,,,LGEN,103,1,3776923,,,f,f,
1910,2026-05-04 18:41:57.441584+02,"{""fleet number"": ""-\n+WHV49""}",,,TFLO,,,LGEN,103,1,3782738,,,f,f,
2150,2026-05-04 20:49:29.151957+02,"{""fleet number"": ""-\n+2413""}",,,TFLO,,,ABLO,9,1,3776474,,,f,f,
1911,2026-05-04 18:43:03.662112+02,"{""fleet number"": ""-\n+WHV50""}",,,TFLO,,,LGEN,103,1,3778995,,,f,f,
1912,2026-05-04 18:43:53.703993+02,"{""fleet number"": ""-\n+WHV51""}",,,TFLO,,,LGEN,103,1,3778473,,,f,f,
2152,2026-05-04 20:49:52.118501+02,"{""fleet number"": ""-\n+2415""}",,,TFLO,,,ABLO,9,1,3780959,,,f,f,
1913,2026-05-04 18:44:11.756078+02,"{""fleet number"": ""-\n+WHV55""}",,,TFLO,,,LGEN,103,1,3781317,,,f,f,
1914,2026-05-04 18:44:36.07805+02,"{""fleet number"": ""-\n+WHV53""}",,,TFLO,,,LGEN,103,1,3778463,,,f,f,
2155,2026-05-04 20:50:50.693006+02,"{""fleet number"": ""-\n+E261""}",,,TFLO,,,LONC,697,1,3781243,,,f,f,
1915,2026-05-04 18:45:22.007487+02,"{""fleet number"": ""-\n+WHV60""}",,,TFLO,,,LGEN,103,1,3785359,,,f,f,
1916,2026-05-04 18:46:17.801819+02,"{""fleet number"": ""-\n+WHV54""}",,,TFLO,,,BTRI,103,1,3782342,,,f,f,
2157,2026-05-04 20:51:23.266368+02,"{""fleet number"": ""-\n+E263""}",,,TFLO,,,LONC,697,1,3778552,,,f,f,
1917,2026-05-04 18:46:37.462282+02,"{""fleet number"": ""-\n+WHV59""}",,,TFLO,,,LGEN,103,1,3778478,,,f,f,
1918,2026-05-04 18:46:56.988+02,"{""fleet number"": ""-\n+WHV57""}",,,TFLO,,,LGEN,103,1,3784666,,,f,f,
2159,2026-05-04 20:51:53.499923+02,"{""fleet number"": ""-\n+E265""}",,,TFLO,,,LONC,697,1,3783067,,,f,f,
1919,2026-05-04 18:48:15.725766+02,"{""fleet number"": ""-\n+WHV56""}",,,TFLO,,,LONC,103,1,3778791,,,f,f,
1920,2026-05-04 18:48:41.982289+02,"{""fleet number"": ""-\n+WHV58""}",,,TFLO,,,LONC,103,1,3781272,,,f,f,
2160,2026-05-04 20:52:06.024944+02,"{""fleet number"": ""-\n+E266""}",,,TFLO,,,LONC,697,1,3778556,,,f,f,
1921,2026-05-04 18:49:21.371037+02,"{""fleet number"": ""-\n+WHV48""}",,,TFLO,,,MBGA,103,1,3782655,,,f,f,
1922,2026-05-04 18:50:21.52735+02,{},,,LGEN,,,MBGA,,1,3776923,,,f,f,
2161,2026-05-04 20:52:20.441452+02,"{""fleet number"": ""-\n+E267""}",,,TFLO,,,LONC,697,1,3778557,,,f,f,
1923,2026-05-04 18:50:48.726268+02,{},,,LGEN,,,MBGA,,1,3776924,,,f,f,
1924,2026-05-04 18:52:33.12736+02,{},,,LGEN,,,MBGA,,1,3782738,,,f,f,
2162,2026-05-04 20:52:50.09398+02,"{""fleet number"": ""-\n+E268""}",,,TFLO,,,LONC,697,1,3786318,,,f,f,
1925,2026-05-04 18:52:51.191406+02,{},,,LGEN,,,LONC,,1,3778473,,,f,f,
1926,2026-05-04 18:53:09.810376+02,{},,,LGEN,,,LONC,,1,3778463,,,f,f,
2163,2026-05-04 20:53:07.130562+02,"{""fleet number"": ""-\n+E269""}",,,TFLO,,,LONC,697,1,3778562,,,f,f,
1927,2026-05-04 18:53:25.308747+02,{},,,LGEN,,,BTRI,,1,3781317,,,f,f,
1928,2026-05-04 18:56:54.043934+02,"{""reg"": ""-\n+SN06BND"", ""fleet number"": ""-\n+E3""}",,,LGEN,,411,GAHL,697,1,12398,,,f,f,
2164,2026-05-04 20:53:20.375451+02,"{""fleet number"": ""-\n+E270""}",,,TFLO,,,LONC,697,1,3782371,,,f,f,
1929,2026-05-04 18:57:28.909245+02,"{""reg"": ""-\n+YX14RTV"", ""fleet number"": ""-\n+E281""}",,,LGEN,,411,GAHL,697,1,3788961,,,f,f,
1930,2026-05-04 18:58:06.733699+02,"{""reg"": ""-\n+YX12FPU"", ""fleet number"": ""-\n+E259""}",,,LGEN,,3716,GAHL,697,1,12397,,,f,f,
2165,2026-05-04 20:53:35.019902+02,"{""fleet number"": ""-\n+E271""}",,,TFLO,,,LONC,697,1,3784741,,,f,f,
1931,2026-05-04 18:58:37.208021+02,"{""reg"": ""-\n+YX12FPO"", ""fleet number"": ""-\n+E258""}",,,LGEN,,3716,GAHL,697,1,3787895,,,f,f,
1932,2026-05-04 18:58:58.893987+02,"{""reg"": ""-\n+YX12FPO"", ""fleet number"": ""-\n+E256""}",,,LGEN,,3716,GAHL,697,1,3787303,,,f,f,
1933,2026-05-04 18:59:58.067497+02,"{""reg"": ""-\n+SN06BHX"", ""fleet number"": ""-\n+E12""}",,,LGEN,,3716,GAHL,697,1,12396,,,f,f,
1934,2026-05-04 19:00:08.833167+02,{},,411,,,3716,,,1,12398,,,f,f,
1935,2026-05-04 19:00:30.431229+02,"{""reg"": ""-YX12FPO\n+YX12FPT""}",,,,,,,,1,3787895,,,f,f,
1936,2026-05-04 19:00:37.769611+02,{},,411,,,3716,,,1,3788961,,,f,f,
2272,2026-05-04 21:34:57.381965+02,"{""fleet number"": ""-\n+10108""}",,,TFLO,,,ELBG,697,1,3787029,,,f,f,
2282,2026-05-04 21:37:34.252701+02,"{""fleet number"": ""-\n+10117""}",,,TFLO,,,ELBG,697,1,3781988,,,f,f,
2479,2026-05-04 22:52:25.419859+02,"{""fleet number"": ""-\n+VWH2048""}",,,TFLO,,,MTLN,103,1,3780438,,,f,f,
2285,2026-05-04 21:38:24.628234+02,"{""fleet number"": ""-\n+10120""}",,,TFLO,,,ELBG,697,1,3781624,,,f,f,
2286,2026-05-04 21:38:38.996614+02,"{""fleet number"": ""-\n+10121""}",,,TFLO,,,ELBG,697,1,3781632,,,f,f,
2481,2026-05-04 22:52:51.946208+02,"{""fleet number"": ""-\n+VWH2050""}",,,TFLO,,,MTLN,103,1,3780454,,,f,f,
2290,2026-05-04 21:39:49.978207+02,"{""fleet number"": ""-\n+10125""}",,,TFLO,,,ELBG,697,1,3778128,,,f,f,
2292,2026-05-04 21:40:13.059131+02,"{""fleet number"": ""-\n+10128""}",,,TFLO,,,ELBG,697,1,3785741,,,f,f,
2486,2026-05-04 22:54:23.563928+02,"{""fleet number"": ""-\n+VWH2055""}",,,TFLO,,,MTLN,103,1,3780512,,,f,f,
2492,2026-05-04 22:55:54.291628+02,"{""fleet number"": ""-\n+VWH2061""}",,,TFLO,,,MTLN,103,1,3782148,,,f,f,
2493,2026-05-04 23:09:44.3681+02,"{""fleet number"": ""-\n+HA11""}",,,TFLO,,,AVLO,564,1,3777456,,,f,f,
2498,2026-05-04 23:11:18.902129+02,"{""fleet number"": ""-\n+HA16""}",,,TFLO,,,AVLO,564,1,3777460,,,f,f,
2499,2026-05-04 23:11:34.631387+02,"{""fleet number"": ""-\n+HA18""}",,,TFLO,,,AVLO,564,1,3777297,,,f,f,
2500,2026-05-04 23:11:46.734082+02,"{""fleet number"": ""-\n+HA19""}",,,TFLO,,,AVLO,564,1,3782614,,,f,f,
2504,2026-05-04 23:13:05.808437+02,"{""fleet number"": ""-\n+HA4""}",,,TFLO,,,AVLO,564,1,3777453,,,f,f,
2520,2026-05-04 23:18:43.193255+02,"{""fleet number"": ""-\n+DEL2154""}",,,TFLO,,,MTLN,3,1,3781478,,,f,f,
2523,2026-05-04 23:19:37.117447+02,"{""fleet number"": ""-\n+VWH2124""}",,,TFLO,,,MTLN,103,1,3780429,,,f,f,
2525,2026-05-04 23:20:21.873875+02,"{""fleet number"": ""-\n+VWH2126""}",,,TFLO,,,MTLN,103,1,3782350,,,f,f,
2527,2026-05-04 23:21:07.860589+02,"{""fleet number"": ""-\n+VWH2128""}",,,TFLO,,,MTLN,103,1,3779936,,,f,f,
2528,2026-05-04 23:24:37.779522+02,"{""fleet number"": ""-\n+VWH2129""}",,,TFLO,,,MTLN,103,1,3782137,,,f,f,
2530,2026-05-04 23:25:46.821721+02,"{""fleet number"": ""-\n+VWH2131""}",,,TFLO,,,MTLN,103,1,3782058,,,f,f,
2532,2026-05-04 23:26:41.055561+02,"{""fleet number"": ""-\n+VWH2133""}",,,TFLO,,,MTLN,103,1,3783524,,,f,f,
2533,2026-05-04 23:26:55.719046+02,"{""fleet number"": ""-\n+VWH2134""}",,,TFLO,,,MTLN,103,1,3785740,,,f,f,
2536,2026-05-04 23:28:14.972689+02,"{""fleet number"": ""-\n+VWH2137""}",,,TFLO,,,MTLN,103,1,3782709,,,f,f,
2539,2026-05-04 23:29:02.494972+02,"{""fleet number"": ""-\n+VWN2140""}",,,TFLO,,,MTLN,103,1,3779931,,,f,f,
2541,2026-05-04 23:31:23.073436+02,"{""fleet number"": ""-\n+T331""}",,,TFLO,,,AVLO,697,1,3782845,,,f,f,
2547,2026-05-04 23:32:54.429337+02,"{""fleet number"": ""-\n+T326""}",,,TFLO,,,AVLO,697,1,3780654,,,f,f,
2549,2026-05-04 23:33:29.579807+02,"{""fleet number"": ""-\n+T328""}",,,TFLO,,,AVLO,697,1,3780656,,,f,f,
2553,2026-05-04 23:34:25.912234+02,"{""fleet number"": ""-\n+T312""}",,,TFLO,,,AVLO,697,1,3781489,,,f,f,
2554,2026-05-04 23:34:36.511569+02,"{""fleet number"": ""-\n+T313""}",,,TFLO,,,AVLO,697,1,3784556,,,f,f,
2563,2026-05-04 23:36:46.315148+02,"{""fleet number"": ""-\n+T303""}",,,TFLO,,,AVLO,697,1,3780641,,,f,f,
2568,2026-05-04 23:37:50.210569+02,"{""fleet number"": ""-\n+T309""}",,,TFLO,,,AVLO,697,1,3782138,,,f,f,
2574,2026-05-04 23:40:27.728219+02,"{""fleet number"": ""-VW2058\n+VWH2058""}",,,,,,,,1,3780169,,,f,f,
2579,2026-05-04 23:44:43.204326+02,"{""fleet number"": ""-\n+WHV97""}",,,TFLO,,,LGEN,103,1,3782979,,,f,f,
2648,2026-05-05 00:15:34.819323+02,"{""fleet number"": ""-\n+TEH2072""}",,,TFLO,,,MTLN,9,1,3781723,,,f,f,
2649,2026-05-05 00:15:48.971258+02,"{""fleet number"": ""-\n+TEH2073""}",,,TFLO,,,MTLN,9,1,3781475,,,f,f,
2652,2026-05-05 00:16:50.664614+02,"{""fleet number"": ""-\n+VWH2090""}",,,TFLO,,,MTLN,103,1,3780179,,,f,f,
2654,2026-05-05 00:17:31.332767+02,"{""fleet number"": ""-\n+VWH2092""}",,,TFLO,,,MTLN,103,1,3780181,,,f,f,
2655,2026-05-05 00:17:47.118812+02,"{""fleet number"": ""-\n+VWH2093""}",,,TFLO,,,MTLN,103,1,3781441,,,f,f,
2657,2026-05-05 00:18:16.586159+02,"{""fleet number"": ""-\n+VWH2095""}",,,TFLO,,,MTLN,103,1,3781464,,,f,f,
2658,2026-05-05 00:18:34.866611+02,"{""fleet number"": ""-\n+VWH2096""}",,,TFLO,,,MTLN,103,1,3780176,,,f,f,
2670,2026-05-05 00:22:08.740804+02,"{""fleet number"": ""-\n+VWH2108""}",,,TFLO,,,MTLN,103,1,3780331,,,f,f,
2676,2026-05-05 00:23:51.436818+02,"{""fleet number"": ""-\n+VWH2113""}",,,TFLO,,,MTLN,103,1,3783719,,,f,f,
2677,2026-05-05 00:24:03.812635+02,"{""fleet number"": ""-\n+VWH2114""}",,,TFLO,,,MTLN,103,1,3780395,,,f,f,
2742,2026-05-05 11:24:53.504298+02,"{""reg"": ""-\n+YBZ223"", ""previous reg"": ""-\n+HJ02HFB""}",,,,,2866,,158,1,3789217,,,f,f,
2744,2026-05-05 11:27:46.721085+02,"{""reg"": ""-\n+HF12GVP""}",,,,,22,,111,1,27228,,,f,f,
2751,2026-05-05 11:30:31.587066+02,"{""reg"": ""-\n+HF12GVY""}",,,,,22,,111,1,27234,,,f,f,
2753,2026-05-05 11:31:04.740848+02,"{""reg"": ""-\n+HF12GWA""}",,,,,22,,111,1,27236,,,f,f,
2758,2026-05-05 11:32:16.229128+02,"{""reg"": ""-\n+HF12GWJ""}",,,,,22,,111,1,27241,,,f,f,
2764,2026-05-05 11:33:56.0996+02,"{""reg"": ""-\n+HF12GWP""}",,,,,22,,111,1,27247,,,f,f,
2766,2026-05-05 11:36:02.164871+02,"{""reg"": ""-\n+HF12GWV""}",,,,,22,,111,1,27248,,,f,f,
2768,2026-05-05 19:05:02.492935+02,"{""fleet number"": ""-\n+WVL509""}",,,TFLO,,,MBGA,103,1,3776903,,,f,f,
2770,2026-05-05 19:06:16.433052+02,"{""fleet number"": ""-\n+WHV52""}",,,TFLO,,,LGEN,103,1,3782297,,,f,f,
2772,2026-05-05 19:07:47.907692+02,"{""fleet number"": ""-\n+WHV63""}",,,TFLO,,,LGEN,103,1,3779176,,,f,f,
2776,2026-05-05 19:10:29.557362+02,"{""fleet number"": ""-\n+WHV67""}",,,TFLO,,,LGEN,103,1,3779179,,,f,f,
2777,2026-05-05 19:10:49.037477+02,"{""fleet number"": ""-\n+WHV64""}",,,TFLO,,,LGEN,103,1,3779177,,,f,f,
2779,2026-05-05 19:11:28.66762+02,"{""fleet number"": ""-\n+WHV65""}",,,TFLO,,,LGEN,103,1,3779178,,,f,f,
2782,2026-05-05 19:12:29.767667+02,"{""fleet number"": ""-\n+WHV68""}",,,TFLO,,,LGEN,103,1,3779180,,,f,f,
2788,2026-05-05 19:20:12.198797+02,"{""fleet number"": ""-\n+WHV79""}",,,TFLO,,,LGEN,103,1,3781703,,,f,f,
2791,2026-05-05 19:21:46.562187+02,"{""fleet number"": ""-\n+WHV80""}",,,TFLO,,,BTRI,103,1,3787699,,,f,f,
2793,2026-05-05 19:22:35.856506+02,"{""fleet number"": ""-\n+WHV82""}",,,TFLO,,,LGEN,103,1,3782054,,,f,f,
2794,2026-05-05 19:23:42.991426+02,"{""fleet number"": ""-\n+13074""}",,,TFLO,,,ELBG,193,1,3777607,,,f,f,
2796,2026-05-05 19:24:18.060763+02,"{""fleet number"": ""-\n+13072""}",,,TFLO,,,ELBG,193,1,3778288,,,f,f,
2797,2026-05-05 19:24:31.13556+02,"{""fleet number"": ""-\n+13081""}",,,TFLO,,,ELBG,193,1,3783352,,,f,f,
2799,2026-05-05 19:25:00.633744+02,"{""fleet number"": ""-\n+13070""}",,,TFLO,,,ELBG,193,1,3782158,,,f,f,
2800,2026-05-05 19:25:27.591277+02,"{""fleet number"": ""-\n+13069""}",,,TFLO,,,ELBG,193,1,3777818,,,f,f,
2802,2026-05-05 19:25:53.09646+02,"{""fleet number"": ""-\n+13068""}",,,TFLO,,,ELBG,193,1,3777680,,,f,f,
2804,2026-05-05 19:26:22.763631+02,"{""fleet number"": ""-\n+13066""}",,,TFLO,,,ELBG,193,1,3777679,,,f,f,
2273,2026-05-04 21:35:07.982509+02,"{""fleet number"": ""-\n+10109""}",,,TFLO,,,ELBG,697,1,3783554,,,f,f,
2480,2026-05-04 22:52:38.692041+02,"{""fleet number"": ""-\n+VWH2049""}",,,TFLO,,,MTLN,103,1,3780453,,,f,f,
2276,2026-05-04 21:36:18.072676+02,"{""fleet number"": ""-\n+10111""}",,,TFLO,,,ELBG,697,1,3777977,,,f,f,
3144,2026-05-06 11:37:42.605211+02,"{""reg"": ""-\n+HF18CJZ""}",,,,,107,,5,1,7401,,,f,f,
2278,2026-05-04 21:36:38.362595+02,"{""fleet number"": ""-\n+10113""}",,,TFLO,,,ELBG,697,1,3783542,,,f,f,
2485,2026-05-04 22:53:59.376141+02,"{""fleet number"": ""-\n+VWH2054""}",,,TFLO,,,MTLN,103,1,3780511,,,f,f,
2279,2026-05-04 21:36:54.976139+02,"{""fleet number"": ""-\n+10114""}",,,TFLO,,,ELBG,697,1,3777992,,,f,f,
2281,2026-05-04 21:37:16.582882+02,"{""fleet number"": ""-\n+10116""}",,,TFLO,,,ELBG,697,1,3783420,,,f,f,
2487,2026-05-04 22:54:40.226322+02,"{""fleet number"": ""-\n+VWH2056""}",,,TFLO,,,MTLN,103,1,3782274,,,f,f,
2288,2026-05-04 21:39:02.114413+02,"{""fleet number"": ""-\n+10123""}",,,TFLO,,,ELBG,697,1,3783848,,,f,f,
2293,2026-05-04 21:40:23.553371+02,"{""fleet number"": ""-\n+10129""}",,,TFLO,,,ELBG,697,1,3778132,,,f,f,
2491,2026-05-04 22:55:35.536668+02,"{""fleet number"": ""-\n+VWH2060""}",,,TFLO,,,MTLN,103,1,3779992,,,f,f,
2497,2026-05-04 23:11:08.136163+02,"{""fleet number"": ""-\n+HA15""}",,,TFLO,,,AVLO,564,1,3777459,,,f,f,
2505,2026-05-04 23:13:17.400877+02,"{""fleet number"": ""-\n+HA5""}",,,TFLO,,,AVLO,564,1,3783952,,,f,f,
2506,2026-05-04 23:13:32.273835+02,"{""fleet number"": ""-\n+HA6""}",,,TFLO,,,AVLO,564,1,3777454,,,f,f,
2508,2026-05-04 23:13:57.282192+02,"{""fleet number"": ""-\n+HA8""}",,,TFLO,,,AVLO,564,1,3784894,,,f,f,
2509,2026-05-04 23:14:09.457597+02,"{""fleet number"": ""-\n+HA9""}",,,TFLO,,,AVLO,564,1,3781116,,,f,f,
2511,2026-05-04 23:15:03.221469+02,"{""fleet number"": ""-\n+DEL2145""}",,,TFLO,,,MTLN,3,1,3779971,,,f,f,
2514,2026-05-04 23:15:41.652314+02,"{""fleet number"": ""-\n+DEL2148""}",,,TFLO,,,MTLN,3,1,3783344,,,f,f,
2516,2026-05-04 23:16:04.638+02,"{""fleet number"": ""-\n+DEL2150""}",,,TFLO,,,MTLN,3,1,3787095,,,f,f,
2526,2026-05-04 23:20:38.388573+02,"{""fleet number"": ""-\n+VWH2127""}",,,TFLO,,,MTLN,103,1,3780404,,,f,f,
2535,2026-05-04 23:28:00.363174+02,"{""fleet number"": ""-\n+VWH2136""}",,,TFLO,,,MTLN,103,1,3781413,,,f,f,
2540,2026-05-04 23:29:27.367723+02,"{""fleet number"": ""-\n+VWH2142""}",,,TFLO,,,MTLN,103,1,3779932,,,f,f,
2542,2026-05-04 23:31:37.981138+02,"{""fleet number"": ""-\n+T321""}",,,TFLO,,,AVLO,697,1,3780650,,,f,f,
2544,2026-05-04 23:32:06.566515+02,"{""fleet number"": ""-\n+T323""}",,,TFLO,,,AVLO,697,1,3780652,,,f,f,
2548,2026-05-04 23:33:16.23173+02,"{""fleet number"": ""-\n+T327""}",,,TFLO,,,AVLO,697,1,3780655,,,f,f,
2552,2026-05-04 23:34:13.083808+02,"{""fleet number"": ""-\n+T311""}",,,TFLO,,,AVLO,697,1,3780644,,,f,f,
2555,2026-05-04 23:34:53.483493+02,"{""fleet number"": ""-\n+T314""}",,,TFLO,,,AVLO,697,1,3780645,,,f,f,
2561,2026-05-04 23:36:22.468158+02,"{""fleet number"": ""-\n+T320""}",,,TFLO,,,AVLO,697,1,3781490,,,f,f,
2567,2026-05-04 23:37:36.1417+02,"{""fleet number"": ""-\n+T308""}",,,TFLO,,,AVLO,697,1,3780643,,,f,f,
2570,2026-05-04 23:38:37.257731+02,"{""fleet number"": ""-\n+VWH2142""}",,,TFLO,,,MTLN,103,1,3779933,,,f,f,
2571,2026-05-04 23:38:51.742695+02,"{""fleet number"": ""-\n+VWH2143""}",,,TFLO,,,MTLN,103,1,3786295,,,f,f,
2575,2026-05-04 23:42:11.526498+02,"{""fleet number"": ""-\n+VH45115""}",,,TFLO,,,FLON,103,1,3775799,,,f,f,
2577,2026-05-04 23:43:22.046751+02,"{""fleet number"": ""-\n+VH45117""}",,,TFLO,,,FLON,103,1,3780890,,,f,f,
2582,2026-05-04 23:45:54.561012+02,"{""fleet number"": ""-\n+WHV108""}",,,TFLO,,,LGEN,103,1,3778988,,,f,f,
2585,2026-05-04 23:47:47.065031+02,"{""fleet number"": ""-\n+TE1444""}",,,TFLO,,,MTLN,697,1,3780157,,,f,f,
2650,2026-05-05 00:16:17.362443+02,"{""fleet number"": ""-\n+VWH2088""}",,,TFLO,,,MTLN,103,1,3782316,,,f,f,
2656,2026-05-05 00:18:03.425157+02,"{""fleet number"": ""-\n+VWH2094""}",,,TFLO,,,MTLN,103,1,3780515,,,f,f,
2660,2026-05-05 00:19:16.033554+02,"{""fleet number"": ""-\n+VWH2098""}",,,TFLO,,,MTLN,103,1,3780463,,,f,f,
2661,2026-05-05 00:19:31.269964+02,"{""fleet number"": ""-\n+VWH2099""}",,,TFLO,,,MTLN,103,1,3780464,,,f,f,
2664,2026-05-05 00:20:32.604074+02,"{""fleet number"": ""-\n+VWH2102""}",,,TFLO,,,MTLN,103,1,3780327,,,f,f,
2665,2026-05-05 00:20:56.170522+02,"{""fleet number"": ""-\n+VWH2103""}",,,TFLO,,,MTLN,103,1,3781461,,,f,f,
2666,2026-05-05 00:21:09.61575+02,"{""fleet number"": ""-\n+VWH2104""}",,,TFLO,,,MTLN,103,1,3780389,,,f,f,
2668,2026-05-05 00:21:31.471762+02,"{""fleet number"": ""-\n+VWH2106""}",,,TFLO,,,MTLN,103,1,3784447,,,f,f,
2669,2026-05-05 00:21:43.529869+02,"{""fleet number"": ""-\n+VWH2107""}",,,TFLO,,,MTLN,103,1,3780553,,,f,f,
2671,2026-05-05 00:22:19.122939+02,"{""fleet number"": ""-\n+VWH2109""}",,,TFLO,,,MTLN,103,1,3780332,,,f,f,
2672,2026-05-05 00:22:36.212389+02,"{""fleet number"": ""-\n+VWH2110""}",,,TFLO,,,MTLN,103,1,3782382,,,f,f,
2673,2026-05-05 00:22:52.817224+02,"{""fleet number"": ""-\n+VWH2111""}",,,TFLO,,,MTLN,103,1,3780556,,,f,f,
2674,2026-05-05 00:23:07.224914+02,"{""fleet number"": ""-\n+VWHJ2112""}",,,TFLO,,,MTLN,103,1,3780405,,,f,f,
2675,2026-05-05 00:23:25.619411+02,"{""fleet number"": ""-VWHJ2112\n+VWH2112""}",,,,,,,,1,3780405,,,f,f,
2679,2026-05-05 00:24:36.54123+02,"{""fleet number"": ""-\n+VWH2116""}",,,TFLO,,,MTLN,103,1,3782508,,,f,f,
2682,2026-05-05 00:25:20.976438+02,"{""fleet number"": ""-\n+VWH2119""}",,,TFLO,,,MTLN,103,1,3780443,,,f,f,
2683,2026-05-05 00:25:34.554336+02,"{""fleet number"": ""-\n+VWH2120""}",,,TFLO,,,MTLN,103,1,3779970,,,f,f,
2684,2026-05-05 00:25:46.489613+02,"{""fleet number"": ""-\n+VWH2121""}",,,TFLO,,,MTLN,,1,3786096,,,f,f,
2685,2026-05-05 00:25:54.393029+02,{},,,,,,,103,1,3786096,,,f,f,
2686,2026-05-05 00:27:10.940217+02,"{""fleet number"": ""-\n+EH24""}",,262,TFLO,,4146,BTRI,9,1,3789368,,,f,f,
2687,2026-05-05 00:28:03.041861+02,"{""fleet number"": ""-\n+189""}",,,TFLO,,,LGEN,3,1,3776889,,,f,f,
2688,2026-05-05 00:28:33.673204+02,{},,,LGEN,,,MBGA,,1,3776889,,,f,f,
2689,2026-05-05 00:29:07.232406+02,"{""fleet number"": ""-\n+191""}",,,TFLO,,,LGEN,3,1,3788960,,,f,f,
2691,2026-05-05 00:30:53.816133+02,"{""fleet number"": ""-\n+10198""}",,,TFLO,,,ELBG,697,1,3783749,,,f,f,
2692,2026-05-05 11:06:05.760955+02,"{""reg"": ""-\n+HJ73NFE""}",,,,,3055,,8,1,27183,,,f,f,
2693,2026-05-05 11:06:16.24044+02,"{""reg"": ""-\n+HJ73NFF""}",,,,,3055,,8,1,27184,,,f,f,
2694,2026-05-05 11:06:39.272812+02,"{""reg"": ""-\n+HJ73NFG""}",,,,,3055,,8,1,27185,,,f,f,
2695,2026-05-05 11:06:56.541084+02,"{""reg"": ""-\n+HJ73NFH""}",,,,,3055,,8,1,27186,,,f,f,
2696,2026-05-05 11:07:07.495797+02,"{""reg"": ""-\n+HJ73NFK""}",,,,,3055,,8,1,27187,,,f,f,
2697,2026-05-05 11:07:19.582625+02,"{""reg"": ""-\n+HJ73NFL""}",,,,,3055,,8,1,27188,,,f,f,
2698,2026-05-05 11:07:33.188386+02,"{""reg"": ""-\n+NJ73NFM""}",,,,,3055,,8,1,27189,,,f,f,
2699,2026-05-05 11:07:51.321704+02,"{""reg"": ""-NJ73NFM\n+HJ73NFM""}",,,,,,,,1,27189,,,f,f,
2700,2026-05-05 11:08:10.702061+02,"{""reg"": ""-\n+HJ24KAE""}",,,,,3055,,8,1,27190,,,f,f,
2701,2026-05-05 11:08:33.058296+02,"{""reg"": ""-\n+HJ24KAK""}",,,,,3055,,8,1,27191,,,f,f,
2274,2026-05-04 21:35:25.782558+02,"{""fleet number"": ""-\n+10110""}",,,TFLO,,,,,1,3777955,,,f,f,
2275,2026-05-04 21:35:43.233969+02,{},,,,,,ELBG,697,1,3777955,,,f,f,
2482,2026-05-04 22:53:06.661462+02,"{""fleet number"": ""-\n+VWH2051""}",,,TFLO,,,MTLN,103,1,3780155,,,f,f,
2277,2026-05-04 21:36:28.159512+02,"{""fleet number"": ""-\n+10112""}",,,TFLO,,,ELBG,697,1,3783566,,,f,f,
2280,2026-05-04 21:37:06.380708+02,"{""fleet number"": ""-\n+10115""}",,,TFLO,,,ELBG,697,1,3777981,,,f,f,
2483,2026-05-04 22:53:18.885993+02,"{""fleet number"": ""-\n+VWH2052""}",,,TFLO,,,MTLN,103,1,3780156,,,f,f,
2295,2026-05-04 21:40:47.850009+02,"{""fleet number"": ""-\n+10131""}",,,TFLO,,,ELBG,697,1,3778133,,,f,f,
2488,2026-05-04 22:54:51.936492+02,"{""fleet number"": ""-\n+VWH2057""}",,,TFLO,,,MTLN,103,1,3779990,,,f,f,
2489,2026-05-04 22:55:07.872738+02,"{""fleet number"": ""-\n+VW2058""}",,,TFLO,,,MTLN,103,1,3780169,,,f,f,
2490,2026-05-04 22:55:19.342726+02,"{""fleet number"": ""-\n+VWH2059""}",,,TFLO,,,MTLN,103,1,3780170,,,f,f,
2495,2026-05-04 23:10:10.323773+02,"{""fleet number"": ""-\n+HA13""}",,,TFLO,,,AVLO,564,1,3777457,,,f,f,
2496,2026-05-04 23:10:28.366595+02,"{""fleet number"": ""-\n+HA14""}",,,TFLO,,,AVLO,564,1,3777458,,,f,f,
2502,2026-05-04 23:12:30.856972+02,"{""fleet number"": ""-\n+HA2""}",,,TFLO,,,AVLO,564,1,3777452,,,f,f,
2503,2026-05-04 23:12:54.825552+02,"{""fleet number"": ""-\n+HA3""}",,,TFLO,,,AVLO,564,1,3787221,,,f,f,
2507,2026-05-04 23:13:45.076516+02,"{""fleet number"": ""-\n+HA7""}",,,TFLO,,,AVLO,564,1,3779278,,,f,f,
2510,2026-05-04 23:14:21.678502+02,"{""fleet number"": ""-\n+HA10""}",,,TFLO,,,AVLO,564,1,3782379,,,f,f,
2515,2026-05-04 23:15:53.807404+02,"{""fleet number"": ""-\n+DEL2149""}",,,TFLO,,,MTLN,3,1,3780385,,,f,f,
2517,2026-05-04 23:16:22.663078+02,"{""fleet number"": ""-\n+DEL2151""}",,,TFLO,,,MTLN,3,1,3782237,,,f,f,
2519,2026-05-04 23:17:00.68145+02,"{""fleet number"": ""-\n+DEL2153""}",,,TFLO,,,MTLN,3,1,3776989,,,f,f,
2524,2026-05-04 23:20:04.486592+02,"{""fleet number"": ""-\n+VWH2125""}",,,TFLO,,,MTLN,103,1,3779935,,,f,f,
2531,2026-05-04 23:26:25.820204+02,"{""fleet number"": ""-\n+VWH2132""}",,,TFLO,,,MTLN,103,1,3779929,,,f,f,
2545,2026-05-04 23:32:22.312454+02,"{""fleet number"": ""-\n+T324""}",,,TFLO,,,AVLO,697,1,3780653,,,f,f,
2550,2026-05-04 23:33:42.777392+02,"{""fleet number"": ""-\n+T329""}",,,TFLO,,,AVLO,697,1,3780657,,,f,f,
2556,2026-05-04 23:35:08.823665+02,"{""fleet number"": ""-\n+T315""}",,,TFLO,,,AVLO,697,1,3780646,,,f,f,
2558,2026-05-04 23:35:46.858727+02,"{""fleet number"": ""-\n+T317""}",,,TFLO,,,AVLO,697,1,3780648,,,f,f,
2559,2026-05-04 23:35:59.843839+02,"{""fleet number"": ""-\n+T318""}",,,TFLO,,,AVLO,697,1,3780649,,,f,f,
2562,2026-05-04 23:36:35.952001+02,"{""fleet number"": ""-\n+T302""}",,,TFLO,,,AVLO,697,1,3779764,,,f,f,
2565,2026-05-04 23:37:10.646364+02,"{""fleet number"": ""-\n+T306""}",,,TFLO,,,AVLO,697,1,3781488,,,f,f,
2569,2026-05-04 23:38:02.283193+02,"{""fleet number"": ""-\n+T310""}",,,TFLO,,,AVLO,697,1,3781724,,,f,f,
2576,2026-05-04 23:42:40.756465+02,"{""fleet number"": ""-\n+VH45112""}",,,TFLO,,,FLON,103,1,3775798,,,f,f,
2702,2026-05-05 11:08:54.256799+02,"{""reg"": ""-\n+HJ24KAO""}",,,,,3055,,8,1,27192,,,f,f,
2704,2026-05-05 11:09:22.642865+02,"{""reg"": ""-\n+HJ24KAX""}",,,,,3055,,8,1,27194,,,f,f,
2706,2026-05-05 11:09:51.237643+02,"{""reg"": ""-\n+HJ24KCN""}",,,,,3055,,8,1,27195,,,f,f,
2717,2026-05-05 11:13:19.187452+02,"{""reg"": ""-\n+HJ24KDO""}",,,,,3055,,8,1,27205,,,f,f,
2718,2026-05-05 11:13:47.073474+02,"{""reg"": ""-\n+HJ24KDU""}",,,,,3055,,8,1,27206,,,f,f,
2721,2026-05-05 11:14:58.463944+02,"{""reg"": ""-\n+HJ24RBZ""}",,,,,3055,,8,1,27209,,,f,f,
2722,2026-05-05 11:15:11.263781+02,"{""reg"": ""-\n+HJ24RCF""}",,,,,3055,,8,1,27210,,,f,f,
2730,2026-05-05 11:18:48.130004+02,"{""reg"": ""-\n+HF54KXT""}",,,,,268,,115,1,2166751,,,f,f,
2735,2026-05-05 11:21:20.327355+02,"{""reg"": ""-\n+HF05GGO""}",,,,,1644,,115,1,27221,,,f,f,
2737,2026-05-05 11:21:54.17976+02,{},,1644,,,1639,,,1,27221,,,f,f,
2739,2026-05-05 11:23:21.945705+02,"{""reg"": ""-\n+HF05GGV""}",,,,,2867,,115,1,27224,,,f,f,
2743,2026-05-05 11:27:03.949382+02,"{""reg"": ""-\n+HF58HTT""}",,,,,22,,60,1,27227,,,f,f,
2745,2026-05-05 11:28:02.847498+02,"{""reg"": ""-\n+HF12GVR""}",,,,,22,,111,1,875819,,,f,f,
2746,2026-05-05 11:28:58.424513+02,"{""reg"": ""-\n+HF12GVT""}",,,,,22,,111,1,27229,,,f,f,
2747,2026-05-05 11:29:16.740562+02,"{""reg"": ""-\n+HF12GVU""}",,,,,22,,111,1,27230,,,f,f,
2748,2026-05-05 11:29:38.260747+02,"{""reg"": ""-\n+HF12GVV""}",,,,,22,,111,1,27231,,,f,f,
2749,2026-05-05 11:29:52.486928+02,"{""reg"": ""-\n+HF12GVW""}",,,,,22,,111,1,27232,,,f,f,
2750,2026-05-05 11:30:14.90248+02,"{""reg"": ""-\n+HF12GVX""}",,,,,22,,111,1,27233,,,f,f,
2752,2026-05-05 11:30:45.86489+02,"{""reg"": ""-\n+HF12GVZ""}",,,,,22,,111,1,27235,,,f,f,
2754,2026-05-05 11:31:19.021608+02,"{""reg"": ""-\n+HF12GWC""}",,,,,22,,111,1,27237,,,f,f,
2755,2026-05-05 11:31:30.936744+02,"{""reg"": ""-\n+HF12GWD""}",,,,,22,,111,1,27238,,,f,f,
2756,2026-05-05 11:31:43.422937+02,"{""reg"": ""-\n+HF12GWE""}",,,,,22,,111,1,27239,,,f,f,
2757,2026-05-05 11:31:54.861132+02,"{""reg"": ""-\n+HF12GWG""}",,,,,22,,111,1,27240,,,f,f,
2759,2026-05-05 11:32:28.868316+02,"{""reg"": ""-\n+HF12GWK""}",,,,,22,,111,1,27242,,,f,f,
2760,2026-05-05 11:32:42.463674+02,"{""reg"": ""-\n+HF12GWL""}",,,,,22,,111,1,27243,,,f,f,
2761,2026-05-05 11:33:13.145761+02,"{""reg"": ""-\n+HF12GWM""}",,,,,22,,111,1,27244,,,f,f,
2762,2026-05-05 11:33:25.305922+02,"{""reg"": ""-\n+HF12GWN""}",,,,,22,,111,1,27245,,,f,f,
2763,2026-05-05 11:33:44.660946+02,"{""reg"": ""-\n+HF12GWO""}",,,,,22,,111,1,27246,,,f,f,
2765,2026-05-05 11:35:26.225983+02,"{""reg"": ""-\n+HFGWU""}",,,,,22,,111,1,3786948,,,f,f,
2767,2026-05-05 11:36:11.928621+02,"{""reg"": ""-HFGWU\n+HF12GWU""}",,,,,,,,1,3786948,,,f,f,
2769,2026-05-05 19:05:20.317542+02,"{""fleet number"": ""-\n+WVL510""}",,,TFLO,,,MBGA,103,1,3776905,,,f,f,
2771,2026-05-05 19:06:57.262444+02,{},,,LGEN,,,LONC,,1,3782297,,,f,f,
2773,2026-05-05 19:08:06.940351+02,"{""fleet number"": ""-\n+WHV61""}",,,TFLO,,,LGEN,103,1,3779000,,,f,f,
2774,2026-05-05 19:08:28.414506+02,"{""fleet number"": ""-\n+WHV62""}",,,TFLO,,,LGEN,103,1,3779175,,,f,f,
2775,2026-05-05 19:09:54.884802+02,"{""fleet number"": ""-\n+WHV71""}",,,TFLO,,,LGEN,103,1,3781322,,,f,f,
2778,2026-05-05 19:11:11.430758+02,"{""fleet number"": ""-\n+WHV66""}",,,TFLO,,,LGEN,103,1,3781911,,,f,f,
2780,2026-05-05 19:11:49.652063+02,"{""fleet number"": ""-\n+WHV70""}",,,TFLO,,,BTRI,103,1,3781661,,,f,f,
2781,2026-05-05 19:12:14.487908+02,"{""fleet number"": ""-\n+WHV69""}",,,TFLO,,,LGEN,103,1,3781823,,,f,f,
2783,2026-05-05 19:13:00.664037+02,"{""fleet number"": ""-\n+WHV72""}",,,TFLO,,,LGEN,103,1,3782661,,,f,f,
2784,2026-05-05 19:13:46.889203+02,"{""fleet number"": ""-\n+WHV74""}",,,TFLO,,,LGEN,103,1,3779545,,,f,f,
2785,2026-05-05 19:18:25.090215+02,"{""fleet number"": ""-\n+WHV76""}",,,TFLO,,,LGEN,103,1,3783460,,,f,f,
2786,2026-05-05 19:18:43.469963+02,"{""fleet number"": ""-\n+WHV73""}",,,TFLO,,,LGEN,103,1,3779544,,,f,f,
2283,2026-05-04 21:37:57.97765+02,"{""fleet number"": ""-\n+10118""}",,,TFLO,,,ELBG,697,1,3787956,,,f,f,
3145,2026-05-06 11:37:54.444136+02,"{""reg"": ""-\n+HF18CKA""}",,,,,107,,5,1,1696358,,,f,f,
2284,2026-05-04 21:38:10.323308+02,"{""fleet number"": ""-\n+10119""}",,,TFLO,,,ELBG,697,1,3785528,,,f,f,
2287,2026-05-04 21:38:50.496895+02,"{""fleet number"": ""-\n+10122""}",,,TFLO,,,ELBG,697,1,3778105,,,f,f,
2289,2026-05-04 21:39:29.674022+02,"{""fleet number"": ""-\n+10124""}",,,TFLO,,,ELBG,697,1,3778127,,,f,f,
2291,2026-05-04 21:40:02.793686+02,"{""fleet number"": ""-\n+10127""}",,,TFLO,,,ELBG,697,1,3778130,,,f,f,
2294,2026-05-04 21:40:37.803396+02,"{""fleet number"": ""-\n+10130""}",,,TFLO,,,ELBG,697,1,3784704,,,f,f,
2296,2026-05-04 21:41:04.591074+02,"{""fleet number"": ""-\n+10132""}",,,TFLO,,,ELBG,697,1,3778134,,,f,f,
2297,2026-05-04 21:41:15.644354+02,"{""fleet number"": ""-\n+10133""}",,,TFLO,,,ELBG,697,1,3778135,,,f,f,
2298,2026-05-04 21:41:26.028533+02,"{""fleet number"": ""-\n+10134""}",,,TFLO,,,ELBG,697,1,3784502,,,f,f,
2299,2026-05-04 21:41:53.148912+02,"{""fleet number"": ""-\n+10135""}",,,TFLO,,,ELBG,697,1,3778136,,,f,f,
2300,2026-05-04 21:42:07.443665+02,"{""fleet number"": ""-\n+10136""}",,,TFLO,,,ELBG,697,1,3778137,,,f,f,
2301,2026-05-04 21:42:24.624499+02,"{""fleet number"": ""-\n+10137""}",,,TFLO,,,ELBG,697,1,3778138,,,f,f,
2302,2026-05-04 21:42:34.371845+02,"{""fleet number"": ""-\n+10138""}",,,TFLO,,,ELBG,697,1,3782333,,,f,f,
2303,2026-05-04 21:42:46.518621+02,"{""fleet number"": ""-\n+10139""}",,,TFLO,,,ELBG,697,1,3782517,,,f,f,
2304,2026-05-04 21:42:58.305213+02,"{""fleet number"": ""-\n+10140""}",,,TFLO,,,ELBG,697,1,3778140,,,f,f,
2305,2026-05-04 21:43:10.067377+02,"{""fleet number"": ""-\n+10141""}",,,TFLO,,,ELBG,697,1,3778141,,,f,f,
2306,2026-05-04 21:43:23.595106+02,"{""fleet number"": ""-\n+10142""}",,,TFLO,,,ELBG,697,1,3781197,,,f,f,
2307,2026-05-04 21:43:33.524678+02,"{""fleet number"": ""-\n+10143""}",,,TFLO,,,ELBG,697,1,3778142,,,f,f,
2308,2026-05-04 21:43:48.915102+02,"{""fleet number"": ""-\n+10144""}",,,TFLO,,,ELBG,697,1,3778143,,,f,f,
2309,2026-05-04 21:44:00.029608+02,"{""fleet number"": ""-\n+10145""}",,,TFLO,,,ELBG,697,1,3778144,,,f,f,
2310,2026-05-04 21:44:11.01533+02,"{""fleet number"": ""-\n+10146""}",,,TFLO,,,ELBG,697,1,3787021,,,f,f,
2311,2026-05-04 21:44:22.229575+02,"{""fleet number"": ""-\n+10147""}",,,TFLO,,,ELBG,697,1,3778145,,,f,f,
2312,2026-05-04 21:44:33.394846+02,"{""fleet number"": ""-\n+10148""}",,,TFLO,,,ELBG,697,1,3787074,,,f,f,
2313,2026-05-04 21:44:49.975575+02,"{""fleet number"": ""-\n+10149""}",,,TFLO,,,ELBG,697,1,3784888,,,f,f,
2314,2026-05-04 21:45:03.212293+02,"{""fleet number"": ""-\n+10150""}",,,TFLO,,,ELBG,697,1,3778147,,,f,f,
2315,2026-05-04 21:45:14.648077+02,"{""fleet number"": ""-\n+10151""}",,,TFLO,,,ELBG,697,1,3778148,,,f,f,
2316,2026-05-04 21:45:27.210172+02,"{""fleet number"": ""-\n+10152""}",,,TFLO,,,ELBG,697,1,3783019,,,f,f,
2317,2026-05-04 21:45:38.965459+02,"{""fleet number"": ""-\n+10153""}",,,TFLO,,,ELBG,697,1,3785272,,,f,f,
2318,2026-05-04 21:45:49.088684+02,"{""fleet number"": ""-\n+10154""}",,,TFLO,,,ELBG,697,1,3788563,,,f,f,
2319,2026-05-04 21:46:18.926299+02,"{""fleet number"": ""-\n+36528""}",,,TFLO,,,ELBG,3,1,3778149,,,f,f,
2320,2026-05-04 21:46:41.615446+02,"{""fleet number"": ""-\n+36529""}",,,TFLO,,,ELBG,3,1,3778150,,,f,f,
2321,2026-05-04 21:46:58.022336+02,"{""fleet number"": ""-\n+36530""}",,,TFLO,,,ELBG,3,1,3784476,,,f,f,
2322,2026-05-04 21:47:13.473919+02,"{""fleet number"": ""-\n+36531""}",,,TFLO,,,ELBG,3,1,3778151,,,f,f,
2323,2026-05-04 21:47:27.24685+02,"{""fleet number"": ""-\n+36532""}",,,TFLO,,,ELBG,3,1,3781634,,,f,f,
2324,2026-05-04 21:47:39.926181+02,"{""fleet number"": ""-\n+36533""}",,,TFLO,,,ELBG,3,1,3778153,,,f,f,
2325,2026-05-04 21:47:57.336354+02,"{""fleet number"": ""-\n+36534""}",,,TFLO,,,ELBG,3,1,3778154,,,f,f,
2326,2026-05-04 21:48:10.140155+02,"{""fleet number"": ""-\n+36535""}",,,TFLO,,,ELBG,3,1,3778180,,,f,f,
2327,2026-05-04 21:48:27.392027+02,"{""fleet number"": ""-\n+36536""}",,,TFLO,,,ELBG,3,1,3778181,,,f,f,
2328,2026-05-04 21:48:40.880572+02,"{""fleet number"": ""-\n+36537""}",,,TFLO,,,ELBG,3,1,3784714,,,f,f,
2329,2026-05-04 21:48:55.691238+02,"{""fleet number"": ""-\n+36538""}",,,TFLO,,,ELBG,3,1,3783112,,,f,f,
2330,2026-05-04 21:49:09.920529+02,"{""fleet number"": ""-\n+36539""}",,,TFLO,,,ELBG,3,1,3785831,,,f,f,
2331,2026-05-04 21:49:20.389683+02,"{""fleet number"": ""-\n+36540""}",,,TFLO,,,ELBG,3,1,3778189,,,f,f,
2332,2026-05-04 21:49:31.329962+02,"{""fleet number"": ""-\n+36541""}",,,TFLO,,,ELBG,3,1,3778190,,,f,f,
2333,2026-05-04 21:49:45.971792+02,"{""fleet number"": ""-\n+36542""}",,,TFLO,,,ELBG,3,1,3778192,,,f,f,
2334,2026-05-04 21:50:00.455842+02,"{""fleet number"": ""-\n+36546""}",,,TFLO,,,ELBG,3,1,3781209,,,f,f,
2335,2026-05-04 21:50:17.162164+02,"{""fleet number"": ""-\n+36547""}",,,TFLO,,,ELBG,3,1,3778292,,,f,f,
2336,2026-05-04 21:50:39.07997+02,"{""fleet number"": ""-\n+36548""}",,,TFLO,,,ELBG,3,1,3787723,,,f,f,
2337,2026-05-04 21:50:52.178175+02,"{""fleet number"": ""-\n+36549""}",,,TFLO,,,ELBG,3,1,3781799,,,f,f,
2338,2026-05-04 21:51:06.320699+02,"{""fleet number"": ""-\n+36550""}",,,TFLO,,,ELBG,3,1,3778350,,,f,f,
2339,2026-05-04 21:51:33.797132+02,"{""fleet number"": ""-\n+36552""}",,,TFLO,,,ELBG,3,1,3785454,,,f,f,
2340,2026-05-04 21:51:45.3013+02,"{""fleet number"": ""-\n+36553""}",,,TFLO,,,ELBG,3,1,3778362,,,f,f,
2341,2026-05-04 21:52:02.878219+02,"{""fleet number"": ""-\n+36554""}",,,TFLO,,,ELBG,3,1,3784065,,,f,f,
2342,2026-05-04 21:54:06.825634+02,"{""fleet number"": ""-\n+36555""}",,,TFLO,,,ELBG,3,1,3781216,,,f,f,
2343,2026-05-04 21:54:23.243112+02,"{""fleet number"": ""-\n+36571""}",,,TFLO,,,ELBG,3,1,3785273,,,f,f,
2344,2026-05-04 21:54:39.060212+02,"{""fleet number"": ""-\n+36572""}",,,TFLO,,,ELBG,3,1,3782224,,,f,f,
2345,2026-05-04 21:54:55.638419+02,"{""fleet number"": ""-\n+36573""}",,,TFLO,,,ELBG,3,1,3781629,,,f,f,
2346,2026-05-04 21:55:09.993731+02,"{""fleet number"": ""-\n+36574""}",,,TFLO,,,ELBG,3,1,3778273,,,f,f,
2347,2026-05-04 21:55:26.00822+02,"{""fleet number"": ""-\n+36575""}",,,TFLO,,,ELBG,3,1,3788413,,,f,f,
2348,2026-05-04 21:56:10.761856+02,"{""fleet number"": ""-\n+36576""}",,,TFLO,,,ELBG,3,1,3784522,,,f,f,
2349,2026-05-04 21:56:27.579414+02,"{""fleet number"": ""-\n+36577""}",,,TFLO,,,ELBG,3,1,3784273,,,f,f,
2350,2026-05-04 21:56:41.337398+02,"{""fleet number"": ""-\n+36578""}",,,TFLO,,,ELBG,3,1,3778311,,,f,f,
2351,2026-05-04 21:56:52.419405+02,"{""fleet number"": ""-\n+36579""}",,,TFLO,,,ELBG,3,1,3777604,,,f,f,
2352,2026-05-04 21:57:04.211739+02,"{""fleet number"": ""-\n+36580""}",,,TFLO,,,ELBG,3,1,3778037,,,f,f,
2353,2026-05-04 21:59:11.563207+02,"{""fleet number"": ""-\n+DEM1337""}",,,TFLO,,,MTLN,3,1,3783956,,,f,f,
2354,2026-05-04 21:59:26.635309+02,"{""fleet number"": ""-\n+DEM1338""}",,,TFLO,,,MTLN,3,1,3779710,,,f,f,
2355,2026-05-04 21:59:37.810891+02,"{""fleet number"": ""-\n+DEM1339""}",,,TFLO,,,MTLN,3,1,3779938,,,f,f,
2356,2026-05-04 21:59:51.018605+02,"{""fleet number"": ""-\n+DEM1340""}",,,TFLO,,,MTLN,3,1,3785128,,,f,f,
2357,2026-05-04 22:00:04.25386+02,"{""fleet number"": ""-\n+DEM1341""}",,,TFLO,,,MTLN,3,1,3782084,,,f,f,
2484,2026-05-04 22:53:38.658413+02,"{""fleet number"": ""-\n+VWH2053""}",,,TFLO,,,MTLN,103,1,3781457,,,f,f,
2360,2026-05-04 22:00:58.905769+02,"{""fleet number"": ""-\n+DEM1344""}",,,TFLO,,,MTLN,3,1,3779942,,,f,f,
2363,2026-05-04 22:01:42.285969+02,"{""fleet number"": ""-\n+DEM1347""}",,,TFLO,,,MTLN,3,1,3780323,,,f,f,
2494,2026-05-04 23:10:00.2183+02,"{""fleet number"": ""-\n+HA12""}",,,TFLO,,,AVLO,564,1,3781117,,,f,f,
2365,2026-05-04 22:02:07.057465+02,"{""fleet number"": ""-\n+DEM1349""}",,,TFLO,,,MTLN,3,1,3780325,,,f,f,
2367,2026-05-04 22:02:35.310822+02,"{""fleet number"": ""-\n+DEM1351""}",,,TFLO,,,MTLN,3,1,3782471,,,f,f,
2501,2026-05-04 23:12:03.73681+02,"{""fleet number"": ""-\n+HA1""}",,,TFLO,,,AVLO,564,1,3777928,,,f,f,
2379,2026-05-04 22:06:15.280574+02,"{""fleet number"": ""-VWH1363\n+VWH1362""}",,,,,,,,1,3783901,,,f,f,
2387,2026-05-04 22:10:53.01561+02,"{""fleet number"": ""-\n+VW1370""}",,,TFLO,,,MTLN,124,1,3779707,,,f,f,
2512,2026-05-04 23:15:16.990069+02,"{""fleet number"": ""-\n+DEL2146""}",,,TFLO,,,MTLN,3,1,3779747,,,f,f,
2393,2026-05-04 22:12:45.744498+02,"{""fleet number"": ""-\n+VW1376""}",,,TFLO,,,MTLN,124,1,3780106,,,f,f,
2395,2026-05-04 22:13:28.117326+02,"{""fleet number"": ""-\n+VW1378""}",,,TFLO,,,MTLN,124,1,3780107,,,f,f,
2513,2026-05-04 23:15:29.516163+02,"{""fleet number"": ""-\n+DEL2147""}",,,TFLO,,,MTLN,3,1,3786007,,,f,f,
2398,2026-05-04 22:14:08.562175+02,"{""fleet number"": ""-\n+VW1381""}",,,TFLO,,,MTLN,124,1,3780112,,,f,f,
2400,2026-05-04 22:14:43.159071+02,"{""fleet number"": ""-\n+VW1383""}",,,TFLO,,,MTLN,124,1,3780115,,,f,f,
2518,2026-05-04 23:16:43.498111+02,"{""fleet number"": ""-\n+DEL2152""}",,,TFLO,,,MTLN,3,1,3780514,,,f,f,
2404,2026-05-04 22:15:57.132698+02,"{""fleet number"": ""-\n+VW1388""}",,,TFLO,,,MTLN,124,1,3783590,,,f,f,
2405,2026-05-04 22:16:20.409879+02,"{""fleet number"": ""-\n+VW1389""}",,,TFLO,,,MTLN,124,1,3779943,,,f,f,
2521,2026-05-04 23:19:05.758363+02,"{""fleet number"": ""-\n+VWH2122""}",,,TFLO,,,MTLN,103,1,3780445,,,f,f,
2408,2026-05-04 22:17:35.446189+02,"{""fleet number"": ""-\n+VW1392""}",,,TFLO,,,MTLN,124,1,3780149,,,f,f,
2411,2026-05-04 22:18:14.872216+02,"{""fleet number"": ""-\n+VW1395""}",,,TFLO,,,MTLN,124,1,3779732,,,f,f,
2522,2026-05-04 23:19:18.860126+02,"{""fleet number"": ""-\n+VWH2123""}",,,TFLO,,,MTLN,103,1,3780446,,,f,f,
2413,2026-05-04 22:18:55.919391+02,"{""fleet number"": ""-\n+VW1397""}",,,TFLO,,,MTLN,124,1,3783738,,,f,f,
2416,2026-05-04 22:19:47.463108+02,"{""fleet number"": ""-\n+VW1400""}",,,TFLO,,,MTLN,124,1,3789098,,,f,f,
2529,2026-05-04 23:25:31.753966+02,"{""fleet number"": ""-\n+VWH2130""}",,,TFLO,,,MTLN,103,1,3779937,,,f,f,
2418,2026-05-04 22:20:27.081231+02,"{""fleet number"": ""-\n+VW1402""}",,,TFLO,,,MTLN,124,1,3780152,,,f,f,
2423,2026-05-04 22:22:03.433333+02,"{""fleet number"": ""-\n+VWH1410""}",,,TFLO,,,MTLN,102,1,3780264,,,f,f,
2534,2026-05-04 23:27:14.522197+02,"{""fleet number"": ""-\n+VWH2135""}",,,TFLO,,,MTLN,103,1,3781412,,,f,f,
2537,2026-05-04 23:28:31.58827+02,"{""fleet number"": ""-\n+VWH2138""}",,,TFLO,,,MTLN,103,1,3782963,,,f,f,
2538,2026-05-04 23:28:48.152877+02,"{""fleet number"": ""-\n+VWH2139""}",,,TFLO,,,MTLN,103,1,3779930,,,f,f,
2543,2026-05-04 23:31:51.998674+02,"{""fleet number"": ""-\n+T322""}",,,TFLO,,,AVLO,697,1,3780651,,,f,f,
2546,2026-05-04 23:32:35.165741+02,"{""fleet number"": ""-\n+T325""}",,,TFLO,,,AVLO,697,1,3784610,,,f,f,
2551,2026-05-04 23:34:00.687277+02,"{""fleet number"": ""-\n+T330""}",,,TFLO,,,AVLO,697,1,3780658,,,f,f,
2557,2026-05-04 23:35:23.219099+02,"{""fleet number"": ""-\n+T316""}",,,TFLO,,,AVLO,697,1,3780647,,,f,f,
2560,2026-05-04 23:36:11.209067+02,"{""fleet number"": ""-\n+T319""}",,,TFLO,,,AVLO,697,1,3782927,,,f,f,
2564,2026-05-04 23:36:56.661354+02,"{""fleet number"": ""-\n+T304""}",,,TFLO,,,AVLO,697,1,3783274,,,f,f,
2566,2026-05-04 23:37:22.031274+02,"{""fleet number"": ""-\n+T307""}",,,TFLO,,,AVLO,697,1,3780642,,,f,f,
2572,2026-05-04 23:39:06.988152+02,"{""fleet number"": ""-\n+VWH2144""}",,,TFLO,,,MTLN,103,1,3779934,,,f,f,
2573,2026-05-04 23:39:32.233425+02,"{""fleet number"": ""-VWN2140\n+VWH2140""}",,,,,,,,1,3779931,,,f,f,
2578,2026-05-04 23:44:18.341403+02,"{""fleet number"": ""-\n+WHV105""}",,,TFLO,,,BTRI,103,1,3778987,,,f,f,
2580,2026-05-04 23:45:09.24342+02,"{""fleet number"": ""-\n+WHV106""}",,,TFLO,,,BTRI,103,1,3782024,,,f,f,
2581,2026-05-04 23:45:33.387286+02,"{""fleet number"": ""-\n+WHV99""}",,,TFLO,,,LGEN,103,1,3778569,,,f,f,
2583,2026-05-04 23:47:11.984568+02,"{""fleet number"": ""-\n+TE1440""}",,,TFLO,,,MTLN,697,1,3780428,,,f,f,
2584,2026-05-04 23:47:32.577757+02,"{""fleet number"": ""-\n+TE1442""}",,,TFLO,,,MTLN,697,1,3780523,,,f,f,
2703,2026-05-05 11:09:05.216372+02,"{""reg"": ""-\n+HJ24KAU""}",,,,,3055,,8,1,27193,,,f,f,
2705,2026-05-05 11:09:39.31592+02,"{""reg"": ""-\n+HJ24KBE""}",,,,,3055,,8,1,748458,,,f,f,
2707,2026-05-05 11:10:12.903001+02,"{""reg"": ""-\n+HJ24KCO""}",,,,,3055,,8,1,27196,,,f,f,
2708,2026-05-05 11:10:53.283947+02,"{""reg"": ""-\n+HJ25KCU""}",,,,,3055,,8,1,27197,,,f,f,
2709,2026-05-05 11:11:13.329863+02,"{""reg"": ""-\n+HJ24KCV""}",,,,,3055,,8,1,27198,,,f,f,
2710,2026-05-05 11:11:20.687516+02,"{""reg"": ""-HJ25KCU\n+HJ24KCU""}",,,,,,,,1,27197,,,f,f,
2711,2026-05-05 11:11:47.248246+02,"{""reg"": ""-\n+HH24KCX""}",,,,,3055,,8,1,27199,,,f,f,
2712,2026-05-05 11:12:05.951144+02,"{""reg"": ""-\n+HJ24KCY""}",,,,,3055,,8,1,27200,,,f,f,
2713,2026-05-05 11:12:16.750076+02,"{""reg"": ""-\n+HJ24KCZ""}",,,,,3055,,8,1,27201,,,f,f,
2714,2026-05-05 11:12:29.387153+02,"{""reg"": ""-\n+HJ24KDF""}",,,,,3055,,8,1,27202,,,f,f,
2715,2026-05-05 11:12:54.02787+02,"{""reg"": ""-\n+HJ24KDK""}",,,,,3055,,8,1,27203,,,f,f,
2716,2026-05-05 11:13:06.828013+02,"{""reg"": ""-\n+HJ24KDN""}",,,,,3055,,8,1,27204,,,f,f,
2719,2026-05-05 11:13:59.708956+02,"{""reg"": ""-\n+HJ24KDV""}",,,,,3055,,8,1,27207,,,f,f,
2720,2026-05-05 11:14:32.131973+02,"{""reg"": ""-\n+HJ24RBX""}",,,,,3055,,8,1,27208,,,f,f,
2723,2026-05-05 11:15:30.70907+02,"{""reg"": ""-\n+HJ24RCO""}",,,,,517,,8,1,27211,,,f,f,
2724,2026-05-05 11:15:57.751665+02,"{""reg"": ""-\n+HJ24RCU""}",,,,,517,,8,1,27212,,,f,f,
2725,2026-05-05 11:16:11.631549+02,"{""reg"": ""-\n+HJ24RCV""}",,,,,517,,8,1,27213,,,f,f,
2726,2026-05-05 11:16:24.824192+02,"{""reg"": ""-\n+HJ24RCX""}",,,,,517,,8,1,27214,,,f,f,
2727,2026-05-05 11:16:37.704081+02,"{""reg"": ""-\n+HJ24RCY""}",,,,,517,,8,1,27215,,,f,f,
2728,2026-05-05 11:16:53.621819+02,"{""reg"": ""-\n+HJ24RCZ""}",,,,,517,,8,1,27216,,,f,f,
2729,2026-05-05 11:17:18.149961+02,"{""reg"": ""-\n+HJ25BYN""}",,,,,3055,,8,1,27217,,,f,f,
2731,2026-05-05 11:19:23.392776+02,"{""reg"": ""-\n+HF54KXV""}",,,,,1643,,115,1,3785011,,,f,f,
2732,2026-05-05 11:20:12.791557+02,"{""reg"": ""-\n+HF05GGE""}",,,,,268,,115,1,27218,,,f,f,
2733,2026-05-05 11:20:41.208233+02,"{""reg"": ""-\n+HF05GGJ""}",,,,,1644,,115,1,27219,,,f,f,
2734,2026-05-05 11:21:05.940148+02,"{""reg"": ""-\n+HF05GGK""}",,,,,1644,,115,1,27220,,,f,f,
2736,2026-05-05 11:21:46.607812+02,"{""reg"": ""-\n+HF05GGP""}",,,,,1639,,115,1,27222,,,f,f,
2358,2026-05-04 22:00:34.014153+02,"{""fleet number"": ""-\n+DEM1342""}",,,TFLO,,,MTLN,3,1,3779939,,,f,f,
3146,2026-05-06 11:38:05.409644+02,"{""reg"": ""-\n+HF18CKC""}",,,,,107,,5,1,7402,,,f,f,
2359,2026-05-04 22:00:46.514781+02,"{""fleet number"": ""-\n+DEM1343""}",,,TFLO,,,MTLN,3,1,3779941,,,f,f,
2586,2026-05-04 23:48:07.521135+02,"{""fleet number"": ""-\n+TE1446""}",,,TFLO,,,MTLN,697,1,3780255,,,f,f,
2364,2026-05-04 22:01:55.013727+02,"{""fleet number"": ""-\n+DEM1348""}",,,TFLO,,,MTLN,3,1,3780324,,,f,f,
2369,2026-05-04 22:03:05.086847+02,"{""fleet number"": ""-\n+DEM1353""}",,,TFLO,,,MTLN,3,1,3781987,,,f,f,
2587,2026-05-04 23:48:21.834757+02,"{""fleet number"": ""-\n+TE1447""}",,,TFLO,,,MTLN,697,1,3780262,,,f,f,
2372,2026-05-04 22:03:40.28825+02,"{""fleet number"": ""-\n+DEM1356""}",,,TFLO,,,MTLN,3,1,3781476,,,f,f,
2376,2026-05-04 22:04:54.310763+02,"{""fleet number"": ""-\n+VWH1360""}",,,TFLO,,,MTLN,102,1,3779699,,,f,f,
2588,2026-05-04 23:48:42.417416+02,"{""fleet number"": ""-\n+TE1448""}",,,TFLO,,,MTLN,697,1,3781439,,,f,f,
2377,2026-05-04 22:05:11.02376+02,"{""fleet number"": ""-\n+VWH1361""}",,,TFLO,,,MTLN,102,1,3779701,,,f,f,
2378,2026-05-04 22:05:31.439687+02,"{""fleet number"": ""-\n+VWH1363""}",,,TFLO,,,MTLN,102,1,3783901,,,f,f,
2589,2026-05-04 23:49:28.754635+02,"{""fleet number"": ""-\n+TEH1449""}",,,TFLO,,,MTLN,9,1,3780138,,,f,f,
2380,2026-05-04 22:06:39.273661+02,"{""fleet number"": ""-\n+VWH1363""}",,,TFLO,,,MTLN,102,1,3779702,,,f,f,
2382,2026-05-04 22:08:56.589748+02,"{""fleet number"": ""-\n+VW1365""}",,,TFLO,,,MTLN,124,1,3779703,,,f,f,
2590,2026-05-04 23:50:32.909219+02,"{""fleet number"": ""-\n+TEH1450""}",,,TFLO,,,MTLN,9,1,3784227,,,f,f,
2384,2026-05-04 22:09:53.978407+02,"{""fleet number"": ""-\n+VW1367""}",,,TFLO,,,MTLN,124,1,3779705,,,f,f,
2386,2026-05-04 22:10:35.538247+02,"{""fleet number"": ""-\n+VW1369""}",,,TFLO,,,MTLN,124,1,3779706,,,f,f,
2591,2026-05-04 23:51:00.822102+02,"{""fleet number"": ""-\n+TEH1452""}",,,TFLO,,,MTLN,9,1,3787098,,,f,f,
2388,2026-05-04 22:11:06.256568+02,"{""fleet number"": ""-\n+VW1371""}",,,TFLO,,,MTLN,124,1,3779708,,,f,f,
2390,2026-05-04 22:11:41.593438+02,"{""fleet number"": ""-\n+VW1373""}",,,TFLO,,,MTLN,124,1,3782095,,,f,f,
2592,2026-05-04 23:51:22.251892+02,"{""fleet number"": ""-\n+TEH1453""}",,,TFLO,,,MTLN,9,1,3779677,,,f,f,
2397,2026-05-04 22:13:53.987489+02,"{""fleet number"": ""-\n+VW1380""}",,,TFLO,,,MTLN,124,1,3782221,,,f,f,
2399,2026-05-04 22:14:30.158183+02,"{""fleet number"": ""-\n+VW1382""}",,,TFLO,,,MTLN,124,1,3780114,,,f,f,
2593,2026-05-04 23:51:36.872515+02,"{""fleet number"": ""-\n+TEH1454""}",,,TFLO,,,MTLN,9,1,3786762,,,f,f,
2401,2026-05-04 22:14:55.828538+02,"{""fleet number"": ""-\n+VE1385""}",,,TFLO,,,MTLN,124,1,3783450,,,f,f,
2402,2026-05-04 22:15:17.671995+02,"{""fleet number"": ""-\n+VW1386""}",,,TFLO,,,MTLN,124,1,3780135,,,f,f,
2594,2026-05-04 23:52:01.933311+02,"{""fleet number"": ""-\n+TEH1455""}",,,TFLO,,,MTLN,9,1,3779697,,,f,f,
2403,2026-05-04 22:15:38.479421+02,"{""fleet number"": ""-\n+VW1387""}",,,TFLO,,,MTLN,124,1,3782299,,,f,f,
2406,2026-05-04 22:16:30.795053+02,"{""fleet number"": ""-\n+VW1390""}",,,TFLO,,,MTLN,124,1,3781713,,,f,f,
2595,2026-05-04 23:52:18.914916+02,"{""fleet number"": ""-\n+TEH1456""}",,,TFLO,,,MTLN,9,1,3779698,,,f,f,
2407,2026-05-04 22:16:43.181343+02,"{""fleet number"": ""-\n+VW1391""}",,,TFLO,,,MTLN,,1,3780085,,,f,f,
2417,2026-05-04 22:20:02.341884+02,"{""fleet number"": ""-\n+VW1401""}",,,TFLO,,,MTLN,124,1,3780150,,,f,f,
2596,2026-05-04 23:52:40.021658+02,"{""fleet number"": ""-\n+TEH1457""}",,,TFLO,,,MTLN,9,1,3781396,,,f,f,
2424,2026-05-04 22:22:22.177914+02,"{""fleet number"": ""-\n+VWH1411""}",,,TFLO,,,MTLN,102,1,3780267,,,f,f,
2428,2026-05-04 22:23:21.442774+02,"{""fleet number"": ""-\n+VWH1416""}",,,TFLO,,,MTLN,102,1,3781473,,,f,f,
2597,2026-05-04 23:52:56.515053+02,"{""fleet number"": ""-\n+TEH1459""}",,,TFLO,,,MTLN,9,1,3785156,,,f,f,
2429,2026-05-04 22:23:34.477674+02,"{""fleet number"": ""-\n+VWH1417""}",,,TFLO,,,MTLN,102,1,3785168,,,f,f,
2430,2026-05-04 22:23:51.56182+02,"{""fleet number"": ""-\n+VWH1418""}",,,TFLO,,,MTLN,102,1,3779760,,,f,f,
2598,2026-05-04 23:53:25.837373+02,"{""fleet number"": ""-\n+TEH1460""}",,,TFLO,,,MTLN,9,1,3783978,,,f,f,
2432,2026-05-04 22:24:30.148403+02,"{""fleet number"": ""-\n+TE1423""}",,,TFLO,,,MTLN,697,1,3779750,,,f,f,
2433,2026-05-04 22:24:53.720516+02,"{""fleet number"": ""-\n+TE1424""}",,,TFLO,,,MTLN,697,1,3780263,,,f,f,
2599,2026-05-04 23:53:42.579545+02,"{""fleet number"": ""-\n+TEH1461""}",,,TFLO,,,MTLN,9,1,3783585,,,f,f,
2436,2026-05-04 22:25:38.964213+02,"{""fleet number"": ""-\n+TE1429""}",,,TFLO,,,MTLN,697,1,3781843,,,f,f,
2600,2026-05-04 23:53:55.863423+02,"{""fleet number"": ""-\n+TEH1462""}",,,TFLO,,,MTLN,9,1,3783711,,,f,f,
2601,2026-05-04 23:54:13.102816+02,"{""fleet number"": ""-\n+TEH1463""}",,,TFLO,,,MTLN,9,1,3784562,,,f,f,
2602,2026-05-04 23:54:27.258684+02,"{""fleet number"": ""-\n+TEH1464""}",,,TFLO,,,MTLN,9,1,3779940,,,f,f,
2603,2026-05-04 23:54:40.740412+02,"{""fleet number"": ""-\n+TEH1465""}",,,TFLO,,,MTLN,9,1,3779967,,,f,f,
2604,2026-05-04 23:55:16.749168+02,"{""fleet number"": ""-\n+TEH1466""}",,,TFLO,,,MTLN,697,1,3781435,,,f,f,
2605,2026-05-04 23:55:34.584005+02,"{""fleet number"": ""-\n+TEH1467""}",,,TFLO,,,MTLN,9,1,3780109,,,f,f,
2606,2026-05-04 23:55:49.356918+02,"{""fleet number"": ""-\n+VW1405""}",,,TFLO,,,MTLN,124,1,3784025,,,f,f,
2607,2026-05-04 23:56:09.169707+02,"{""fleet number"": ""-\n+VW1406""}",,,TFLO,,,MTLN,124,1,3785970,,,f,f,
2608,2026-05-04 23:56:27.472499+02,"{""fleet number"": ""-\n+VW1407""}",,,TFLO,,,MTLN,124,1,3785840,,,f,f,
2609,2026-05-04 23:57:17.859939+02,"{""fleet number"": ""-\n+VWH1413""}",,,TFLO,,,MTLN,102,1,3783881,,,f,f,
2610,2026-05-04 23:57:34.382473+02,"{""fleet number"": ""-\n+VW1468""}",,,TFLO,,,MTLN,124,1,3782386,,,f,f,
2611,2026-05-04 23:58:06.736059+02,"{""fleet number"": ""-\n+VWH2001""}",,,TFLO,,,MTLN,103,1,3779893,,,f,f,
2612,2026-05-04 23:58:20.348003+02,"{""fleet number"": ""-\n+VWH2002""}",,,TFLO,,,MTLN,103,1,3779672,,,f,f,
2613,2026-05-04 23:58:35.980008+02,"{""fleet number"": ""-\n+VWH2003""}",,,TFLO,,,MTLN,103,1,3781421,,,f,f,
2614,2026-05-04 23:59:24.778723+02,"{""fleet number"": ""-\n+VWH2004""}",,,TFLO,,,MTLN,103,1,3779670,,,f,f,
2615,2026-05-04 23:59:46.760028+02,"{""fleet number"": ""-\n+VWH2005""}",,,TFLO,,,MTLN,103,1,3779673,,,f,f,
2616,2026-05-05 00:00:11.276787+02,"{""fleet number"": ""-\n+VWH2006""}",,,TFLO,,,MTLN,103,1,3779674,,,f,f,
2617,2026-05-05 00:00:45.395554+02,"{""fleet number"": ""-\n+VWH2007""}",,,TFLO,,,MTLN,103,1,3779731,,,f,f,
2618,2026-05-05 00:00:56.481281+02,"{""fleet number"": ""-\n+VWH2008""}",,,TFLO,,,MTLN,103,1,3779671,,,f,f,
2619,2026-05-05 00:01:08.882416+02,"{""fleet number"": ""-\n+VWH2009""}",,,TFLO,,,MTLN,103,1,3779896,,,f,f,
2620,2026-05-05 00:01:23.220529+02,"{""fleet number"": ""-\n+VWH2010""}",,,TFLO,,,MTLN,103,1,3783391,,,f,f,
2621,2026-05-05 00:01:33.937312+02,"{""fleet number"": ""-\n+VWH2011""}",,,TFLO,,,MTLN,103,1,3781418,,,f,f,
2622,2026-05-05 00:01:50.814117+02,"{""fleet number"": ""-\n+VWH2012""}",,,TFLO,,,MTLN,103,1,3779989,,,f,f,
2623,2026-05-05 00:02:12.593479+02,"{""fleet number"": ""-\n+VWH2013""}",,,TFLO,,,MTLN,103,1,3779987,,,f,f,
2624,2026-05-05 00:02:50.054957+02,"{""fleet number"": ""-\n+VWH2014""}",,,TFLO,,,MTLN,103,1,3781397,,,f,f,
2361,2026-05-04 22:01:14.028834+02,"{""fleet number"": ""-\n+DEM1345""}",,,TFLO,,,MTLN,3,1,3781414,,,f,f,
2625,2026-05-05 00:03:03.12848+02,"{""fleet number"": ""-\n+VWH2015""}",,,TFLO,,,MTLN,103,1,3779986,,,f,f,
2362,2026-05-04 22:01:28.526525+02,"{""fleet number"": ""-\n+DEM1346""}",,,TFLO,,,MTLN,3,1,3787132,,,f,f,
2366,2026-05-04 22:02:18.718418+02,"{""fleet number"": ""-\n+DEM1350""}",,,TFLO,,,MTLN,3,1,3780326,,,f,f,
2627,2026-05-05 00:03:40.285149+02,"{""fleet number"": ""-\n+VWH2017""}",,,TFLO,,,MTLN,103,1,3779675,,,f,f,
2370,2026-05-04 22:03:17.689212+02,"{""fleet number"": ""-\n+DEM1354""}",,,TFLO,,,MTLN,3,1,3785496,,,f,f,
2371,2026-05-04 22:03:29.20021+02,"{""fleet number"": ""-\n+DEM1335""}",,,TFLO,,,MTLN,3,1,3782016,,,f,f,
2629,2026-05-05 00:05:49.378529+02,"{""fleet number"": ""-\n+VWH2019""}",,,TFLO,,,MTLN,103,1,3779988,,,f,f,
2373,2026-05-04 22:03:53.629242+02,"{""fleet number"": ""-\n+DEM1357""}",,,TFLO,,,MTLN,3,1,3782125,,,f,f,
2383,2026-05-04 22:09:25.013255+02,"{""fleet number"": ""-\n+VW1366""}",,,TFLO,,,MTLN,124,1,3779704,,,f,f,
2632,2026-05-05 00:06:26.751433+02,"{""fleet number"": ""-\n+VWH2022""}",,,TFLO,,,MTLN,103,1,3782259,,,f,f,
2389,2026-05-04 22:11:18.12862+02,"{""fleet number"": ""-\n+VW1372""}",,,TFLO,,,MTLN,124,1,3783059,,,f,f,
2392,2026-05-04 22:12:30.820924+02,"{""fleet number"": ""-\n+VW1374""}",,,TFLO,,,MTLN,124,1,3779709,,,f,f,
2633,2026-05-05 00:06:40.559233+02,"{""fleet number"": ""-\n+VWH2023""}",,,TFLO,,,MTLN,103,1,3780449,,,f,f,
2396,2026-05-04 22:13:41.914534+02,"{""fleet number"": ""-\n+VW1379""}",,,TFLO,,,MTLN,124,1,3780108,,,f,f,
2409,2026-05-04 22:17:51.484206+02,"{""fleet number"": ""-\n+VW1393""}",,,TFLO,,,MTLN,124,1,3779726,,,f,f,
2639,2026-05-05 00:13:24.934547+02,"{""fleet number"": ""-\n+TEH2079""}",,,TFLO,,,MTLN,9,1,3781056,,,f,f,
2415,2026-05-04 22:19:32.671974+02,"{""fleet number"": ""-\n+VW1399""}",,,TFLO,,,MTLN,124,1,3779966,,,f,f,
2419,2026-05-04 22:20:40.896415+02,"{""fleet number"": ""-\n+VW1403""}",,,TFLO,,,MTLN,124,1,3780266,,,f,f,
2651,2026-05-05 00:16:33.864508+02,"{""fleet number"": ""-\n+VWH2089""}",,,TFLO,,,MTLN,103,1,3780178,,,f,f,
2420,2026-05-04 22:20:53.872818+02,"{""fleet number"": ""-\n+VW1404""}",,,TFLO,,,MTLN,124,1,3780322,,,f,f,
2425,2026-05-04 22:22:36.508775+02,"{""fleet number"": ""-\n+VWH1412""}",,,TFLO,,,MTLN,102,1,3780355,,,f,f,
2653,2026-05-05 00:17:07.664692+02,"{""fleet number"": ""-\n+VWH2091""}",,,TFLO,,,MTLN,103,1,3780180,,,f,f,
2431,2026-05-04 22:24:10.867853+02,"{""fleet number"": ""-\n+WVH1419""}",,,TFLO,,,MTLN,102,1,3784534,,,f,f,
2434,2026-05-04 22:25:06.274113+02,"{""fleet number"": ""-\n+TE1427""}",,,TFLO,,,MTLN,697,1,3784253,,,f,f,
2659,2026-05-05 00:18:58.229801+02,"{""fleet number"": ""-\n+VWH2097""}",,,TFLO,,,MTLN,103,1,3780462,,,f,f,
2662,2026-05-05 00:20:00.691145+02,"{""fleet number"": ""-\n+VWH2100""}",,,TFLO,,,MTLN,103,1,3780465,,,f,f,
2663,2026-05-05 00:20:19.144253+02,"{""fleet number"": ""-\n+VWH2101""}",,,TFLO,,,MTLN,103,1,3776987,,,f,f,
2667,2026-05-05 00:21:20.74865+02,"{""fleet number"": ""-\n+VWH2105""}",,,TFLO,,,MTLN,103,1,3776981,,,f,f,
2678,2026-05-05 00:24:16.473322+02,"{""fleet number"": ""-\n+VWH2115""}",,,TFLO,,,MTLN,103,1,3780406,,,f,f,
2680,2026-05-05 00:24:48.737508+02,"{""fleet number"": ""-\n+VWH2117""}",,,TFLO,,,MTLN,103,1,3783966,,,f,f,
2681,2026-05-05 00:25:07.600141+02,"{""fleet number"": ""-\n+VWH2118""}",,,TFLO,,,MTLN,103,1,3780442,,,f,f,
2690,2026-05-05 00:29:34.086192+02,"{""fleet number"": ""-\n+192""}",,,TFLO,,,MBGA,3,1,3783038,,,f,f,
2738,2026-05-05 11:22:31.800754+02,"{""reg"": ""-\n+HF05GGU""}",,,,,268,,115,1,27223,,,f,f,
2787,2026-05-05 19:19:09.861114+02,"{""fleet number"": ""-\n+WHV75""}",,,TFLO,,,LGEN,103,1,3779546,,,f,f,
2789,2026-05-05 19:20:25.021668+02,"{""fleet number"": ""-\n+WHV80""}",,,TFLO,,,LGEN,103,1,3779547,,,f,f,
2790,2026-05-05 19:21:00.56512+02,"{""fleet number"": ""-WHV80\n+WHV78""}",,,,,,,,1,3779547,,,f,f,
2792,2026-05-05 19:22:04.785938+02,"{""fleet number"": ""-\n+WHV77""}",,,TFLO,,,LGEN,103,1,3787230,,,f,f,
2795,2026-05-05 19:24:04.870975+02,"{""fleet number"": ""-\n+13073""}",,,TFLO,,,ELBG,193,1,3782215,,,f,f,
2798,2026-05-05 19:24:44.887069+02,"{""fleet number"": ""-\n+13071""}",,,TFLO,,,ELBG,193,1,3784589,,,f,f,
2801,2026-05-05 19:25:42.020388+02,"{""fleet number"": ""-\n+13077""}",,,TFLO,,,ELBG,193,1,3777673,,,f,f,
2803,2026-05-05 19:26:09.782274+02,"{""fleet number"": ""-\n+13067""}",,,TFLO,,,ELBG,193,1,3781608,,,f,f,
2805,2026-05-05 19:26:36.412611+02,"{""fleet number"": ""-\n+13065""}",,,TFLO,,,ELBG,193,1,3777678,,,f,f,
2806,2026-05-05 19:26:48.43747+02,"{""fleet number"": ""-\n+13064""}",,,TFLO,,,ELBG,193,1,3777677,,,f,f,
2807,2026-05-05 19:27:03.353517+02,"{""fleet number"": ""-\n+13063""}",,,TFLO,,,ELBG,193,1,3777676,,,f,f,
2808,2026-05-05 19:27:23.754181+02,"{""fleet number"": ""-\n+13080""}",,,TFLO,,,ELBG,193,1,3777820,,,f,f,
2809,2026-05-05 19:27:39.268086+02,"{""fleet number"": ""-\n+13062""}",,,TFLO,,,LGEN,193,1,3785148,,,f,f,
2810,2026-05-05 19:27:53.422604+02,"{""fleet number"": ""-\n+13061""}",,,TFLO,,,ELBG,193,1,3777674,,,f,f,
2811,2026-05-05 19:28:07.405279+02,"{""fleet number"": ""-\n+13079""}",,,TFLO,,,ELBG,193,1,3777810,,,f,f,
2812,2026-05-05 19:28:55.214425+02,"{""fleet number"": ""-\n+VWH2707""}",,,TFLO,,,MTLN,103,1,3781446,,,f,f,
2813,2026-05-05 19:29:09.728308+02,"{""fleet number"": ""-\n+VWH2706""}",,,TFLO,,,MTLN,103,1,3782814,,,f,f,
2814,2026-05-05 19:29:47.914368+02,"{""fleet number"": ""-\n+WHV109""}",,,TFLO,,,BTRI,103,1,3778989,,,f,f,
2815,2026-05-05 19:30:15.253991+02,"{""fleet number"": ""-\n+WHV96""}",,,TFLO,,,LGEN,103,1,3778994,,,f,f,
2816,2026-05-05 19:30:36.682722+02,"{""fleet number"": ""-\n+WHV95""}",,,TFLO,,,LGEN,103,1,3778993,,,f,f,
2817,2026-05-05 19:31:02.773776+02,"{""fleet number"": ""-\n+WHV100""}",,,TFLO,,,LGEN,103,1,3778570,,,f,f,
2818,2026-05-05 19:31:17.096683+02,"{""fleet number"": ""-\n+WHV107""}",,,TFLO,,,LGEN,103,1,3782874,,,f,f,
2819,2026-05-05 19:31:38.943132+02,"{""fleet number"": ""-\n+WHV98""}",,,TFLO,,,LGEN,103,1,3778568,,,f,f,
2820,2026-05-05 19:31:56.400295+02,"{""fleet number"": ""-\n+WHV104""}",,,TFLO,,,LGEN,103,1,3778986,,,f,f,
2821,2026-05-05 19:32:15.754791+02,"{""fleet number"": ""-\n+WHV110""}",,,TFLO,,,BTRI,103,1,3778990,,,f,f,
2822,2026-05-05 19:32:41.684737+02,"{""fleet number"": ""-\n+WHV94""}",,,TFLO,,,LGEN,103,1,3782964,,,f,f,
2823,2026-05-05 19:33:14.808741+02,"{""fleet number"": ""-\n+WHV103""}",,,TFLO,,,BTRI,103,1,3782801,,,f,f,
2824,2026-05-05 19:33:32.353052+02,"{""fleet number"": ""-\n+WHV92""}",,,TFLO,,,LGEN,103,1,3778571,,,f,f,
2825,2026-05-05 19:33:51.238755+02,"{""fleet number"": ""-\n+WHV93""}",,,TFLO,,,LGEN,103,1,3778538,,,f,f,
2826,2026-05-05 19:34:14.482832+02,"{""fleet number"": ""-\n+WHV102""}",,,TFLO,,,BTRI,103,1,3778985,,,f,f,
2827,2026-05-05 19:34:34.383555+02,"{""fleet number"": ""-\n+WHV91""}",,,TFLO,,,LGEN,103,1,3781812,,,f,f,
2828,2026-05-05 19:34:47.26104+02,"{""fleet number"": ""-\n+WHV89""}",,,TFLO,,,LGEN,103,1,3779389,,,f,f,
2829,2026-05-05 19:35:08.57053+02,"{""fleet number"": ""-\n+WHV88""}",,,TFLO,,,LGEN,103,1,3778783,,,f,f,
2830,2026-05-05 19:35:24.362744+02,"{""fleet number"": ""-\n+WHV90""}",,,TFLO,,,LGEN,103,1,3781814,,,f,f,
3147,2026-05-06 11:38:16.683785+02,"{""reg"": ""-\n+HF18CKD""}",,,,,107,,5,1,7403,,,f,f,
2368,2026-05-04 22:02:47.750031+02,"{""fleet number"": ""-\n+DEM1352""}",,,TFLO,,,MTLN,3,1,3780544,,,f,f,
2626,2026-05-05 00:03:20.374676+02,"{""fleet number"": ""-\n+VWH2016""}",,,TFLO,,,MTLN,103,1,3779993,,,f,f,
2374,2026-05-04 22:04:04.622771+02,"{""fleet number"": ""-\n+DEM1358""}",,,TFLO,,,MTLN,3,1,3780547,,,f,f,
2375,2026-05-04 22:04:17.10876+02,"{""fleet number"": ""-\n+DEM1359""}",,,TFLO,,,MTLN,3,1,3780552,,,f,f,
2628,2026-05-05 00:03:54.275882+02,"{""fleet number"": ""-\n+VWH2018""}",,,TFLO,,,MTLN,103,1,3779985,,,f,f,
2381,2026-05-04 22:06:55.262842+02,"{""fleet number"": ""-\n+VWH1364""}",,,TFLO,,,MTLN,102,1,3781710,,,f,f,
2385,2026-05-04 22:10:15.47947+02,"{""fleet number"": ""-\n+VW1368""}",,,TFLO,,,MTLN,124,1,3781711,,,f,f,
2630,2026-05-05 00:06:02.78511+02,"{""fleet number"": ""-\n+VWH2020""}",,,TFLO,,,MTLN,103,1,3779676,,,f,f,
2391,2026-05-04 22:12:12.424282+02,"{""fleet number"": ""-\n+VW1375""}",,,TFLO,,,MTLN,124,1,3782354,,,f,f,
2394,2026-05-04 22:13:00.270373+02,"{""fleet number"": ""-\n+VW1377""}",,,TFLO,,,MTLN,124,1,3781434,,,f,f,
2631,2026-05-05 00:06:14.988061+02,"{""fleet number"": ""-\n+VWH2021""}",,,TFLO,,,MTLN,103,1,3780161,,,f,f,
2410,2026-05-04 22:18:03.862845+02,"{""fleet number"": ""-\n+VW1394""}",,,TFLO,,,MTLN,124,1,3779730,,,f,f,
2412,2026-05-04 22:18:34.367134+02,"{""fleet number"": ""-\n+VW1396""}",,,TFLO,,,MTLN,124,1,3783376,,,f,f,
2634,2026-05-05 00:12:15.980577+02,"{""fleet number"": ""-\n+TEH2074""}",,,TFLO,,,MTLN,9,1,3780538,,,f,f,
2414,2026-05-04 22:19:09.822395+02,"{""fleet number"": ""-\n+VW1398""}",,,TFLO,,,MTLN,124,1,3781714,,,f,f,
2635,2026-05-05 00:12:29.888963+02,"{""fleet number"": ""-\n+TEH2075""}",,,TFLO,,,MTLN,9,1,3783993,,,f,f,
2421,2026-05-04 22:21:21.787072+02,"{""fleet number"": ""-\n+VWH1408""}",,,TFLO,,,MTLN,102,1,3780151,,,f,f,
2422,2026-05-04 22:21:37.840253+02,"{""fleet number"": ""-\n+VWH1409""}",,,TFLO,,,MTLN,102,1,3781719,,,f,f,
2636,2026-05-05 00:12:45.418104+02,"{""fleet number"": ""-\n+TEH2076""}",,,TFLO,,,MTLN,9,1,3781055,,,f,f,
2426,2026-05-04 22:22:55.354645+02,"{""fleet number"": ""-\n+VWH1414""}",,,TFLO,,,MTLN,102,1,3780430,,,f,f,
2427,2026-05-04 22:23:08.48817+02,"{""fleet number"": ""-\n+VWH1415""}",,,TFLO,,,MTLN,102,1,3780432,,,f,f,
2637,2026-05-05 00:12:57.95712+02,"{""fleet number"": ""-\n+TEH2077""}",,,TFLO,,,MTLN,9,1,3776982,,,f,f,
2435,2026-05-04 22:25:21.26704+02,"{""fleet number"": ""-\n+TE1428""}",,,TFLO,,,MTLN,697,1,3787742,,,f,f,
2437,2026-05-04 22:25:55.40179+02,"{""fleet number"": ""-\n+TE1431""}",,,TFLO,,,MTLN,697,1,3780268,,,f,f,
2638,2026-05-05 00:13:09.798281+02,"{""fleet number"": ""-\n+TEH2078""}",,,TFLO,,,MTLN,9,1,3783130,,,f,f,
2438,2026-05-04 22:27:11.892665+02,"{""fleet number"": ""-\n+DLE30026""}",,,TFLO,,,FLON,3,1,3775925,,,f,f,
2439,2026-05-04 22:27:36.620459+02,"{""fleet number"": ""-\n+DEL2062""}",,,TFLO,,,MTLN,3,1,3779712,,,f,f,
2640,2026-05-05 00:13:36.632877+02,"{""fleet number"": ""-\n+TEH2080""}",,,TFLO,,,MTLN,9,1,3785512,,,f,f,
2440,2026-05-04 22:27:49.978423+02,"{""fleet number"": ""-\n+DEL2063""}",,,TFLO,,,MTLN,3,1,3782729,,,f,f,
2441,2026-05-04 22:28:00.316961+02,"{""fleet number"": ""-\n+DEL2064""}",,,TFLO,,,MTLN,3,1,3779733,,,f,f,
2641,2026-05-05 00:13:48.899857+02,"{""fleet number"": ""-\n+TEH2081""}",,,TFLO,,,MTLN,9,1,3776983,,,f,f,
2442,2026-05-04 22:28:10.913183+02,"{""fleet number"": ""-\n+DEL2065""}",,,TFLO,,,MTLN,3,1,3779892,,,f,f,
2443,2026-05-04 22:28:22.613028+02,"{""fleet number"": ""-\n+DEL2066""}",,,TFLO,,,MTLN,3,1,3779894,,,f,f,
2642,2026-05-05 00:14:02.743348+02,"{""fleet number"": ""-\n+TEH2082""}",,,TFLO,,,MTLN,9,1,3776988,,,f,f,
2444,2026-05-04 22:28:33.821227+02,"{""fleet number"": ""-\n+DEL2067""}",,,TFLO,,,MTLN,3,1,3779958,,,f,f,
2445,2026-05-04 22:28:47.20162+02,"{""fleet number"": ""-\n+DEL2068""}",,,TFLO,,,MTLN,3,1,3779960,,,f,f,
2643,2026-05-05 00:14:15.87989+02,"{""fleet number"": ""-\n+TEH2083""}",,,TFLO,,,MTLN,9,1,3782474,,,f,f,
2446,2026-05-04 22:28:58.785478+02,"{""fleet number"": ""-\n+DEL2069""}",,,TFLO,,,MTLN,3,1,3779964,,,f,f,
2447,2026-05-04 22:29:13.048748+02,"{""fleet number"": ""-\n+DEL2070""}",,,TFLO,,,MTLN,3,1,3783154,,,f,f,
2644,2026-05-05 00:14:28.899423+02,"{""fleet number"": ""-\n+TEH2084""}",,,TFLO,,,MTLN,9,1,3776985,,,f,f,
2448,2026-05-04 22:29:26.493054+02,"{""fleet number"": ""-\n+DEL2071""}",,,TFLO,,,MTLN,3,1,3779969,,,f,f,
2449,2026-05-04 22:29:59.958783+02,"{""fleet number"": ""-\n+VWH2024""}",,,TFLO,,,MTLN,103,1,3782279,,,f,f,
2645,2026-05-05 00:14:39.460064+02,"{""fleet number"": ""-\n+TEH2085""}",,,TFLO,,,MTLN,9,1,3781057,,,f,f,
2450,2026-05-04 22:30:20.960721+02,"{""fleet number"": ""-\n+VWH2025""}",,,TFLO,,,MTLN,103,1,3780056,,,f,f,
2451,2026-05-04 22:30:39.463529+02,"{""fleet number"": ""-\n+VWH2026""}",,,TFLO,,,MTLN,103,1,3781431,,,f,f,
2646,2026-05-05 00:14:52.487662+02,"{""fleet number"": ""-\n+TEH2086""}",,,TFLO,,,MTLN,9,1,3776986,,,f,f,
2452,2026-05-04 22:30:55.570305+02,"{""fleet number"": ""-\n+VWH2027""}",,,TFLO,,,MTLN,103,1,3785034,,,f,f,
2453,2026-05-04 22:31:09.019643+02,"{""fleet number"": ""-\n+VWH2028""}",,,TFLO,,,MTLN,103,1,3781432,,,f,f,
2647,2026-05-05 00:15:20.136203+02,"{""fleet number"": ""-\n+TEH2087""}",,,TFLO,,,MTLN,9,1,3776991,,,f,f,
2454,2026-05-04 22:31:27.217005+02,"{""fleet number"": ""-\n+VWH2029""}",,,TFLO,,,MTLN,103,1,3780439,,,f,f,
2455,2026-05-04 22:31:41.761729+02,"{""fleet number"": ""-\n+VWH2030""}",,,TFLO,,,MTLN,103,1,3780440,,,f,f,
2456,2026-05-04 22:31:59.851166+02,"{""fleet number"": ""-\n+VWH2031""}",,,TFLO,,,MTLN,103,1,3780441,,,f,f,
2457,2026-05-04 22:32:22.608314+02,"{""fleet number"": ""-\n+VWH2032""}",,,TFLO,,,MTLN,103,1,3785026,,,f,f,
2458,2026-05-04 22:32:46.629121+02,"{""fleet number"": ""-\n+VWH2033""}",,,TFLO,,,MTLN,103,1,3789004,,,f,f,
2459,2026-05-04 22:36:02.233885+02,"{""fleet number"": ""-\n+VWH2034""}",,,TFLO,,,MTLN,103,1,3777036,,,f,f,
2460,2026-05-04 22:36:16.116623+02,"{""fleet number"": ""-\n+VWH2035""}",,,TFLO,,,MTLN,103,1,3783386,,,f,f,
2461,2026-05-04 22:45:18.122066+02,"{""fleet number"": ""-\n+VWH2036""}",,,TFLO,,,MTLN,103,1,3777037,,,f,f,
2462,2026-05-04 22:45:29.648886+02,"{""fleet number"": ""-\n+VWH2037""}",,,TFLO,,,MTLN,103,1,3782044,,,f,f,
2463,2026-05-04 22:45:45.537193+02,"{""fleet number"": ""-\n+VWH2038""}",,,TFLO,,,MTLN,103,1,3782878,,,f,f,
2464,2026-05-04 22:45:56.571589+02,"{""fleet number"": ""-\n+VWH2039""}",,,TFLO,,,MTLN,103,1,3783709,,,f,f,
2465,2026-05-04 22:46:09.477229+02,"{""fleet number"": ""-\n+VWH1240""}",,,TFLO,,,MTLN,103,1,3780447,,,f,f,
2466,2026-05-04 22:46:42.342422+02,"{""fleet number"": ""-VWH1240\n+VWH2040""}",,,,,,,,1,3780447,,,f,f,
2467,2026-05-04 22:47:16.105498+02,"{""fleet number"": ""-WVH1419\n+VWH1419""}",,,,,,,,1,3784534,,,f,f,
2468,2026-05-04 22:47:59.760083+02,{},,,,562,,,124,1,3780048,,,f,f,
2469,2026-05-04 22:48:45.907865+02,{},,,,,,,124,1,3780085,,,f,f,
2470,2026-05-04 22:48:57.964343+02,{},,262,,,4145,,,1,3789098,,,f,f,
2471,2026-05-04 22:49:15.237959+02,{},,262,,,4147,,,1,3789004,,,f,f,
2472,2026-05-04 22:50:15.561869+02,"{""fleet number"": ""-\n+VWH2041""}",,,TFLO,,,MTLN,103,1,3784358,,,f,f,
2473,2026-05-04 22:50:32.971277+02,"{""fleet number"": ""-\n+VWH2042""}",,,TFLO,,,MTLN,103,1,3780165,,,f,f,
2831,2026-05-05 19:35:45.017466+02,"{""fleet number"": ""-\n+WHV101""}",,,TFLO,,,BTRI,103,1,3782664,,,f,f,
3148,2026-05-06 11:38:37.317448+02,"{""reg"": ""-\n+HF18CKE""}",,,,,107,,5,1,7404,,,f,f,
2836,2026-05-05 19:36:58.070299+02,"{""fleet number"": ""-\n+WHV81""}",,,TFLO,,,LGEN,103,1,3782851,,,f,f,
2840,2026-05-05 20:09:26.67083+02,{},,,,,,,9,1,3778820,,,f,f,
3156,2026-05-06 11:40:25.331267+02,"{""reg"": ""-\n+HJ25BYS""}",,,,,107,,5,1,7428,,,f,f,
2841,2026-05-05 20:10:08.859191+02,{},,,,697,,,9,1,3783124,,,f,f,
2845,2026-05-05 20:11:23.763212+02,{},,,,,,,697,1,3779519,,,f,f,
3158,2026-05-06 11:40:57.665787+02,"{""reg"": ""-\n+HJ25BYU""}",,,,,107,,5,1,3788189,,,f,f,
2850,2026-05-05 20:14:55.391513+02,{},,,MBGA,,,LGEN,,1,3782268,,,f,f,
2860,2026-05-05 20:25:07.19003+02,"{""fleet number"": ""-\n+HV145""}",,,TFLO,,,AVLO,102,1,3785097,,,f,f,
3161,2026-05-06 11:41:48.291329+02,"{""reg"": ""-\n+HJ25BYX""}",,,,,107,,5,1,7431,,,f,f,
2861,2026-05-05 20:25:19.826362+02,"{""fleet number"": ""-\n+HV146""}",,,TFLO,,,AVLO,102,1,3788827,,,f,f,
2864,2026-05-05 20:26:10.232778+02,"{""fleet number"": ""-\n+HV149""}",,,TFLO,,,AVLO,102,1,3776136,,,f,f,
3162,2026-05-06 11:41:55.571785+02,"{""reg"": ""-HF25BYW\n+HJ25BYW""}",,,,,,,,1,3784946,,,f,f,
2866,2026-05-05 20:26:39.968437+02,"{""fleet number"": ""-\n+HV151""}",,,TFLO,,,AVLO,102,1,3782119,,,f,f,
2873,2026-05-05 20:35:07.038019+02,"{""fleet number"": ""-\n+HV138""}",,,TFLO,,,AVLO,102,1,3781881,,,f,f,
3165,2026-05-06 11:43:45.581705+02,"{""reg"": ""-\n+BU75WLE""}",,,,,3599,,675,1,7279,,,f,f,
2875,2026-05-05 20:35:36.483591+02,"{""fleet number"": ""-\n+HV140""}",,,TFLO,,,AVLO,102,1,3777443,,,f,f,
2878,2026-05-05 20:36:20.381618+02,"{""fleet number"": ""-\n+DW579""}",,,TFLO,,,AVLO,301,1,3786360,,,f,f,
3170,2026-05-06 11:44:45.904926+02,"{""reg"": ""-\n+BU75WLK""}",,,,,3599,,675,1,7284,,,f,f,
2879,2026-05-05 20:36:33.675116+02,"{""fleet number"": ""-\n+DW580""}",,,TFLO,,,AVLO,301,1,3782782,,,f,f,
2887,2026-05-05 20:39:07.188604+02,"{""fleet number"": ""-\n+HV161""}",,,TFLO,,,AVLO,103,1,3784069,,,f,f,
3174,2026-05-06 11:47:05.819514+02,"{""reg"": ""-\n+HF58GZP""}",,,,,107,,62,1,7288,,,f,f,
2889,2026-05-05 20:39:35.903581+02,"{""fleet number"": ""-\n+HV163""}",,,TFLO,,,AVLO,103,1,3777391,,,f,f,
2896,2026-05-05 20:42:37.858709+02,"{""fleet number"": ""-\n+2447""}",,,TFLO,,,ABLO,9,1,3781863,,,f,f,
3176,2026-05-06 11:47:44.886655+02,"{""reg"": ""-\n+HF58KCC""}",,,,,107,,62,1,7290,,,f,f,
2899,2026-05-05 20:43:12.563213+02,"{""fleet number"": ""-\n+2450""}",,,TFLO,,,ABLO,9,1,3776236,,,f,f,
2901,2026-05-05 20:44:42.854713+02,"{""fleet number"": ""-\n+10197""}",,,TFLO,,,ELBG,697,1,3782595,,,f,f,
3180,2026-05-06 11:54:17.702757+02,"{""reg"": ""-\n+HF18FDU""}",,,,,1647,,8,1,3787908,,,f,f,
2906,2026-05-05 20:45:50.279662+02,"{""fleet number"": ""-\n+2456""}",,,TFLO,,,ABLO,9,1,3776612,,,f,f,
3190,2026-05-06 11:58:18.309489+02,"{""reg"": ""-\n+HF18FEO""}",,,,,1650,,8,1,7294,,,f,f,
3192,2026-05-06 11:58:43.142083+02,"{""reg"": ""-\n+HF18FET""}",,,,,1650,,8,1,3787756,,,f,f,
3193,2026-05-06 11:58:57.323214+02,"{""reg"": ""-\n+HF18FEU""}",,,,,1650,,8,1,3787916,,,f,f,
3194,2026-05-06 11:59:07.964668+02,"{""reg"": ""-\n+HF18FEV""}",,,,,1650,,8,1,7295,,,f,f,
3195,2026-05-06 11:59:31.890306+02,"{""reg"": ""-\n+HF18FEX""}",,,,,1650,,8,1,3789090,,,f,f,
3196,2026-05-06 11:59:53.007887+02,"{""reg"": ""-\n+HF18FFA""}",,,,,1649,,8,1,7296,,,f,f,
3200,2026-05-06 23:16:06.82589+02,"{""reg"": ""-\n+HF18FFD""}",,,,,1649,,8,1,3787731,,,f,f,
3204,2026-05-06 23:21:33.221084+02,"{""reg"": ""-\n+HF18FFK""}",,,,,1649,,8,1,3787301,,,f,f,
3210,2026-05-06 23:25:03.674582+02,"{""reg"": ""-\n+HF18FFS""}",,,,,1648,,8,1,3787382,,,f,f,
3213,2026-05-06 23:27:22.193637+02,"{""reg"": ""-\n+HF68DXY""}",,,,,3599,,135,1,3788433,,,f,f,
3215,2026-05-06 23:28:02.077391+02,"{""reg"": ""-\n+HF68DYA""}",,,,,3599,,135,1,7301,,,f,f,
3363,2026-05-07 19:54:02.295328+02,"{""reg"": ""-\n+HF64BNO""}",,,,,1166,,47,1,3785472,,,f,f,
3366,2026-05-07 19:54:55.932596+02,"{""reg"": ""-\n+HF64BOU""}",,,,,1166,,47,1,3784903,,,f,f,
3379,2026-05-07 20:24:25.48539+02,"{""reg"": ""-\n+HF20CVG""}",,,,,24,,5,1,18052,,,f,f,
3380,2026-05-07 20:24:43.397344+02,"{""reg"": ""-\n+HF20CVE""}",,,,,24,,5,1,18058,,,f,f,
3385,2026-05-07 20:26:02.778596+02,"{""reg"": ""-\n+YN55NHL""}",,,,,151,,72,1,3787601,,,f,f,
3386,2026-05-07 20:26:17.379614+02,"{""reg"": ""-\n+YN55NHM""}",,,,,151,,72,1,3787414,,,f,f,
3392,2026-05-07 20:28:02.380206+02,"{""reg"": ""-\n+WX08SXF""}",,,,,24,,55,1,18065,,,f,f,
3393,2026-05-07 20:28:37.942163+02,"{""reg"": ""-\n+XMW120"", ""previous reg"": ""-\n+WX08VDC""}",,,,,24,,55,1,18066,,,f,f,
3401,2026-05-07 20:31:03.865801+02,"{""reg"": ""-\n+WX59GJU""}",,,,,24,,55,1,3787024,,,f,f,
3404,2026-05-07 20:32:27.750915+02,"{""reg"": ""-\n+BX09PDY""}",,,,,24,,697,1,17995,,,f,f,
3411,2026-05-07 20:33:59.067661+02,"{""reg"": ""-\n+BX09PHA""}",,,,,24,,697,1,18002,,,f,f,
3417,2026-05-07 20:36:06.663345+02,"{""reg"": ""-\n+HW67AHY""}",,,,,24,,8,1,3787749,,,f,f,
3421,2026-05-07 20:37:31.734588+02,"{""reg"": ""-\n+HW67AJV""}",,,,,25,,8,1,18008,,,f,f,
3430,2026-05-07 20:40:21.545715+02,"{""reg"": ""-\n+HT59SFJ""}",,,,,,,,1,18017,,,f,f,
3433,2026-05-07 20:42:09.704702+02,"{""reg"": ""-\n+YX64VOC""}",,,,,24,,3,1,18021,,,f,f,
3435,2026-05-07 20:42:33.311655+02,"{""reg"": ""-\n+YX64VOF""}",,,,,24,,3,1,18023,,,f,f,
3449,2026-05-07 20:48:56.633035+02,"{""reg"": ""-\n+HF65CXT""}",,,,,24,,5,1,18034,,,f,f,
3562,2026-05-07 21:31:46.535414+02,"{""reg"": ""-\n+HF65CXY""}",,,,,328,,5,1,17731,,,f,f,
3565,2026-05-07 21:32:44.422795+02,"{""reg"": ""-\n+HF15BMV""}",,,,,328,,47,1,3785804,,,f,f,
3570,2026-05-07 21:37:09.820197+02,"{""reg"": ""-\n+YB23FCV""}",,,,,3296,,547,1,17741,,,f,f,
3573,2026-05-07 21:39:14.524239+02,"{""reg"": ""-\n+RX74OXZ""}",,,,,3887,,547,1,17744,,,f,f,
3575,2026-05-07 21:39:42.227111+02,"{""reg"": ""-\n+RX25SVS""}",,,,,3887,,547,1,3785806,,,f,f,
3576,2026-05-07 21:39:57.171135+02,"{""reg"": ""-\n+RX25SVU""}",,,,,3887,,547,1,1307710,,,f,f,
3577,2026-05-07 21:40:10.278783+02,"{""reg"": ""-\n+RX25SVV""}",,,,,3887,,547,1,17745,,,f,f,
3578,2026-05-07 21:43:38.601052+02,"{""withdrawn"": ""-No\n+Yes""}",TM miss track,,,,,,,1,3789200,,,f,f,
3579,2026-05-07 21:44:14.017896+02,"{""withdrawn"": ""-No\n+Yes""}",TM Misstrack,,,,,,,1,7434,,,f,f,
3580,2026-05-07 21:44:20.233225+02,"{""withdrawn"": ""-No\n+Yes""}",TM Misstrack,,,,,,,1,3787394,,,f,f,
3581,2026-05-07 21:44:25.460585+02,"{""withdrawn"": ""-No\n+Yes""}",TM Misstrack,,,,,,,1,3787759,,,f,f,
3582,2026-05-07 21:45:30.542273+02,"{""withdrawn"": ""-No\n+Yes""}",Could be spare TM,,,,,,,1,3789650,,,f,f,
3583,2026-05-07 21:46:22.767464+02,"{""reg"": ""-\n+HF09BJO""}",,,,,111,,62,1,17665,,,f,f,
3585,2026-05-07 21:46:54.611028+02,"{""withdrawn"": ""-No\n+Yes""}",,,,,,,,1,3787553,,,f,f,
3586,2026-05-07 21:47:59.716961+02,"{""withdrawn"": ""-No\n+Yes""}",,,,,,,,1,3788307,,,f,f,
3587,2026-05-07 21:48:23.648603+02,"{""withdrawn"": ""-No\n+Yes""}",,,,,,,,1,3789509,,,f,f,
3588,2026-05-07 21:49:18.007004+02,"{""withdrawn"": ""-No\n+Yes""}",,,,,,,,1,3787758,,,f,f,
3584,2026-05-07 21:46:32.92344+02,"{""withdrawn"": ""-No\n+Yes""}",,,,,,,,1,17665,,,f,f,
2832,2026-05-05 19:35:58.891483+02,"{""fleet number"": ""-\n+WHV87""}",,,TFLO,,,LGEN,103,1,3778782,,,f,f,
3149,2026-05-06 11:38:47.318765+02,"{""reg"": ""-\n+HF18CKG""}",,,,,107,,5,1,7405,,,f,f,
2834,2026-05-05 19:36:33.554259+02,"{""fleet number"": ""-\n+WHV84""}",,,TFLO,,,LGEN,103,1,3778779,,,f,f,
2842,2026-05-05 20:10:13.862882+02,{},,,,697,,,9,1,3788076,,,f,f,
3153,2026-05-06 11:39:43.105003+02,"{""reg"": ""-\n+HF69CNA""}",,,,,107,,5,1,7409,,,f,f,
2847,2026-05-05 20:12:39.401711+02,{},,,LGEN,,,ELBG,,1,3785148,,,f,f,
2858,2026-05-05 20:24:42.093901+02,"{""fleet number"": ""-\n+HV143""}",,,TFLO,,,AVLO,102,1,3784915,,,f,f,
3157,2026-05-06 11:40:43.807288+02,"{""reg"": ""-\n+HJ25BYT""}",,,,,107,,5,1,7429,,,f,f,
2862,2026-05-05 20:25:37.044894+02,"{""fleet number"": ""-\n+HV147""}",,,TFLO,,,AVLO,102,1,3777540,,,f,f,
2863,2026-05-05 20:25:48.325422+02,"{""fleet number"": ""-\n+HV148""}",,,TFLO,,,AVLO,102,1,3779780,,,f,f,
3164,2026-05-06 11:42:35.369101+02,"{""reg"": ""-\n+HJ25BYZ""}",,,,,107,,5,1,7433,,,f,f,
2867,2026-05-05 20:26:57.519897+02,"{""fleet number"": ""-\n+HV152""}",,,TFLO,,,AVLO,102,1,3786952,,,f,f,
2871,2026-05-05 20:28:12.144103+02,"{""fleet number"": ""-\n+HV136""}",,,TFLO,,,AVLO,102,1,3777321,,,f,f,
3172,2026-05-06 11:46:21.088148+02,"{""reg"": ""-\n+HW58ATN""}",,,,,107,,66,1,7286,,,f,f,
2881,2026-05-05 20:37:14.985242+02,"{""fleet number"": ""-\n+DW582""}",,,TFLO,,,AVLO,301,1,3777339,,,f,f,
2883,2026-05-05 20:37:41.604329+02,"{""fleet number"": ""-\n+DW584""}",,,TFLO,,,AVLO,301,1,3777367,,,f,f,
3175,2026-05-06 11:47:19.975315+02,"{""reg"": ""-\n+HF58KCA""}",,,,,107,,62,1,7289,,,f,f,
2884,2026-05-05 20:37:53.579137+02,"{""fleet number"": ""-\n+DW585""}",,,TFLO,,,AVLO,301,1,3781779,,,f,f,
2888,2026-05-05 20:39:21.588246+02,"{""fleet number"": ""-\n+HV162""}",,,TFLO,,,AVLO,103,1,3777390,,,f,f,
3179,2026-05-06 11:48:50.921998+02,"{""reg"": ""-\n+HF58KCJ""}",,,,,107,,62,1,7293,,,f,f,
2894,2026-05-05 20:41:57.012798+02,"{""fleet number"": ""-\n+2445""}",,,TFLO,,,ABLO,9,1,3776232,,,f,f,
2895,2026-05-05 20:42:07.028579+02,"{""fleet number"": ""-\n+2446""}",,,TFLO,,,ABLO,9,1,3776235,,,f,f,
3181,2026-05-06 11:54:30.487676+02,"{""reg"": ""-\n+HF18FDV""}",,,,,1647,,8,1,3787914,,,f,f,
2903,2026-05-05 20:45:17.77963+02,"{""fleet number"": ""-\n+2453""}",,,TFLO,,,ABLO,9,1,3776405,,,f,f,
2904,2026-05-05 20:45:28.473791+02,"{""fleet number"": ""-\n+2454""}",,,TFLO,,,ABLO,9,1,3776611,,,f,f,
3188,2026-05-06 11:57:52.939394+02,"{""reg"": ""-\n+HF18FEK""}",,,,,1650,,8,1,3786656,,,f,f,
3202,2026-05-06 23:19:29.434367+02,"{""reg"": ""-\n+HF18FFG""}",,,,,1649,,8,1,3787925,,,f,f,
3203,2026-05-06 23:20:04.430588+02,"{""reg"": ""-\n+HF18FFJ""}",,,,,1649,,8,1,3788044,,,f,f,
3207,2026-05-06 23:22:29.933803+02,"{""reg"": ""-\n+HF18FFN""}",,,,,1648,,8,1,7298,,,f,f,
3209,2026-05-06 23:24:21.061704+02,"{""reg"": ""-\n+HF18FFR""}",,,,,1648,,8,1,3786471,,,f,f,
3211,2026-05-06 23:25:20.5053+02,"{""reg"": ""-\n+HF18FFT""}",,,,,1648,,8,1,3787931,,,f,f,
3212,2026-05-06 23:26:50.758124+02,"{""reg"": ""-\n+HF68DXX""}",,,,,1335,,135,1,7299,,,f,f,
3214,2026-05-06 23:27:47.088332+02,"{""reg"": ""-\n+HF18DXZ""}",,,,,3599,,135,1,7300,,,f,f,
3365,2026-05-07 19:54:44.35969+02,"{""reg"": ""-\n+HF64BOJ""}",,,,,1166,,47,1,8433,,,f,f,
3367,2026-05-07 20:21:28.420303+02,"{""reg"": ""-\n+HJ74FKW""}",,,,,24,,5,1,17989,,,f,f,
3372,2026-05-07 20:22:42.094122+02,"{""reg"": ""-\n+OY16JVK""}",,,,,24,,3,1,18018,,,f,f,
3373,2026-05-07 20:22:53.744814+02,"{""reg"": ""-\n+OY16JVL""}",,,,,24,,3,1,3788597,,,f,f,
3384,2026-05-07 20:25:49.556206+02,"{""reg"": ""-\n+YN55NHK""}",,,,,151,,72,1,3787598,,,f,f,
3389,2026-05-07 20:27:21.903659+02,"{""reg"": ""-\n+WX57TLO""}",,,,,24,,55,1,18063,,,f,f,
3396,2026-05-07 20:29:45.489105+02,"{""reg"": ""-\n+WX59GJF""}",,,,,24,,55,1,18069,,,f,f,
3410,2026-05-07 20:33:47.701874+02,"{""reg"": ""-\n+BX09PGY""}",,,,,24,,697,1,18001,,,f,f,
3414,2026-05-07 20:35:04.380431+02,"{""reg"": ""-HW63FGM\n+HW63FGN""}",,,,,,,,1,18004,,,f,f,
3420,2026-05-07 20:37:07.862537+02,"{""reg"": ""-\n+HW67AJU""}",,,,,24,,8,1,3789234,,,f,f,
3422,2026-05-07 20:37:47.435673+02,"{""reg"": ""-\n+HW67AJY""}",,,,,25,,8,1,18009,,,f,f,
3423,2026-05-07 20:38:03.404169+02,"{""reg"": ""-\n+HW67AKF""}",,,,,25,,8,1,18010,,,f,f,
3425,2026-05-07 20:38:24.730794+02,"{""reg"": ""-\n+HW67AKK""}",,,,,25,,8,1,18012,,,f,f,
3426,2026-05-07 20:38:34.625947+02,"{""reg"": ""-\n+HW67AKN""}",,,,,25,,8,1,18013,,,f,f,
3427,2026-05-07 20:38:47.199268+02,"{""reg"": ""-\n+HW67AKO""}",,,,,25,,8,1,18014,,,f,f,
3428,2026-05-07 20:39:27.324497+02,"{""reg"": ""-\n+HF58HTK""}",,,,,25,,60,1,18015,,,f,f,
3431,2026-05-07 20:40:56.434541+02,"{""reg"": ""-HT59SFJ\n+YT59SFJ""}",,,,,24,,55,1,18017,,,f,f,
3436,2026-05-07 20:42:48.743084+02,"{""reg"": ""-\n+YX64VOG""}",,,,,24,,3,1,3787913,,,f,f,
3438,2026-05-07 20:43:15.845057+02,"{""reg"": ""-\n+HF64BPU""}",,,,,24,,3,1,18025,,,f,f,
3439,2026-05-07 20:43:27.41986+02,"{""reg"": ""-\n+HF64BPX""}",,,,,24,,3,1,3787877,,,f,f,
3444,2026-05-07 20:44:34.340887+02,"{""reg"": ""-\n+HF65CXK""}",,,,,24,,5,1,18030,,,f,f,
3445,2026-05-07 20:44:50.370598+02,"{""reg"": ""-\n+HF65CXL""}",,,,,24,,5,1,3788382,,,f,f,
3447,2026-05-07 20:45:30.411315+02,"{""reg"": ""-\n+HF65CXO""}",,,,,3419,,5,1,18032,,,f,f,
3451,2026-05-07 20:52:21.234426+02,"{""reg"": ""-\n+YX17NHU""}",,,,,24,,5,1,18038,,,f,f,
3452,2026-05-07 20:52:45.829367+02,"{""reg"": ""-\n+YX17NHY""}",,,,,24,,3,1,18039,,,f,f,
3453,2026-05-07 20:52:51.183143+02,{},,,,5,,,3,1,18038,,,f,f,
3454,2026-05-07 20:53:14.93254+02,"{""reg"": ""-\n+YX17NHZ""}",,,,,24,,3,1,18040,,,f,f,
3455,2026-05-07 20:53:34.448682+02,"{""reg"": ""-\n+YX17NJE""}",,,,,24,,3,1,18042,,,f,f,
3456,2026-05-07 20:53:51.214231+02,"{""reg"": ""-\n+YX17NJF""}",,,,,24,,3,1,18043,,,f,f,
3457,2026-05-07 20:54:19.351631+02,"{""reg"": ""-\n+HF67ATN""}",,,,,24,,5,1,18044,,,f,f,
3458,2026-05-07 20:54:31.258314+02,"{""reg"": ""-\n+HF67ATO""}",,,,,24,,5,1,18045,,,f,f,
3459,2026-05-07 20:54:45.199672+02,"{""reg"": ""-\n+HF67ATU""}",,,,,24,,5,1,18046,,,f,f,
3460,2026-05-07 20:54:58.945046+02,"{""reg"": ""-\n+HF67ATV""}",,,,,24,,5,1,18047,,,f,f,
3461,2026-05-07 20:55:15.895555+02,"{""reg"": ""-\n+HF67ATX""}",,,,,24,,5,1,18048,,,f,f,
3462,2026-05-07 20:55:35.072673+02,"{""reg"": ""-\n+HF67ATX""}",,,,,,,,1,18049,,,f,f,
3463,2026-05-07 20:55:50.279362+02,"{""reg"": ""-HF67ATX\n+HF67ATY""}",,,,,24,,5,1,18049,,,f,f,
3464,2026-05-07 20:56:06.402673+02,"{""reg"": ""-\n+HF67ATZ""}",,,,,24,,5,1,18050,,,f,f,
3465,2026-05-07 20:57:10.653995+02,"{""reg"": ""-\n+HF67AUA""}",,,,,24,,5,1,18051,,,f,f,
3466,2026-05-07 20:57:23.200988+02,"{""reg"": ""-\n+HF67AUC""}",,,,,24,,5,1,18053,,,f,f,
3467,2026-05-07 20:57:35.911307+02,"{""reg"": ""-\n+HF67AUE""}",,,,,24,,5,1,18054,,,f,f,
3468,2026-05-07 20:57:46.629586+02,"{""reg"": ""-\n+HF67AUH""}",,,,,24,,5,1,18055,,,f,f,
3469,2026-05-07 20:57:57.914714+02,"{""reg"": ""-\n+HF67AUJ""}",,,,,24,,5,1,18056,,,f,f,
3470,2026-05-07 20:58:11.223875+02,"{""reg"": ""-\n+HF67AUK""}",,,,,24,,5,1,18057,,,f,f,
2833,2026-05-05 19:36:18.486148+02,"{""fleet number"": ""-\n+WHV86""}",,,TFLO,,,LGEN,103,1,3778781,,,f,f,
3150,2026-05-06 11:39:02.917312+02,"{""reg"": ""-\n+YY17GRX""}",,,,,107,,5,1,7406,,,f,f,
2835,2026-05-05 19:36:46.324797+02,"{""fleet number"": ""-\n+WHV85""}",,,TFLO,,,LGEN,103,1,3778780,,,f,f,
2839,2026-05-05 19:39:39.244441+02,{},,262,,,4145,,,1,3777551,,,f,f,
3160,2026-05-06 11:41:29.427167+02,"{""reg"": ""-\n+HF25BYW""}",,,,,107,,5,1,3784946,,,f,f,
2843,2026-05-05 20:10:19.733492+02,{},,,,697,,,9,1,3776125,,,f,f,
2844,2026-05-05 20:10:24.498264+02,{},,,,697,,,9,1,3776126,,,f,f,
3163,2026-05-06 11:42:20.230408+02,"{""reg"": ""-\n+HJ25BYY""}",,,,,107,,5,1,7432,,,f,f,
2846,2026-05-05 20:12:22.765148+02,{},,262,,,4146,,,1,3788960,,,f,f,
2849,2026-05-05 20:14:32.831779+02,{},,,MBGA,,,LGEN,,1,3779637,,,f,f,
3166,2026-05-06 11:44:00.145653+02,"{""reg"": ""-\n+BU75WLF""}",,,,,3599,,675,1,7280,,,f,f,
2851,2026-05-05 20:15:02.396723+02,{},,,MBGA,,,LGEN,,1,3781388,,,f,f,
2852,2026-05-05 20:16:29.809946+02,{},,,MBGA,,,LONC,,1,3778519,,,f,f,
3167,2026-05-06 11:44:10.623946+02,"{""reg"": ""-\n+BU75WLG""}",,,,,3599,,675,1,7281,,,f,f,
2855,2026-05-05 20:21:23.884944+02,{},,,,5,,,3,1,3782272,,,f,f,
2857,2026-05-05 20:24:31.011726+02,"{""fleet number"": ""-\n+HV132""}",,,TFLO,,,AVLO,102,1,3777417,,,f,f,
3173,2026-05-06 11:46:36.221207+02,"{""reg"": ""-\n+HW58ATO""}",,,,,107,,66,1,7287,,,f,f,
2868,2026-05-05 20:27:20.780985+02,"{""fleet number"": ""-\n+HV133""}",,,TFLO,,,AVLO,102,1,3776124,,,f,f,
2870,2026-05-05 20:27:51.872346+02,"{""fleet number"": ""-\n+HV135""}",,,TFLO,,,AVLO,102,1,3777315,,,f,f,
3178,2026-05-06 11:48:15.87724+02,"{""reg"": ""-\n+HF58KCG""}",,,,,107,,62,1,7292,,,f,f,
2872,2026-05-05 20:34:50.737256+02,"{""fleet number"": ""-\n+HV137""}",,,TFLO,,,AVLO,102,1,3784674,,,f,f,
2876,2026-05-05 20:35:47.710322+02,"{""fleet number"": ""-\n+HV141""}",,,TFLO,,,AVLO,102,1,3781101,,,f,f,
3182,2026-05-06 11:54:42.163502+02,"{""reg"": ""-\n+HF18FDX""}",,,,,1647,,8,1,3788412,,,f,f,
2880,2026-05-05 20:37:00.421344+02,"{""fleet number"": ""-\n+DW581""}",,,TFLO,,,AVLO,301,1,3782770,,,f,f,
2885,2026-05-05 20:38:05.383401+02,"{""fleet number"": ""-\n+DW586""}",,,TFLO,,,AVLO,301,1,3777342,,,f,f,
3184,2026-05-06 11:56:44.625639+02,"{""reg"": ""-\n+HF18FDZ""}",,,,,1647,,8,1,3787923,,,f,f,
2890,2026-05-05 20:39:57.842836+02,"{""fleet number"": ""-\n+HV164""}",,,TFLO,,,AVLO,103,1,3784159,,,f,f,
2892,2026-05-05 20:41:20.925276+02,"{""fleet number"": ""-\n+12322""}",,,TFLO,,,ELBG,9,1,3777772,,,f,f,
3185,2026-05-06 11:56:58.469805+02,"{""reg"": ""-\n+HF18FEG""}",,,,,1647,,8,1,3787592,,,f,f,
2897,2026-05-05 20:42:50.924246+02,"{""fleet number"": ""-\n+2448""}",,,TFLO,,,ABLO,9,1,3780950,,,f,f,
2898,2026-05-05 20:43:01.680717+02,"{""fleet number"": ""-\n+2449""}",,,TFLO,,,ABLO,9,1,3782359,,,f,f,
3186,2026-05-06 11:57:10.065815+02,"{""reg"": ""-\n+HF18FEH""}",,,,,1647,,8,1,3784841,,,f,f,
2902,2026-05-05 20:45:08.237787+02,"{""fleet number"": ""-\n+2452""}",,,TFLO,,,ABLO,9,1,3776487,,,f,f,
3189,2026-05-06 11:58:07.346394+02,"{""reg"": ""-\n+HF18FEM""}",,,,,1650,,8,1,3785809,,,f,f,
3197,2026-05-06 12:00:03.408337+02,"{""reg"": ""-\n+HF18FFC""}",,,,,1649,,8,1,7297,,,f,f,
3205,2026-05-06 23:21:52.405009+02,"{""reg"": ""-\n+HF18FFL""}",,,,,1648,,8,1,3789541,,,f,f,
3206,2026-05-06 23:22:19.163722+02,"{""reg"": ""-\n+HF18FFM""}",,,,,1648,,8,1,3788286,,,f,f,
3208,2026-05-06 23:23:09.545647+02,"{""reg"": ""-\n+HF18FFP""}",,,,,1648,,8,1,3787755,,,f,f,
3216,2026-05-06 23:28:18.176503+02,"{""reg"": ""-\n+HF68DYB""}",,,,,3599,,135,1,7302,,,f,f,
3471,2026-05-07 20:58:54.397834+02,"{""reg"": ""-\n+EO96WGW"", ""colours"": ""-\n+#ffffff""}",,,,,,,29,1,18074,,,f,f,
3473,2026-05-07 21:00:12.35522+02,"{""reg"": ""-WX06\n+WX06JYC""}",,,,,,,,1,3785650,,,f,f,
3477,2026-05-07 21:03:06.214345+02,"{""reg"": ""-\n+WX75OCU""}",,,,,328,,41,1,17686,,,f,f,
3480,2026-05-07 21:03:57.80024+02,"{""reg"": ""-\n+WX75OCY""}",,,,,328,,41,1,17692,,,f,f,
3485,2026-05-07 21:05:22.922769+02,"{""reg"": ""-\n+HF75YRS""}",,,,,328,,759,1,17738,,,f,f,
3489,2026-05-07 21:07:59.370715+02,"{""reg"": ""-\n+HF69CHO""}",,,,,328,,260,1,17747,,,f,f,
3490,2026-05-07 21:08:35.319113+02,"{""reg"": ""-\n+GA74ZEB""}",,,,,3826,,990,1,3787124,,,f,f,
3494,2026-05-07 21:11:04.235724+02,"{""reg"": ""-\n+HV26DWK""}",,,,,4134,,649,1,3787906,,,f,f,
3496,2026-05-07 21:12:28.923935+02,"{""reg"": ""-\n+HV26DWM""}",,,,,4134,,649,1,3787912,,,f,f,
3497,2026-05-07 21:13:30.701738+02,"{""reg"": ""-\n+HV26EUU""}",,,,,328,,649,1,17668,,,f,f,
3500,2026-05-07 21:14:06.287905+02,"{""reg"": ""-\n+HV26CWJ""}",,,,,328,,649,1,17670,,,f,f,
3501,2026-05-07 21:14:18.970172+02,"{""reg"": ""-\n+HV26CWK""}",,,,,328,,649,1,3787007,,,f,f,
3504,2026-05-07 21:14:50.657998+02,"{""reg"": ""-\n+HV26DWJ""}",,,,,328,,649,1,3788342,,,f,f,
3508,2026-05-07 21:15:33.484851+02,"{""reg"": ""-\n+HV26GWZ""}",,,,,328,,649,1,17675,,,f,f,
3511,2026-05-07 21:16:09.59139+02,"{""reg"": ""-\n+HV26JVF""}",,,,,328,,649,1,17678,,,f,f,
3523,2026-05-07 21:20:23.054199+02,"{""reg"": ""-\n+HF63FGU""}",,,,,328,,697,1,17695,,,f,f,
3526,2026-05-07 21:21:04.435409+02,"{""reg"": ""-\n+HW63FGX""}",,,,,328,,697,1,17697,,,f,f,
3529,2026-05-07 21:21:48.952248+02,"{""reg"": ""-\n+HW63FHB""}",,,,,328,,697,1,17701,,,f,f,
3532,2026-05-07 21:22:34.810908+02,"{""reg"": ""-\n+HF64BSZ""}",,,,,328,,697,1,17704,,,f,f,
3534,2026-05-07 21:23:07.26655+02,"{""reg"": ""-\n+HF64BOV""}",,,,,328,,697,1,17706,,,f,f,
3535,2026-05-07 21:23:43.616734+02,"{""reg"": ""-\n+HF66CFD""}",,,,,1442,,8,1,17707,,,f,f,
3537,2026-05-07 21:24:04.924694+02,"{""reg"": ""-\n+HF66CFG""}",,,,,1442,,8,1,17708,,,f,f,
3538,2026-05-07 21:24:23.460771+02,"{""reg"": ""-\n+HF66CFK""}",,,,,328,,8,1,17709,,,f,f,
3543,2026-05-07 21:25:32.544892+02,"{""reg"": ""-\n+HF69CRU""}",,,,,730,,8,1,17713,,,f,f,
3547,2026-05-07 21:26:57.656505+02,"{""reg"": ""-\n+HJ25BYR""}",,,,,328,,8,1,3785055,,,f,f,
3548,2026-05-07 21:27:34.465886+02,"{""reg"": ""-\n+LF75OTG""}",,,,,,,1155,1,3789068,,,f,f,
3552,2026-05-07 21:28:57.233283+02,"{""reg"": ""-\n+HF64BPV""}",,,,,328,,3,1,17722,,,f,f,
3556,2026-05-07 21:29:46.259388+02,"{""reg"": ""-\n+HF65AYC""}",,,,,328,,3,1,3785570,,,f,f,
3560,2026-05-07 21:30:26.490957+02,"{""reg"": ""-\n+HF65AYH""}",,,,,328,,3,1,17729,,,f,f,
3563,2026-05-07 21:32:20.454258+02,"{""reg"": ""-\n+HF64BOH""}",,,,,328,,47,1,17733,,,f,f,
3564,2026-05-07 21:32:32.876417+02,"{""reg"": ""-\n+HF64BRZ""}",,,,,328,,47,1,17734,,,f,f,
3566,2026-05-07 21:33:05.08488+02,"{""reg"": ""-\n+HF15BMY""}",,,,,328,,47,1,17735,,,f,f,
3567,2026-05-07 21:33:17.843028+02,"{""reg"": ""-\n+HF15BMZ""}",,,,,328,,47,1,17736,,,f,f,
3568,2026-05-07 21:36:34.512015+02,"{""reg"": ""-\n+YF23XXA""}",,,,,3296,,547,1,3785312,,,f,f,
3569,2026-05-07 21:36:55.39377+02,"{""reg"": ""-\n+YF23XXE""}",,,,,3296,,547,1,17740,,,f,f,
3571,2026-05-07 21:37:43.883803+02,"{""reg"": ""-\n+YB23JZL""}",,,,,3296,,547,1,17742,,,f,f,
3572,2026-05-07 21:38:17.234328+02,"{""reg"": ""-\n+SF71CNU""}",,,,,3887,,547,1,17743,,,f,f,
3574,2026-05-07 21:39:24.598649+02,{},,,,547,,,1058,1,17743,,,f,f,
2837,2026-05-05 19:37:15.216271+02,"{""fleet number"": ""-\n+WHV83""}",,,TFLO,,,LGEN,103,1,3781269,,,f,f,
2838,2026-05-05 19:38:09.713269+02,{},,262,,,4148,,,1,3788970,,,f,f,
2848,2026-05-05 20:14:25.664624+02,{},,,MBGA,,,LONC,,1,3783234,,,f,f,
2853,2026-05-05 20:16:36.864083+02,{},,,MBGA,,,LONC,,1,3778520,,,f,f,
2854,2026-05-05 20:18:00.449505+02,"{""fleet number"": ""-VE1385\n+VW1385""}",,,,,,,,1,3783450,,,f,f,
2856,2026-05-05 20:22:26.77104+02,{},,,,265,,,3,1,3783208,,,f,f,
2859,2026-05-05 20:24:53.910105+02,"{""fleet number"": ""-\n+HV144""}",,,TFLO,,,AVLO,102,1,3777539,,,f,f,
2865,2026-05-05 20:26:21.691817+02,"{""fleet number"": ""-\n+HV150""}",,,TFLO,,,AVLO,102,1,3779781,,,f,f,
2869,2026-05-05 20:27:35.522845+02,"{""fleet number"": ""-\n+HV134""}",,,TFLO,,,AVLO,102,1,3777198,,,f,f,
2874,2026-05-05 20:35:21.239543+02,"{""fleet number"": ""-\n+HV139""}",,,TFLO,,,AVLO,102,1,3782928,,,f,f,
2877,2026-05-05 20:36:03.487663+02,"{""fleet number"": ""-\n+HV142""}",,,TFLO,,,AVLO,102,1,3777337,,,f,f,
2882,2026-05-05 20:37:27.151032+02,"{""fleet number"": ""-\n+DW583""}",,,TFLO,,,AVLO,301,1,3777322,,,f,f,
2886,2026-05-05 20:38:21.123809+02,"{""fleet number"": ""-\n+HV106""}",,,TFLO,,,AVLO,102,1,3782358,,,f,f,
2891,2026-05-05 20:41:05.736057+02,"{""fleet number"": ""-\n+12319""}",,,TFLO,,,ELBG,9,1,3783628,,,f,f,
2893,2026-05-05 20:41:45.966078+02,"{""fleet number"": ""-\n+2444""}",,,TFLO,,,ABLO,9,1,3776231,,,f,f,
2900,2026-05-05 20:43:26.559193+02,"{""fleet number"": ""-\n+2451""}",,,TFLO,,,ABLO,9,1,3781956,,,f,f,
2905,2026-05-05 20:45:39.445222+02,"{""fleet number"": ""-\n+2455""}",,,TFLO,,,ABLO,9,1,3776613,,,f,f,
2907,2026-05-05 20:46:00.069014+02,"{""fleet number"": ""-\n+2457""}",,,TFLO,,,ABLO,9,1,3776295,,,f,f,
2908,2026-05-05 20:46:10.088521+02,"{""fleet number"": ""-\n+2458""}",,,TFLO,,,ABLO,9,1,3788777,,,f,f,
2909,2026-05-05 20:46:20.632833+02,"{""fleet number"": ""-\n+2459""}",,,TFLO,,,ABLO,9,1,3782520,,,f,f,
2910,2026-05-05 20:46:31.405529+02,"{""fleet number"": ""-\n+2460""}",,,TFLO,,,ABLO,9,1,3776238,,,f,f,
2911,2026-05-05 20:46:41.833356+02,"{""fleet number"": ""-\n+2461""}",,,TFLO,,,ABLO,9,1,3782249,,,f,f,
2912,2026-05-05 20:46:51.742296+02,"{""fleet number"": ""-\n+2462""}",,,TFLO,,,ABLO,9,1,3776239,,,f,f,
2913,2026-05-05 20:47:02.01754+02,"{""fleet number"": ""-\n+2463""}",,,TFLO,,,ABLO,9,1,3780951,,,f,f,
2914,2026-05-05 20:47:12.126305+02,"{""fleet number"": ""-\n+2464""}",,,TFLO,,,ABLO,9,1,3781756,,,f,f,
2915,2026-05-05 20:47:41.424503+02,"{""fleet number"": ""-\n+ADE40306""}",,,TFLO,,,FLON,697,1,3782207,,,f,f,
2916,2026-05-05 20:47:55.205487+02,"{""fleet number"": ""-\n+ADE40307""}",,,TFLO,,,FLON,697,1,3783295,,,f,f,
2917,2026-05-05 20:48:51.694433+02,"{""fleet number"": ""-\n+ADE40309""}",,,TFLO,,,FLON,697,1,3786121,,,f,f,
2918,2026-05-05 20:49:13.656933+02,"{""fleet number"": ""-\n+ADE40310""}",,,TFLO,,,FLON,697,1,3784729,,,f,f,
2919,2026-05-05 20:49:53.928611+02,"{""fleet number"": ""-\n+12325""}",,,TFLO,,,ELBG,9,1,3777712,,,f,f,
2920,2026-05-05 20:50:07.195574+02,"{""fleet number"": ""-\n+12326""}",,,TFLO,,,ELBG,9,1,3781196,,,f,f,
2921,2026-05-05 20:50:19.863016+02,"{""fleet number"": ""-\n+12327""}",,,TFLO,,,ELBG,9,1,3778038,,,f,f,
2922,2026-05-05 20:50:33.711932+02,"{""fleet number"": ""-\n+12328""}",,,TFLO,,,ELBG,9,1,3781628,,,f,f,
2923,2026-05-05 20:50:46.511802+02,"{""fleet number"": ""-\n+12329""}",,,TFLO,,,ELBG,9,1,3788337,,,f,f,
2924,2026-05-05 20:50:59.972233+02,"{""fleet number"": ""-\n+12330""}",,,TFLO,,,ELBG,9,1,3785642,,,f,f,
2925,2026-05-05 20:51:56.872626+02,"{""fleet number"": ""-\n+12331""}",,,TFLO,,,ELBG,9,1,3778056,,,f,f,
2926,2026-05-05 20:52:11.754229+02,"{""fleet number"": ""-\n+12332""}",,,TFLO,,,ELBG,9,1,3781211,,,f,f,
2927,2026-05-05 20:52:26.437383+02,"{""fleet number"": ""-\n+12333""}",,,TFLO,,,ELBG,9,1,3778290,,,f,f,
2928,2026-05-05 20:53:49.654489+02,"{""fleet number"": ""-\n+2465""}",,,TFLO,,,ABLO,9,1,3783730,,,f,f,
2929,2026-05-05 20:54:01.258924+02,"{""fleet number"": ""-\n+2466""}",,,TFLO,,,ABLO,9,1,3776479,,,f,f,
2930,2026-05-05 20:54:24.119814+02,"{""fleet number"": ""-\n+12324""}",,,TFLO,,,ELBG,9,1,3781168,,,f,f,
2931,2026-05-05 20:55:28.933202+02,"{""fleet number"": ""-\n+SE198""}",,,TFLO,,,LONC,3,1,3779583,,,f,f,
2932,2026-05-05 20:55:41.374939+02,"{""fleet number"": ""-\n+SE202""}",,,TFLO,,,LONC,3,1,3778484,,,f,f,
2933,2026-05-05 20:56:09.276529+02,"{""fleet number"": ""-\n+SE203""}",,,TFLO,,,LONC,3,1,3778472,,,f,f,
2934,2026-05-05 20:56:21.844686+02,"{""fleet number"": ""-\n+SE204""}",,,TFLO,,,LONC,3,1,3779603,,,f,f,
2935,2026-05-05 20:57:02.864062+02,"{""fleet number"": ""-\n+SE205""}",,,TFLO,,,LONC,3,1,3778483,,,f,f,
2936,2026-05-05 20:57:15.009235+02,"{""fleet number"": ""-\n+SE206""}",,,TFLO,,,LONC,3,1,3783328,,,f,f,
2937,2026-05-05 20:57:26.409398+02,"{""fleet number"": ""-\n+SE207""}",,,TFLO,,,LONC,3,1,3781648,,,f,f,
2938,2026-05-05 20:57:41.578584+02,"{""fleet number"": ""-\n+SE208""}",,,TFLO,,,LONC,3,1,3778482,,,f,f,
2939,2026-05-05 20:57:52.552652+02,"{""fleet number"": ""-\n+SE209""}",,,TFLO,,,LONC,3,1,3783940,,,f,f,
2940,2026-05-05 20:58:03.082285+02,"{""fleet number"": ""-\n+SE211""}",,,TFLO,,,LONC,3,1,3781247,,,f,f,
2941,2026-05-05 20:58:18.187607+02,"{""fleet number"": ""-\n+SE212""}",,,TFLO,,,LONC,3,1,3782720,,,f,f,
2942,2026-05-05 20:59:09.45047+02,"{""fleet number"": ""-\n+SE240""}",,,TFLO,,,MBGA,3,1,3776828,,,f,f,
2943,2026-05-05 20:59:29.376482+02,"{""fleet number"": ""-\n+SE236""}",,,TFLO,,,LGEN,3,1,3786607,,,f,f,
2944,2026-05-05 20:59:43.021781+02,"{""fleet number"": ""-\n+SE237""}",,,TFLO,,,LGEN,3,1,3778466,,,f,f,
2945,2026-05-05 21:00:05.564251+02,"{""fleet number"": ""-\n+SE238""}",,,TFLO,,,LONC,3,1,3779523,,,f,f,
2946,2026-05-05 21:00:20.136917+02,"{""fleet number"": ""-\n+SE239""}",,,TFLO,,,LGEN,3,1,3778925,,,f,f,
2947,2026-05-05 21:00:37.579866+02,"{""fleet number"": ""-\n+SE235""}",,,TFLO,,,LGEN,3,1,3778650,,,f,f,
2948,2026-05-05 21:00:59.66624+02,"{""fleet number"": ""-\n+SE241""}",,,TFLO,,,LONC,3,1,3782039,,,f,f,
2949,2026-05-05 21:01:14.005983+02,"{""fleet number"": ""-\n+SE242""}",,,TFLO,,,MBGA,3,1,3776880,,,f,f,
2950,2026-05-05 21:01:35.03606+02,"{""fleet number"": ""-\n+SE243""}",,,TFLO,,,MBGA,3,1,3776850,,,f,f,
2951,2026-05-05 21:01:48.537702+02,"{""fleet number"": ""-\n+SE244""}",,,TFLO,,,MBGA,3,1,3781029,,,f,f,
2952,2026-05-05 21:02:07.522806+02,"{""fleet number"": ""-\n+SE245""}",,,TFLO,,,MBGA,3,1,3776874,,,f,f,
2953,2026-05-05 21:02:28.070413+02,"{""fleet number"": ""-\n+SE246""}",,,TFLO,,,LGEN,3,1,3783326,,,f,f,
2954,2026-05-05 21:02:45.762744+02,"{""fleet number"": ""-\n+SE247""}",,,TFLO,,,LGEN,3,1,3779298,,,f,f,
2955,2026-05-05 21:02:57.891216+02,"{""fleet number"": ""-\n+SE248""}",,,TFLO,,,LGEN,3,1,3779299,,,f,f,
2956,2026-05-05 21:03:13.338748+02,"{""fleet number"": ""-\n+SE249""}",,,TFLO,,,LGEN,3,1,3779854,,,f,f,
2957,2026-05-05 21:03:41.553963+02,"{""fleet number"": ""-\n+SE259""}",,,TFLO,,,MBGA,3,1,3776818,,,f,f,
3151,2026-05-06 11:39:19.021674+02,"{""reg"": ""-\n+HF69CMY""}",,,,,107,,5,1,7407,,,f,f,
2958,2026-05-05 21:03:51.136429+02,"{""fleet number"": ""-\n+SE260""}",,,TFLO,,,MBGA,3,1,3776819,,,f,f,
2966,2026-05-05 21:06:09.795027+02,"{""fleet number"": ""-\n+SE257""}",,,TFLO,,,MBGA,3,1,3776816,,,f,f,
3152,2026-05-06 11:39:31.744889+02,"{""reg"": ""-\n+HF69CMZ""}",,,,,107,,5,1,7408,,,f,f,
2968,2026-05-05 21:07:02.070468+02,"{""fleet number"": ""-\n+601""}",,,TFLO,,,UNOL,3,1,3776943,,,f,f,
2972,2026-05-05 21:08:24.84084+02,"{""fleet number"": ""-\n+36601""}",,,TFLO,,,ELBG,5,1,3778388,,,f,f,
3154,2026-05-06 11:39:56.945767+02,"{""reg"": ""-\n+HF69CNC""}",,,,,107,,5,1,7410,,,f,f,
2981,2026-05-05 21:10:49.155399+02,"{""fleet number"": ""-\n+10303""}",,,TFLO,,,ELBG,8,1,3777821,,,f,f,
2982,2026-05-05 21:11:19.669389+02,"{""fleet number"": ""-\n+10304""}",,,TFLO,,,ELBG,8,1,3777822,,,f,f,
3155,2026-05-06 11:40:10.12472+02,"{""reg"": ""-\n+HF69CNE""}",,,,,107,,5,1,7411,,,f,f,
2989,2026-05-05 21:14:12.368815+02,"{""fleet number"": ""-\n+36587""}",,,TFLO,,,ELBG,3,1,3778285,,,f,f,
2993,2026-05-05 21:15:47.917007+02,"{""fleet number"": ""-\n+8204""}",,,TFLO,,,ABLO,3,1,3776403,,,f,f,
3159,2026-05-06 11:41:12.146526+02,"{""reg"": ""-\n+HJ25BYV""}",,,,,107,,5,1,7430,,,f,f,
2998,2026-05-05 21:17:28.816008+02,"{""fleet number"": ""-\n+SE214""}",,,TFLO,,,MBGA,3,1,3783104,,,f,f,
2999,2026-05-05 21:17:38.133817+02,"{""fleet number"": ""-\n+SE215""}",,,TFLO,,,MBGA,3,1,3781033,,,f,f,
3168,2026-05-06 11:44:21.268051+02,"{""reg"": ""-\n+BU75WLH""}",,,,,3599,,675,1,7282,,,f,f,
3001,2026-05-05 21:18:06.848871+02,"{""fleet number"": ""-\n+SE217""}",,,TFLO,,,LONC,3,1,3782147,,,f,f,
3006,2026-05-05 21:24:09.058912+02,"{""fleet number"": ""-\n+8252""}",,,TFLO,,,ABLO,3,1,3788170,,,f,f,
3169,2026-05-06 11:44:34.141657+02,"{""reg"": ""-\n+BU75WLJ""}",,,,,3599,,675,1,7283,,,f,f,
3012,2026-05-05 21:26:52.067847+02,"{""fleet number"": ""-\n+2489""}",,,TFLO,,,ABLO,265,1,3785759,,,f,f,
3020,2026-05-05 21:28:56.832905+02,"{""fleet number"": ""-\n+2497""}",,,TFLO,,,ABLO,265,1,3776648,,,f,f,
3171,2026-05-06 11:44:57.984126+02,"{""reg"": ""-\n+BU75WLL""}",,,,,3599,,675,1,7285,,,f,f,
3021,2026-05-05 21:29:08.334602+02,"{""fleet number"": ""-\n+2498""}",,,TFLO,,,ABLO,265,1,3781003,,,f,f,
3022,2026-05-05 21:29:21.204807+02,"{""fleet number"": ""-\n+2499""}",,,TFLO,,,ABLO,265,1,3776649,,,f,f,
3177,2026-05-06 11:48:01.673382+02,"{""reg"": ""-\n+HF58KCE""}",,,,,107,,62,1,7291,,,f,f,
3023,2026-05-05 21:29:42.868055+02,"{""fleet number"": ""-\n+2050""}",,,TFLO,,,ABLO,265,1,3776650,,,f,f,
3031,2026-05-05 21:31:40.307318+02,"{""fleet number"": ""-\n+2509""}",,,TFLO,,,ABLO,265,1,3782648,,,f,f,
3183,2026-05-06 11:56:33.990384+02,"{""reg"": ""-\n+HF18FDY""}",,,,,1647,,8,1,3787585,,,f,f,
3032,2026-05-05 21:31:49.822415+02,"{""fleet number"": ""-\n+2510""}",,,TFLO,,,ABLO,265,1,3782932,,,f,f,
3033,2026-05-05 21:32:00.414333+02,"{""fleet number"": ""-\n+2511""}",,,TFLO,,,ABLO,265,1,3776655,,,f,f,
3187,2026-05-06 11:57:25.592038+02,"{""reg"": ""-\n+HF18FEJ""}",,,,,1647,,8,1,3788409,,,f,f,
3034,2026-05-05 21:32:13.555945+02,"{""fleet number"": ""-\n+2512""}",,,TFLO,,,ABLO,265,1,3781564,,,f,f,
3035,2026-05-05 21:32:26.164599+02,"{""fleet number"": ""-\n+2513""}",,,TFLO,,,ABLO,265,1,3776656,,,f,f,
3191,2026-05-06 11:58:30.469702+02,"{""reg"": ""-\n+HF18FEP""}",,,,,1650,,8,1,3788978,,,f,f,
3050,2026-05-05 21:36:31.75952+02,"{""fleet number"": ""-\n+8833""}",,,TFLO,,,ABLO,3,1,3783698,,,f,f,
3056,2026-05-05 21:37:54.801331+02,"{""fleet number"": ""-\n+8841""}",,,TFLO,,,ABLO,3,1,3776664,,,f,f,
3198,2026-05-06 18:38:37.051696+02,"{""reg"": ""-\n+LTZ1286"", ""fleet number"": ""-\n+LT286""}",,,TFLO,,,AVLO,562,1,3789594,,,f,f,
3057,2026-05-05 21:38:06.26577+02,"{""fleet number"": ""-\n+8842""}",,,TFLO,,,ABLO,3,1,3776665,,,f,f,
3068,2026-05-05 21:41:26.49221+02,"{""fleet number"": ""-\n+37577""}",,,TFLO,,,ELBG,3,1,3783438,,,f,f,
3199,2026-05-06 18:39:06.533658+02,{},,,AVLO,,,LONC,,1,3789594,,,f,f,
3070,2026-05-05 21:42:50.344942+02,"{""fleet number"": ""-\n+SE49""}",,,TFLO,,,LGEN,131,1,3784448,,,f,f,
3074,2026-05-05 21:44:00.598085+02,"{""fleet number"": ""-\n+WS54""}",,,TFLO,,,LONC,131,1,3787878,,,f,f,
3201,2026-05-06 23:19:14.537216+02,"{""reg"": ""-\n+HF18FFE""}",,,,,1649,,8,1,3789274,,,f,f,
3472,2026-05-07 20:59:54.750608+02,"{""reg"": ""-\n+WX06"", ""fleet number"": ""-\n+507""}",,,,,2127,,59,1,3785650,,,f,f,
3474,2026-05-07 21:01:56.369422+02,"{""reg"": ""-\n+HF70CUW""}",,,,,328,,8,1,3785677,,,f,f,
3475,2026-05-07 21:02:40.194408+02,"{""reg"": ""-\n+WX75OCR""}",,,,,328,,41,1,3788143,,,f,f,
3476,2026-05-07 21:02:54.651472+02,"{""reg"": ""-\n+WX75OCS""}",,,,,328,,41,1,17685,,,f,f,
3478,2026-05-07 21:03:19.74589+02,"{""reg"": ""-\n+WX75OCV""}",,,,,328,,41,1,17687,,,f,f,
3479,2026-05-07 21:03:34.147569+02,"{""reg"": ""-\n+WX75OCW""}",,,,,328,,41,1,1245442,,,f,f,
3481,2026-05-07 21:04:12.453445+02,"{""reg"": ""-\n+WX75OCZ""}",,,,,328,,41,1,17693,,,f,f,
3482,2026-05-07 21:04:28.74512+02,"{""reg"": ""-\n+WX75ODA""}",,,,,328,,41,1,17700,,,f,f,
3483,2026-05-07 21:04:48.969018+02,"{""reg"": ""-\n+WX75ODB""}",,,,,328,,41,1,1561911,,,f,f,
3484,2026-05-07 21:05:09.902747+02,"{""reg"": ""-\n+HF75YRR""}",,,,,328,,759,1,17737,,,f,f,
3486,2026-05-07 21:05:40.301137+02,"{""reg"": ""-\n+HF75YRT""}",,,,,328,,759,1,17739,,,f,f,
3487,2026-05-07 21:07:36.008822+02,"{""reg"": ""-\n+HF69CHL""}",,,,,328,,260,1,17746,,,f,f,
3488,2026-05-07 21:07:48.013713+02,"{""reg"": ""-\n+HF69CHN""}",,,,,328,,260,1,3786671,,,f,f,
3491,2026-05-07 21:09:07.232344+02,"{""reg"": ""-\n+YN06JWO""}",,,,,22,,72,1,3785467,,,f,f,
3492,2026-05-07 21:09:43.652592+02,"{""reg"": ""-\n+HF09BJK""}",,,,,111,,62,1,17664,,,f,f,
3493,2026-05-07 21:10:27.419764+02,"{""reg"": ""-\n+HF09BJU""}",,,,,111,,62,1,17666,,,f,f,
3495,2026-05-07 21:11:25.589964+02,"{""reg"": ""-\n+HV26DWL""}",,,,,4134,,649,1,17667,,,f,f,
3498,2026-05-07 21:13:41.965198+02,"{""reg"": ""-\n+HV26CWF""}",,,,,328,,649,1,17669,,,f,f,
3499,2026-05-07 21:13:52.354968+02,"{""reg"": ""-\n+HV26CWG""}",,,,,328,,649,1,3786810,,,f,f,
3502,2026-05-07 21:14:28.531668+02,"{""reg"": ""-\n+HV26CWL""}",,,,,328,,649,1,3786506,,,f,f,
3503,2026-05-07 21:14:40.439011+02,"{""reg"": ""-\n+HV26DWG""}",,,,,328,,649,1,17671,,,f,f,
3505,2026-05-07 21:15:02.721982+02,"{""reg"": ""-\n+HV26EUW""}",,,,,328,,649,1,17672,,,f,f,
3506,2026-05-07 21:15:12.854081+02,"{""reg"": ""-\n+HV26GWX""}",,,,,328,,649,1,17673,,,f,f,
3507,2026-05-07 21:15:23.014503+02,"{""reg"": ""-\n+HV26GWY""}",,,,,328,,649,1,17674,,,f,f,
3509,2026-05-07 21:15:46.913217+02,"{""reg"": ""-\n+HV26GXA""}",,,,,328,,649,1,17676,,,f,f,
3510,2026-05-07 21:15:58.764574+02,"{""reg"": ""-\n+HV26JVD""}",,,,,328,,649,1,17677,,,f,f,
3512,2026-05-07 21:17:23.136106+02,"{""reg"": ""-\n+HF59FAA""}",,,,,328,,61,1,17679,,,f,f,
3513,2026-05-07 21:18:00.965356+02,"{""reg"": ""-\n+HF59FAM""}",,,,,328,,61,1,17682,,,f,f,
3514,2026-05-07 21:18:14.948593+02,"{""reg"": ""-\n+HF59FAO""}",,,,,328,,61,1,17683,,,f,f,
3516,2026-05-07 21:18:45.287758+02,"{""reg"": ""-\n+HJ63JKF""}",,,,,,,697,1,3785036,,,f,f,
2959,2026-05-05 21:04:05.582937+02,"{""fleet number"": ""-\n+SE250""}",,,TFLO,,,LGEN,3,1,3778527,,,f,f,
3217,2026-05-07 19:04:33.529673+02,"{""reg"": ""-\n+HF68DYC""}",,,,,3599,,135,1,7303,,,f,f,
2961,2026-05-05 21:04:50.57889+02,"{""fleet number"": ""-\n+SE252""}",,,TFLO,,,LGEN,3,1,3779380,,,f,f,
2963,2026-05-05 21:05:24.684234+02,"{""fleet number"": ""-\n+SE254""}",,,TFLO,,,LGEN,3,1,3779861,,,f,f,
3218,2026-05-07 19:04:47.156043+02,"{""reg"": ""-\n+HF68DYD""}",,,,,3599,,135,1,7304,,,f,f,
2964,2026-05-05 21:05:37.193721+02,"{""fleet number"": ""-\n+SE255""}",,,TFLO,,,LGEN,3,1,3778749,,,f,f,
2976,2026-05-05 21:09:16.537353+02,"{""fleet number"": ""-\n+36605""}",,,TFLO,,,ELBG,5,1,3788970,,,f,f,
3219,2026-05-07 19:05:16.704989+02,"{""reg"": ""-\n+HF68DYG""}",,,,,3599,,135,1,7305,,,f,f,
2980,2026-05-05 21:10:36.815345+02,"{""fleet number"": ""-\n+10302""}",,,TFLO,,,ELBG,8,1,3782144,,,f,f,
2987,2026-05-05 21:13:43.315987+02,"{""fleet number"": ""-\n+36585""}",,,TFLO,,,ELBG,3,1,3778279,,,f,f,
3220,2026-05-07 19:05:31.829597+02,"{""reg"": ""-\n+HF18DYH""}",,,,,3599,,135,1,7306,,,f,f,
2990,2026-05-05 21:15:06.543983+02,"{""fleet number"": ""-\n+8201""}",,,TFLO,,,ABLO,3,1,3786067,,,f,f,
2991,2026-05-05 21:15:17.72401+02,"{""fleet number"": ""-\n+8202""}",,,TFLO,,,ABLO,3,1,3784484,,,f,f,
3221,2026-05-07 19:05:51.865114+02,"{""reg"": ""-\n+HF18DYJ""}",,,,,3599,,135,1,7307,,,f,f,
2992,2026-05-05 21:15:28.08818+02,"{""fleet number"": ""-\n+8203""}",,,TFLO,,,ABLO,3,1,3780969,,,f,f,
2995,2026-05-05 21:16:11.07144+02,"{""fleet number"": ""-\n+8206""}",,,TFLO,,,ABLO,3,1,3776230,,,f,f,
3222,2026-05-07 19:06:15.731137+02,"{""reg"": ""-HF18DYH\n+HF68DYH""}",,,,,,,,1,7306,,,f,f,
2997,2026-05-05 21:17:08.288149+02,"{""fleet number"": ""-\n+SE213""}",,,TFLO,,,MBGA,3,1,3781937,,,f,f,
3000,2026-05-05 21:17:47.986503+02,"{""fleet number"": ""-\n+SE216""}",,,TFLO,,,MBGA,3,1,3782605,,,f,f,
3223,2026-05-07 19:06:22.995949+02,"{""reg"": ""-HF18DYJ\n+HF68DYJ""}",,,,,,,,1,7307,,,f,f,
3002,2026-05-05 21:18:38.334984+02,"{""fleet number"": ""-\n+SE219""}",,,TFLO,,,LONC,3,1,3779287,,,f,f,
3009,2026-05-05 21:25:20.123427+02,"{""fleet number"": ""-\n+8255""}",,,TFLO,,,ABLO,3,1,3776374,,,f,f,
3224,2026-05-07 19:06:43.182408+02,"{""reg"": ""-HF18DXZ\n+HF68DXZ""}",,,,,,,,1,7300,,,f,f,
3036,2026-05-05 21:32:40.957812+02,"{""fleet number"": ""-\n+2514""}",,,TFLO,,,ABLO,265,1,3776657,,,f,f,
3039,2026-05-05 21:34:02.732274+02,"{""fleet number"": ""-\n+8822""}",,,TFLO,,,ABLO,3,1,3782994,,,f,f,
3225,2026-05-07 19:07:09.548357+02,"{""reg"": ""-\n+HF68DXL""}",,,,,3599,,135,1,7308,,,f,f,
3040,2026-05-05 21:34:16.564589+02,"{""fleet number"": ""-\n+8823""}",,,TFLO,,,ABLO,3,1,3783135,,,f,f,
3042,2026-05-05 21:34:55.160893+02,"{""fleet number"": ""-\n+8825""}",,,TFLO,,,ABLO,3,1,3776229,,,f,f,
3226,2026-05-07 19:07:22.078767+02,"{""reg"": ""-\n+HF68DXM""}",,,,,3599,,135,1,7309,,,f,f,
3053,2026-05-05 21:37:16.696738+02,"{""fleet number"": ""-\n+8838""}",,,TFLO,,,ABLO,3,1,3776662,,,f,f,
3058,2026-05-05 21:38:18.522688+02,"{""fleet number"": ""-\n+8843""}",,,TFLO,,,ABLO,3,1,3776666,,,f,f,
3227,2026-05-07 19:07:33.829316+02,"{""reg"": ""-\n+HF68DXO""}",,,,,3599,,135,1,7310,,,f,f,
3059,2026-05-05 21:38:59.697539+02,"{""fleet number"": ""-\n+37568""}",,,TFLO,,,ELBG,3,1,3778025,,,f,f,
3060,2026-05-05 21:39:11.774868+02,"{""fleet number"": ""-\n+37569""}",,,TFLO,,,ELBG,3,1,3778026,,,f,f,
3228,2026-05-07 19:07:46.378441+02,"{""reg"": ""-\n+HF68DXP""}",,,,,3599,,135,1,7311,,,f,f,
3062,2026-05-05 21:39:44.20844+02,"{""fleet number"": ""-\n+37571""}",,,TFLO,,,ELBG,3,1,3778027,,,f,f,
3063,2026-05-05 21:40:08.434438+02,"{""fleet number"": ""-\n+37572""}",,,TFLO,,,ELBG,3,1,3778028,,,f,f,
3229,2026-05-07 19:08:29.079303+02,"{""reg"": ""-\n+HF68DXR""}",,,,,3599,,135,1,7312,,,f,f,
3076,2026-05-05 21:44:54.772447+02,"{""fleet number"": ""-\n+WS57""}",,,TFLO,,,MBGA,131,1,3788158,,,f,f,
3077,2026-05-05 21:45:12.189679+02,"{""fleet number"": ""-\n+WS58""}",,,TFLO,,,MBGA,131,1,3776795,,,f,f,
3230,2026-05-07 19:08:40.912683+02,"{""reg"": ""-\n+HF68DXS""}",,,,,3599,,135,1,7313,,,f,f,
3078,2026-05-05 21:45:45.193049+02,"{""fleet number"": ""-\n+WS59""}",,,TFLO,,,MBGA,131,1,3786305,,,f,f,
3231,2026-05-07 19:08:54.311622+02,"{""reg"": ""-\n+HF68DXT""}",,,,,3599,,135,1,7314,,,f,f,
3232,2026-05-07 19:09:06.064444+02,"{""reg"": ""-\n+HF68DXU""}",,,,,3599,,135,1,7315,,,f,f,
3233,2026-05-07 19:09:39.433694+02,"{""reg"": ""-\n+HF68DXV""}",,,,,1647,,135,1,3785370,,,f,f,
3234,2026-05-07 19:10:05.841184+02,"{""reg"": ""-\n+HF68DXW""}",,,,,1648,,135,1,7316,,,f,f,
3235,2026-05-07 19:10:37.026544+02,"{""reg"": ""-\n+BX09PFN""}",,,,,107,,697,1,7317,,,f,f,
3236,2026-05-07 19:11:01.381561+02,"{""reg"": ""-\n+BX09PFU""}",,,,,107,,697,1,3785524,,,f,f,
3237,2026-05-07 19:11:30.57735+02,"{""reg"": ""-\n+BX09PHN""}",,,,,107,,697,1,7318,,,f,f,
3238,2026-05-07 19:12:13.945342+02,"{""reg"": ""-\n+HJ63JHV""}",,,,,107,,697,1,3784636,,,f,f,
3239,2026-05-07 19:12:27.678216+02,"{""reg"": ""-\n+HJ63JHX""}",,,,,107,,697,1,7319,,,f,f,
3240,2026-05-07 19:12:45.106433+02,"{""reg"": ""-\n+HJ63JHY""}",,,,,107,,697,1,7320,,,f,f,
3241,2026-05-07 19:14:00.231908+02,"{""reg"": ""-\n+HJ63JKX""}",,,,,107,,697,1,7321,,,f,f,
3242,2026-05-07 19:14:59.711336+02,"{""reg"": ""-\n+HJ63JKZ""}",,,,,107,,697,1,7323,,,f,f,
3243,2026-05-07 19:15:13.511242+02,"{""reg"": ""-\n+HJ63JKY""}",,,,,107,,697,1,7322,,,f,f,
3244,2026-05-07 19:15:35.282148+02,"{""reg"": ""-\n+HJ63JLO""}",,,,,107,,697,1,7324,,,f,f,
3245,2026-05-07 19:15:47.749564+02,"{""reg"": ""-\n+HJ63JLU""}",,,,,107,,697,1,7325,,,f,f,
3246,2026-05-07 19:16:00.062685+02,"{""reg"": ""-\n+HJ63JLV""}",,,,,107,,697,1,7326,,,f,f,
3247,2026-05-07 19:16:12.283273+02,"{""reg"": ""-\n+HJ63JLX""}",,,,,107,,697,1,7327,,,f,f,
3248,2026-05-07 19:16:29.007524+02,"{""reg"": ""-\n+HJ63JMO""}",,,,,107,,697,1,7328,,,f,f,
3249,2026-05-07 19:16:42.072492+02,"{""reg"": ""-\n+HJ63JMU""}",,,,,107,,697,1,7329,,,f,f,
3250,2026-05-07 19:16:55.249664+02,"{""reg"": ""-\n+HJ63JMV""}",,,,,107,,697,1,7330,,,f,f,
3251,2026-05-07 19:17:06.096859+02,"{""reg"": ""-\n+HJ63JMX""}",,,,,107,,697,1,7331,,,f,f,
3252,2026-05-07 19:17:17.554991+02,"{""reg"": ""-\n+HJ63JNF""}",,,,,107,,697,1,7332,,,f,f,
3253,2026-05-07 19:17:30.470427+02,"{""reg"": ""-\n+HJ63JNK""}",,,,,107,,697,1,3785119,,,f,f,
3254,2026-05-07 19:17:42.813137+02,"{""reg"": ""-\n+HJ63JNL""}",,,,,107,,697,1,7333,,,f,f,
3255,2026-05-07 19:17:57.950225+02,"{""reg"": ""-\n+HJ63JNN""}",,,,,107,,697,1,7334,,,f,f,
3256,2026-05-07 19:18:30.267908+02,"{""reg"": ""-\n+HJ63JNO""}",,,,,107,,697,1,7335,,,f,f,
3257,2026-05-07 19:18:44.219663+02,"{""reg"": ""-\n+HJ63JNU""}",,,,,107,,697,1,7336,,,f,f,
3258,2026-05-07 19:19:00.379196+02,"{""reg"": ""-\n+HJ63JNV""}",,,,,107,,697,1,7337,,,f,f,
3259,2026-05-07 19:19:12.268437+02,"{""reg"": ""-\n+HJ63JNX""}",,,,,107,,697,1,7338,,,f,f,
3260,2026-05-07 19:19:23.818339+02,"{""reg"": ""-\n+HJ63JNZ""}",,,,,107,,697,1,7339,,,f,f,
3261,2026-05-07 19:19:46.40188+02,"{""reg"": ""-\n+HJ63JOA""}",,,,,107,,697,1,7340,,,f,f,
3262,2026-05-07 19:20:11.462989+02,"{""reg"": ""-\n+HJ63JOH""}",,,,,107,,697,1,7341,,,f,f,
3263,2026-05-07 19:20:23.264968+02,"{""reg"": ""-\n+HJ63JOU""}",,,,,107,,697,1,7342,,,f,f,
2960,2026-05-05 21:04:16.07851+02,"{""fleet number"": ""-\n+SE251""}",,,TFLO,,,LGEN,3,1,3783298,,,f,f,
2965,2026-05-05 21:05:55.556331+02,"{""fleet number"": ""-\n+SE256""}",,,TFLO,,,MBGA,3,1,3781768,,,f,f,
3264,2026-05-07 19:20:50.669396+02,"{""reg"": ""-\n+HF64BPE""}",,,,,107,,697,1,1415357,,,f,f,
2969,2026-05-05 21:07:14.418775+02,"{""fleet number"": ""-\n+602""}",,,TFLO,,,UNOL,3,1,3781973,,,f,f,
2973,2026-05-05 21:08:34.773799+02,"{""fleet number"": ""-\n+36602""}",,,TFLO,,,ELBG,5,1,3778389,,,f,f,
3269,2026-05-07 19:21:58.118679+02,"{""reg"": ""-\n+HF65AYA""}",,,,,107,,697,1,7349,,,f,f,
2977,2026-05-05 21:09:31.740172+02,"{""fleet number"": ""-\n+36606""}",,,TFLO,,,ELBG,5,1,3783232,,,f,f,
2985,2026-05-05 21:12:01.48269+02,"{""fleet number"": ""-\n+10307""}",,,TFLO,,,ELBG,8,1,3782266,,,f,f,
3276,2026-05-07 19:24:07.415252+02,"{""reg"": ""-\n+HJ24KBK""}",,,,,3599,,8,1,7358,,,f,f,
2986,2026-05-05 21:13:31.695971+02,"{""fleet number"": ""-\n+36584""}",,,TFLO,,,ELBG,3,1,3778278,,,f,f,
3003,2026-05-05 21:19:48.763046+02,"{""fleet number"": ""-\n+1479""}",,,TFLO,,,UNOL,8,1,3782380,,,f,f,
3281,2026-05-07 19:25:22.66339+02,"{""reg"": ""-\n+HJ24KBV""}",,,,,3599,,8,1,7363,,,f,f,
3005,2026-05-05 21:23:44.474482+02,"{""fleet number"": ""-\n+8251""}",,,TFLO,,,ABLO,3,1,3780965,,,f,f,
3007,2026-05-05 21:24:26.194084+02,"{""fleet number"": ""-\n+8253""}",,,TFLO,,,ABLO,3,1,3776373,,,f,f,
3285,2026-05-07 19:26:21.970936+02,"{""reg"": ""-\n+HJ24KCA""}",,,,,3599,,8,1,7367,,,f,f,
3015,2026-05-05 21:27:51.957045+02,"{""fleet number"": ""-\n+2492""}",,,TFLO,,,ABLO,265,1,3776644,,,f,f,
3019,2026-05-05 21:28:44.570123+02,"{""fleet number"": ""-\n+2496""}",,,TFLO,,,ABLO,265,1,3776647,,,f,f,
3297,2026-05-07 19:29:49.871109+02,"{""reg"": ""-\n+HJ25BYC""}",,,,,3596,,8,1,7378,,,f,f,
3026,2026-05-05 21:30:29.673731+02,"{""fleet number"": ""-\n+2504""}",,,TFLO,,,ABLO,265,1,3781004,,,f,f,
3029,2026-05-05 21:31:05.138794+02,"{""fleet number"": ""-\n+2507""}",,,TFLO,,,ABLO,265,1,3782505,,,f,f,
3298,2026-05-07 19:30:01.63019+02,"{""reg"": ""-\n+HJ25BYD""}",,,,,3596,,8,1,7379,,,f,f,
3037,2026-05-05 21:33:16.113024+02,"{""fleet number"": ""-\n+8820""}",,,TFLO,,,ABLO,3,1,3776401,,,f,f,
3043,2026-05-05 21:35:09.593409+02,"{""fleet number"": ""-\n+8826""}",,,TFLO,,,ABLO,3,1,3783980,,,f,f,
3301,2026-05-07 19:30:42.340156+02,"{""reg"": ""-\n+HJ25BYH""}",,,,,3596,,8,1,7382,,,f,f,
3047,2026-05-05 21:35:54.85676+02,"{""fleet number"": ""-\n+8830""}",,,TFLO,,,ABLO,3,1,3786054,,,f,f,
3049,2026-05-05 21:36:16.510505+02,"{""fleet number"": ""-\n+8832""}",,,TFLO,,,ABLO,3,1,3776659,,,f,f,
3303,2026-05-07 19:31:10.365191+02,{},,3596,,,3599,,,1,7382,,,f,f,
3052,2026-05-05 21:36:54.583101+02,"{""fleet number"": ""-\n+8836""}",,,TFLO,,,ABLO,3,1,3783361,,,f,f,
3054,2026-05-05 21:37:31.681264+02,"{""fleet number"": ""-\n+8839""}",,,TFLO,,,ABLO,3,1,3776663,,,f,f,
3304,2026-05-07 19:31:59.989009+02,"{""reg"": ""-\n+HJ25BYL""}",,,,,3599,,8,1,7383,,,f,f,
3061,2026-05-05 21:39:27.466337+02,"{""fleet number"": ""-\n+37570""}",,,TFLO,,,ELBG,3,1,3783921,,,f,f,
3064,2026-05-05 21:40:24.919999+02,"{""fleet number"": ""-\n+37573""}",,,TFLO,,,ELBG,3,1,3782068,,,f,f,
3315,2026-05-07 19:35:30.738689+02,"{""reg"": ""-\n+HF65CXX""}",,,,,107,,5,1,7416,,,f,f,
3065,2026-05-05 21:40:39.212269+02,"{""fleet number"": ""-\n+37574""}",,,TFLO,,,ELBG,3,1,3781185,,,f,f,
3066,2026-05-05 21:40:58.869079+02,"{""fleet number"": ""-\n+37575""}",,,TFLO,,,ELBG,3,1,3778029,,,f,f,
3323,2026-05-07 19:37:23.367394+02,"{""reg"": ""-\n+HF66DOU""}",,,,,107,,5,1,7423,,,f,f,
3071,2026-05-05 21:43:10.876837+02,"{""fleet number"": ""-\n+WS51""}",,,TFLO,,,LONC,131,1,3781344,,,f,f,
3072,2026-05-05 21:43:24.147177+02,"{""fleet number"": ""-\n+WS52""}",,,TFLO,,,LONC,131,1,3779335,,,f,f,
3331,2026-05-07 19:39:35.375853+02,"{""reg"": ""-\n+LX58CXL""}",,,,,107,,490,1,7438,,,f,f,
3332,2026-05-07 19:39:46.525244+02,"{""reg"": ""-\n+LX58CXT""}",,,,,107,,490,1,7439,,,f,f,
3337,2026-05-07 19:41:05.958566+02,"{""reg"": ""-\n+LX58CYA""}",,,,,107,,490,1,7442,,,f,f,
3343,2026-05-07 19:47:30.423459+02,"{""reg"": ""-\n+HW09BBV""}",,,,,2855,,66,1,3784884,,,f,f,
3349,2026-05-07 19:48:48.962838+02,{},,2855,,,1166,,,1,3786263,,,f,f,
3350,2026-05-07 19:49:59.92957+02,"{""reg"": ""-\n+HW62CVF""}",,,,,587,,697,1,3786670,,,f,f,
3351,2026-05-07 19:50:20.290702+02,"{""reg"": ""-\n+HW62CVL""}",,,,,587,,697,1,8423,,,f,f,
3352,2026-05-07 19:50:36.243789+02,"{""reg"": ""-\n+HW62CVM""}",,,,,1166,,697,1,8424,,,f,f,
3354,2026-05-07 19:51:27.317269+02,"{""reg"": ""-\n+HJ25BYP""}",,,,,3055,,8,1,8426,,,f,f,
3356,2026-05-07 19:52:04.645442+02,"{""reg"": ""-\n+HF65AYK""}",,,,,1166,,3,1,3786851,,,f,f,
3359,2026-05-07 19:52:58.117121+02,"{""reg"": ""-\n+YX17NHT""}",,,,,1166,,3,1,8428,,,f,f,
3361,2026-05-07 19:53:41.697704+02,"{""reg"": ""-\n+HW62CPK""}",,,,,1166,,47,1,8431,,,f,f,
3371,2026-05-07 20:22:22.880178+02,"{""reg"": ""-\n+MX13BBZ""}",,,,,24,,3,1,17993,,,f,f,
3376,2026-05-07 20:23:46.953361+02,"{""reg"": ""-\n+HF20CVC""}",,,,,24,,5,1,18035,,,f,f,
3377,2026-05-07 20:24:03.149852+02,"{""reg"": ""-\n+HF20CVH""}",,,,,24,,5,1,18037,,,f,f,
3381,2026-05-07 20:24:54.147203+02,"{""reg"": ""-\n+HF20CVD""}",,,,,24,,5,1,18059,,,f,f,
3383,2026-05-07 20:25:37.079918+02,"{""reg"": ""-\n+YN55NHG""}",,,,,151,,72,1,18061,,,f,f,
3390,2026-05-07 20:27:38.571734+02,"{""reg"": ""-\n+WX08SXD""}",,,,,24,,55,1,18064,,,f,f,
3394,2026-05-07 20:28:49.757367+02,"{""reg"": ""-\n+WX08SXG""}",,,,,24,,55,1,18067,,,f,f,
3395,2026-05-07 20:29:28.166619+02,"{""reg"": ""-\n+WX08SXH""}",,,,,24,,55,1,18068,,,f,f,
3402,2026-05-07 20:31:54.194392+02,"{""reg"": ""-\n+BU09JZT""}",,,,,24,,697,1,17994,,,f,f,
3405,2026-05-07 20:32:45.598266+02,"{""reg"": ""-\n+BX09PDZ""}",,,,,24,,697,1,17996,,,f,f,
3407,2026-05-07 20:33:07.564228+02,"{""reg"": ""-\n+BX09PFY""}",,,,,24,,697,1,17998,,,f,f,
3408,2026-05-07 20:33:19.196782+02,"{""reg"": ""-\n+BX09PGK""}",,,,,24,,697,1,17999,,,f,f,
3413,2026-05-07 20:34:50.425357+02,"{""reg"": ""-\n+HW63FGM""}",,,,,24,,697,1,18004,,,f,f,
3418,2026-05-07 20:36:23.534667+02,"{""reg"": ""-\n+HW67AHZ""}",,,,,24,,8,1,18007,,,f,f,
3429,2026-05-07 20:39:48.687405+02,"{""reg"": ""-\n+HF58HTO""}",,,,,25,,60,1,18016,,,f,f,
3432,2026-05-07 20:41:36.865865+02,"{""reg"": ""-\n+YX64VOB""}",,,,,24,,3,1,18020,,,f,f,
3437,2026-05-07 20:43:00.918503+02,"{""reg"": ""-\n+YX64VOH""}",,,,,24,,3,1,18024,,,f,f,
3441,2026-05-07 20:44:00.875929+02,"{""reg"": ""-\n+HF65CXG""}",,,,,24,,5,1,18027,,,f,f,
3443,2026-05-07 20:44:21.892247+02,"{""reg"": ""-\n+HF65CXJ""}",,,,,24,,5,1,18029,,,f,f,
3450,2026-05-07 20:49:08.690206+02,"{""reg"": ""-\n+HF65CYA""}",,,,,24,,5,1,18036,,,f,f,
3517,2026-05-07 21:18:54.086725+02,{},,,,,328,,,1,3785036,,,f,f,
3521,2026-05-07 21:19:57.346804+02,"{""reg"": ""-\n+HJ63JKU""}",,,,,328,,697,1,17691,,,f,f,
3524,2026-05-07 21:20:39.524294+02,"{""reg"": ""-HF63FGU\n+HW63FGU""}",,,,,,,,1,17695,,,f,f,
3530,2026-05-07 21:22:08.590149+02,"{""reg"": ""-\n+HW63FHG""}",,,,,328,,697,1,17702,,,f,f,
2962,2026-05-05 21:05:02.317465+02,"{""fleet number"": ""-\n+SE253""}",,,TFLO,,,LGEN,3,1,3778822,,,f,f,
2967,2026-05-05 21:06:28.692406+02,"{""fleet number"": ""-\n+SE258""}",,,TFLO,,,MBGA,,1,3783016,,,f,f,
3265,2026-05-07 19:21:05.319199+02,"{""reg"": ""-\n+HF64BPK""}",,,,,107,,697,1,7345,,,f,f,
2970,2026-05-05 21:07:26.808003+02,"{""fleet number"": ""-\n+603""}",,,TFLO,,,UNOL,3,1,3782649,,,f,f,
2971,2026-05-05 21:07:48.031167+02,"{""fleet number"": ""-\n+604""}",,,TFLO,,,UNOL,3,1,3781048,,,f,f,
3266,2026-05-07 19:21:17.503263+02,"{""reg"": ""-\n+HF64BPO""}",,,,,107,,697,1,7346,,,f,f,
2974,2026-05-05 21:08:45.42456+02,"{""fleet number"": ""-\n+36603""}",,,TFLO,,,ELBG,5,1,3783355,,,f,f,
2975,2026-05-05 21:09:00.419648+02,"{""fleet number"": ""-\n+36604""}",,,TFLO,,,ELBG,5,1,3778390,,,f,f,
3267,2026-05-07 19:21:36.079079+02,"{""reg"": ""-\n+HF65AXY""}",,,,,107,,697,1,7347,,,f,f,
2978,2026-05-05 21:09:41.772906+02,"{""fleet number"": ""-\n+36607""}",,,TFLO,,,ELBG,5,1,3782122,,,f,f,
2979,2026-05-05 21:09:57.776755+02,"{""fleet number"": ""-\n+36608""}",,,TFLO,,,ELBG,5,1,3778391,,,f,f,
3268,2026-05-07 19:21:46.986338+02,"{""reg"": ""-\n+HF65AXZ""}",,,,,107,,697,1,7348,,,f,f,
2983,2026-05-05 21:11:30.914003+02,"{""fleet number"": ""-\n+10305""}",,,TFLO,,,ELBG,8,1,3777946,,,f,f,
2984,2026-05-05 21:11:45.00088+02,"{""fleet number"": ""-\n+10306""}",,,TFLO,,,ELBG,8,1,3779842,,,f,f,
3270,2026-05-07 19:22:28.230507+02,"{""reg"": ""-\n+HF66CEX""}",,,,,3599,,8,1,7350,,,f,f,
2988,2026-05-05 21:13:59.236144+02,"{""fleet number"": ""-\n+36586""}",,,TFLO,,,ELBG,3,1,3778283,,,f,f,
2994,2026-05-05 21:15:59.171774+02,"{""fleet number"": ""-\n+8205""}",,,TFLO,,,ABLO,3,1,3776404,,,f,f,
3271,2026-05-07 19:22:40.154038+02,"{""reg"": ""-\n+HF66CEY""}",,,,,3599,,8,1,7351,,,f,f,
2996,2026-05-05 21:16:32.310388+02,"{""fleet number"": ""-\n+8207""}",,,TFLO,,,ABLO,3,1,3776400,,,f,f,
3004,2026-05-05 21:22:46.6158+02,"{""fleet number"": ""-\n+SE220""}",,,TFLO,,,LONC,3,1,3786200,,,f,f,
3272,2026-05-07 19:22:52.949556+02,"{""reg"": ""-\n+HF66CFA""}",,,,,3599,,8,1,7352,,,f,f,
3008,2026-05-05 21:25:05.977834+02,"{""fleet number"": ""-\n+8254""}",,,TFLO,,,ABLO,3,1,3784749,,,f,f,
3010,2026-05-05 21:26:28.06415+02,"{""fleet number"": ""-\n+2487""}",,,TFLO,,,ABLO,265,1,3776642,,,f,f,
3273,2026-05-07 19:23:20.362407+02,"{""reg"": ""-\n+HW67AHO""}",,,,,3419,,8,1,7355,,,f,f,
3011,2026-05-05 21:26:40.953895+02,"{""fleet number"": ""-\n+2488""}",,,TFLO,,,ABLO,265,1,3782214,,,f,f,
3013,2026-05-05 21:27:04.160855+02,"{""fleet number"": ""-\n+2490""}",,,TFLO,,,ABLO,265,1,3776643,,,f,f,
3274,2026-05-07 19:23:42.635591+02,"{""reg"": ""-\n+HF69CSV""}",,,,,3599,,8,1,7356,,,f,f,
3014,2026-05-05 21:27:37.2478+02,"{""fleet number"": ""-\n+2491""}",,,TFLO,,,ABLO,265,1,3785810,,,f,f,
3016,2026-05-05 21:28:05.99158+02,"{""fleet number"": ""-\n+2493""}",,,TFLO,,,ABLO,265,1,3776645,,,f,f,
3275,2026-05-07 19:23:53.065612+02,"{""reg"": ""-\n+HJ24KBF""}",,,,,3599,,8,1,7357,,,f,f,
3017,2026-05-05 21:28:18.485853+02,"{""fleet number"": ""-\n+2494""}",,,TFLO,,,ABLO,265,1,3776646,,,f,f,
3018,2026-05-05 21:28:30.907715+02,"{""fleet number"": ""-\n+2495""}",,,TFLO,,,ABLO,265,1,3785626,,,f,f,
3277,2026-05-07 19:24:19.350434+02,"{""reg"": ""-\n+HJ24KBP""}",,,,,3599,,8,1,7359,,,f,f,
3024,2026-05-05 21:30:03.427434+02,"{""fleet number"": ""-\n+2501""}",,,TFLO,,,ABLO,265,1,3776651,,,f,f,
3025,2026-05-05 21:30:13.552738+02,"{""fleet number"": ""-\n+2503""}",,,TFLO,,,ABLO,265,1,3776652,,,f,f,
3278,2026-05-07 19:24:36.451265+02,"{""reg"": ""-\n+HJ24KBO""}",,,,,3599,,8,1,7360,,,f,f,
3027,2026-05-05 21:30:40.829505+02,"{""fleet number"": ""-\n+2505""}",,,TFLO,,,ABLO,265,1,3782167,,,f,f,
3028,2026-05-05 21:30:54.852013+02,"{""fleet number"": ""-\n+2506""}",,,TFLO,,,ABLO,265,1,3776653,,,f,f,
3279,2026-05-07 19:24:50.419729+02,"{""reg"": ""-\n+HJ24KBN""}",,,,,3599,,8,1,7361,,,f,f,
3030,2026-05-05 21:31:24.271077+02,"{""fleet number"": ""-\n+2508""}",,,TFLO,,,ABLO,265,1,3776654,,,f,f,
3038,2026-05-05 21:33:35.271255+02,"{""fleet number"": ""-\n+8821""}",,,TFLO,,,ABLO,3,1,3780968,,,f,f,
3280,2026-05-07 19:25:03.633504+02,"{""reg"": ""-\n+HJ24KBU""}",,,,,3599,,8,1,7362,,,f,f,
3041,2026-05-05 21:34:29.886616+02,"{""fleet number"": ""-\n+8824""}",,,TFLO,,,ABLO,3,1,3783510,,,f,f,
3044,2026-05-05 21:35:21.810839+02,"{""fleet number"": ""-\n+8827""}",,,TFLO,,,ABLO,3,1,3785687,,,f,f,
3282,2026-05-07 19:25:37.690638+02,"{""reg"": ""-\n+HJ24KBX""}",,,,,3599,,8,1,7364,,,f,f,
3045,2026-05-05 21:35:34.008401+02,"{""fleet number"": ""-\n+8828""}",,,TFLO,,,ABLO,3,1,3776240,,,f,f,
3046,2026-05-05 21:35:45.562278+02,"{""fleet number"": ""-\n+8829""}",,,TFLO,,,ABLO,3,1,3776241,,,f,f,
3283,2026-05-07 19:25:53.785507+02,"{""reg"": ""-\n+HJ24KBY""}",,,,,3599,,8,1,7365,,,f,f,
3048,2026-05-05 21:36:04.880083+02,"{""fleet number"": ""-\n+8831""}",,,TFLO,,,ABLO,3,1,3776658,,,f,f,
3051,2026-05-05 21:36:42.835647+02,"{""fleet number"": ""-\n+8835""}",,,TFLO,,,ABLO,3,1,3776660,,,f,f,
3284,2026-05-07 19:26:09.7411+02,"{""reg"": ""-\n+HJ24KBZ""}",,,,,3599,,8,1,7366,,,f,f,
3055,2026-05-05 21:37:42.365285+02,"{""fleet number"": ""-\n+8840""}",,,TFLO,,,ABLO,3,1,3781005,,,f,f,
3067,2026-05-05 21:41:12.765119+02,"{""fleet number"": ""-\n+37576""}",,,TFLO,,,ELBG,3,1,3778030,,,f,f,
3286,2026-05-07 19:26:30.308212+02,"{""reg"": ""-\n+HJ25KCC""}",,,,,3599,,8,1,7368,,,f,f,
3069,2026-05-05 21:41:38.966771+02,"{""fleet number"": ""-\n+37578""}",,,TFLO,,,ELBG,3,1,3781626,,,f,f,
3073,2026-05-05 21:43:37.804752+02,"{""fleet number"": ""-\n+WS53""}",,,TFLO,,,LONC,131,1,3782055,,,f,f,
3075,2026-05-05 21:44:17.741016+02,"{""fleet number"": ""-\n+WS56""}",,,TFLO,,,LONC,131,1,3787950,,,f,f,
3079,2026-05-05 21:46:04.029006+02,"{""fleet number"": ""-\n+WS60""}",,,TFLO,,,MBGA,131,1,3776883,,,f,f,
3080,2026-05-05 21:46:16.882694+02,"{""fleet number"": ""-\n+WS61""}",,,TFLO,,,MBGA,131,1,3781358,,,f,f,
3081,2026-05-05 21:46:41.089139+02,{},,,MBGA,,,LGEN,,1,3781358,,,f,f,
3082,2026-05-05 21:47:19.808123+02,"{""fleet number"": ""-\n+WS62""}",,,TFLO,,,LGEN,131,1,3787146,,,f,f,
3083,2026-05-05 21:47:39.237971+02,"{""fleet number"": ""-\n+WS63""}",,,TFLO,,,LGEN,131,1,3786062,,,f,f,
3084,2026-05-05 21:47:56.26702+02,"{""fleet number"": ""-\n+WS64""}",,,TFLO,,,LGEN,131,1,3781698,,,f,f,
3085,2026-05-05 23:04:17.032916+02,"{""fleet number"": ""-12277\n+12278""}",,,,,,,,1,3782812,,,f,f,
3086,2026-05-05 23:08:22.297786+02,"{""fleet number"": ""-2050\n+2500""}",,,,,,,,1,3776650,,,f,f,
3087,2026-05-05 23:09:17.059496+02,"{""fleet number"": ""-8567\n+8568""}",,,,,,,,1,3781758,,,f,f,
3088,2026-05-05 23:10:20.63191+02,"{""fleet number"": ""-8530\n+2530""}",,,,,,,,1,3783208,,,f,f,
3092,2026-05-05 23:14:27.786847+02,{},,,LONC,,,MBGA,,1,3783292,,,f,f,
3093,2026-05-05 23:15:13.807505+02,{},,,LONC,,,LGEN,,1,3779523,,,f,f,
3094,2026-05-05 23:16:28.595903+02,"{""fleet number"": ""-WHV14\n+WHV10""}",,,,,,,,1,3779487,,,f,f,
3097,2026-05-05 23:18:34.548844+02,{},,,LGEN,,,LONC,,1,3783079,,,f,f,
3098,2026-05-05 23:37:57.691344+02,"{""fleet number"": ""-VH45115\n+VH45116""}",,,,,,,,1,3775799,,,f,f,
3090,2026-05-05 23:12:03.324603+02,"{""withdrawn"": ""-Yes\n+No"", ""fleet number"": ""-\n+2468""}",,,,,,,9,1,3782633,,,f,f,
3287,2026-05-07 19:26:41.101284+02,"{""reg"": ""-\n+HJ24KCE""}",,,,,3599,,8,1,7369,,,f,f,
3091,2026-05-05 23:13:38.376769+02,"{""fleet number"": ""-162\n+160""}",,,,,,,,1,3783747,,,f,f,
3095,2026-05-05 23:17:23.506848+02,{},,,LGEN,,,BTRI,,1,3786160,,,f,f,
3305,2026-05-07 19:32:18.08295+02,"{""reg"": ""-\n+HJ25BYM""}",,,,,3599,,8,1,7384,,,f,f,
3096,2026-05-05 23:17:54.951949+02,"{""fleet number"": ""-SE49\n+WS49""}",,,,,,,,1,3784448,,,f,f,
3312,2026-05-07 19:34:56.023979+02,"{""reg"": ""-\n+HF65CXU""}",,,,,107,,5,1,7413,,,f,f,
3316,2026-05-07 19:35:43.576425+02,"{""reg"": ""-\n+HF66DPU""}",,,,,107,,5,1,7417,,,f,f,
3317,2026-05-07 19:35:54.498229+02,"{""reg"": ""-\n+HF66DPV""}",,,,,107,,5,1,7418,,,f,f,
3319,2026-05-07 19:36:20.341338+02,"{""reg"": ""-\n+HF66DPY""}",,,,,107,,5,1,7420,,,f,f,
3324,2026-05-07 19:37:34.578307+02,"{""reg"": ""-\n+HF66DPE""}",,,,,107,,5,1,7424,,,f,f,
3325,2026-05-07 19:37:49.355051+02,"{""reg"": ""-\n+HF66DPK""}",,,,,107,,5,1,7425,,,f,f,
3326,2026-05-07 19:38:07.244138+02,"{""reg"": ""-\n+HF66DPN""}",,,,,107,,5,1,7426,,,f,f,
3327,2026-05-07 19:38:17.704823+02,"{""reg"": ""-\n+HF66DPO""}",,,,,107,,5,1,7427,,,f,f,
3328,2026-05-07 19:38:52.592748+02,"{""reg"": ""-\n+LX58CWO""}",,,,,107,,490,1,7435,,,f,f,
3330,2026-05-07 19:39:22.233548+02,"{""reg"": ""-\n+LX58CXA""}",,,,,107,,490,1,7437,,,f,f,
3336,2026-05-07 19:40:54.791101+02,"{""reg"": ""-\n+LX58CXZ""}",,,,,107,,490,1,3788683,,,f,f,
3344,2026-05-07 19:47:50.158251+02,"{""reg"": ""-\n+HW09BBX""}",,,,,1166,,66,1,3787644,,,f,f,
3353,2026-05-07 19:51:14.796892+02,"{""reg"": ""-\n+HJ25BYO""}",,,,,3055,,8,1,8425,,,f,f,
3355,2026-05-07 19:51:53.192226+02,"{""reg"": ""-\n+HW64AWZ""}",,,,,1166,,3,1,3787453,,,f,f,
3360,2026-05-07 19:53:09.934286+02,"{""reg"": ""-\n+YX17HNV""}",,,,,1166,,3,1,8429,,,f,f,
3362,2026-05-07 19:53:51.308368+02,"{""reg"": ""-\n+HF64BNN""}",,,,,1166,,47,1,3784826,,,f,f,
3364,2026-05-07 19:54:18.460713+02,"{""reg"": ""-\n+HF64BNU""}",,,,,1166,,47,1,8432,,,f,f,
3368,2026-05-07 20:21:41.663368+02,"{""reg"": ""-\n+HJ74FKX""}",,,,,24,,5,1,17990,,,f,f,
3369,2026-05-07 20:21:59.427537+02,"{""reg"": ""-\n+MX13AZV""}",,,,,24,,3,1,17991,,,f,f,
3370,2026-05-07 20:22:11.24216+02,"{""reg"": ""-\n+MX13BBV""}",,,,,24,,3,1,17992,,,f,f,
3374,2026-05-07 20:23:10.015079+02,"{""reg"": ""-\n+OY16JWA""}",,,,,24,,3,1,18019,,,f,f,
3375,2026-05-07 20:23:29.676795+02,"{""reg"": ""-\n+OY16JVZ""}",,,,,24,,3,1,1200586,,,f,f,
3378,2026-05-07 20:24:13.079565+02,"{""reg"": ""-\n+HF20CVJ""}",,,,,24,,5,1,18041,,,f,f,
3382,2026-05-07 20:25:25.401391+02,"{""reg"": ""-\n+YN55NHD""}",,,,,151,,72,1,18060,,,f,f,
3387,2026-05-07 20:26:49.163357+02,"{""reg"": ""-\n+WX57TLZ""}",,,,,24,,55,1,3785334,,,f,f,
3388,2026-05-07 20:27:06.645075+02,"{""reg"": ""-\n+WX57TLN""}",,,,,24,,55,1,18062,,,f,f,
3391,2026-05-07 20:27:48.617108+02,"{""reg"": ""-\n+WX08SXE""}",,,,,24,,55,1,3784422,,,f,f,
3397,2026-05-07 20:30:10.48192+02,"{""reg"": ""-\n+WX59GJG""}",,,,,24,,55,1,18070,,,f,f,
3398,2026-05-07 20:30:27.313195+02,"{""reg"": ""-\n+WX09GJJ""}",,,,,24,,55,1,18071,,,f,f,
3399,2026-05-07 20:30:38.898185+02,"{""reg"": ""-\n+WX59GJK""}",,,,,24,,55,1,18072,,,f,f,
3400,2026-05-07 20:30:50.249923+02,"{""reg"": ""-\n+WX59GJO""}",,,,,24,,55,1,18073,,,f,f,
3403,2026-05-07 20:32:06.599654+02,"{""reg"": ""-\n+BX09PDV""}",,,,,24,,697,1,3787973,,,f,f,
3406,2026-05-07 20:32:56.115612+02,"{""reg"": ""-\n+BX09PEO""}",,,,,24,,697,1,17997,,,f,f,
3409,2026-05-07 20:33:32.629032+02,"{""reg"": ""-\n+BX09PGO""}",,,,,24,,697,1,18000,,,f,f,
3412,2026-05-07 20:34:09.436827+02,"{""reg"": ""-\n+HW63FGM""}",,,,,24,,697,1,18003,,,f,f,
3415,2026-05-07 20:35:15.568085+02,"{""reg"": ""-\n+HW63FGO""}",,,,,24,,697,1,18005,,,f,f,
3416,2026-05-07 20:35:49.500633+02,"{""reg"": ""-\n+HW67AHV""}",,,,,25,,8,1,18006,,,f,f,
3419,2026-05-07 20:36:42.21555+02,"{""reg"": ""-\n+HW67AJO""}",,,,,25,,8,1,3787383,,,f,f,
3424,2026-05-07 20:38:14.297852+02,"{""reg"": ""-\n+HW67AKG""}",,,,,25,,8,1,18011,,,f,f,
3434,2026-05-07 20:42:21.408247+02,"{""reg"": ""-\n+YX64VOD""}",,,,,24,,3,1,18022,,,f,f,
3440,2026-05-07 20:43:45.68322+02,"{""reg"": ""-\n+HF65CXE""}",,,,,24,,5,1,18026,,,f,f,
3442,2026-05-07 20:44:10.016378+02,"{""reg"": ""-\n+HF65CXH""}",,,,,24,,5,1,18028,,,f,f,
3446,2026-05-07 20:45:09.882981+02,"{""reg"": ""-\n+HF65CXM""}",,,,,24,,5,1,18031,,,f,f,
3448,2026-05-07 20:48:46.000881+02,"{""reg"": ""-\n+HF65CXP""}",,,,,24,,5,1,18033,,,f,f,
3518,2026-05-07 21:19:17.096438+02,"{""reg"": ""-\n+HJ63JKK""}",,,,,328,,697,1,17688,,,f,f,
3519,2026-05-07 21:19:30.803433+02,"{""reg"": ""-\n+HJ63JKN""}",,,,,328,,697,1,17689,,,f,f,
3520,2026-05-07 21:19:44.202517+02,"{""reg"": ""-\n+HJ63JKO""}",,,,,328,,697,1,17690,,,f,f,
3522,2026-05-07 21:20:11.798942+02,"{""reg"": ""-\n+HW63FGP""}",,,,,328,,697,1,17694,,,f,f,
3525,2026-05-07 21:20:52.543708+02,"{""reg"": ""-\n+HW63FGV""}",,,,,328,,697,1,17696,,,f,f,
3527,2026-05-07 21:21:20.067635+02,"{""reg"": ""-\n+HW63FGZ""}",,,,,328,,697,1,17698,,,f,f,
3528,2026-05-07 21:21:33.720135+02,"{""reg"": ""-\n+HW63FHA""}",,,,,328,,697,1,17699,,,f,f,
3531,2026-05-07 21:22:22.084991+02,"{""reg"": ""-\n+HF64BSY""}",,,,,328,,697,1,17703,,,f,f,
3533,2026-05-07 21:22:49.2932+02,"{""reg"": ""-\n+HF64BTE""}",,,,,328,,697,1,17705,,,f,f,
3536,2026-05-07 21:23:55.103928+02,"{""reg"": ""-\n+HF66CFE""}",,,,,1442,,8,1,1017422,,,f,f,
3539,2026-05-07 21:24:35.826112+02,"{""reg"": ""-\n+HF66CFL""}",,,,,328,,8,1,17710,,,f,f,
3540,2026-05-07 21:24:48.391399+02,"{""reg"": ""-\n+HF66CFM""}",,,,,328,,8,1,3786531,,,f,f,
3541,2026-05-07 21:25:00.417435+02,"{""reg"": ""-\n+HF66CFN""}",,,,,328,,8,1,17711,,,f,f,
3542,2026-05-07 21:25:21.188844+02,"{""reg"": ""-\n+HF69CRK""}",,,,,730,,8,1,17712,,,f,f,
3544,2026-05-07 21:25:54.768409+02,"{""reg"": ""-\n+HF20CUY""}",,,,,730,,8,1,17714,,,f,f,
3545,2026-05-07 21:26:13.581421+02,"{""reg"": ""-\n+HF20CVA""}",,,,,730,,8,1,17715,,,f,f,
3546,2026-05-07 21:26:27.249559+02,"{""reg"": ""-\n+HF20CVB""}",,,,,730,,8,1,17716,,,f,f,
3549,2026-05-07 21:28:08.2197+02,"{""reg"": ""-\n+YX64VOJ""}",,,,,328,,3,1,17718,,,f,f,
3550,2026-05-07 21:28:19.697834+02,"{""reg"": ""-\n+YX64VOK""}",,,,,328,,3,1,17719,,,f,f,
3551,2026-05-07 21:28:33.274258+02,"{""reg"": ""-\n+HW64AXF""}",,,,,328,,3,1,17720,,,f,f,
3553,2026-05-07 21:29:09.287969+02,"{""reg"": ""-\n+HF64BPY""}",,,,,328,,3,1,17723,,,f,f,
3554,2026-05-07 21:29:21.69062+02,"{""reg"": ""-\n+HF64BPZ""}",,,,,328,,3,1,17724,,,f,f,
3555,2026-05-07 21:29:33.825726+02,"{""reg"": ""-\n+HF64BRV""}",,,,,328,,3,1,17725,,,f,f,
3557,2026-05-07 21:29:56.851615+02,"{""reg"": ""-\n+HF65AYD""}",,,,,328,,3,1,17726,,,f,f,
3558,2026-05-07 21:30:05.775017+02,"{""reg"": ""-\n+HF65AYE""}",,,,,328,,3,1,17727,,,f,f,
3559,2026-05-07 21:30:15.902202+02,"{""reg"": ""-\n+HF65AYG""}",,,,,328,,3,1,17728,,,f,f,
3561,2026-05-07 21:31:21.324226+02,"{""reg"": ""-\n+HF65AYJ""}",,,,,328,,3,1,17730,,,f,f,
3099,2026-05-06 11:13:38.486529+02,"{""reg"": ""-HJ63JE\n+HJ63JJE""}",,,,,,,,1,27105,,,f,f,
3288,2026-05-07 19:26:58.284265+02,"{""reg"": ""-\n+HJ24KCF""}",,,,,3599,,8,1,7370,,,f,f,
3289,2026-05-07 19:27:07.669948+02,"{""reg"": ""-\n+HJ24KCG""}",,,,,3599,,8,1,7371,,,f,f,
3101,2026-05-06 11:16:34.239891+02,"{""reg"": ""-\n+HF12GWW""}",,,,,22,,111,1,27249,,,f,f,
3102,2026-05-06 11:16:46.806395+02,"{""reg"": ""-\n+HF12GWX""}",,,,,22,,111,1,27250,,,f,f,
3290,2026-05-07 19:27:58.764241+02,"{""reg"": ""-\n+HJ24KCK""}",,,,,3599,,8,1,3785306,,,f,f,
3103,2026-05-06 11:17:01.603049+02,"{""reg"": ""-\n+HF12GWY""}",,,,,22,,111,1,27251,,,f,f,
3104,2026-05-06 11:17:21.686893+02,"{""reg"": ""-\n+HF12GWZ""}",,,,,22,,111,1,27252,,,f,f,
3291,2026-05-07 19:28:32.509959+02,"{""reg"": ""-\n+HJ25BXW""}",,,,,3596,,8,1,7372,,,f,f,
3105,2026-05-06 11:17:34.244627+02,"{""reg"": ""-\n+HF12GXA""}",,,,,22,,111,1,27253,,,f,f,
3106,2026-05-06 11:17:47.947553+02,"{""reg"": ""-\n+HF12GXB""}",,,,,22,,111,1,27254,,,f,f,
3292,2026-05-07 19:28:47.298783+02,"{""reg"": ""-\n+HJ25BXX""}",,,,,3596,,8,1,7373,,,f,f,
3107,2026-05-06 11:18:08.543992+02,"{""reg"": ""-\n+HF12GXC""}",,,,,22,,111,1,27255,,,f,f,
3108,2026-05-06 11:18:20.459861+02,"{""reg"": ""-\n+HF12GXD""}",,,,,22,,111,1,27256,,,f,f,
3293,2026-05-07 19:28:58.367634+02,"{""reg"": ""-\n+HJ25VXY""}",,,,,3596,,8,1,7374,,,f,f,
3109,2026-05-06 11:18:47.76339+02,"{""reg"": ""-\n+HF12GXE""}",,,,,22,,111,1,27257,,,f,f,
3110,2026-05-06 11:19:00.966363+02,"{""reg"": ""-\n+HF12GXG""}",,,,,22,,111,1,27258,,,f,f,
3294,2026-05-07 19:29:14.34783+02,"{""reg"": ""-\n+HJ25BXZ""}",,,,,3596,,8,1,7375,,,f,f,
3111,2026-05-06 11:19:27.819501+02,"{""reg"": ""-\n+HF12GXH""}",,,,,22,,111,1,27259,,,f,f,
3112,2026-05-06 11:19:39.260583+02,"{""reg"": ""-\n+HF12GXJ""}",,,,,22,,111,1,27260,,,f,f,
3295,2026-05-07 19:29:30.500255+02,"{""reg"": ""-\n+HJ25BYA""}",,,,,3596,,8,1,7376,,,f,f,
3113,2026-05-06 11:19:54.061591+02,"{""reg"": ""-\n+HF12GXK""}",,,,,22,,111,1,27261,,,f,f,
3114,2026-05-06 11:20:47.707395+02,"{""reg"": ""-\n+HW64AXA""}",,,,,820,,3,1,27285,,,f,f,
3296,2026-05-07 19:29:39.413167+02,"{""reg"": ""-\n+HJ25BYB""}",,,,,3596,,8,1,7377,,,f,f,
3115,2026-05-06 11:21:08.107804+02,"{""reg"": ""-\n+HW64AXG""}",,,,,820,,3,1,27286,,,f,f,
3116,2026-05-06 11:21:23.070946+02,"{""reg"": ""-\n+HW64AXH""}",,,,,820,,3,1,3784260,,,f,f,
3299,2026-05-07 19:30:13.905493+02,"{""reg"": ""-\n+HJ25BYF""}",,,,,3596,,8,1,7380,,,f,f,
3117,2026-05-06 11:21:32.509213+02,"{""reg"": ""-\n+HW64""}",,,,,820,,3,1,27287,,,f,f,
3118,2026-05-06 11:22:16.488266+02,"{""reg"": ""-\n+HF65AYL""}",,,,,820,,3,1,27289,,,f,f,
3300,2026-05-07 19:30:25.106192+02,"{""reg"": ""-\n+HJ25BYG""}",,,,,3596,,8,1,7381,,,f,f,
3119,2026-05-06 11:23:28.995829+02,"{""reg"": ""-\n+HF66CHH""}",,,,,820,,3,1,3788061,,,f,f,
3120,2026-05-06 11:23:48.171667+02,"{""reg"": ""-\n+BP09ONE""}",,,,,820,,47,1,27291,,,f,f,
3302,2026-05-07 19:31:04.189846+02,"{""reg"": ""-\n+HJ25BYK""}",,,,,3599,,8,1,1814723,,,f,f,
3121,2026-05-06 11:24:00.167886+02,"{""reg"": ""-\n+HW62CNJ""}",,,,,820,,47,1,27292,,,f,f,
3122,2026-05-06 11:24:14.405627+02,"{""reg"": ""-\n+HW62CNK""}",,,,,820,,47,1,27293,,,f,f,
3306,2026-05-07 19:33:03.089912+02,"{""reg"": ""-\n+HF75YRL""}",,,,,3596,,8,1,7385,,,f,f,
3123,2026-05-06 11:24:28.657891+02,"{""reg"": ""-\n+HW62CNO""}",,,,,820,,47,1,27294,,,f,f,
3124,2026-05-06 11:24:40.338384+02,"{""reg"": ""-\n+HW62CNV""}",,,,,820,,47,1,27295,,,f,f,
3307,2026-05-07 19:33:15.363544+02,"{""reg"": ""-\n+HF75YRM""}",,,,,3596,,8,1,7386,,,f,f,
3125,2026-05-06 11:25:27.92197+02,"{""reg"": ""-\n+HF64BNV""}",,,,,820,,47,1,27297,,,f,f,
3126,2026-05-06 11:25:47.269069+02,"{""reg"": ""-\n+HF64BNX""}",,,,,820,,47,1,3785495,,,f,f,
3308,2026-05-07 19:33:29.267594+02,"{""reg"": ""-\n+HF75YRN""}",,,,,3596,,8,1,7387,,,f,f,
3127,2026-05-06 11:26:00.228647+02,"{""reg"": ""-\n+HF64BNY""}",,,,,820,,47,1,27298,,,f,f,
3128,2026-05-06 11:26:15.460345+02,"{""reg"": ""-\n+HF64BNZ""}",,,,,820,,47,1,27299,,,f,f,
3309,2026-05-07 19:33:49.753215+02,"{""reg"": ""-\n+HF75YRO""}",,,,,3596,,8,1,7388,,,f,f,
3129,2026-05-06 11:26:47.086551+02,"{""reg"": ""-HW64\n+HW64AXJ""}",,,,,,,,1,27287,,,f,f,
3130,2026-05-06 11:27:54.419893+02,"{""withdrawn"": ""-No\n+Yes""}",,,,,,,,1,3787961,,,f,f,
3310,2026-05-07 19:34:04.288625+02,"{""reg"": ""-\n+HF75YRP""}",,,,,3596,,8,1,7389,,,f,f,
3132,2026-05-06 11:31:14.664884+02,"{""reg"": ""-\n+HF67EUA""}",,,,,107,,5,1,7390,,,f,f,
3311,2026-05-07 19:34:46.480166+02,"{""reg"": ""-\n+HF65CXN""}",,,,,107,,5,1,7412,,,f,f,
3133,2026-05-06 11:31:28.304789+02,"{""reg"": ""-\n+HF67EUB""}",,,,,107,,5,1,7391,,,f,f,
3134,2026-05-06 11:32:54.626817+02,"{""reg"": ""-\n+HF67EUC""}",,,,,107,,5,1,7392,,,f,f,
3313,2026-05-07 19:35:07.950433+02,"{""reg"": ""-\n+HF65CXV""}",,,,,107,,5,1,7414,,,f,f,
3135,2026-05-06 11:33:23.363675+02,"{""reg"": ""-\n+HF67EUD""}",,,,,107,,5,1,7393,,,f,f,
3136,2026-05-06 11:33:33.609043+02,"{""reg"": ""-\n+HF67EUE""}",,,,,107,,5,1,3783539,,,f,f,
3314,2026-05-07 19:35:19.20897+02,"{""reg"": ""-\n+HF65CXW""}",,,,,107,,5,1,7415,,,f,f,
3137,2026-05-06 11:33:46.883218+02,"{""reg"": ""-\n+HF67EUH""}",,,,,107,,5,1,7394,,,f,f,
3138,2026-05-06 11:34:00.864734+02,"{""reg"": ""-\n+HF67EUJ""}",,,,,107,,5,1,7395,,,f,f,
3318,2026-05-07 19:36:07.910715+02,"{""reg"": ""-\n+HF66DPX""}",,,,,107,,5,1,7419,,,f,f,
3139,2026-05-06 11:34:21.02215+02,"{""reg"": ""-\n+HF67EUK""}",,,,,107,,5,1,7396,,,f,f,
3320,2026-05-07 19:36:31.656541+02,"{""reg"": ""-\n+HF66DPZ""}",,,,,107,,5,1,3788232,,,f,f,
3321,2026-05-07 19:36:43.858139+02,"{""reg"": ""-\n+HF66DRO""}",,,,,107,,5,1,7421,,,f,f,
3322,2026-05-07 19:37:01.938597+02,"{""reg"": ""-\n+HF66DRV""}",,,,,107,,5,1,7422,,,f,f,
3329,2026-05-07 19:39:08.677756+02,"{""reg"": ""-\n+LX58CWU""}",,,,,107,,490,1,7436,,,f,f,
3333,2026-05-07 19:40:12.41379+02,"{""reg"": ""-\n+LX58CXU""}",,,,,107,,490,1,7440,,,f,f,
3334,2026-05-07 19:40:24.611556+02,"{""reg"": ""-\n+LX58CXW""}",,,,,107,,490,1,7441,,,f,f,
3335,2026-05-07 19:40:40.524527+02,"{""reg"": ""-\n+LX58CXY""}",,,,,107,,490,1,3785281,,,f,f,
3338,2026-05-07 19:41:19.257232+02,"{""reg"": ""-\n+LX58CYG""}",,,,,107,,490,1,7443,,,f,f,
3339,2026-05-07 19:45:53.072217+02,"{""reg"": ""-\n+HW58ASO""}",,,,,2855,,66,1,8419,,,f,f,
3340,2026-05-07 19:46:13.609507+02,"{""reg"": ""-\n+HW58ASZ""}",,,,,1166,,66,1,8420,,,f,f,
3341,2026-05-07 19:46:33.281414+02,"{""reg"": ""-\n+HW58ATF""}",,,,,1166,,66,1,8421,,,f,f,
3342,2026-05-07 19:46:45.229478+02,"{""reg"": ""-\n+HW58ATK""}",,,,,1166,,66,1,8422,,,f,f,
3345,2026-05-07 19:48:02.462793+02,"{""reg"": ""-\n+HW09BBZ""}",,,,,1166,,66,1,3786263,,,f,f,
3346,2026-05-07 19:48:23.325269+02,"{""reg"": ""-\n+HW09BCE""}",,,,,1166,,66,1,3784322,,,f,f,
3347,2026-05-07 19:48:31.252947+02,{},,1166,,,2855,,,1,3786263,,,f,f,
3348,2026-05-07 19:48:40.458418+02,{},,1166,,,2855,,,1,3784322,,,f,f,
3357,2026-05-07 19:52:23.681627+02,"{""reg"": ""-\n+HF65AYM""}",,,,,1166,,3,1,3783979,,,f,f,
3358,2026-05-07 19:52:39.914907+02,"{""reg"": ""-\n+YX17NHP""}",,,,,1166,,3,1,8427,,,f,f,
3100,2026-05-06 11:14:17.565425+02,"{""reg"": ""-\n+HW63FHL""}",,,,,4031,,697,1,3786968,,,f,f,
3589,2026-05-07 21:49:22.483202+02,"{""withdrawn"": ""-No\n+Yes""}",,,,,,,,1,3789199,,,f,f,
3591,2026-05-07 21:49:31.453544+02,"{""withdrawn"": ""-No\n+Yes""}",,,,,,,,1,3787390,,,f,f,
3593,2026-05-07 21:50:53.121431+02,"{""withdrawn"": ""-No\n+Yes""}",,,,,,,,1,3788138,,,f,f,
3599,2026-05-07 21:52:05.511646+02,"{""withdrawn"": ""-No\n+Yes""}",,,,,,,,1,3787898,,,f,f,
3609,2026-05-07 21:55:31.839249+02,"{""withdrawn"": ""-No\n+Yes""}",,,,,,,,1,3786678,,,f,f,
3610,2026-05-07 21:55:35.475159+02,"{""withdrawn"": ""-No\n+Yes""}",,,,,,,,1,7354,,,f,f,
3616,2026-05-07 21:57:07.267743+02,"{""notes"": ""-\n+Spare ticket machine""}",,,,,,,,1,3786582,,,f,f,
3618,2026-05-07 21:57:58.151535+02,"{""withdrawn"": ""-No\n+Yes""}",,,,,,,,1,3787208,,,f,f,
3619,2026-05-07 21:58:18.487254+02,"{""withdrawn"": ""-No\n+Yes""}",,,,,,,,1,3788134,,,f,f,
3620,2026-05-07 21:59:25.000532+02,"{""withdrawn"": ""-No\n+Yes""}",,,,,,,,1,3788367,,,f,f,
3631,2026-05-07 22:04:16.82317+02,"{""withdrawn"": ""-No\n+Yes""}",,,,,,,,1,3789539,,,f,f,
3644,2026-05-07 22:22:20.221286+02,"{""withdrawn"": ""-No\n+Yes""}",,,,,,,,1,3787818,,,f,f,
3646,2026-05-07 22:23:40.6346+02,{},,25,SVCT,,820,WDBC,,1,17594,,,f,f,
3648,2026-05-07 22:24:46.917355+02,"{""withdrawn"": ""-No\n+Yes""}",,,,,,,,1,3787327,,,f,f,
3615,2026-05-07 21:57:01.734938+02,"{""notes"": ""-\n+Spare ticket machine""}",,,,,,,,1,3784591,,,f,f,
3590,2026-05-07 21:49:26.654611+02,"{""withdrawn"": ""-No\n+Yes""}",,,,,,,,1,3788615,,,f,f,
3592,2026-05-07 21:50:04.610798+02,"{""withdrawn"": ""-No\n+Yes""}",,,,,,,,1,3788907,,,f,f,
3598,2026-05-07 21:52:00.306351+02,"{""withdrawn"": ""-No\n+Yes""}",,,,,,,,1,3788785,,,f,f,
3600,2026-05-07 21:52:42.931181+02,"{""withdrawn"": ""-No\n+Yes""}",,,,,,,,1,3789433,,,f,f,
3612,2026-05-07 21:55:43.36482+02,"{""withdrawn"": ""-No\n+Yes""}",,,,,,,,1,3784929,,,f,f,
3614,2026-05-07 21:56:45.284599+02,"{""withdrawn"": ""-No\n+Yes""}",,,,,,,,1,3789620,,,f,f,
3623,2026-05-07 22:00:34.416043+02,"{""withdrawn"": ""-No\n+Yes""}",,,,,,,,1,3787465,,,f,f,
3626,2026-05-07 22:01:26.984955+02,"{""withdrawn"": ""-No\n+Yes""}",,,,,,,,1,3789502,,,f,f,
3633,2026-05-07 22:04:24.144362+02,"{""withdrawn"": ""-No\n+Yes""}",,,,,,,,1,3788399,,,f,f,
3634,2026-05-07 22:04:29.337467+02,"{""withdrawn"": ""-No\n+Yes""}",,,,,,,,1,3788281,,,f,f,
3638,2026-05-07 22:19:43.077486+02,"{""notes"": ""-\n+Spare ticket machine""}",,,,,,,,1,3789289,,,f,f,
3641,2026-05-07 22:21:14.985093+02,"{""withdrawn"": ""-No\n+Yes""}",,,,,,,,1,3787487,,,f,f,
3643,2026-05-07 22:21:55.991769+02,"{""withdrawn"": ""-No\n+Yes""}",,,,,,,,1,3789653,,,f,f,
3645,2026-05-07 22:23:13.889876+02,{},,25,SVCT,,820,WDBC,,1,3786969,,,f,f,
3649,2026-05-07 22:24:51.790268+02,"{""withdrawn"": ""-No\n+Yes""}",,,,,,,,1,27126,,,f,f,
3639,2026-05-07 22:21:04.006653+02,"{""withdrawn"": ""-No\n+Yes""}",,,,,,,,1,3785036,,,f,f,
3628,2026-05-07 22:03:12.634494+02,"{""withdrawn"": ""-No\n+Yes""}",,,,,,,,1,17665,,,f,f,
3594,2026-05-07 21:50:57.246795+02,"{""withdrawn"": ""-No\n+Yes""}",,,,,,,,1,3789141,,,f,f,
3595,2026-05-07 21:51:01.754445+02,"{""withdrawn"": ""-No\n+Yes""}",,,,,,,,1,3789087,,,f,f,
3596,2026-05-07 21:51:51.409944+02,"{""withdrawn"": ""-No\n+Yes""}",,,,,,,,1,7343,,,f,f,
3597,2026-05-07 21:51:55.584871+02,"{""withdrawn"": ""-No\n+Yes""}",,,,,,,,1,3788011,,,f,f,
3602,2026-05-07 21:53:16.492209+02,"{""withdrawn"": ""-No\n+Yes""}",,,,,,,,1,3788391,,,f,f,
3604,2026-05-07 21:53:53.55091+02,"{""withdrawn"": ""-No\n+Yes""}",,,,,,,,1,3787430,,,f,f,
3605,2026-05-07 21:53:58.100342+02,"{""withdrawn"": ""-No\n+Yes""}",,,,,,,,1,3788704,,,f,f,
3608,2026-05-07 21:55:27.596415+02,"{""withdrawn"": ""-No\n+Yes""}",,,,,,,,1,7353,,,f,f,
3611,2026-05-07 21:55:39.36804+02,"{""withdrawn"": ""-No\n+Yes""}",,,,,,,,1,3787367,,,f,f,
3617,2026-05-07 21:57:53.799381+02,"{""withdrawn"": ""-No\n+Yes""}",,,,,,,,1,3788473,,,f,f,
3625,2026-05-07 22:01:09.748246+02,"{""withdrawn"": ""-No\n+Yes""}",,,,,,,,1,3787412,,,f,f,
3635,2026-05-07 22:05:18.568086+02,"{""withdrawn"": ""-No\n+Yes""}",,,,,,,,1,3788127,,,f,f,
3637,2026-05-07 22:05:25.748341+02,"{""withdrawn"": ""-No\n+Yes""}",,,,,,,,1,3788919,,,f,f,
3642,2026-05-07 22:21:50.356438+02,"{""withdrawn"": ""-No\n+Yes""}",,,,,,,,1,27114,,,f,f,
3632,2026-05-07 22:04:20.403254+02,"{""withdrawn"": ""-No\n+Yes""}",,,,,,,,1,3787912,,,f,f,
3629,2026-05-07 22:03:39.119205+02,"{""withdrawn"": ""-No\n+Yes""}",,,,,,,,1,3784884,,,f,f,
3627,2026-05-07 22:02:46.049501+02,"{""withdrawn"": ""-No\n+Yes""}",,,,,,,,1,8419,,,f,f,
3601,2026-05-07 21:53:01.531361+02,"{""withdrawn"": ""-No\n+Yes""}",,,,,,,,1,7344,,,f,f,
3603,2026-05-07 21:53:49.729355+02,"{""withdrawn"": ""-No\n+Yes""}",,,,,,,,1,3789328,,,f,f,
3607,2026-05-07 21:54:42.53771+02,"{""withdrawn"": ""-No\n+Yes""}",,,,,,,,1,3788673,,,f,f,
3613,2026-05-07 21:56:20.977866+02,"{""withdrawn"": ""-No\n+Yes""}",,,,,,,,1,3787693,,,f,f,
3621,2026-05-07 21:59:41.202813+02,"{""withdrawn"": ""-No\n+Yes""}",,,,,,,,1,3788352,,,f,f,
3622,2026-05-07 22:00:29.775644+02,"{""withdrawn"": ""-No\n+Yes""}",,,,,,,,1,3787852,,,f,f,
3624,2026-05-07 22:01:04.428489+02,"{""withdrawn"": ""-No\n+Yes""}",,,,,,,,1,8430,,,f,f,
3630,2026-05-07 22:03:43.749201+02,"{""withdrawn"": ""-No\n+Yes""}",,,,,,,,1,3787605,,,f,f,
3636,2026-05-07 22:05:22.10168+02,"{""withdrawn"": ""-No\n+Yes""}",,,,,,,,1,3788660,,,f,f,
3640,2026-05-07 22:21:10.192076+02,"{""withdrawn"": ""-No\n+Yes""}",,,,,,,,1,3787672,,,f,f,
3647,2026-05-07 22:24:41.461838+02,"{""withdrawn"": ""-No\n+Yes""}",,,,,,,,1,3787566,,,f,f,
3650,2026-05-07 22:26:33.439168+02,"{""withdrawn"": ""-No\n+Yes""}",,,,,,,,1,3788538,,,f,f,
3651,2026-05-07 22:26:42.19752+02,"{""withdrawn"": ""-No\n+Yes""}",,,,,,,,1,3786393,,,f,f,
3652,2026-05-07 22:27:56.186078+02,"{""fleet number"": ""-\n+1943""}",,,WDBC,,107,BLUS,116,1,3787979,,,f,f,
3653,2026-05-07 22:28:25.252329+02,"{""reg"": ""-\n+Y743TGH""}",,,,,,,,1,3787979,,,f,f,
3654,2026-05-07 22:28:52.731604+02,"{""withdrawn"": ""-No\n+Yes""}",,,,,,,,1,3788419,,,f,f,
3655,2026-05-07 22:29:48.146387+02,"{""withdrawn"": ""-No\n+Yes""}",,,,,,,,1,3786388,,,f,f,
3656,2026-05-07 22:29:52.862611+02,"{""withdrawn"": ""-No\n+Yes""}",,,,,,,,1,3787942,,,f,f,
3657,2026-05-07 22:29:58.248983+02,"{""withdrawn"": ""-No\n+Yes""}",,,,,,,,1,3787768,,,f,f,
3658,2026-05-07 22:30:31.99289+02,"{""withdrawn"": ""-No\n+Yes""}",,,,,,,,1,3787418,,,f,f,
3659,2026-05-07 22:30:36.515677+02,"{""withdrawn"": ""-No\n+Yes""}",,,,,,,,1,3789625,,,f,f,
3660,2026-05-07 22:30:40.266179+02,"{""withdrawn"": ""-No\n+Yes""}",,,,,,,,1,3787606,,,f,f,
3661,2026-05-07 22:30:44.547615+02,"{""withdrawn"": ""-No\n+Yes""}",,,,,,,,1,3789436,,,f,f,
3662,2026-05-07 22:30:48.624786+02,"{""withdrawn"": ""-No\n+Yes""}",,,,,,,,1,3788990,,,f,f,
3663,2026-05-07 22:30:53.087867+02,"{""withdrawn"": ""-No\n+Yes""}",,,,,,,,1,3788517,,,f,f,
3664,2026-05-07 22:30:57.509731+02,"{""withdrawn"": ""-No\n+Yes""}",,,,,,,,1,3788417,,,f,f,
3665,2026-05-07 22:31:01.436002+02,"{""withdrawn"": ""-No\n+Yes""}",,,,,,,,1,27288,,,f,f,
3666,2026-05-07 22:31:05.519827+02,"{""withdrawn"": ""-No\n+Yes""}",,,,,,,,1,3788068,,,f,f,
3667,2026-05-07 22:31:09.877258+02,"{""withdrawn"": ""-No\n+Yes""}",,,,,,,,1,3788619,,,f,f,
3668,2026-05-07 22:31:36.662119+02,"{""withdrawn"": ""-No\n+Yes""}",,,,,,,,1,3787775,,,f,f,
3669,2026-05-07 22:32:19.039685+02,"{""withdrawn"": ""-No\n+Yes""}",,,,,,,,1,3789595,,,f,f,
3671,2026-05-07 22:32:56.549361+02,"{""withdrawn"": ""-No\n+Yes""}",,,,,,,,1,27296,,,f,f,
3672,2026-05-07 22:33:00.757246+02,"{""withdrawn"": ""-No\n+Yes""}",,,,,,,,1,3787609,,,f,f,
3673,2026-05-07 22:33:49.97819+02,"{""withdrawn"": ""-No\n+Yes""}",,,,,,,,1,3789178,,,f,f,
3674,2026-05-07 22:34:00.722146+02,"{""notes"": ""-\n+Spare ticket machine""}",,,,,,,,1,3784591,,,f,f,
3675,2026-05-07 22:34:04.176373+02,"{""notes"": ""-\n+Spare ticket machine""}",,,,,,,,1,3788667,,,f,f,
3676,2026-05-07 22:35:54.283374+02,"{""reg"": ""-\n+HF59FAJ""}",,,,,328,,61,1,17680,,,f,f,
3677,2026-05-07 22:36:08.873726+02,"{""reg"": ""-\n+HF59FAK""}",,,,,328,,61,1,17681,,,f,f,
3678,2026-05-07 22:36:53.318805+02,"{""withdrawn"": ""-No\n+Yes""}",,,,,,,,1,3789084,,,f,f,
3679,2026-05-07 22:36:57.333065+02,"{""withdrawn"": ""-No\n+Yes""}",,,,,,,,1,17717,,,f,f,
3680,2026-05-07 22:37:01.910201+02,"{""withdrawn"": ""-No\n+Yes""}",,,,,,,,1,3788388,,,f,f,
3681,2026-05-07 22:37:05.968422+02,"{""withdrawn"": ""-No\n+Yes""}",,,,,,,,1,3787293,,,f,f,
3682,2026-05-07 22:37:11.281408+02,"{""withdrawn"": ""-No\n+Yes""}",,,,,,,,1,3789417,,,f,f,
3683,2026-05-07 22:37:15.926061+02,"{""withdrawn"": ""-No\n+Yes""}",,,,,,,,1,3788040,,,f,f,
3684,2026-05-07 22:37:20.638071+02,"{""withdrawn"": ""-No\n+Yes""}",,,,,,,,1,3787548,,,f,f,
3685,2026-05-07 22:37:56.316569+02,"{""withdrawn"": ""-No\n+Yes""}",,,,,,,,1,17721,,,f,f,
3686,2026-05-07 22:38:44.98231+02,"{""withdrawn"": ""-No\n+Yes""}",,,,,,,,1,17732,,,f,f,
3687,2026-05-07 22:38:49.891098+02,"{""withdrawn"": ""-No\n+Yes""}",,,,,,,,1,3787342,,,f,f,
3688,2026-05-07 22:38:54.330356+02,"{""withdrawn"": ""-No\n+Yes""}",,,,,,,,1,3789537,,,f,f,
3690,2026-05-07 22:39:13.456169+02,"{""notes"": ""-\n+Spare ticket machine""}",,,,,,,,1,3787480,,,f,f,
3691,2026-05-07 22:39:18.82015+02,"{""notes"": ""-\n+Spare ticket machine""}",,,,,,,,1,3787481,,,f,f,
3692,2026-05-07 22:40:10.841144+02,"{""withdrawn"": ""-No\n+Yes""}",,,,,,,,1,3788066,,,f,f,
3693,2026-05-07 22:40:24.361728+02,"{""notes"": ""-\n+Spare ticket machine""}",,,,,,,,1,3784415,,,f,f,
3694,2026-05-11 20:35:01.008116+02,"{""notes"": ""-\n+Spare ticket machine""}",,,,,,,,1,3789434,,,f,f,
3695,2026-05-11 20:35:04.697968+02,"{""notes"": ""-\n+Spare ticket machine""}",,,,,,,,1,3789220,,,f,f,
3696,2026-05-11 20:35:11.863803+02,"{""notes"": ""-\n+Spare ticket machine""}",,,,,,,,1,3789852,,,f,f,
3697,2026-05-11 20:36:31.51241+02,"{""notes"": ""-\n+Spare ticket machine""}",,,,,,,,1,3789576,,,f,f,
3698,2026-05-13 09:50:24.556509+02,"{""reg"": ""-\n+HF18FFO""}",,,,,1648,,8,1,3789975,,,f,f,
3699,2026-05-14 08:57:03.529758+02,{},Transfer,,SVCT,,,WDBC,,1,17597,,,f,f,
3700,2026-05-14 08:59:19.948462+02,{},Transfer,,SVCT,,,WDBC,,1,17595,,,f,f,
3701,2026-05-14 08:59:44.291308+02,{},Transfer,,SVCT,,,WDBC,,1,17596,,,f,f,
3702,2026-05-15 01:49:25.759855+02,"{""reg"": ""-HH24KCX\n+HJ24KCX""}",,,,,,,,1,27199,,,f,f,
3703,2026-05-15 09:06:13.476582+02,{},,25,,,4031,,,1,3786968,,,f,f,
3704,2026-05-15 11:03:36.788874+02,{},Moving to SV temporarily for custom tracking purposes,,WDBC,,,SVCT,,1,3786969,,,f,f,
3705,2026-05-15 11:03:56.946957+02,{},Moving to SV temporarily for custom tracking purposes,,WDBC,,,SVCT,,1,17594,,,f,f,
3706,2026-05-15 11:04:16.974627+02,{},Moving to SV temporarily for custom tracking purposes,,WDBC,,,SVCT,,1,17595,,,f,f,
3707,2026-05-15 11:04:39.452263+02,{},Moving to SV temporarily for custom tracking purposes,,WDBC,,,SVCT,,1,17596,,,f,f,
3708,2026-05-15 11:05:08.656876+02,{},Moving to SV temporarily for custom tracking purposes,,WDBC,,,SVCT,,1,17597,,,f,f,
3709,2026-05-15 12:55:41.314814+02,{},,25,,,2855,,,1,3786962,,,f,f,
3670,2026-05-07 22:32:52.628771+02,"{""withdrawn"": ""-No\n+Yes""}",,,,,,,,1,8431,,,f,f,
3606,2026-05-07 21:54:38.262537+02,"{""withdrawn"": ""-No\n+Yes""}",,,,,,,,1,17710,,,f,f,
3710,2026-05-18 22:05:03.567426+02,{},,4140,,,4142,,,1,3776823,,,f,f,
3711,2026-05-21 19:47:22.700473+02,"{""reg"": ""-\n+HF18FFH""}",,,,,1649,,8,1,3790200,,,f,f,
3515,2026-05-07 21:18:27.15068+02,"{""reg"": ""-\n+HF59FAU""}",,,,,328,,61,1,3788919,,,f,f,
3689,2026-05-07 22:39:07.538471+02,"{""notes"": ""-\n+Spare ticket machine""}",,,,,,,,1,3784591,,,f,f,
3712,2026-05-21 20:32:50.552696+02,"{""reg"": ""-\n+HF59FAU""}",,,WDBC,,328,SWWD,61,1,3788919,,,f,f,
3713,2026-05-21 20:40:00.851763+02,"{""notes"": ""-\n+Spare ticket machine""}",,,,,,,,1,3790332,,,f,f,
3714,2026-05-21 20:42:29.467639+02,"{""reg"": ""-\n+SN12AOW""}",,,,,820,,697,1,3790073,,,f,f,
3715,2026-05-21 20:49:24.558625+02,{},,,,,4157,,,1,3789068,,,f,f,
3716,2026-05-21 20:49:40.192108+02,{},,,SWWD,,,SVCT,,1,3789068,,,f,f,
3717,2026-05-21 22:34:23.044028+02,{},,,SVCT,,,WDBC,,1,3786962,,,f,f,
3718,2026-05-21 22:34:45.682521+02,{},,,SVCT,,,WDBC,,1,17593,,,f,f,
3719,2026-05-21 22:34:56.994584+02,{},,,SVCT,,,WDBC,,1,3786967,,,f,f,
3720,2026-05-21 22:35:10.822635+02,{},,,SVCT,,,WDBC,,1,3786968,,,f,f,
3721,2026-05-21 22:35:24.402717+02,{},,,SVCT,,,WDBC,,1,3786969,,,f,f,
3722,2026-05-21 22:35:35.537336+02,{},,,SVCT,,,WDBC,,1,17594,,,f,f,
3723,2026-05-21 22:35:45.048937+02,{},,,SVCT,,,WDBC,,1,17595,,,f,f,
3724,2026-05-21 22:35:53.764591+02,{},,,SVCT,,,WDBC,,1,17596,,,f,f,
3725,2026-05-21 22:36:05.919968+02,{},,,SVCT,,,WDBC,,1,17597,,,f,f,
3726,2026-05-21 22:36:16.01813+02,{},,,,,,,,1,17597,,,f,f,
3727,2026-05-21 22:38:55.199243+02,"{""reg"": ""-\n+GSK962"", ""previous reg"": ""-\n+HW52EPL""}",,,,,27,,116,1,3788826,,,f,f,
3728,2026-05-21 22:39:36.90974+02,"{""reg"": ""-\n+FJ55BXV""}",,,,,2257,,94,1,3787399,,,f,f,
3729,2026-05-21 22:39:58.750955+02,"{""reg"": ""-\n+FJ55BXY""}",,,,,2257,,94,1,3787597,,,f,f,
3730,2026-05-24 20:23:57.395497+02,"{""reg"": ""-\n+HF58GZA""}",,,,,820,,62,1,3789875,,,f,f,
3731,2026-05-24 20:26:29.58034+02,"{""reg"": ""-\n+HF54KXU""}",,,,,,,115,1,3790530,,,f,f,
3732,2026-05-24 20:27:42.335224+02,"{""reg"": ""-\n+YBZ224"", ""previous reg"": ""-\n+HJ02HFC""}",,,,,2866,,158,1,3790491,,,f,f,
3733,2026-05-24 23:33:02.924117+02,"{""reg"": ""-\n+LTZ1017"", ""fleet number"": ""-\n+LT17""}",,,TFLO,,,MTLN,562,1,3789948,,,f,f,
3734,2026-05-24 23:33:24.167489+02,"{""reg"": ""-\n+LTZ1089"", ""fleet number"": ""-\n+LT89""}",,,TFLO,,,AVLO,562,1,3790424,,,f,f,
3735,2026-05-24 23:33:55.784235+02,"{""reg"": ""-\n+LTZ1248"", ""fleet number"": ""-\n+61248 (LT248)""}",,,TFLO,,,ELBG,562,1,3790364,,,f,f,
3736,2026-05-24 23:38:43.8409+02,"{""reg"": ""-\n+LTZ1268"", ""fleet number"": ""-\n+61268 (LT268)""}",,,TFLO,,,ELBG,562,1,3789834,,,f,f,
3737,2026-05-24 23:39:47.806389+02,"{""reg"": ""-\n+LTZ1273"", ""fleet number"": ""-\n+LT273""}",,,TFLO,,,LONC,562,1,3789707,,,f,f,
3738,2026-05-24 23:40:30.334385+02,"{""reg"": ""-\n+LT1365"", ""fleet number"": ""-\n+61365 (LT365)""}",,,TFLO,,,ELBG,562,1,3790113,,,f,f,
3739,2026-05-24 23:41:00.453842+02,"{""reg"": ""-\n+LTZ1373"", ""fleet number"": ""-\n+61373 (LT373)""}",,,TFLO,,,ELBG,562,1,3789602,,,f,f,
3740,2026-05-24 23:41:42.467471+02,"{""reg"": ""-\n+LTZ1379"", ""fleet number"": ""-\n+61379 (LT379)""}",,,TFLO,,,ELBG,562,1,3790002,,,f,f,
3741,2026-05-24 23:42:03.533474+02,"{""reg"": ""-\n+LTZ1601"", ""fleet number"": ""-\n+LT601""}",,,TFLO,,,AVLO,562,1,3789596,,,f,f,
3742,2026-05-24 23:42:25.178065+02,"{""reg"": ""-\n+LTZ1654"", ""fleet number"": ""-\n+LT654""}",,,TFLO,,,MTLN,562,1,3790139,,,f,f,
3743,2026-05-24 23:43:04.143375+02,"{""reg"": ""-\n+LTZ1729"", ""fleet number"": ""-\n+LT729""}",,,TFLO,,,AVLO,562,1,3790049,,,f,f,
3744,2026-05-24 23:43:26.734032+02,"{""reg"": ""-\n+LTZ1752"", ""fleet number"": ""-\n+LT752""}",,,TFLO,,,MTLN,562,1,3789881,,,f,f,
3745,2026-05-24 23:44:11.897456+02,"{""reg"": ""-\n+LTZ1769"", ""fleet number"": ""-\n+4769 (LT769)""}",,,TFLO,,,ABLO,562,1,3789671,,,f,f,
3746,2026-05-24 23:44:45.313271+02,"{""reg"": ""-\n+LTZ1846"", ""fleet number"": ""-\n+LT846""}",,,TFLO,,,LONC,562,1,3789760,,,f,f,
3747,2026-05-24 23:46:03.967943+02,"{""fleet number"": ""-\n+WVL358""}",,,TFLO,,,BTRI,124,1,3789820,,,f,f,
3748,2026-05-24 23:46:44.343689+02,"{""fleet number"": ""-\n+EN38""}",,,TFLO,,,LONC,697,1,3789809,,,f,f,
3749,2026-05-24 23:47:59.262449+02,"{""fleet number"": ""-\n+2430""}",,,TFLO,,,ABLO,9,1,3790016,,,f,f,
3750,2026-05-24 23:48:36.411053+02,"{""fleet number"": ""-\n+WS5""}",,,TFLO,,,MBGA,131,1,3790485,,,f,f,
3751,2026-05-24 23:48:59.148204+02,"{""fleet number"": ""-\n+DW578""}",,,TFLO,,,AVLO,301,1,3789854,,,f,f,
3752,2026-05-24 23:50:36.06157+02,"{""fleet number"": ""-\n+VW1301""}",,,TFLO,,,MTLN,124,1,3789933,,,f,f,
3753,2026-05-24 23:51:06.136874+02,"{""fleet number"": ""-\n+EH21""}",,,TFLO,,,BTRI,9,1,3790233,,,f,f,
3754,2026-05-24 23:51:40.627392+02,"{""fleet number"": ""-\n+189""}",,,TFLO,,,LGEN,3,1,3790023,,,f,f,
3755,2026-05-24 23:52:20.05482+02,"{""fleet number"": ""-\n+HV176""}",,,TFLO,,,AVLO,103,1,3789763,,,f,f,
3756,2026-05-24 23:53:10.412697+02,"{""fleet number"": ""-\n+WHV46""}",,,TFLO,,,MBGA,103,1,3789868,,,f,f,
3757,2026-05-24 23:53:34.861272+02,"{""fleet number"": ""-\n+SE218""}",,,TFLO,,,LONC,3,1,3789946,,,f,f,
3758,2026-05-24 23:54:20.270465+02,"{""fleet number"": ""-\n+2502""}",,,TFLO,,,ABLO,265,1,3789973,,,f,f,
3759,2026-05-24 23:54:41.943367+02,"{""fleet number"": ""-\n+8834""}",,,TFLO,,,ABLO,3,1,3790003,,,f,f,
3760,2026-05-24 23:55:13.309808+02,"{""fleet number"": ""-\n+WS50""}",,,TFLO,,,LGEN,131,1,3790092,,,f,f,
3761,2026-05-24 23:55:35.053686+02,"{""fleet number"": ""-\n+T305""}",,,TFLO,,,AVLO,697,1,3790331,,,f,f,
3762,2026-05-25 00:11:50.376201+02,{},,262,,,4146,,,1,3789854,,,f,f,
3763,2026-05-25 00:12:18.966437+02,{},,262,,,4147,,,1,3789763,,,f,f,
3764,2026-05-25 00:13:31.792605+02,{},,262,,,4148,,,1,3790331,,,f,f,
3765,2026-05-25 00:14:05.971043+02,{},,262,,,4146,,,1,3790233,,,f,f,
3766,2026-05-25 00:14:23.85836+02,{},,262,,,4143,,,1,3789820,,,f,f,
3767,2026-05-25 00:15:24.681265+02,{},,,BTRI,,,LONC,,1,3781914,,,f,f,
3768,2026-05-25 00:15:31.908145+02,{},,,BTRI,,,LONC,,1,3779394,,,f,f,
3769,2026-05-25 00:15:55.348768+02,{},,262,,,4147,,,1,3789946,,,f,f,
3770,2026-05-25 00:16:49.725175+02,{},,262,,,4144,,,1,3789809,,,f,f,
3771,2026-05-25 00:17:23.004272+02,{},,,LGEN,,,GAHL,,1,3790470,,,f,f,
3772,2026-05-25 00:17:43.626744+02,{},,262,,,4146,,,1,3790023,,,f,f,
3773,2026-05-25 00:18:00.274107+02,{},,,LGEN,,,GAHL,,1,3789958,,,f,f,
3774,2026-05-25 00:18:35.029807+02,{},,,LGEN,,,GAHL,,1,3790291,,,f,f,
3775,2026-05-25 00:19:08.779042+02,{},,262,,,4148,,,1,3790092,,,f,f,
3776,2026-05-25 00:21:19.451163+02,{},,262,,,4148,,,1,3789868,,,f,f,
3777,2026-05-25 00:21:27.178746+02,{},,262,,,4145,,,1,3790485,,,f,f,
3778,2026-05-25 00:39:29.81693+02,{},,262,,,4146,,,1,3776903,,,f,f,
3779,2026-05-25 00:39:42.662194+02,{},,4142,,,4140,,,1,3776922,,,f,f,
3780,2026-05-25 00:40:33.635597+02,{},,262,,,4145,,,1,3789933,,,f,f,
3781,2026-05-25 00:41:36.025995+02,{},,,,,,,697,1,3777933,,,f,f,
3782,2026-05-25 00:42:12.575032+02,{},,262,,,4144,,,1,3790016,,,f,f,
3783,2026-05-25 00:42:24.853351+02,{},,262,,,4147,,,1,3789973,,,f,f,
3784,2026-05-25 00:42:42.762329+02,{},,262,,,4147,,,1,3790003,,,f,f,
3785,2026-05-29 09:35:55.378179+02,"{""reg"": ""-\n+SK68TNL""}",,,,,404,,128,1,26862,,,f,f,
3786,2026-05-29 09:36:18.308888+02,"{""reg"": ""-\n+SK68TNN""}",,,,,404,,128,1,26863,,,f,f,
3787,2026-05-29 09:36:33.95416+02,"{""reg"": ""-\n+SK68TNO""}",,,,,404,,128,1,26864,,,f,f,
3788,2026-05-29 09:36:56.366099+02,"{""reg"": ""-\n+SK68TNU""}",,,,,404,,128,1,26865,,,f,f,
3789,2026-05-29 09:37:26.20852+02,"{""reg"": ""-SK68TNU\n+SK68TNV""}",,,,,,,,1,26865,,,f,f,
3790,2026-05-29 09:37:38.320756+02,"{""reg"": ""-SK68TNO\n+SK68TNU""}",,,,,,,,1,26864,,,f,f,
3791,2026-05-29 09:37:49.084079+02,"{""reg"": ""-SK68TNN\n+SK68TNO""}",,,,,,,,1,26863,,,f,f,
3792,2026-05-29 09:38:06.646681+02,"{""reg"": ""-SK68TNL\n+SK68TNN""}",,,,,,,,1,26862,,,f,f,
3793,2026-05-29 09:58:34.645598+02,"{""reg"": ""-\n+C17UNO"", ""previous reg"": ""-\n+SK07HLM""}",,,,,106,,3,1,26854,,,f,f,
3794,2026-05-29 11:15:59.068109+02,"{""reg"": ""-\n+LK10BYC""}",,,,,106,,3,1,26855,,,f,f,
3797,2026-05-29 11:20:38.433255+02,"{""reg"": ""-\n+BV57VHJ""}",,,,,106,,36,1,26823,,,f,f,
3798,2026-05-29 11:21:19.574167+02,"{""reg"": ""-\n+BV57VHF""}",,,,,106,,36,1,26822,,,f,f,
3800,2026-05-29 11:33:58.644053+02,"{""reg"": ""-\n+LK10BYB""}",,,,,106,,3,1,26856,,,f,f,
3803,2026-05-29 11:36:52.189425+02,"{""reg"": ""-\n+BF59NHZ""}",,,,,106,,36,1,26827,,,f,f,
3806,2026-05-29 11:38:01.817152+02,"{""reg"": ""-\n+BF59NJN""}",,,,,106,,36,1,26830,,,f,f,
3807,2026-05-29 11:39:46.381592+02,"{""reg"": ""-\n+BX56VSM""}",,,,,4151,,36,1,26821,,,f,f,
3812,2026-05-29 11:45:40.697442+02,"{""reg"": ""-\n+SN65ZGX""}",,,,,106,,3,1,26860,,,f,f,
3814,2026-05-29 12:06:35.601419+02,"{""reg"": ""-BF58NHV\n+BF59NHV""}",,,,,,,,1,26825,,,f,f,
3817,2026-05-29 13:43:14.50781+02,{},,,UNOL,,,ABLO,,1,3782380,,,f,f,
3819,2026-05-29 13:43:46.836681+02,{},,,UNOL,,,ABLO,,1,3776944,,,f,f,
3820,2026-05-29 13:44:00.410526+02,{},,,UNOL,,,ABLO,,1,3785110,,,f,f,
3825,2026-05-29 13:45:06.454702+02,{},,,UNOL,,,ABLO,,1,3788870,,,f,f,
3826,2026-05-29 13:45:14.110833+02,{},,,UNOL,,,ABLO,,1,3782116,,,f,f,
3827,2026-05-29 13:45:25.995992+02,{},,,UNOL,,,ABLO,,1,3787391,,,f,f,
3829,2026-05-29 13:45:40.855118+02,{},,,UNOL,,,ABLO,,1,3787415,,,f,f,
3831,2026-05-29 13:45:54.881485+02,{},,,UNOL,,,ABLO,,1,3776949,,,f,f,
3834,2026-05-29 13:46:18.655986+02,{},,,UNOL,,,ABLO,,1,3785885,,,f,f,
3835,2026-05-29 13:46:34.511059+02,{},,,UNOL,,,ABLO,,1,3776950,,,f,f,
3836,2026-05-29 13:46:40.108654+02,{},,,UNOL,,,ABLO,,1,3783758,,,f,f,
3837,2026-05-29 13:46:46.739042+02,{},,,UNOL,,,ABLO,,1,3776951,,,f,f,
3838,2026-05-29 13:46:52.308986+02,{},,,UNOL,,,ABLO,,1,3784829,,,f,f,
3795,2026-05-29 11:18:10.025131+02,"{""reg"": ""-\n+BF59NHX""}",,,,,106,,36,1,26826,,,f,f,
3796,2026-05-29 11:19:37.9748+02,"{""reg"": ""-\n+BN58BJO""}",,,,,106,,36,1,26824,,,f,f,
3799,2026-05-29 11:21:27.094357+02,{},,106,,,1837,,,1,26823,,,f,f,
3801,2026-05-29 11:34:49.066535+02,"{""reg"": ""-\n+LK10BYS""}",,,,,106,,3,1,3788630,,,f,f,
3802,2026-05-29 11:36:24.898312+02,"{""reg"": ""-\n+BF58NHV""}",,,,,106,,36,1,26825,,,f,f,
3804,2026-05-29 11:37:14.500977+02,"{""reg"": ""-\n+BF59NJJ""}",,,,,106,,36,1,26828,,,f,f,
3805,2026-05-29 11:37:36.922466+02,"{""reg"": ""-\n+BF59NJK""}",,,,,106,,36,1,26829,,,f,f,
3808,2026-05-29 11:40:15.852862+02,"{""reg"": ""-\n+BX56VSN""}",,,,,404,,36,1,3790433,,,f,f,
3809,2026-05-29 11:44:01.65361+02,"{""reg"": ""-\n+SN65ZGU""}",,,,,106,,3,1,26857,,,f,f,
3810,2026-05-29 11:44:30.372477+02,"{""reg"": ""-\n+SN65ZGV""}",,,,,106,,3,1,26858,,,f,f,
3811,2026-05-29 11:45:17.729858+02,"{""reg"": ""-\n+SN65ZGW""}",,,,,106,,3,1,26859,,,f,f,
3813,2026-05-29 11:46:03.246636+02,"{""reg"": ""-\n+SN65ZGY""}",,,,,106,,3,1,26861,,,f,f,
3815,2026-05-29 13:39:57.040043+02,{},,,UNOL,,,ABLO,,1,3784509,,,f,f,
3816,2026-05-29 13:40:05.789692+02,{},,,UNOL,,,ABLO,,1,3784603,,,f,f,
3818,2026-05-29 13:43:24.750409+02,{},,,UNOL,,,ABLO,,1,3783090,,,f,f,
3821,2026-05-29 13:44:08.487366+02,{},,,UNOL,,,ABLO,,1,3781049,,,f,f,
3822,2026-05-29 13:44:19.068442+02,{},,,UNOL,,,ABLO,,1,3787318,,,f,f,
3823,2026-05-29 13:44:26.745815+02,{},,,UNOL,,,ABLO,,1,3776945,,,f,f,
3824,2026-05-29 13:44:47.443536+02,{},,,UNOL,,,ABLO,,1,3787407,,,f,f,
3828,2026-05-29 13:45:33.741745+02,{},,,UNOL,,,ABLO,,1,3776947,,,f,f,
3830,2026-05-29 13:45:47.706817+02,{},,,UNOL,,,ABLO,,1,3776948,,,f,f,
3832,2026-05-29 13:46:03.246757+02,{},,,UNOL,,,ABLO,,1,3787312,,,f,f,
3833,2026-05-29 13:46:11.236378+02,{},,,UNOL,,,ABLO,,1,3787096,,,f,f,
3839,2026-05-29 18:55:09.349387+02,{},,4140,,,4145,,,1,3785885,,,f,f,
3840,2026-06-02 22:38:34.834037+02,{},,4140,,,4144,,,1,3783292,,,f,f,
3841,2026-06-04 13:27:24.249146+02,"{""branding"": ""-\n+SL11""}",,262,,,2848,,,1,3785890,,,f,f,
3842,2026-06-04 13:27:37.260373+02,"{""branding"": ""-\n+SL11""}",,262,,,2848,,,1,3781386,,,f,f,
3843,2026-06-04 13:27:49.467388+02,"{""branding"": ""-\n+SL11""}",,262,,,2848,,,1,3781384,,,f,f,
3844,2026-06-04 13:28:03.555768+02,"{""branding"": ""-\n+SL11""}",,262,,,2848,,,1,3784774,,,f,f,
3845,2026-06-04 13:28:15.545513+02,"{""branding"": ""-\n+SL11""}",,262,,,2848,,,1,3782790,,,f,f,
3846,2026-06-04 13:28:38.925466+02,"{""branding"": ""-\n+SL11""}",,262,,,2848,,,1,3782712,,,f,f,
3847,2026-06-04 13:29:59.008269+02,"{""branding"": ""-\n+SL11""}",,262,,,2848,,,1,3785242,,,f,f,
3848,2026-06-04 13:30:35.489689+02,"{""branding"": ""-\n+SL11""}",,262,,,2848,,,1,3784123,,,f,f,
3849,2026-06-04 13:30:46.772103+02,"{""branding"": ""-\n+SL11""}",,262,,,2848,,,1,3779631,,,f,f,
3850,2026-06-04 13:31:04.660242+02,"{""branding"": ""-\n+SL11""}",,262,,,2848,,,1,3781921,,,f,f,
3851,2026-06-04 13:31:15.339682+02,"{""branding"": ""-\n+SL11""}",,262,,,2848,,,1,3782026,,,f,f,
3852,2026-06-04 13:31:29.475315+02,"{""branding"": ""-\n+SL11""}",,262,,,2848,,,1,3782809,,,f,f,
3853,2026-06-04 13:31:44.804562+02,"{""branding"": ""-\n+SL11""}",,262,,,2848,,,1,3779639,,,f,f,
3854,2026-06-04 13:32:06.118528+02,"{""branding"": ""-\n+SL11""}",,262,,,2848,,,1,3782815,,,f,f,
3855,2026-06-04 13:32:24.460122+02,"{""branding"": ""-\n+SL11""}",,262,,,2848,,,1,3785192,,,f,f,
3856,2026-06-04 13:32:39.728826+02,"{""branding"": ""-\n+SL11""}",,262,,,2848,,,1,3781391,,,f,f,
3857,2026-06-04 13:32:54.828528+02,"{""branding"": ""-\n+SL11""}",,262,,,2848,,,1,3778696,,,f,f,
3858,2026-06-04 13:33:04.039374+02,"{""branding"": ""-\n+SL11""}",,262,,,2848,,,1,3782739,,,f,f,
3859,2026-06-04 13:33:19.364632+02,"{""branding"": ""-\n+SL11""}",,262,,,2848,,,1,3778705,,,f,f,
3860,2026-06-04 13:33:35.043575+02,"{""branding"": ""-\n+SL11""}",,262,,,2848,,,1,3778714,,,f,f,
3861,2026-06-06 21:20:36.089168+02,"{""branding"": ""-\n+SL11""}",,262,,,2848,,,1,3781263,,,f,f,
