id,datetime,route_name,direction,destination,line_name,description
5240392,2026-04-11 09:55:00+02,60,"",Streatham Station,60,Old Coulsdon - Croydon Town Centre - Thornton Heath Pond - Streatham Vale - Streatham Station
5247940,2026-04-11 10:13:00+02,60,"",Streatham Station,60,Old Coulsdon - Croydon Town Centre - Thornton Heath Pond - Streatham Vale - Streatham Station
5280543,2026-04-11 11:19:00+02,60,"",Streatham Station,60,Old Coulsdon - Croydon Town Centre - Thornton Heath Pond - Streatham Vale - Streatham Station
5284509,2026-04-11 11:33:00+02,60,"",Old Coulsdon / Tudor Rose,60,Old Coulsdon - Croydon Town Centre - Thornton Heath Pond - Streatham Vale - Streatham Station
5317082,2026-04-11 13:06:00+02,60,"",Streatham Station,60,Old Coulsdon - Croydon Town Centre - Thornton Heath Pond - Streatham Vale - Streatham Station
5355634,2026-04-11 14:26:00+02,60,"",Streatham Station,60,Old Coulsdon - Croydon Town Centre - Thornton Heath Pond - Streatham Vale - Streatham Station
5364519,2026-04-11 14:42:00+02,60,"",Old Coulsdon / Tudor Rose,60,Old Coulsdon - Croydon Town Centre - Thornton Heath Pond - Streatham Vale - Streatham Station
5397159,2026-04-11 16:16:00+02,60,"",Streatham Station,60,Old Coulsdon - Croydon Town Centre - Thornton Heath Pond - Streatham Vale - Streatham Station
5438209,2026-04-11 17:34:00+02,60,"",Streatham Station,60,Old Coulsdon - Croydon Town Centre - Thornton Heath Pond - Streatham Vale - Streatham Station
5442590,2026-04-11 17:52:00+02,60,"",Old Coulsdon / Tudor Rose,60,Old Coulsdon - Croydon Town Centre - Thornton Heath Pond - Streatham Vale - Streatham Station
5464417,2026-04-11 18:47:26+02,60,"",Old Coulsdon / Tudor Rose,60,Old Coulsdon - Croydon Town Centre - Thornton Heath Pond - Streatham Vale - Streatham Station
5813095,2026-04-13 06:20:00+02,194,"",West Croydon Bus Station,194,Lower Sydenham - Clock House - Beckenham - West Wickham - West Croydon
5824840,2026-04-13 07:07:00+02,194,"",West Croydon Bus Station,194,Lower Sydenham - Clock House - Beckenham - West Wickham - West Croydon
5825042,2026-04-13 07:15:00+02,194,"",Bell Green / Sainsbury's,194,Lower Sydenham - Clock House - Beckenham - West Wickham - West Croydon
5852390,2026-04-13 08:11:00+02,194,"",Bell Green / Sainsbury's,194,Lower Sydenham - Clock House - Beckenham - West Wickham - West Croydon
5856753,2026-04-13 08:24:00+02,194,"",West Croydon Bus Station,194,Lower Sydenham - Clock House - Beckenham - West Wickham - West Croydon
5887401,2026-04-13 09:42:00+02,194,"",West Croydon Bus Station,194,Lower Sydenham - Clock House - Beckenham - West Wickham - West Croydon
5890798,2026-04-13 09:50:00+02,194,"",Bell Green / Sainsbury's,194,Lower Sydenham - Clock House - Beckenham - West Wickham - West Croydon
5927156,2026-04-13 11:03:00+02,194,"",Bell Green / Sainsbury's,194,Lower Sydenham - Clock House - Beckenham - West Wickham - West Croydon
5931427,2026-04-13 11:12:00+02,194,"",West Croydon Bus Station,194,Lower Sydenham - Clock House - Beckenham - West Wickham - West Croydon
5963696,2026-04-13 12:19:00+02,194,"",West Croydon Bus Station,194,Lower Sydenham - Clock House - Beckenham - West Wickham - West Croydon
5964936,2026-04-13 12:38:00+02,194,"",Bell Green / Sainsbury's,194,Lower Sydenham - Clock House - Beckenham - West Wickham - West Croydon
6003299,2026-04-13 13:51:00+02,194,"",Bell Green / Sainsbury's,194,Lower Sydenham - Clock House - Beckenham - West Wickham - West Croydon
6007419,2026-04-13 14:00:00+02,194,"",West Croydon Bus Station,194,Lower Sydenham - Clock House - Beckenham - West Wickham - West Croydon
6039802,2026-04-13 15:07:00+02,194,"",West Croydon Bus Station,194,Lower Sydenham - Clock House - Beckenham - West Wickham - West Croydon
6040203,2026-04-13 15:20:00+02,194,"",Bell Green / Sainsbury's,194,Lower Sydenham - Clock House - Beckenham - West Wickham - West Croydon
6079114,2026-04-13 16:36:00+02,194,"",Bell Green / Sainsbury's,194,Lower Sydenham - Clock House - Beckenham - West Wickham - West Croydon
6082258,2026-04-13 16:43:00+02,194,"",West Croydon Bus Station,194,Lower Sydenham - Clock House - Beckenham - West Wickham - West Croydon
6117729,2026-04-13 18:06:00+02,194,"",Bell Green / Sainsbury's,194,Lower Sydenham - Clock House - Beckenham - West Wickham - West Croydon
6117549,2026-04-13 18:10:18+02,194,"",Bell Green / Sainsbury's,194,Lower Sydenham - Clock House - Beckenham - West Wickham - West Croydon
6147475,2026-04-13 19:23:00+02,194,"",Bell Green / Sainsbury's,194,Lower Sydenham - Clock House - Beckenham - West Wickham - West Croydon
6149586,2026-04-13 19:29:00+02,194,"",West Croydon Bus Station,194,Lower Sydenham - Clock House - Beckenham - West Wickham - West Croydon
6170440,2026-04-13 20:34:00+02,194,"",West Croydon Bus Station,194,Lower Sydenham - Clock House - Beckenham - West Wickham - West Croydon
6170776,2026-04-13 20:48:00+02,194,"",Bell Green / Sainsbury's,194,Lower Sydenham - Clock House - Beckenham - West Wickham - West Croydon
6187900,2026-04-13 21:44:00+02,194,"",Croydon (arriva),194,Lower Sydenham - Clock House - Beckenham - West Wickham - West Croydon
6250939,2026-04-14 06:52:00+02,60,"",Old Coulsdon / Tudor Rose,60,Old Coulsdon - Croydon Town Centre - Thornton Heath Pond - Streatham Vale - Streatham Station
6256434,2026-04-14 07:10:00+02,60,"",Streatham Station,60,Old Coulsdon - Croydon Town Centre - Thornton Heath Pond - Streatham Vale - Streatham Station
6283107,2026-04-14 08:14:00+02,60,"",Streatham Station,60,Old Coulsdon - Croydon Town Centre - Thornton Heath Pond - Streatham Vale - Streatham Station
6289852,2026-04-14 08:28:00+02,60,"",Old Coulsdon / Tudor Rose,60,Old Coulsdon - Croydon Town Centre - Thornton Heath Pond - Streatham Vale - Streatham Station
6323378,2026-04-14 09:59:00+02,60,"",Streatham Station,60,Old Coulsdon - Croydon Town Centre - Thornton Heath Pond - Streatham Vale - Streatham Station
6362469,2026-04-14 11:14:00+02,60,"",Streatham Station,60,Old Coulsdon - Croydon Town Centre - Thornton Heath Pond - Streatham Vale - Streatham Station
6370824,2026-04-14 11:30:00+02,60,"",Old Coulsdon / Tudor Rose,60,Old Coulsdon - Croydon Town Centre - Thornton Heath Pond - Streatham Vale - Streatham Station
6404792,2026-04-14 12:59:00+02,60,"",Streatham Station,60,Old Coulsdon - Croydon Town Centre - Thornton Heath Pond - Streatham Vale - Streatham Station
6443254,2026-04-14 14:14:00+02,60,"",Streatham Station,60,Old Coulsdon - Croydon Town Centre - Thornton Heath Pond - Streatham Vale - Streatham Station
6449823,2026-04-14 14:28:00+02,60,"",Old Coulsdon / Tudor Rose,60,Old Coulsdon - Croydon Town Centre - Thornton Heath Pond - Streatham Vale - Streatham Station
6487325,2026-04-14 15:56:00+02,60,"",Streatham Station,60,Old Coulsdon - Croydon Town Centre - Thornton Heath Pond - Streatham Vale - Streatham Station
6527406,2026-04-14 17:20:00+02,60,"",Streatham Station,60,Old Coulsdon - Croydon Town Centre - Thornton Heath Pond - Streatham Vale - Streatham Station
6531249,2026-04-14 17:27:00+02,60,"",Old Coulsdon / Tudor Rose,60,Old Coulsdon - Croydon Town Centre - Thornton Heath Pond - Streatham Vale - Streatham Station
6568891,2026-04-14 19:05:00+02,60,"",Streatham Station,60,Old Coulsdon - Croydon Town Centre - Thornton Heath Pond - Streatham Vale - Streatham Station
6595934,2026-04-14 20:22:00+02,60,"",Streatham Station,60,Old Coulsdon - Croydon Town Centre - Thornton Heath Pond - Streatham Vale - Streatham Station
6601842,2026-04-14 20:37:00+02,60,"",Old Coulsdon / Tudor Rose,60,Old Coulsdon - Croydon Town Centre - Thornton Heath Pond - Streatham Vale - Streatham Station
6619913,2026-04-14 22:00:00+02,60,"",Streatham Station,60,Old Coulsdon - Croydon Town Centre - Thornton Heath Pond - Streatham Vale - Streatham Station
6635359,2026-04-14 22:56:00+02,60,"",Streatham Station,60,Old Coulsdon - Croydon Town Centre - Thornton Heath Pond - Streatham Vale - Streatham Station
6637701,2026-04-14 23:10:00+02,60,"",Old Coulsdon / Tudor Rose,60,Old Coulsdon - Croydon Town Centre - Thornton Heath Pond - Streatham Vale - Streatham Station
6649293,2026-04-15 00:15:00+02,60,"",Streatham Station,60,Old Coulsdon - Croydon Town Centre - Thornton Heath Pond - Streatham Vale - Streatham Station
6657193,2026-04-15 01:02:00+02,60,"",Streatham Station,60,Old Coulsdon - Croydon Town Centre - Thornton Heath Pond - Streatham Vale - Streatham Station
6658590,2026-04-15 01:10:00+02,60,"",Old Coulsdon / Tudor Rose,60,Old Coulsdon - Croydon Town Centre - Thornton Heath Pond - Streatham Vale - Streatham Station
6663049,2026-04-15 01:59:00+02,60,"",Croydon (arriva),60,Old Coulsdon - Croydon Town Centre - Thornton Heath Pond - Streatham Vale - Streatham Station
7115451,2026-04-16 06:41:00+02,60,"",Old Coulsdon / Tudor Rose,60,Old Coulsdon - Croydon Town Centre - Thornton Heath Pond - Streatham Vale - Streatham Station
7115093,2026-04-16 06:58:00+02,60,"",Streatham Station,60,Old Coulsdon - Croydon Town Centre - Thornton Heath Pond - Streatham Vale - Streatham Station
7140024,2026-04-16 07:58:00+02,60,"",Streatham Station,60,Old Coulsdon - Croydon Town Centre - Thornton Heath Pond - Streatham Vale - Streatham Station
7144891,2026-04-16 08:11:00+02,60,"",Old Coulsdon / Tudor Rose,60,Old Coulsdon - Croydon Town Centre - Thornton Heath Pond - Streatham Vale - Streatham Station
7186869,2026-04-16 09:39:00+02,60,"",Streatham Station,60,Old Coulsdon - Croydon Town Centre - Thornton Heath Pond - Streatham Vale - Streatham Station
7224918,2026-04-16 10:58:00+02,60,"",Streatham Station,60,Old Coulsdon - Croydon Town Centre - Thornton Heath Pond - Streatham Vale - Streatham Station
7226754,2026-04-16 11:10:00+02,60,"",Old Coulsdon / Tudor Rose,60,Old Coulsdon - Croydon Town Centre - Thornton Heath Pond - Streatham Vale - Streatham Station
7257386,2026-04-16 12:39:00+02,60,"",Streatham Station,60,Old Coulsdon - Croydon Town Centre - Thornton Heath Pond - Streatham Vale - Streatham Station
7359051,2026-04-16 17:00:00+02,60,"",Streatham Station,60,Old Coulsdon - Croydon Town Centre - Thornton Heath Pond - Streatham Vale - Streatham Station
7345404,2026-04-16 17:07:00+02,60,"",Old Coulsdon / Tudor Rose,60,Old Coulsdon - Croydon Town Centre - Thornton Heath Pond - Streatham Vale - Streatham Station
7397094,2026-04-16 18:45:00+02,60,"",Streatham Station,60,Old Coulsdon - Croydon Town Centre - Thornton Heath Pond - Streatham Vale - Streatham Station
7425763,2026-04-16 20:05:00+02,60,"",Streatham Station,60,Old Coulsdon - Croydon Town Centre - Thornton Heath Pond - Streatham Vale - Streatham Station
7428419,2026-04-16 20:17:00+02,60,"",Old Coulsdon / Tudor Rose,60,Old Coulsdon - Croydon Town Centre - Thornton Heath Pond - Streatham Vale - Streatham Station
7513885,2026-04-17 06:50:00+02,194,"",Bell Green / Sainsbury's,194,Lower Sydenham - Clock House - Beckenham - West Wickham - West Croydon
7531625,2026-04-17 07:39:00+02,194,"",Bell Green / Sainsbury's,194,Lower Sydenham - Clock House - Beckenham - West Wickham - West Croydon
7537460,2026-04-17 07:54:00+02,194,"",West Croydon Bus Station,194,Lower Sydenham - Clock House - Beckenham - West Wickham - West Croydon
7568318,2026-04-17 09:06:00+02,194,"",West Croydon Bus Station,194,Lower Sydenham - Clock House - Beckenham - West Wickham - West Croydon
7568640,2026-04-17 09:13:00+02,194,"",Bell Green / Sainsbury's,194,Lower Sydenham - Clock House - Beckenham - West Wickham - West Croydon
7607865,2026-04-17 10:29:00+02,194,"",Bell Green / Sainsbury's,194,Lower Sydenham - Clock House - Beckenham - West Wickham - West Croydon
7612432,2026-04-17 10:36:00+02,194,"",West Croydon Bus Station,194,Lower Sydenham - Clock House - Beckenham - West Wickham - West Croydon
7643892,2026-04-17 11:43:00+02,194,"",West Croydon Bus Station,194,Lower Sydenham - Clock House - Beckenham - West Wickham - West Croydon
7644716,2026-04-17 12:02:00+02,194,"",Bell Green / Sainsbury's,194,Lower Sydenham - Clock House - Beckenham - West Wickham - West Croydon
7675186,2026-04-17 13:15:00+02,194,"",Bell Green / Sainsbury's,194,Lower Sydenham - Clock House - Beckenham - West Wickham - West Croydon
7681045,2026-04-17 13:24:00+02,194,"",West Croydon Bus Station,194,Lower Sydenham - Clock House - Beckenham - West Wickham - West Croydon
7717587,2026-04-17 14:36:00+02,194,"",Bell Green / Sainsbury's,194,Lower Sydenham - Clock House - Beckenham - West Wickham - West Croydon
7711374,2026-04-17 14:47:00+02,194,"",Bell Green / Sainsbury's,194,Lower Sydenham - Clock House - Beckenham - West Wickham - West Croydon
7758354,2026-04-17 15:49:00+02,194,"",Bell Green / Sainsbury's,194,Lower Sydenham - Clock House - Beckenham - West Wickham - West Croydon
7760547,2026-04-17 15:55:00+02,194,"",West Croydon Bus Station,194,Lower Sydenham - Clock House - Beckenham - West Wickham - West Croydon
7796911,2026-04-17 17:10:00+02,194,"",West Croydon Bus Station,194,Lower Sydenham - Clock House - Beckenham - West Wickham - West Croydon
7797133,2026-04-17 17:18:00+02,194,"",Bell Green / Sainsbury's,194,Lower Sydenham - Clock House - Beckenham - West Wickham - West Croydon
7799420,2026-04-17 17:30:00+02,194,"",Bell Green / Sainsbury's,194,Lower Sydenham - Clock House - Beckenham - West Wickham - West Croydon
7828589,2026-04-17 18:55:00+02,194,"",West Croydon Bus Station,194,Lower Sydenham - Clock House - Beckenham - West Wickham - West Croydon
7854270,2026-04-17 20:02:00+02,194,"",West Croydon Bus Station,194,Lower Sydenham - Clock House - Beckenham - West Wickham - West Croydon
7856161,2026-04-17 20:12:00+02,194,"",Bell Green / Sainsbury's,194,Lower Sydenham - Clock House - Beckenham - West Wickham - West Croydon
7874005,2026-04-17 21:14:00+02,194,"",Bell Green / Sainsbury's,194,Lower Sydenham - Clock House - Beckenham - West Wickham - West Croydon
7877817,2026-04-17 21:31:00+02,194,"",West Croydon Bus Station,194,Lower Sydenham - Clock House - Beckenham - West Wickham - West Croydon
7890051,2026-04-17 22:24:00+02,194,"",West Croydon Bus Station,194,Lower Sydenham - Clock House - Beckenham - West Wickham - West Croydon
7889739,2026-04-17 22:24:18+02,194,"",West Croydon Bus Station,194,Lower Sydenham - Clock House - Beckenham - West Wickham - West Croydon
7898086,2026-04-17 23:00:00+02,194,"",Bell Green / Sainsbury's,194,Lower Sydenham - Clock House - Beckenham - West Wickham - West Croydon
7907776,2026-04-17 23:51:00+02,194,"",Bell Green / Sainsbury's,194,Lower Sydenham - Clock House - Beckenham - West Wickham - West Croydon
7909468,2026-04-18 00:00:00+02,194,"",West Croydon Bus Station,194,Lower Sydenham - Clock House - Beckenham - West Wickham - West Croydon
7917231,2026-04-18 00:46:00+02,194,"",West Croydon Bus Station,194,Lower Sydenham - Clock House - Beckenham - West Wickham - West Croydon
7918816,2026-04-18 01:00:00+02,194,"",Bell Green / Sainsbury's,194,Lower Sydenham - Clock House - Beckenham - West Wickham - West Croydon
7924254,2026-04-18 01:46:00+02,194,"",Croydon (arriva),194,Lower Sydenham - Clock House - Beckenham - West Wickham - West Croydon
8279834,2026-04-18 23:00:00+02,194,"",Bell Green / Sainsbury's,194,Lower Sydenham - Clock House - Beckenham - West Wickham - West Croydon
8292941,2026-04-18 23:51:00+02,194,"",Bell Green / Sainsbury's,194,Lower Sydenham - Clock House - Beckenham - West Wickham - West Croydon
8294030,2026-04-19 00:00:00+02,194,"",West Croydon Bus Station,194,Lower Sydenham - Clock House - Beckenham - West Wickham - West Croydon
8302503,2026-04-19 00:48:00+02,194,"",West Croydon Bus Station,194,Lower Sydenham - Clock House - Beckenham - West Wickham - West Croydon
8302607,2026-04-19 01:00:00+02,194,"",Bell Green / Sainsbury's,194,Lower Sydenham - Clock House - Beckenham - West Wickham - West Croydon
8309094,2026-04-19 01:48:00+02,194,"",Croydon (arriva),194,Lower Sydenham - Clock House - Beckenham - West Wickham - West Croydon
8383589,2026-04-19 11:33:00+02,60,"",Streatham Station,60,Old Coulsdon - Croydon Town Centre - Thornton Heath Pond - Streatham Vale - Streatham Station
8383485,2026-04-19 12:15:00+02,60,"",Old Coulsdon / Tudor Rose,60,Old Coulsdon - Croydon Town Centre - Thornton Heath Pond - Streatham Vale - Streatham Station
8404354,2026-04-19 13:42:00+02,60,"",Streatham Station,60,Old Coulsdon - Croydon Town Centre - Thornton Heath Pond - Streatham Vale - Streatham Station
8425827,2026-04-19 14:57:00+02,60,"",Streatham Station,60,Old Coulsdon - Croydon Town Centre - Thornton Heath Pond - Streatham Vale - Streatham Station
8427840,2026-04-19 15:12:00+02,60,"",Old Coulsdon / Tudor Rose,60,Old Coulsdon - Croydon Town Centre - Thornton Heath Pond - Streatham Vale - Streatham Station
8450110,2026-04-19 16:42:00+02,60,"",Streatham Station,60,Old Coulsdon - Croydon Town Centre - Thornton Heath Pond - Streatham Vale - Streatham Station
8469668,2026-04-19 17:53:00+02,60,"",Streatham Station,60,Old Coulsdon - Croydon Town Centre - Thornton Heath Pond - Streatham Vale - Streatham Station
8474050,2026-04-19 18:13:00+02,60,"",Old Coulsdon / Tudor Rose,60,Old Coulsdon - Croydon Town Centre - Thornton Heath Pond - Streatham Vale - Streatham Station
8491784,2026-04-19 19:45:00+02,60,"",Streatham Station,60,Old Coulsdon - Croydon Town Centre - Thornton Heath Pond - Streatham Vale - Streatham Station
8509789,2026-04-19 20:48:00+02,60,"",Streatham Station,60,Old Coulsdon - Croydon Town Centre - Thornton Heath Pond - Streatham Vale - Streatham Station
8511983,2026-04-19 21:10:00+02,60,"",Old Coulsdon / Tudor Rose,60,Old Coulsdon - Croydon Town Centre - Thornton Heath Pond - Streatham Vale - Streatham Station
8526837,2026-04-19 22:30:00+02,60,"",Streatham Station,60,Old Coulsdon - Croydon Town Centre - Thornton Heath Pond - Streatham Vale - Streatham Station
8536148,2026-04-19 23:22:00+02,60,"",Streatham Station,60,Old Coulsdon - Croydon Town Centre - Thornton Heath Pond - Streatham Vale - Streatham Station
8537791,2026-04-19 23:40:00+02,60,"",Old Coulsdon / Tudor Rose,60,Old Coulsdon - Croydon Town Centre - Thornton Heath Pond - Streatham Vale - Streatham Station
8547152,2026-04-20 00:45:00+02,60,"",Streatham Station,60,Old Coulsdon - Croydon Town Centre - Thornton Heath Pond - Streatham Vale - Streatham Station
8554500,2026-04-20 01:30:00+02,60,"",Streatham Station,60,Old Coulsdon - Croydon Town Centre - Thornton Heath Pond - Streatham Vale - Streatham Station
8554898,2026-04-20 01:40:00+02,60,"",Old Coulsdon / Tudor Rose,60,Old Coulsdon - Croydon Town Centre - Thornton Heath Pond - Streatham Vale - Streatham Station
8610698,2026-04-20 08:07:00+02,60,"",Streatham Station,60,Old Coulsdon - Croydon Town Centre - Thornton Heath Pond - Streatham Vale - Streatham Station
8610804,2026-04-20 08:29:00+02,60,"",Streatham Station,60,Old Coulsdon - Croydon Town Centre - Thornton Heath Pond - Streatham Vale - Streatham Station
8650924,2026-04-20 09:59:00+02,60,"",Streatham Station,60,Old Coulsdon - Croydon Town Centre - Thornton Heath Pond - Streatham Vale - Streatham Station
8657652,2026-04-20 10:10:00+02,60,"",Old Coulsdon / Tudor Rose,60,Old Coulsdon - Croydon Town Centre - Thornton Heath Pond - Streatham Vale - Streatham Station
8692118,2026-04-20 11:39:00+02,60,"",Streatham Station,60,Old Coulsdon - Croydon Town Centre - Thornton Heath Pond - Streatham Vale - Streatham Station
8731663,2026-04-20 12:54:00+02,60,"",Streatham Station,60,Old Coulsdon - Croydon Town Centre - Thornton Heath Pond - Streatham Vale - Streatham Station
8739015,2026-04-20 13:09:00+02,60,"",Old Coulsdon / Tudor Rose,60,Old Coulsdon - Croydon Town Centre - Thornton Heath Pond - Streatham Vale - Streatham Station
8774610,2026-04-20 14:39:00+02,60,"",Streatham Station,60,Old Coulsdon - Croydon Town Centre - Thornton Heath Pond - Streatham Vale - Streatham Station
8814767,2026-04-20 15:54:00+02,60,"",Streatham Station,60,Old Coulsdon - Croydon Town Centre - Thornton Heath Pond - Streatham Vale - Streatham Station
8820003,2026-04-20 16:07:00+02,60,"",Old Coulsdon / Tudor Rose,60,Old Coulsdon - Croydon Town Centre - Thornton Heath Pond - Streatham Vale - Streatham Station
9136455,2026-04-21 10:20:00+02,60,"",Old Coulsdon / Tudor Rose,60,Old Coulsdon - Croydon Town Centre - Thornton Heath Pond - Streatham Vale - Streatham Station
9142521,2026-04-21 11:49:00+02,60,"",Streatham Station,60,Old Coulsdon - Croydon Town Centre - Thornton Heath Pond - Streatham Vale - Streatham Station
9167867,2026-04-21 13:04:00+02,60,"",Streatham Station,60,Old Coulsdon - Croydon Town Centre - Thornton Heath Pond - Streatham Vale - Streatham Station
9174279,2026-04-21 13:19:00+02,60,"",Old Coulsdon / Tudor Rose,60,Old Coulsdon - Croydon Town Centre - Thornton Heath Pond - Streatham Vale - Streatham Station
9209834,2026-04-21 14:49:00+02,60,"",Streatham Station,60,Old Coulsdon - Croydon Town Centre - Thornton Heath Pond - Streatham Vale - Streatham Station
9249359,2026-04-21 16:05:00+02,60,"",Streatham Station,60,Old Coulsdon - Croydon Town Centre - Thornton Heath Pond - Streatham Vale - Streatham Station
9254964,2026-04-21 16:17:00+02,60,"",Old Coulsdon / Tudor Rose,60,Old Coulsdon - Croydon Town Centre - Thornton Heath Pond - Streatham Vale - Streatham Station
9294485,2026-04-21 17:55:00+02,60,"",Streatham Station,60,Old Coulsdon - Croydon Town Centre - Thornton Heath Pond - Streatham Vale - Streatham Station
9333581,2026-04-21 19:19:00+02,60,"",Streatham Station,60,Old Coulsdon - Croydon Town Centre - Thornton Heath Pond - Streatham Vale - Streatham Station
9336656,2026-04-21 19:37:00+02,60,"",Old Coulsdon / Tudor Rose,60,Old Coulsdon - Croydon Town Centre - Thornton Heath Pond - Streatham Vale - Streatham Station
9358673,2026-04-21 21:00:00+02,60,"",Streatham Station,60,Old Coulsdon - Croydon Town Centre - Thornton Heath Pond - Streatham Vale - Streatham Station
9375024,2026-04-21 22:01:00+02,60,"",Croydon (arriva),60,Old Coulsdon - Croydon Town Centre - Thornton Heath Pond - Streatham Vale - Streatham Station
9436154,2026-04-22 06:58:00+02,60,"",Streatham Station,60,Old Coulsdon - Croydon Town Centre - Thornton Heath Pond - Streatham Vale - Streatham Station
9436099,2026-04-22 07:00:27+02,60,"",Streatham Station,60,Old Coulsdon - Croydon Town Centre - Thornton Heath Pond - Streatham Vale - Streatham Station
9457546,2026-04-22 07:58:00+02,60,"",Streatham Station,60,Old Coulsdon - Croydon Town Centre - Thornton Heath Pond - Streatham Vale - Streatham Station
9464326,2026-04-22 08:11:00+02,60,"",Old Coulsdon / Tudor Rose,60,Old Coulsdon - Croydon Town Centre - Thornton Heath Pond - Streatham Vale - Streatham Station
9500003,2026-04-22 09:39:00+02,60,"",Streatham Station,60,Old Coulsdon - Croydon Town Centre - Thornton Heath Pond - Streatham Vale - Streatham Station
9540147,2026-04-22 10:58:00+02,60,"",Streatham Station,60,Old Coulsdon - Croydon Town Centre - Thornton Heath Pond - Streatham Vale - Streatham Station
9544094,2026-04-22 11:10:00+02,60,"",Old Coulsdon / Tudor Rose,60,Old Coulsdon - Croydon Town Centre - Thornton Heath Pond - Streatham Vale - Streatham Station
9577403,2026-04-22 12:39:00+02,60,"",Streatham Station,60,Old Coulsdon - Croydon Town Centre - Thornton Heath Pond - Streatham Vale - Streatham Station
9615335,2026-04-22 13:54:00+02,60,"",Streatham Station,60,Old Coulsdon - Croydon Town Centre - Thornton Heath Pond - Streatham Vale - Streatham Station
9622458,2026-04-22 14:08:00+02,60,"",Old Coulsdon / Tudor Rose,60,Old Coulsdon - Croydon Town Centre - Thornton Heath Pond - Streatham Vale - Streatham Station
9660586,2026-04-22 15:38:00+02,60,"",Streatham Station,60,Old Coulsdon - Croydon Town Centre - Thornton Heath Pond - Streatham Vale - Streatham Station
9700498,2026-04-22 17:00:00+02,60,"",Streatham Station,60,Old Coulsdon - Croydon Town Centre - Thornton Heath Pond - Streatham Vale - Streatham Station
9704289,2026-04-22 17:07:00+02,60,"",Old Coulsdon / Tudor Rose,60,Old Coulsdon - Croydon Town Centre - Thornton Heath Pond - Streatham Vale - Streatham Station
9742987,2026-04-22 18:45:00+02,60,"",Streatham Station,60,Old Coulsdon - Croydon Town Centre - Thornton Heath Pond - Streatham Vale - Streatham Station
9774511,2026-04-22 20:05:00+02,60,"",Streatham Station,60,Old Coulsdon - Croydon Town Centre - Thornton Heath Pond - Streatham Vale - Streatham Station
9776356,2026-04-22 20:17:00+02,60,"",Old Coulsdon / Tudor Rose,60,Old Coulsdon - Croydon Town Centre - Thornton Heath Pond - Streatham Vale - Streatham Station
9794857,2026-04-22 21:27:00+02,60,"",Croydon (arriva),60,Old Coulsdon - Croydon Town Centre - Thornton Heath Pond - Streatham Vale - Streatham Station
9883282,2026-04-23 07:53:00+02,60,"",Streatham Station,60,Old Coulsdon - Croydon Town Centre - Thornton Heath Pond - Streatham Vale - Streatham Station
9920070,2026-04-23 09:09:00+02,60,"",Streatham Station,60,Old Coulsdon - Croydon Town Centre - Thornton Heath Pond - Streatham Vale - Streatham Station
9924858,2026-04-23 09:19:00+02,60,"",Old Coulsdon / Tudor Rose,60,Old Coulsdon - Croydon Town Centre - Thornton Heath Pond - Streatham Vale - Streatham Station
9963150,2026-04-23 10:49:00+02,60,"",Streatham Station,60,Old Coulsdon - Croydon Town Centre - Thornton Heath Pond - Streatham Vale - Streatham Station
9999103,2026-04-23 12:04:00+02,60,"",Streatham Station,60,Old Coulsdon - Croydon Town Centre - Thornton Heath Pond - Streatham Vale - Streatham Station
10004243,2026-04-23 12:20:00+02,60,"",Old Coulsdon / Tudor Rose,60,Old Coulsdon - Croydon Town Centre - Thornton Heath Pond - Streatham Vale - Streatham Station
10043878,2026-04-23 13:49:00+02,60,"",Streatham Station,60,Old Coulsdon - Croydon Town Centre - Thornton Heath Pond - Streatham Vale - Streatham Station
10080495,2026-04-23 15:04:00+02,60,"",Streatham Station,60,Old Coulsdon - Croydon Town Centre - Thornton Heath Pond - Streatham Vale - Streatham Station
10084410,2026-04-23 15:17:00+02,60,"",Old Coulsdon / Tudor Rose,60,Old Coulsdon - Croydon Town Centre - Thornton Heath Pond - Streatham Vale - Streatham Station
10126418,2026-04-23 16:55:00+02,60,"",Streatham Station,60,Old Coulsdon - Croydon Town Centre - Thornton Heath Pond - Streatham Vale - Streatham Station
10166554,2026-04-23 18:19:00+02,60,"",Streatham Station,60,Old Coulsdon - Croydon Town Centre - Thornton Heath Pond - Streatham Vale - Streatham Station
10170371,2026-04-23 18:37:00+02,60,"",Old Coulsdon / Tudor Rose,60,Old Coulsdon - Croydon Town Centre - Thornton Heath Pond - Streatham Vale - Streatham Station
10203706,2026-04-23 20:15:00+02,60,"",Streatham Station,60,Old Coulsdon - Croydon Town Centre - Thornton Heath Pond - Streatham Vale - Streatham Station
10225938,2026-04-23 21:22:00+02,60,"",Streatham Station,60,Old Coulsdon - Croydon Town Centre - Thornton Heath Pond - Streatham Vale - Streatham Station
10228415,2026-04-23 21:40:00+02,60,"",Old Coulsdon / Tudor Rose,60,Old Coulsdon - Croydon Town Centre - Thornton Heath Pond - Streatham Vale - Streatham Station
10245022,2026-04-23 23:00:00+02,60,"",Streatham Station,60,Old Coulsdon - Croydon Town Centre - Thornton Heath Pond - Streatham Vale - Streatham Station
10259248,2026-04-23 23:52:00+02,60,"",Streatham Station,60,Old Coulsdon - Croydon Town Centre - Thornton Heath Pond - Streatham Vale - Streatham Station
10259794,2026-04-24 00:10:00+02,60,"",Old Coulsdon / Tudor Rose,60,Old Coulsdon - Croydon Town Centre - Thornton Heath Pond - Streatham Vale - Streatham Station
10292136,2026-04-24 06:29:00+02,194,"",Bell Green / Sainsbury's,194,Lower Sydenham - Clock House - Beckenham - West Wickham - West Croydon
10292264,2026-04-24 07:00:00+02,194,"",West Croydon Bus Station,194,Lower Sydenham - Clock House - Beckenham - West Wickham - West Croydon
10308681,2026-04-24 07:51:00+02,194,"",West Croydon Bus Station,194,Lower Sydenham - Clock House - Beckenham - West Wickham - West Croydon
10317661,2026-04-24 08:06:00+02,194,"",Bell Green / Sainsbury's,194,Lower Sydenham - Clock House - Beckenham - West Wickham - West Croydon
10351458,2026-04-24 09:18:00+02,194,"",Bell Green / Sainsbury's,194,Lower Sydenham - Clock House - Beckenham - West Wickham - West Croydon
10353408,2026-04-24 09:24:00+02,194,"",West Croydon Bus Station,194,Lower Sydenham - Clock House - Beckenham - West Wickham - West Croydon
10386977,2026-04-24 10:37:00+02,194,"",West Croydon Bus Station,194,Lower Sydenham - Clock House - Beckenham - West Wickham - West Croydon
10388030,2026-04-24 10:50:00+02,194,"",Bell Green / Sainsbury's,194,Lower Sydenham - Clock House - Beckenham - West Wickham - West Croydon
10426255,2026-04-24 12:02:00+02,194,"",Bell Green / Sainsbury's,194,Lower Sydenham - Clock House - Beckenham - West Wickham - West Croydon
10427867,2026-04-24 12:12:00+02,194,"",West Croydon Bus Station,194,Lower Sydenham - Clock House - Beckenham - West Wickham - West Croydon
10462073,2026-04-24 13:19:00+02,194,"",West Croydon Bus Station,194,Lower Sydenham - Clock House - Beckenham - West Wickham - West Croydon
10469345,2026-04-24 13:26:00+02,194,"",Bell Green / Sainsbury's,194,Lower Sydenham - Clock House - Beckenham - West Wickham - West Croydon
10466790,2026-04-24 13:38:00+02,194,"",Bell Green / Sainsbury's,194,Lower Sydenham - Clock House - Beckenham - West Wickham - West Croydon
10501260,2026-04-24 14:39:00+02,194,"",Bell Green / Sainsbury's,194,Lower Sydenham - Clock House - Beckenham - West Wickham - West Croydon
10505800,2026-04-24 14:48:00+02,194,"",West Croydon Bus Station,194,Lower Sydenham - Clock House - Beckenham - West Wickham - West Croydon
10535391,2026-04-24 15:55:00+02,194,"",West Croydon Bus Station,194,Lower Sydenham - Clock House - Beckenham - West Wickham - West Croydon
10536353,2026-04-24 16:06:00+02,194,"",Bell Green / Sainsbury's,194,Lower Sydenham - Clock House - Beckenham - West Wickham - West Croydon
10539875,2026-04-24 16:18:00+02,194,"",Bell Green / Sainsbury's,194,Lower Sydenham - Clock House - Beckenham - West Wickham - West Croydon
10575798,2026-04-24 17:43:00+02,194,"",West Croydon Bus Station,194,Lower Sydenham - Clock House - Beckenham - West Wickham - West Croydon
10601315,2026-04-24 18:55:00+02,194,"",West Croydon Bus Station,194,Lower Sydenham - Clock House - Beckenham - West Wickham - West Croydon
10604647,2026-04-24 19:05:00+02,194,"",Bell Green / Sainsbury's,194,Lower Sydenham - Clock House - Beckenham - West Wickham - West Croydon
10631103,2026-04-24 20:17:00+02,194,"",Bell Green / Sainsbury's,194,Lower Sydenham - Clock House - Beckenham - West Wickham - West Croydon
10633913,2026-04-24 20:27:00+02,194,"",West Croydon Bus Station,194,Lower Sydenham - Clock House - Beckenham - West Wickham - West Croydon
10648381,2026-04-24 21:27:00+02,194,"",Croydon (arriva),194,Lower Sydenham - Clock House - Beckenham - West Wickham - West Croydon
10747986,2026-04-25 09:10:11+02,60,"",Streatham Station,60,Old Coulsdon - Croydon Town Centre - Thornton Heath Pond - Streatham Vale - Streatham Station
10748081,2026-04-25 09:13:00+02,60,"",Streatham Station,60,Old Coulsdon - Croydon Town Centre - Thornton Heath Pond - Streatham Vale - Streatham Station
10772697,2026-04-25 10:13:00+02,60,"",Streatham Station,60,Old Coulsdon - Croydon Town Centre - Thornton Heath Pond - Streatham Vale - Streatham Station
10777328,2026-04-25 10:27:00+02,60,"",Old Coulsdon / Tudor Rose,60,Old Coulsdon - Croydon Town Centre - Thornton Heath Pond - Streatham Vale - Streatham Station
10810195,2026-04-25 11:46:00+02,60,"",Streatham Station,60,Old Coulsdon - Croydon Town Centre - Thornton Heath Pond - Streatham Vale - Streatham Station
10844034,2026-04-25 13:02:00+02,60,"",Streatham Station,60,Old Coulsdon - Croydon Town Centre - Thornton Heath Pond - Streatham Vale - Streatham Station
10850784,2026-04-25 13:22:00+02,60,"",Old Coulsdon / Tudor Rose,60,Old Coulsdon - Croydon Town Centre - Thornton Heath Pond - Streatham Vale - Streatham Station
10885879,2026-04-25 14:56:00+02,60,"",Streatham Station,60,Old Coulsdon - Croydon Town Centre - Thornton Heath Pond - Streatham Vale - Streatham Station
10926970,2026-04-25 16:16:00+02,60,"",Streatham Station,60,Old Coulsdon - Croydon Town Centre - Thornton Heath Pond - Streatham Vale - Streatham Station
10929736,2026-04-25 16:32:00+02,60,"",Old Coulsdon / Tudor Rose,60,Old Coulsdon - Croydon Town Centre - Thornton Heath Pond - Streatham Vale - Streatham Station
10966620,2026-04-25 18:06:00+02,60,"",Streatham Station,60,Old Coulsdon - Croydon Town Centre - Thornton Heath Pond - Streatham Vale - Streatham Station
10998089,2026-04-25 19:22:00+02,60,"",Croydon (arriva),60,Old Coulsdon - Croydon Town Centre - Thornton Heath Pond - Streatham Vale - Streatham Station
11367090,2026-04-27 08:13:00+02,194,"",West Croydon Bus Station,194,Lower Sydenham - Clock House - Beckenham - West Wickham - West Croydon
11408544,2026-04-27 09:31:00+02,194,"",West Croydon Bus Station,194,Lower Sydenham - Clock House - Beckenham - West Wickham - West Croydon
11409184,2026-04-27 09:38:00+02,194,"",Bell Green / Sainsbury's,194,Lower Sydenham - Clock House - Beckenham - West Wickham - West Croydon
11445233,2026-04-27 10:52:00+02,194,"",Bell Green / Sainsbury's,194,Lower Sydenham - Clock House - Beckenham - West Wickham - West Croydon
11450093,2026-04-27 11:00:00+02,194,"",West Croydon Bus Station,194,Lower Sydenham - Clock House - Beckenham - West Wickham - West Croydon
11482310,2026-04-27 12:07:00+02,194,"",West Croydon Bus Station,194,Lower Sydenham - Clock House - Beckenham - West Wickham - West Croydon
11483045,2026-04-27 12:26:00+02,194,"",Bell Green / Sainsbury's,194,Lower Sydenham - Clock House - Beckenham - West Wickham - West Croydon
11525996,2026-04-27 13:48:00+02,194,"",West Croydon Bus Station,194,Lower Sydenham - Clock House - Beckenham - West Wickham - West Croydon
11541947,2026-04-27 14:55:00+02,194,"",West Croydon Bus Station,194,Lower Sydenham - Clock House - Beckenham - West Wickham - West Croydon
11542849,2026-04-27 15:09:00+02,194,"",Bell Green / Sainsbury's,194,Lower Sydenham - Clock House - Beckenham - West Wickham - West Croydon
11580912,2026-04-27 16:24:00+02,194,"",Bell Green / Sainsbury's,194,Lower Sydenham - Clock House - Beckenham - West Wickham - West Croydon
11584222,2026-04-27 16:31:00+02,194,"",West Croydon Bus Station,194,Lower Sydenham - Clock House - Beckenham - West Wickham - West Croydon
11617044,2026-04-27 17:46:00+02,194,"",West Croydon Bus Station,194,Lower Sydenham - Clock House - Beckenham - West Wickham - West Croydon
11622848,2026-04-27 17:54:00+02,194,"",Bell Green / Sainsbury's,194,Lower Sydenham - Clock House - Beckenham - West Wickham - West Croydon
11647516,2026-04-27 19:18:00+02,194,"",West Croydon Bus Station,194,Lower Sydenham - Clock House - Beckenham - West Wickham - West Croydon
11671386,2026-04-27 20:24:00+02,194,"",West Croydon Bus Station,194,Lower Sydenham - Clock House - Beckenham - West Wickham - West Croydon
11676268,2026-04-27 20:36:00+02,194,"",Bell Green / Sainsbury's,194,Lower Sydenham - Clock House - Beckenham - West Wickham - West Croydon
11694202,2026-04-27 21:34:00+02,194,"",Bell Green / Sainsbury's,194,Lower Sydenham - Clock House - Beckenham - West Wickham - West Croydon
11694769,2026-04-27 21:46:00+02,194,"",West Croydon Bus Station,194,Lower Sydenham - Clock House - Beckenham - West Wickham - West Croydon
11707536,2026-04-27 22:38:00+02,194,"",West Croydon Bus Station,194,Lower Sydenham - Clock House - Beckenham - West Wickham - West Croydon
11712381,2026-04-27 23:20:00+02,194,"",Bell Green / Sainsbury's,194,Lower Sydenham - Clock House - Beckenham - West Wickham - West Croydon
11723935,2026-04-28 00:10:00+02,194,"",Bell Green / Sainsbury's,194,Lower Sydenham - Clock House - Beckenham - West Wickham - West Croydon
11726798,2026-04-28 00:20:00+02,194,"",West Croydon Bus Station,194,Lower Sydenham - Clock House - Beckenham - West Wickham - West Croydon
11732493,2026-04-28 01:04:00+02,194,"",West Croydon Bus Station,194,Lower Sydenham - Clock House - Beckenham - West Wickham - West Croydon
11733271,2026-04-28 01:20:00+02,194,"",Bell Green / Sainsbury's,194,Lower Sydenham - Clock House - Beckenham - West Wickham - West Croydon
11738118,2026-04-28 02:06:00+02,194,"",Croydon (arriva),194,Lower Sydenham - Clock House - Beckenham - West Wickham - West Croydon
11768768,2026-04-28 07:28:00+02,60,"",Streatham Station,60,Old Coulsdon - Croydon Town Centre - Thornton Heath Pond - Streatham Vale - Streatham Station
11802837,2026-04-28 08:36:00+02,60,"",Streatham Station,60,Old Coulsdon - Croydon Town Centre - Thornton Heath Pond - Streatham Vale - Streatham Station
11807909,2026-04-28 08:48:00+02,60,"",Old Coulsdon / Tudor Rose,60,Old Coulsdon - Croydon Town Centre - Thornton Heath Pond - Streatham Vale - Streatham Station
11845024,2026-04-28 10:19:00+02,60,"",Streatham Station,60,Old Coulsdon - Croydon Town Centre - Thornton Heath Pond - Streatham Vale - Streatham Station
11887897,2026-04-28 11:50:00+02,60,"",Old Coulsdon / Tudor Rose,60,Old Coulsdon - Croydon Town Centre - Thornton Heath Pond - Streatham Vale - Streatham Station
11922872,2026-04-28 13:19:00+02,60,"",Streatham Station,60,Old Coulsdon - Croydon Town Centre - Thornton Heath Pond - Streatham Vale - Streatham Station
11963692,2026-04-28 14:34:00+02,60,"",Streatham Station,60,Old Coulsdon - Croydon Town Centre - Thornton Heath Pond - Streatham Vale - Streatham Station
11967876,2026-04-28 14:48:00+02,60,"",Old Coulsdon / Tudor Rose,60,Old Coulsdon - Croydon Town Centre - Thornton Heath Pond - Streatham Vale - Streatham Station
12007875,2026-04-28 16:25:00+02,60,"",Streatham Station,60,Old Coulsdon - Croydon Town Centre - Thornton Heath Pond - Streatham Vale - Streatham Station
12049695,2026-04-28 17:49:00+02,60,"",Streatham Station,60,Old Coulsdon - Croydon Town Centre - Thornton Heath Pond - Streatham Vale - Streatham Station
12053380,2026-04-28 17:57:00+02,60,"",Old Coulsdon / Tudor Rose,60,Old Coulsdon - Croydon Town Centre - Thornton Heath Pond - Streatham Vale - Streatham Station
12086583,2026-04-28 19:35:00+02,60,"",Streatham Station,60,Old Coulsdon - Croydon Town Centre - Thornton Heath Pond - Streatham Vale - Streatham Station
12111413,2026-04-28 22:07:00+02,60,"",Croydon (arriva),60,Old Coulsdon - Croydon Town Centre - Thornton Heath Pond - Streatham Vale - Streatham Station
12174825,2026-04-29 07:20:00+02,60,"",Streatham Station,60,Old Coulsdon - Croydon Town Centre - Thornton Heath Pond - Streatham Vale - Streatham Station
12206857,2026-04-29 08:26:00+02,60,"",Streatham Station,60,Old Coulsdon - Croydon Town Centre - Thornton Heath Pond - Streatham Vale - Streatham Station
12210067,2026-04-29 08:38:00+02,60,"",Old Coulsdon / Tudor Rose,60,Old Coulsdon - Croydon Town Centre - Thornton Heath Pond - Streatham Vale - Streatham Station
12249597,2026-04-29 10:09:00+02,60,"",Streatham Station,60,Old Coulsdon - Croydon Town Centre - Thornton Heath Pond - Streatham Vale - Streatham Station
12292138,2026-04-29 11:24:00+02,60,"",Streatham Station,60,Old Coulsdon - Croydon Town Centre - Thornton Heath Pond - Streatham Vale - Streatham Station
12294994,2026-04-29 11:40:00+02,60,"",Old Coulsdon / Tudor Rose,60,Old Coulsdon - Croydon Town Centre - Thornton Heath Pond - Streatham Vale - Streatham Station
12331893,2026-04-29 13:09:00+02,60,"",Streatham Station,60,Old Coulsdon - Croydon Town Centre - Thornton Heath Pond - Streatham Vale - Streatham Station
12366778,2026-04-29 14:24:00+02,60,"",Streatham Station,60,Old Coulsdon - Croydon Town Centre - Thornton Heath Pond - Streatham Vale - Streatham Station
12371005,2026-04-29 14:38:00+02,60,"",Old Coulsdon / Tudor Rose,60,Old Coulsdon - Croydon Town Centre - Thornton Heath Pond - Streatham Vale - Streatham Station
12414163,2026-04-29 16:06:00+02,60,"",Streatham Station,60,Old Coulsdon - Croydon Town Centre - Thornton Heath Pond - Streatham Vale - Streatham Station
12460462,2026-04-29 17:30:00+02,60,"",Streatham Station,60,Old Coulsdon - Croydon Town Centre - Thornton Heath Pond - Streatham Vale - Streatham Station
12466251,2026-04-29 17:37:00+02,60,"",Old Coulsdon / Tudor Rose,60,Old Coulsdon - Croydon Town Centre - Thornton Heath Pond - Streatham Vale - Streatham Station
12485675,2026-04-29 19:03:45+02,60,"",Old Coulsdon / Tudor Rose,60,Old Coulsdon - Croydon Town Centre - Thornton Heath Pond - Streatham Vale - Streatham Station
12501479,2026-04-29 19:15:00+02,60,"",Streatham Station,60,Old Coulsdon - Croydon Town Centre - Thornton Heath Pond - Streatham Vale - Streatham Station
12529725,2026-04-29 20:30:00+02,60,"",Old Coulsdon,60,Old Coulsdon - Croydon Town Centre - Thornton Heath Pond - Streatham Vale - Streatham Station
12648297,2026-04-30 07:53:00+02,60,"",Old Coulsdon / Tudor Rose,60,Old Coulsdon - Croydon Town Centre - Thornton Heath Pond - Streatham Vale - Streatham Station
12630801,2026-04-30 08:15:00+02,60,"",Streatham Station,60,Old Coulsdon - Croydon Town Centre - Thornton Heath Pond - Streatham Vale - Streatham Station
12693992,2026-04-30 09:49:00+02,60,"",Old Coulsdon / Tudor Rose,60,Old Coulsdon - Croydon Town Centre - Thornton Heath Pond - Streatham Vale - Streatham Station
13063247,2026-05-01 07:36:00+02,194,"",Bell Green / Sainsbury's,194,Lower Sydenham - Clock House - Beckenham - West Wickham - West Croydon
13062307,2026-05-01 08:13:00+02,194,"",West Croydon Bus Station,194,Lower Sydenham - Clock House - Beckenham - West Wickham - West Croydon
13096292,2026-05-01 09:28:15+02,194,"",West Croydon Bus Station,194,Lower Sydenham - Clock House - Beckenham - West Wickham - West Croydon
13100405,2026-05-01 09:31:00+02,194,"",West Croydon Bus Station,194,Lower Sydenham - Clock House - Beckenham - West Wickham - West Croydon
13101875,2026-05-01 09:38:00+02,194,"",Bell Green / Sainsbury's,194,Lower Sydenham - Clock House - Beckenham - West Wickham - West Croydon
13135905,2026-05-01 10:52:00+02,194,"",Bell Green / Sainsbury's,194,Lower Sydenham - Clock House - Beckenham - West Wickham - West Croydon
13143279,2026-05-01 11:00:00+02,194,"",West Croydon Bus Station,194,Lower Sydenham - Clock House - Beckenham - West Wickham - West Croydon
13187216,2026-05-01 12:07:00+02,194,"",West Croydon Bus Station,194,Lower Sydenham - Clock House - Beckenham - West Wickham - West Croydon
13188260,2026-05-01 12:26:00+02,194,"",Bell Green / Sainsbury's,194,Lower Sydenham - Clock House - Beckenham - West Wickham - West Croydon
13224065,2026-05-01 13:48:00+02,194,"",West Croydon Bus Station,194,Lower Sydenham - Clock House - Beckenham - West Wickham - West Croydon
13250286,2026-05-01 14:55:00+02,194,"",West Croydon Bus Station,194,Lower Sydenham - Clock House - Beckenham - West Wickham - West Croydon
13251598,2026-05-01 15:09:00+02,194,"",Bell Green / Sainsbury's,194,Lower Sydenham - Clock House - Beckenham - West Wickham - West Croydon
13291000,2026-05-01 16:31:00+02,194,"",West Croydon Bus Station,194,Lower Sydenham - Clock House - Beckenham - West Wickham - West Croydon
13326863,2026-05-01 17:46:00+02,194,"",Bell Green / Sainsbury's,194,Lower Sydenham - Clock House - Beckenham - West Wickham - West Croydon
13327456,2026-05-01 17:54:00+02,194,"",Bell Green / Sainsbury's,194,Lower Sydenham - Clock House - Beckenham - West Wickham - West Croydon
13358048,2026-05-01 19:18:00+02,194,"",West Croydon Bus Station,194,Lower Sydenham - Clock House - Beckenham - West Wickham - West Croydon
13378789,2026-05-01 20:24:00+02,194,"",West Croydon Bus Station,194,Lower Sydenham - Clock House - Beckenham - West Wickham - West Croydon
13379707,2026-05-01 20:36:00+02,194,"",Bell Green / Sainsbury's,194,Lower Sydenham - Clock House - Beckenham - West Wickham - West Croydon
13396852,2026-05-01 21:46:00+02,194,"",West Croydon Bus Station,194,Lower Sydenham - Clock House - Beckenham - West Wickham - West Croydon
13408240,2026-05-01 22:38:00+02,194,"",West Croydon Bus Station,194,Lower Sydenham - Clock House - Beckenham - West Wickham - West Croydon
13408654,2026-05-01 23:20:00+02,194,"",Bell Green / Sainsbury's,194,Lower Sydenham - Clock House - Beckenham - West Wickham - West Croydon
13425922,2026-05-02 00:10:00+02,194,"",Bell Green / Sainsbury's,194,Lower Sydenham - Clock House - Beckenham - West Wickham - West Croydon
13428259,2026-05-02 00:20:00+02,194,"",West Croydon Bus Station,194,Lower Sydenham - Clock House - Beckenham - West Wickham - West Croydon
13436042,2026-05-02 01:04:00+02,194,"",West Croydon Bus Station,194,Lower Sydenham - Clock House - Beckenham - West Wickham - West Croydon
13436704,2026-05-02 01:20:00+02,194,"",Bell Green / Sainsbury's,194,Lower Sydenham - Clock House - Beckenham - West Wickham - West Croydon
13441026,2026-05-02 02:06:00+02,194,"",Croydon (arriva),194,Lower Sydenham - Clock House - Beckenham - West Wickham - West Croydon
13485167,2026-05-02 08:44:00+02,194,"",Bell Green / Sainsbury's,194,Lower Sydenham - Clock House - Beckenham - West Wickham - West Croydon
13505848,2026-05-02 09:36:00+02,194,"",Bell Green / Sainsbury's,194,Lower Sydenham - Clock House - Beckenham - West Wickham - West Croydon
13508780,2026-05-02 09:46:00+02,194,"",West Croydon Bus Station,194,Lower Sydenham - Clock House - Beckenham - West Wickham - West Croydon
13533310,2026-05-02 10:45:00+02,194,"",West Croydon Bus Station,194,Lower Sydenham - Clock House - Beckenham - West Wickham - West Croydon
13533960,2026-05-02 11:01:00+02,194,"",Bell Green / Sainsbury's,194,Lower Sydenham - Clock House - Beckenham - West Wickham - West Croydon
13572547,2026-05-02 12:11:00+02,194,"",Bell Green / Sainsbury's,194,Lower Sydenham - Clock House - Beckenham - West Wickham - West Croydon
13573703,2026-05-02 12:23:00+02,194,"",West Croydon Bus Station,194,Lower Sydenham - Clock House - Beckenham - West Wickham - West Croydon
13607226,2026-05-02 13:38:00+02,194,"",West Croydon Bus Station,194,Lower Sydenham - Clock House - Beckenham - West Wickham - West Croydon
13607714,2026-05-02 13:47:00+02,194,"",Bell Green / Sainsbury's,194,Lower Sydenham - Clock House - Beckenham - West Wickham - West Croydon
13640800,2026-05-02 15:11:00+02,194,"",West Croydon Bus Station,194,Lower Sydenham - Clock House - Beckenham - West Wickham - West Croydon
13667123,2026-05-02 16:19:00+02,194,"",West Croydon Bus Station,194,Lower Sydenham - Clock House - Beckenham - West Wickham - West Croydon
13675065,2026-05-02 16:35:00+02,194,"",Bell Green / Sainsbury's,194,Lower Sydenham - Clock House - Beckenham - West Wickham - West Croydon
13709328,2026-05-02 17:45:00+02,194,"",Bell Green / Sainsbury's,194,Lower Sydenham - Clock House - Beckenham - West Wickham - West Croydon
13714082,2026-05-02 17:59:00+02,194,"",West Croydon Bus Station,194,Lower Sydenham - Clock House - Beckenham - West Wickham - West Croydon
13738608,2026-05-02 19:02:00+02,194,"",West Croydon Bus Station,194,Lower Sydenham - Clock House - Beckenham - West Wickham - West Croydon
13739970,2026-05-02 19:11:00+02,194,"",Bell Green / Sainsbury's,194,Lower Sydenham - Clock House - Beckenham - West Wickham - West Croydon
13761307,2026-05-02 20:16:00+02,194,"",Croydon (arriva),194,Lower Sydenham - Clock House - Beckenham - West Wickham - West Croydon
13790785,2026-05-02 22:01:00+02,194,"",West Croydon Bus Station,194,Lower Sydenham - Clock House - Beckenham - West Wickham - West Croydon
13790653,2026-05-02 22:40:00+02,194,"",Bell Green / Sainsbury's,194,Lower Sydenham - Clock House - Beckenham - West Wickham - West Croydon
13804295,2026-05-02 23:31:00+02,194,"",Bell Green / Sainsbury's,194,Lower Sydenham - Clock House - Beckenham - West Wickham - West Croydon
13806430,2026-05-02 23:40:00+02,194,"",West Croydon Bus Station,194,Lower Sydenham - Clock House - Beckenham - West Wickham - West Croydon
13815093,2026-05-03 00:29:00+02,194,"",West Croydon Bus Station,194,Lower Sydenham - Clock House - Beckenham - West Wickham - West Croydon
13815555,2026-05-03 00:40:00+02,194,"",Bell Green / Sainsbury's,194,Lower Sydenham - Clock House - Beckenham - West Wickham - West Croydon
13823332,2026-05-03 01:28:00+02,194,"",Croydon (arriva),194,Lower Sydenham - Clock House - Beckenham - West Wickham - West Croydon
13833946,2026-05-03 05:55:00+02,60,"",Old Coulsdon / Tudor Rose,60,Old Coulsdon - Croydon Town Centre - Thornton Heath Pond - Streatham Vale - Streatham Station
13835065,2026-05-03 06:09:28+02,60,"",Streatham Station,60,Old Coulsdon - Croydon Town Centre - Thornton Heath Pond - Streatham Vale - Streatham Station
13835070,2026-05-03 06:10:00+02,60,"",Streatham Station,60,Old Coulsdon - Croydon Town Centre - Thornton Heath Pond - Streatham Vale - Streatham Station
13838591,2026-05-03 06:56:00+02,60,"",Streatham Station,60,Old Coulsdon - Croydon Town Centre - Thornton Heath Pond - Streatham Vale - Streatham Station
13839805,2026-05-03 07:10:00+02,60,"",Old Coulsdon / Tudor Rose,60,Old Coulsdon - Croydon Town Centre - Thornton Heath Pond - Streatham Vale - Streatham Station
13847117,2026-05-03 08:20:00+02,60,"",Streatham Station,60,Old Coulsdon - Croydon Town Centre - Thornton Heath Pond - Streatham Vale - Streatham Station
13856243,2026-05-03 09:12:00+02,60,"",Streatham Station,60,Old Coulsdon - Croydon Town Centre - Thornton Heath Pond - Streatham Vale - Streatham Station
13857895,2026-05-03 09:20:00+02,60,"",Old Coulsdon / Tudor Rose,60,Old Coulsdon - Croydon Town Centre - Thornton Heath Pond - Streatham Vale - Streatham Station
13870379,2026-05-03 10:36:00+02,60,"",Streatham Station,60,Old Coulsdon - Croydon Town Centre - Thornton Heath Pond - Streatham Vale - Streatham Station
13889821,2026-05-03 11:39:00+02,60,"",Streatham Station,60,Old Coulsdon - Croydon Town Centre - Thornton Heath Pond - Streatham Vale - Streatham Station
13893698,2026-05-03 11:52:00+02,60,"",Old Coulsdon / Tudor Rose,60,Old Coulsdon - Croydon Town Centre - Thornton Heath Pond - Streatham Vale - Streatham Station
13912473,2026-05-03 13:18:00+02,60,"",Streatham Station,60,Old Coulsdon - Croydon Town Centre - Thornton Heath Pond - Streatham Vale - Streatham Station
13934372,2026-05-03 14:33:00+02,60,"",Streatham Station,60,Old Coulsdon - Croydon Town Centre - Thornton Heath Pond - Streatham Vale - Streatham Station
13938040,2026-05-03 14:47:00+02,60,"",Old Coulsdon / Tudor Rose,60,Old Coulsdon - Croydon Town Centre - Thornton Heath Pond - Streatham Vale - Streatham Station
13956652,2026-05-03 16:18:00+02,60,"",Streatham Station,60,Old Coulsdon - Croydon Town Centre - Thornton Heath Pond - Streatham Vale - Streatham Station
13979227,2026-05-03 17:29:00+02,60,"",Streatham Station,60,Old Coulsdon - Croydon Town Centre - Thornton Heath Pond - Streatham Vale - Streatham Station
13984513,2026-05-03 17:49:00+02,60,"",Old Coulsdon / Tudor Rose,60,Old Coulsdon - Croydon Town Centre - Thornton Heath Pond - Streatham Vale - Streatham Station
14001856,2026-05-03 19:18:00+02,60,"",Streatham Station,60,Old Coulsdon - Croydon Town Centre - Thornton Heath Pond - Streatham Vale - Streatham Station
14018400,2026-05-03 20:21:00+02,60,"",Streatham Station,60,Old Coulsdon - Croydon Town Centre - Thornton Heath Pond - Streatham Vale - Streatham Station
14022693,2026-05-03 20:40:00+02,60,"",Old Coulsdon / Tudor Rose,60,Old Coulsdon - Croydon Town Centre - Thornton Heath Pond - Streatham Vale - Streatham Station
14035120,2026-05-03 22:00:00+02,60,"",Streatham Station,60,Old Coulsdon - Croydon Town Centre - Thornton Heath Pond - Streatham Vale - Streatham Station
14049603,2026-05-03 22:54:00+02,60,"",Streatham Station,60,Old Coulsdon - Croydon Town Centre - Thornton Heath Pond - Streatham Vale - Streatham Station
14050460,2026-05-03 23:10:00+02,60,"",Old Coulsdon / Tudor Rose,60,Old Coulsdon - Croydon Town Centre - Thornton Heath Pond - Streatham Vale - Streatham Station
14061763,2026-05-04 00:15:00+02,60,"",Streatham Station,60,Old Coulsdon - Croydon Town Centre - Thornton Heath Pond - Streatham Vale - Streatham Station
14068774,2026-05-04 01:02:00+02,60,"",Streatham Station,60,Old Coulsdon - Croydon Town Centre - Thornton Heath Pond - Streatham Vale - Streatham Station
14069202,2026-05-04 01:10:00+02,60,"",Old Coulsdon / Tudor Rose,60,Old Coulsdon - Croydon Town Centre - Thornton Heath Pond - Streatham Vale - Streatham Station
14680471,2026-05-05 19:40:00+02,194,"",West Croydon Bus Station,194,Lower Sydenham - Clock House - Beckenham - West Wickham - West Croydon
14680527,2026-05-05 19:49:00+02,194,"",Bell Green / Sainsbury's,194,Lower Sydenham - Clock House - Beckenham - West Wickham - West Croydon
14680414,2026-05-05 19:52:55+02,194,"",West Croydon Bus Station,194,Lower Sydenham - Clock House - Beckenham - West Wickham - West Croydon
14698648,2026-05-05 20:54:00+02,194,"",Bell Green / Sainsbury's,194,Lower Sydenham - Clock House - Beckenham - West Wickham - West Croydon
14701563,2026-05-05 21:03:00+02,194,"",West Croydon Bus Station,194,Lower Sydenham - Clock House - Beckenham - West Wickham - West Croydon
14714609,2026-05-05 21:58:00+02,194,"",West Croydon Bus Station,194,Lower Sydenham - Clock House - Beckenham - West Wickham - West Croydon
14714798,2026-05-05 22:40:00+02,194,"",Bell Green / Sainsbury's,194,Lower Sydenham - Clock House - Beckenham - West Wickham - West Croydon
14734693,2026-05-05 23:31:00+02,194,"",Bell Green / Sainsbury's,194,Lower Sydenham - Clock House - Beckenham - West Wickham - West Croydon
14736029,2026-05-05 23:40:00+02,194,"",West Croydon Bus Station,194,Lower Sydenham - Clock House - Beckenham - West Wickham - West Croydon
14744091,2026-05-06 00:28:00+02,194,"",West Croydon Bus Station,194,Lower Sydenham - Clock House - Beckenham - West Wickham - West Croydon
14744166,2026-05-06 00:40:00+02,194,"",Bell Green / Sainsbury's,194,Lower Sydenham - Clock House - Beckenham - West Wickham - West Croydon
14752174,2026-05-06 01:26:00+02,194,"",Croydon (arriva),194,Lower Sydenham - Clock House - Beckenham - West Wickham - West Croydon
14764673,2026-05-06 05:31:00+02,194,"",Bell Green / Sainsbury's,194,Lower Sydenham - Clock House - Beckenham - West Wickham - West Croydon
14764701,2026-05-06 06:00:00+02,194,"",West Croydon Bus Station,194,Lower Sydenham - Clock House - Beckenham - West Wickham - West Croydon
14773156,2026-05-06 06:47:00+02,194,"",West Croydon Bus Station,194,Lower Sydenham - Clock House - Beckenham - West Wickham - West Croydon
14773650,2026-05-06 07:03:00+02,194,"",Bell Green / Sainsbury's,194,Lower Sydenham - Clock House - Beckenham - West Wickham - West Croydon
14796336,2026-05-06 07:55:00+02,194,"",Bell Green / Sainsbury's,194,Lower Sydenham - Clock House - Beckenham - West Wickham - West Croydon
14801357,2026-05-06 08:03:00+02,194,"",West Croydon Bus Station,194,Lower Sydenham - Clock House - Beckenham - West Wickham - West Croydon
14840148,2026-05-06 09:26:00+02,194,"",Bell Green / Sainsbury's,194,Lower Sydenham - Clock House - Beckenham - West Wickham - West Croydon
14870613,2026-05-06 10:48:00+02,194,"",West Croydon Bus Station,194,Lower Sydenham - Clock House - Beckenham - West Wickham - West Croydon
14906525,2026-05-06 11:55:00+02,194,"",Bell Green / Sainsbury's,194,Lower Sydenham - Clock House - Beckenham - West Wickham - West Croydon
14907313,2026-05-06 12:14:00+02,194,"",Bell Green / Sainsbury's,194,Lower Sydenham - Clock House - Beckenham - West Wickham - West Croydon
14947964,2026-05-06 13:27:00+02,194,"",Bell Green / Sainsbury's,194,Lower Sydenham - Clock House - Beckenham - West Wickham - West Croydon
14951546,2026-05-06 13:36:00+02,194,"",West Croydon Bus Station,194,Lower Sydenham - Clock House - Beckenham - West Wickham - West Croydon
15207927,2026-05-07 06:50:00+02,194,"",Bell Green / Sainsbury's,194,Lower Sydenham - Clock House - Beckenham - West Wickham - West Croydon
15224041,2026-05-07 07:39:00+02,194,"",Bell Green / Sainsbury's,194,Lower Sydenham - Clock House - Beckenham - West Wickham - West Croydon
15231520,2026-05-07 07:54:00+02,194,"",West Croydon Bus Station,194,Lower Sydenham - Clock House - Beckenham - West Wickham - West Croydon
15266974,2026-05-07 09:06:00+02,194,"",West Croydon Bus Station,194,Lower Sydenham - Clock House - Beckenham - West Wickham - West Croydon
15269894,2026-05-07 09:13:00+02,194,"",Bell Green / Sainsbury's,194,Lower Sydenham - Clock House - Beckenham - West Wickham - West Croydon
15303695,2026-05-07 10:29:00+02,194,"",Bell Green / Sainsbury's,194,Lower Sydenham - Clock House - Beckenham - West Wickham - West Croydon
15308684,2026-05-07 10:36:00+02,194,"",West Croydon Bus Station,194,Lower Sydenham - Clock House - Beckenham - West Wickham - West Croydon
15339833,2026-05-07 11:43:00+02,194,"",West Croydon Bus Station,194,Lower Sydenham - Clock House - Beckenham - West Wickham - West Croydon
15340326,2026-05-07 12:02:00+02,194,"",Bell Green / Sainsbury's,194,Lower Sydenham - Clock House - Beckenham - West Wickham - West Croydon
15380611,2026-05-07 13:15:00+02,194,"",Bell Green / Sainsbury's,194,Lower Sydenham - Clock House - Beckenham - West Wickham - West Croydon
15383181,2026-05-07 13:24:00+02,194,"",West Croydon Bus Station,194,Lower Sydenham - Clock House - Beckenham - West Wickham - West Croydon
15414929,2026-05-07 14:31:00+02,194,"",West Croydon Bus Station,194,Lower Sydenham - Clock House - Beckenham - West Wickham - West Croydon
15415251,2026-05-07 14:47:00+02,194,"",Bell Green / Sainsbury's,194,Lower Sydenham - Clock House - Beckenham - West Wickham - West Croydon
15456500,2026-05-07 16:00:00+02,194,"",Bell Green / Sainsbury's,194,Lower Sydenham - Clock House - Beckenham - West Wickham - West Croydon
15459513,2026-05-07 16:07:00+02,194,"",West Croydon Bus Station,194,Lower Sydenham - Clock House - Beckenham - West Wickham - West Croydon
15492008,2026-05-07 17:22:00+02,194,"",West Croydon Bus Station,194,Lower Sydenham - Clock House - Beckenham - West Wickham - West Croydon
15496203,2026-05-07 17:30:00+02,194,"",Bell Green / Sainsbury's,194,Lower Sydenham - Clock House - Beckenham - West Wickham - West Croydon
15524803,2026-05-07 18:55:00+02,194,"",West Croydon Bus Station,194,Lower Sydenham - Clock House - Beckenham - West Wickham - West Croydon
15550299,2026-05-07 20:02:00+02,194,"",West Croydon Bus Station,194,Lower Sydenham - Clock House - Beckenham - West Wickham - West Croydon
15550812,2026-05-07 20:12:00+02,194,"",Bell Green / Sainsbury's,194,Lower Sydenham - Clock House - Beckenham - West Wickham - West Croydon
15573078,2026-05-07 21:14:00+02,194,"",Bell Green / Sainsbury's,194,Lower Sydenham - Clock House - Beckenham - West Wickham - West Croydon
15576017,2026-05-07 21:31:00+02,194,"",West Croydon Bus Station,194,Lower Sydenham - Clock House - Beckenham - West Wickham - West Croydon
15588041,2026-05-07 22:24:00+02,194,"",West Croydon Bus Station,194,Lower Sydenham - Clock House - Beckenham - West Wickham - West Croydon
15588491,2026-05-07 23:00:00+02,194,"",Bell Green / Sainsbury's,194,Lower Sydenham - Clock House - Beckenham - West Wickham - West Croydon
16030323,2026-05-08 22:24:00+02,194,"",West Croydon Bus Station,194,Lower Sydenham - Clock House - Beckenham - West Wickham - West Croydon
16030155,2026-05-08 23:00:00+02,194,"",Bell Green / Sainsbury's,194,Lower Sydenham - Clock House - Beckenham - West Wickham - West Croydon
16041081,2026-05-08 23:51:00+02,194,"",Bell Green / Sainsbury's,194,Lower Sydenham - Clock House - Beckenham - West Wickham - West Croydon
16042333,2026-05-09 00:00:00+02,194,"",West Croydon Bus Station,194,Lower Sydenham - Clock House - Beckenham - West Wickham - West Croydon
16050264,2026-05-09 00:46:00+02,194,"",West Croydon Bus Station,194,Lower Sydenham - Clock House - Beckenham - West Wickham - West Croydon
16051059,2026-05-09 01:00:00+02,194,"",Bell Green / Sainsbury's,194,Lower Sydenham - Clock House - Beckenham - West Wickham - West Croydon
16056757,2026-05-09 01:46:00+02,194,"",Croydon (arriva),194,Lower Sydenham - Clock House - Beckenham - West Wickham - West Croydon
17151650,2026-05-12 07:17:00+02,194,"",West Croydon Bus Station,194,Lower Sydenham - Clock House - Beckenham - West Wickham - West Croydon
17151836,2026-05-12 07:26:00+02,194,"",Bell Green / Sainsbury's,194,Lower Sydenham - Clock House - Beckenham - West Wickham - West Croydon
17194057,2026-05-12 08:36:00+02,194,"",West Croydon Bus Station,194,Lower Sydenham - Clock House - Beckenham - West Wickham - West Croydon
17220301,2026-05-12 09:54:00+02,194,"",West Croydon Bus Station,194,Lower Sydenham - Clock House - Beckenham - West Wickham - West Croydon
17221774,2026-05-12 10:02:00+02,194,"",Bell Green / Sainsbury's,194,Lower Sydenham - Clock House - Beckenham - West Wickham - West Croydon
17257912,2026-05-12 11:15:00+02,194,"",Bell Green / Sainsbury's,194,Lower Sydenham - Clock House - Beckenham - West Wickham - West Croydon
17258835,2026-05-12 11:24:00+02,194,"",West Croydon Bus Station,194,Lower Sydenham - Clock House - Beckenham - West Wickham - West Croydon
17295083,2026-05-12 12:31:00+02,194,"",West Croydon Bus Station,194,Lower Sydenham - Clock House - Beckenham - West Wickham - West Croydon
17295491,2026-05-12 12:50:00+02,194,"",Bell Green / Sainsbury's,194,Lower Sydenham - Clock House - Beckenham - West Wickham - West Croydon
17330533,2026-05-12 14:03:00+02,194,"",Bell Green / Sainsbury's,194,Lower Sydenham - Clock House - Beckenham - West Wickham - West Croydon
17336308,2026-05-12 14:12:00+02,194,"",West Croydon Bus Station,194,Lower Sydenham - Clock House - Beckenham - West Wickham - West Croydon
17367138,2026-05-12 15:19:00+02,194,"",West Croydon Bus Station,194,Lower Sydenham - Clock House - Beckenham - West Wickham - West Croydon
17367554,2026-05-12 15:31:00+02,194,"",Bell Green / Sainsbury's,194,Lower Sydenham - Clock House - Beckenham - West Wickham - West Croydon
17405578,2026-05-12 16:48:00+02,194,"",Bell Green / Sainsbury's,194,Lower Sydenham - Clock House - Beckenham - West Wickham - West Croydon
17412310,2026-05-12 16:55:00+02,194,"",West Croydon Bus Station,194,Lower Sydenham - Clock House - Beckenham - West Wickham - West Croydon
17441549,2026-05-12 18:08:00+02,194,"",West Croydon Bus Station,194,Lower Sydenham - Clock House - Beckenham - West Wickham - West Croydon
17445018,2026-05-12 18:18:00+02,194,"",Bell Green / Sainsbury's,194,Lower Sydenham - Clock House - Beckenham - West Wickham - West Croydon
17474974,2026-05-12 19:34:00+02,194,"",Bell Green / Sainsbury's,194,Lower Sydenham - Clock House - Beckenham - West Wickham - West Croydon
17479488,2026-05-12 19:40:00+02,194,"",West Croydon Bus Station,194,Lower Sydenham - Clock House - Beckenham - West Wickham - West Croydon
17495697,2026-05-12 20:43:00+02,194,"",West Croydon Bus Station,194,Lower Sydenham - Clock House - Beckenham - West Wickham - West Croydon
17498589,2026-05-12 21:40:00+02,194,"",Bell Green / Sainsbury's,194,Lower Sydenham - Clock House - Beckenham - West Wickham - West Croydon
17523503,2026-05-12 22:33:00+02,194,"",Bell Green / Sainsbury's,194,Lower Sydenham - Clock House - Beckenham - West Wickham - West Croydon
17526409,2026-05-12 22:40:00+02,194,"",West Croydon Bus Station,194,Lower Sydenham - Clock House - Beckenham - West Wickham - West Croydon
17536180,2026-05-12 23:31:00+02,194,"",West Croydon Bus Station,194,Lower Sydenham - Clock House - Beckenham - West Wickham - West Croydon
17537698,2026-05-12 23:40:00+02,194,"",Bell Green / Sainsbury's,194,Lower Sydenham - Clock House - Beckenham - West Wickham - West Croydon
17547159,2026-05-13 00:29:00+02,194,"",Bell Green / Sainsbury's,194,Lower Sydenham - Clock House - Beckenham - West Wickham - West Croydon
17547943,2026-05-13 00:40:00+02,194,"",West Croydon Bus Station,194,Lower Sydenham - Clock House - Beckenham - West Wickham - West Croydon
17552905,2026-05-13 01:23:00+02,194,"",Croydon (arriva),194,Lower Sydenham - Clock House - Beckenham - West Wickham - West Croydon
17580649,2026-05-13 06:38:00+02,194,"",Bell Green / Sainsbury's,194,Lower Sydenham - Clock House - Beckenham - West Wickham - West Croydon
17580494,2026-05-13 07:10:00+02,194,"",West Croydon Bus Station,194,Lower Sydenham - Clock House - Beckenham - West Wickham - West Croydon
17602239,2026-05-13 08:04:00+02,194,"",West Croydon Bus Station,194,Lower Sydenham - Clock House - Beckenham - West Wickham - West Croydon
17608095,2026-05-13 08:16:00+02,194,"",Bell Green / Sainsbury's,194,Lower Sydenham - Clock House - Beckenham - West Wickham - West Croydon
17648211,2026-05-13 09:30:00+02,194,"",Bell Green / Sainsbury's,194,Lower Sydenham - Clock House - Beckenham - West Wickham - West Croydon
17649290,2026-05-13 09:36:00+02,194,"",West Croydon Bus Station,194,Lower Sydenham - Clock House - Beckenham - West Wickham - West Croydon
17681614,2026-05-13 10:47:00+02,194,"",West Croydon Bus Station,194,Lower Sydenham - Clock House - Beckenham - West Wickham - West Croydon
17690091,2026-05-13 10:57:00+02,194,"",West Croydon Bus Station,194,Lower Sydenham - Clock House - Beckenham - West Wickham - West Croydon
17685240,2026-05-13 11:02:00+02,194,"",Bell Green / Sainsbury's,194,Lower Sydenham - Clock House - Beckenham - West Wickham - West Croydon
17689981,2026-05-13 11:14:00+02,194,"",Bell Green / Sainsbury's,194,Lower Sydenham - Clock House - Beckenham - West Wickham - West Croydon
17719519,2026-05-13 12:26:00+02,194,"",Bell Green / Sainsbury's,194,Lower Sydenham - Clock House - Beckenham - West Wickham - West Croydon
17725238,2026-05-13 12:36:00+02,194,"",West Croydon Bus Station,194,Lower Sydenham - Clock House - Beckenham - West Wickham - West Croydon
17758120,2026-05-13 13:43:00+02,194,"",West Croydon Bus Station,194,Lower Sydenham - Clock House - Beckenham - West Wickham - West Croydon
17758414,2026-05-13 14:02:00+02,194,"",Bell Green / Sainsbury's,194,Lower Sydenham - Clock House - Beckenham - West Wickham - West Croydon
17798024,2026-05-13 15:15:00+02,194,"",Bell Green / Sainsbury's,194,Lower Sydenham - Clock House - Beckenham - West Wickham - West Croydon
17799479,2026-05-13 15:22:00+02,194,"",West Croydon Bus Station,194,Lower Sydenham - Clock House - Beckenham - West Wickham - West Croydon
17834950,2026-05-13 16:33:00+02,194,"",West Croydon Bus Station,194,Lower Sydenham - Clock House - Beckenham - West Wickham - West Croydon
17836412,2026-05-13 16:42:00+02,194,"",Bell Green / Sainsbury's,194,Lower Sydenham - Clock House - Beckenham - West Wickham - West Croydon
17868925,2026-05-13 18:07:00+02,194,"",Bell Green / Sainsbury's,194,Lower Sydenham - Clock House - Beckenham - West Wickham - West Croydon
17897738,2026-05-13 19:27:00+02,194,"",Bell Green / Sainsbury's,194,Lower Sydenham - Clock House - Beckenham - West Wickham - West Croydon
17929929,2026-05-13 20:35:00+02,194,"",Croydon (arriva),194,Lower Sydenham - Clock House - Beckenham - West Wickham - West Croydon
18041221,2026-05-14 08:13:00+02,194,"",West Croydon Bus Station,194,Lower Sydenham - Clock House - Beckenham - West Wickham - West Croydon
18077792,2026-05-14 09:31:00+02,194,"",West Croydon Bus Station,194,Lower Sydenham - Clock House - Beckenham - West Wickham - West Croydon
18081830,2026-05-14 09:38:00+02,194,"",Bell Green / Sainsbury's,194,Lower Sydenham - Clock House - Beckenham - West Wickham - West Croydon
18113155,2026-05-14 10:52:00+02,194,"",Bell Green / Sainsbury's,194,Lower Sydenham - Clock House - Beckenham - West Wickham - West Croydon
18119211,2026-05-14 11:00:00+02,194,"",West Croydon Bus Station,194,Lower Sydenham - Clock House - Beckenham - West Wickham - West Croydon
18148791,2026-05-14 12:07:00+02,194,"",West Croydon Bus Station,194,Lower Sydenham - Clock House - Beckenham - West Wickham - West Croydon
18155979,2026-05-14 12:26:00+02,194,"",Bell Green / Sainsbury's,194,Lower Sydenham - Clock House - Beckenham - West Wickham - West Croydon
18187651,2026-05-14 13:39:00+02,194,"",Bell Green / Sainsbury's,194,Lower Sydenham - Clock House - Beckenham - West Wickham - West Croydon
18192675,2026-05-14 13:48:00+02,194,"",West Croydon Bus Station,194,Lower Sydenham - Clock House - Beckenham - West Wickham - West Croydon
18226340,2026-05-14 14:55:00+02,194,"",West Croydon Bus Station,194,Lower Sydenham - Clock House - Beckenham - West Wickham - West Croydon
18226840,2026-05-14 15:09:00+02,194,"",Bell Green / Sainsbury's,194,Lower Sydenham - Clock House - Beckenham - West Wickham - West Croydon
18268231,2026-05-14 16:24:00+02,194,"",Bell Green / Sainsbury's,194,Lower Sydenham - Clock House - Beckenham - West Wickham - West Croydon
18272594,2026-05-14 16:31:00+02,194,"",West Croydon Bus Station,194,Lower Sydenham - Clock House - Beckenham - West Wickham - West Croydon
18308521,2026-05-14 17:54:00+02,194,"",Bell Green / Sainsbury's,194,Lower Sydenham - Clock House - Beckenham - West Wickham - West Croydon
18339209,2026-05-14 19:18:00+02,194,"",West Croydon Bus Station,194,Lower Sydenham - Clock House - Beckenham - West Wickham - West Croydon
18360810,2026-05-14 20:24:00+02,194,"",West Croydon Bus Station,194,Lower Sydenham - Clock House - Beckenham - West Wickham - West Croydon
18360953,2026-05-14 20:36:00+02,194,"",Bell Green / Sainsbury's,194,Lower Sydenham - Clock House - Beckenham - West Wickham - West Croydon
18379274,2026-05-14 21:34:00+02,194,"",Bell Green / Sainsbury's,194,Lower Sydenham - Clock House - Beckenham - West Wickham - West Croydon
18381977,2026-05-14 21:46:00+02,194,"",West Croydon Bus Station,194,Lower Sydenham - Clock House - Beckenham - West Wickham - West Croydon
18393720,2026-05-14 22:38:00+02,194,"",West Croydon Bus Station,194,Lower Sydenham - Clock House - Beckenham - West Wickham - West Croydon
18400437,2026-05-14 23:20:00+02,194,"",Bell Green / Sainsbury's,194,Lower Sydenham - Clock House - Beckenham - West Wickham - West Croydon
18414439,2026-05-15 00:10:00+02,194,"",Bell Green / Sainsbury's,194,Lower Sydenham - Clock House - Beckenham - West Wickham - West Croydon
18415046,2026-05-15 00:20:00+02,194,"",West Croydon Bus Station,194,Lower Sydenham - Clock House - Beckenham - West Wickham - West Croydon
18421660,2026-05-15 01:04:00+02,194,"",West Croydon Bus Station,194,Lower Sydenham - Clock House - Beckenham - West Wickham - West Croydon
18422801,2026-05-15 01:20:00+02,194,"",Bell Green / Sainsbury's,194,Lower Sydenham - Clock House - Beckenham - West Wickham - West Croydon
18426856,2026-05-15 02:06:00+02,194,"",Croydon (arriva),194,Lower Sydenham - Clock House - Beckenham - West Wickham - West Croydon
18434320,2026-05-15 05:54:27+02,60,"",Streatham Station,60,Old Coulsdon - Croydon Town Centre - Thornton Heath Pond - Streatham Vale - Streatham Station
18434350,2026-05-15 05:55:00+02,60,"",Streatham Station,60,Old Coulsdon - Croydon Town Centre - Thornton Heath Pond - Streatham Vale - Streatham Station
18443660,2026-05-15 06:43:00+02,60,"",Streatham Station,60,Old Coulsdon - Croydon Town Centre - Thornton Heath Pond - Streatham Vale - Streatham Station
18446480,2026-05-15 06:55:00+02,60,"",Old Coulsdon / Tudor Rose,60,Old Coulsdon - Croydon Town Centre - Thornton Heath Pond - Streatham Vale - Streatham Station
18474525,2026-05-15 08:09:00+02,60,"",Streatham Station,60,Old Coulsdon - Croydon Town Centre - Thornton Heath Pond - Streatham Vale - Streatham Station
18512629,2026-05-15 09:36:00+02,60,"",Old Coulsdon / Tudor Rose,60,Old Coulsdon - Croydon Town Centre - Thornton Heath Pond - Streatham Vale - Streatham Station
18546407,2026-05-15 11:06:00+02,60,"",Streatham Station,60,Old Coulsdon - Croydon Town Centre - Thornton Heath Pond - Streatham Vale - Streatham Station
18897502,2026-05-16 08:24:00+02,60,"",Streatham Station,60,Old Coulsdon - Croydon Town Centre - Thornton Heath Pond - Streatham Vale - Streatham Station
18906738,2026-05-16 08:52:00+02,60,"",Old Coulsdon / Tudor Rose,60,Old Coulsdon - Croydon Town Centre - Thornton Heath Pond - Streatham Vale - Streatham Station
18931857,2026-05-16 10:04:00+02,60,"",Streatham Station,60,Old Coulsdon - Croydon Town Centre - Thornton Heath Pond - Streatham Vale - Streatham Station
18963233,2026-05-16 11:09:00+02,60,"",Streatham Station,60,Old Coulsdon - Croydon Town Centre - Thornton Heath Pond - Streatham Vale - Streatham Station
18966913,2026-05-16 11:23:00+02,60,"",Old Coulsdon / Tudor Rose,60,Old Coulsdon - Croydon Town Centre - Thornton Heath Pond - Streatham Vale - Streatham Station
19000884,2026-05-16 12:56:00+02,60,"",Streatham Station,60,Old Coulsdon - Croydon Town Centre - Thornton Heath Pond - Streatham Vale - Streatham Station
19040879,2026-05-16 14:16:00+02,60,"",Streatham Station,60,Old Coulsdon - Croydon Town Centre - Thornton Heath Pond - Streatham Vale - Streatham Station
19044686,2026-05-16 14:32:00+02,60,"",Old Coulsdon / Tudor Rose,60,Old Coulsdon - Croydon Town Centre - Thornton Heath Pond - Streatham Vale - Streatham Station
19084567,2026-05-16 16:06:00+02,60,"",Streatham Station,60,Old Coulsdon - Croydon Town Centre - Thornton Heath Pond - Streatham Vale - Streatham Station
19117060,2026-05-16 17:24:00+02,60,"",Streatham Station,60,Old Coulsdon - Croydon Town Centre - Thornton Heath Pond - Streatham Vale - Streatham Station
19123010,2026-05-16 17:42:00+02,60,"",Old Coulsdon / Tudor Rose,60,Old Coulsdon - Croydon Town Centre - Thornton Heath Pond - Streatham Vale - Streatham Station
19152308,2026-05-16 19:16:00+02,60,"",Streatham Station,60,Old Coulsdon - Croydon Town Centre - Thornton Heath Pond - Streatham Vale - Streatham Station
19181092,2026-05-16 20:27:00+02,60,"",Streatham Station,60,Old Coulsdon - Croydon Town Centre - Thornton Heath Pond - Streatham Vale - Streatham Station
19184070,2026-05-16 20:46:00+02,60,"",Old Coulsdon / Tudor Rose,60,Old Coulsdon - Croydon Town Centre - Thornton Heath Pond - Streatham Vale - Streatham Station
19201356,2026-05-16 22:00:00+02,60,"",Streatham Station,60,Old Coulsdon - Croydon Town Centre - Thornton Heath Pond - Streatham Vale - Streatham Station
19214473,2026-05-16 22:56:00+02,60,"",Streatham Station,60,Old Coulsdon - Croydon Town Centre - Thornton Heath Pond - Streatham Vale - Streatham Station
19215898,2026-05-16 23:10:00+02,60,"",Old Coulsdon / Tudor Rose,60,Old Coulsdon - Croydon Town Centre - Thornton Heath Pond - Streatham Vale - Streatham Station
19227435,2026-05-17 00:15:00+02,60,"",Streatham Station,60,Old Coulsdon - Croydon Town Centre - Thornton Heath Pond - Streatham Vale - Streatham Station
19236368,2026-05-17 01:05:00+02,60,"",Streatham Station,60,Old Coulsdon - Croydon Town Centre - Thornton Heath Pond - Streatham Vale - Streatham Station
19238628,2026-05-17 01:25:00+02,60,"",Old Coulsdon / Tudor Rose,60,Old Coulsdon - Croydon Town Centre - Thornton Heath Pond - Streatham Vale - Streatham Station
20373766,2026-05-20 06:50:00+02,194,"",Bell Green / Sainsbury's,194,Lower Sydenham - Clock House - Beckenham - West Wickham - West Croydon
20391503,2026-05-20 07:39:00+02,194,"",Bell Green / Sainsbury's,194,Lower Sydenham - Clock House - Beckenham - West Wickham - West Croydon
20397559,2026-05-20 07:54:00+02,194,"",West Croydon Bus Station,194,Lower Sydenham - Clock House - Beckenham - West Wickham - West Croydon
20429758,2026-05-20 09:06:00+02,194,"",West Croydon Bus Station,194,Lower Sydenham - Clock House - Beckenham - West Wickham - West Croydon
20433112,2026-05-20 09:13:00+02,194,"",Bell Green / Sainsbury's,194,Lower Sydenham - Clock House - Beckenham - West Wickham - West Croydon
20468974,2026-05-20 10:29:00+02,194,"",Bell Green / Sainsbury's,194,Lower Sydenham - Clock House - Beckenham - West Wickham - West Croydon
20472389,2026-05-20 10:36:00+02,194,"",West Croydon Bus Station,194,Lower Sydenham - Clock House - Beckenham - West Wickham - West Croydon
20502396,2026-05-20 11:43:00+02,194,"",West Croydon Bus Station,194,Lower Sydenham - Clock House - Beckenham - West Wickham - West Croydon
20503104,2026-05-20 12:02:00+02,194,"",Bell Green / Sainsbury's,194,Lower Sydenham - Clock House - Beckenham - West Wickham - West Croydon
20541694,2026-05-20 13:15:00+02,194,"",Bell Green / Sainsbury's,194,Lower Sydenham - Clock House - Beckenham - West Wickham - West Croydon
20545953,2026-05-20 13:24:00+02,194,"",West Croydon Bus Station,194,Lower Sydenham - Clock House - Beckenham - West Wickham - West Croydon
20585162,2026-05-20 14:31:00+02,194,"",West Croydon Bus Station,194,Lower Sydenham - Clock House - Beckenham - West Wickham - West Croydon
20585035,2026-05-20 14:47:00+02,194,"",Bell Green / Sainsbury's,194,Lower Sydenham - Clock House - Beckenham - West Wickham - West Croydon
20617384,2026-05-20 16:00:00+02,194,"",Bell Green / Sainsbury's,194,Lower Sydenham - Clock House - Beckenham - West Wickham - West Croydon
20621263,2026-05-20 16:07:00+02,194,"",West Croydon Bus Station,194,Lower Sydenham - Clock House - Beckenham - West Wickham - West Croydon
20842995,2026-05-21 07:42:00+02,60,"",Streatham Station,60,Old Coulsdon - Croydon Town Centre - Thornton Heath Pond - Streatham Vale - Streatham Station
20842493,2026-05-21 08:20:00+02,60,"",Old Coulsdon / Tudor Rose,60,Old Coulsdon - Croydon Town Centre - Thornton Heath Pond - Streatham Vale - Streatham Station
20885640,2026-05-21 09:49:00+02,60,"",Streatham Station,60,Old Coulsdon - Croydon Town Centre - Thornton Heath Pond - Streatham Vale - Streatham Station
22574266,2026-05-26 08:13:00+02,194,"",West Croydon Bus Station,194,Lower Sydenham - Clock House - Beckenham - West Wickham - West Croydon
22614091,2026-05-26 09:38:00+02,194,"",Bell Green / Sainsbury's,194,Lower Sydenham - Clock House - Beckenham - West Wickham - West Croydon
25716843,2026-06-03 07:26:00+02,194,"",Bell Green / Sainsbury's,194,Lower Sydenham - Clock House - Beckenham - West Wickham - West Croydon
25744654,2026-06-03 08:26:00+02,194,"",Bell Green / Sainsbury's,194,Lower Sydenham - Clock House - Beckenham - West Wickham - West Croydon
25749976,2026-06-03 08:36:00+02,194,"",West Croydon Bus Station,194,Lower Sydenham - Clock House - Beckenham - West Wickham - West Croydon
25788279,2026-06-03 09:54:00+02,194,"",West Croydon Bus Station,194,Lower Sydenham - Clock House - Beckenham - West Wickham - West Croydon
25788987,2026-06-03 10:02:00+02,194,"",Bell Green / Sainsbury's,194,Lower Sydenham - Clock House - Beckenham - West Wickham - West Croydon
25825852,2026-06-03 11:15:00+02,194,"",Bell Green / Sainsbury's,194,Lower Sydenham - Clock House - Beckenham - West Wickham - West Croydon
25829449,2026-06-03 11:24:00+02,194,"",West Croydon Bus Station,194,Lower Sydenham - Clock House - Beckenham - West Wickham - West Croydon
25863151,2026-06-03 12:31:00+02,194,"",West Croydon Bus Station,194,Lower Sydenham - Clock House - Beckenham - West Wickham - West Croydon
25863795,2026-06-03 12:50:00+02,194,"",Bell Green / Sainsbury's,194,Lower Sydenham - Clock House - Beckenham - West Wickham - West Croydon
25897580,2026-06-03 14:03:00+02,194,"",Bell Green / Sainsbury's,194,Lower Sydenham - Clock House - Beckenham - West Wickham - West Croydon
25901840,2026-06-03 14:12:00+02,194,"",West Croydon Bus Station,194,Lower Sydenham - Clock House - Beckenham - West Wickham - West Croydon
25933929,2026-06-03 15:19:00+02,194,"",West Croydon Bus Station,194,Lower Sydenham - Clock House - Beckenham - West Wickham - West Croydon
25934986,2026-06-03 15:31:00+02,194,"",Bell Green / Sainsbury's,194,Lower Sydenham - Clock House - Beckenham - West Wickham - West Croydon
25975961,2026-06-03 16:48:00+02,194,"",Bell Green / Sainsbury's,194,Lower Sydenham - Clock House - Beckenham - West Wickham - West Croydon
25979075,2026-06-03 16:55:00+02,194,"",West Croydon Bus Station,194,Lower Sydenham - Clock House - Beckenham - West Wickham - West Croydon
26014827,2026-06-03 18:08:00+02,194,"",West Croydon Bus Station,194,Lower Sydenham - Clock House - Beckenham - West Wickham - West Croydon
26015539,2026-06-03 18:18:00+02,194,"",Bell Green / Sainsbury's,194,Lower Sydenham - Clock House - Beckenham - West Wickham - West Croydon
26047502,2026-06-03 19:34:00+02,194,"",Bell Green / Sainsbury's,194,Lower Sydenham - Clock House - Beckenham - West Wickham - West Croydon
26049703,2026-06-03 19:40:00+02,194,"",West Croydon Bus Station,194,Lower Sydenham - Clock House - Beckenham - West Wickham - West Croydon
26063348,2026-06-03 20:43:00+02,194,"",West Croydon Bus Station,194,Lower Sydenham - Clock House - Beckenham - West Wickham - West Croydon
26426790,2026-06-04 17:30:00+02,194,"",Bell Green / Sainsbury's,194,Lower Sydenham - Clock House - Beckenham - West Wickham - West Croydon
26453881,2026-06-04 18:55:00+02,194,"",West Croydon Bus Station,194,Lower Sydenham - Clock House - Beckenham - West Wickham - West Croydon
26478527,2026-06-04 20:02:00+02,194,"",West Croydon Bus Station,194,Lower Sydenham - Clock House - Beckenham - West Wickham - West Croydon
26479464,2026-06-04 20:12:00+02,194,"",Bell Green / Sainsbury's,194,Lower Sydenham - Clock House - Beckenham - West Wickham - West Croydon
26500417,2026-06-04 21:14:00+02,194,"",Bell Green / Sainsbury's,194,Lower Sydenham - Clock House - Beckenham - West Wickham - West Croydon
26501040,2026-06-04 21:31:00+02,194,"",West Croydon Bus Station,194,Lower Sydenham - Clock House - Beckenham - West Wickham - West Croydon
26515321,2026-06-04 22:24:00+02,194,"",West Croydon Bus Station,194,Lower Sydenham - Clock House - Beckenham - West Wickham - West Croydon
26564869,2026-06-05 06:18:00+02,60,"",Old Coulsdon / Tudor Rose,60,Old Coulsdon - Croydon Town Centre - Thornton Heath Pond - Streatham Vale - Streatham Station
26564617,2026-06-05 06:32:41+02,60,"",Old Coulsdon / Tudor Rose,60,Old Coulsdon - Croydon Town Centre - Thornton Heath Pond - Streatham Vale - Streatham Station
26564661,2026-06-05 06:34:00+02,60,"",Streatham Station,60,Old Coulsdon - Croydon Town Centre - Thornton Heath Pond - Streatham Vale - Streatham Station
26580589,2026-06-05 07:30:00+02,60,"",Streatham Station,60,Old Coulsdon - Croydon Town Centre - Thornton Heath Pond - Streatham Vale - Streatham Station
26587231,2026-06-05 07:44:00+02,60,"",Old Coulsdon / Tudor Rose,60,Old Coulsdon - Croydon Town Centre - Thornton Heath Pond - Streatham Vale - Streatham Station
26621491,2026-06-05 09:07:00+02,60,"",Streatham Station,60,Old Coulsdon - Croydon Town Centre - Thornton Heath Pond - Streatham Vale - Streatham Station
26665808,2026-06-05 10:33:00+02,60,"",Streatham Station,60,Old Coulsdon - Croydon Town Centre - Thornton Heath Pond - Streatham Vale - Streatham Station
26670550,2026-06-05 10:46:00+02,60,"",Old Coulsdon / Tudor Rose,60,Old Coulsdon - Croydon Town Centre - Thornton Heath Pond - Streatham Vale - Streatham Station
26704549,2026-06-05 12:15:00+02,60,"",Streatham Station,60,Old Coulsdon - Croydon Town Centre - Thornton Heath Pond - Streatham Vale - Streatham Station
26746488,2026-06-05 13:31:00+02,60,"",Streatham Station,60,Old Coulsdon - Croydon Town Centre - Thornton Heath Pond - Streatham Vale - Streatham Station
26750520,2026-06-05 13:46:00+02,60,"",Old Coulsdon / Tudor Rose,60,Old Coulsdon - Croydon Town Centre - Thornton Heath Pond - Streatham Vale - Streatham Station
26787008,2026-06-05 15:21:00+02,60,"",Streatham Station,60,Old Coulsdon - Croydon Town Centre - Thornton Heath Pond - Streatham Vale - Streatham Station
26831771,2026-06-05 16:45:00+02,60,"",Streatham Station,60,Old Coulsdon - Croydon Town Centre - Thornton Heath Pond - Streatham Vale - Streatham Station
26834062,2026-06-05 16:54:00+02,60,"",Old Coulsdon / Tudor Rose,60,Old Coulsdon - Croydon Town Centre - Thornton Heath Pond - Streatham Vale - Streatham Station
26858952,2026-06-05 17:51:07+02,60,"",Old Coulsdon / Tudor Rose,60,Old Coulsdon - Croydon Town Centre - Thornton Heath Pond - Streatham Vale - Streatham Station
26866514,2026-06-05 18:35:00+02,60,"",Streatham Station,60,Old Coulsdon - Croydon Town Centre - Thornton Heath Pond - Streatham Vale - Streatham Station
26911050,2026-06-05 19:57:00+02,60,"",Croydon (arriva),60,Old Coulsdon - Croydon Town Centre - Thornton Heath Pond - Streatham Vale - Streatham Station
26934815,2026-06-05 21:40:00+02,194,"",Bell Green / Sainsbury's,194,Lower Sydenham - Clock House - Beckenham - West Wickham - West Croydon
26950676,2026-06-05 22:33:00+02,194,"",Bell Green / Sainsbury's,194,Lower Sydenham - Clock House - Beckenham - West Wickham - West Croydon
26951956,2026-06-05 22:40:00+02,194,"",West Croydon Bus Station,194,Lower Sydenham - Clock House - Beckenham - West Wickham - West Croydon
26962219,2026-06-05 23:31:00+02,194,"",West Croydon Bus Station,194,Lower Sydenham - Clock House - Beckenham - West Wickham - West Croydon
26963160,2026-06-05 23:40:00+02,194,"",Bell Green / Sainsbury's,194,Lower Sydenham - Clock House - Beckenham - West Wickham - West Croydon
26972928,2026-06-06 00:29:00+02,194,"",Bell Green / Sainsbury's,194,Lower Sydenham - Clock House - Beckenham - West Wickham - West Croydon
26973497,2026-06-06 00:40:00+02,194,"",West Croydon Bus Station,194,Lower Sydenham - Clock House - Beckenham - West Wickham - West Croydon
26993290,2026-06-06 06:40:00+02,194,"",Bell Green / Sainsbury's,194,Lower Sydenham - Clock House - Beckenham - West Wickham - West Croydon
27000622,2026-06-06 07:25:00+02,194,"",Bell Green / Sainsbury's,194,Lower Sydenham - Clock House - Beckenham - West Wickham - West Croydon
27003886,2026-06-06 07:40:00+02,194,"",West Croydon Bus Station,194,Lower Sydenham - Clock House - Beckenham - West Wickham - West Croydon
27016598,2026-06-06 08:27:00+02,194,"",West Croydon Bus Station,194,Lower Sydenham - Clock House - Beckenham - West Wickham - West Croydon
27016904,2026-06-06 09:56:00+02,194,"",Bell Green / Sainsbury's,194,Lower Sydenham - Clock House - Beckenham - West Wickham - West Croydon
27075221,2026-06-06 10:57:00+02,194,"",Bell Green / Sainsbury's,194,Lower Sydenham - Clock House - Beckenham - West Wickham - West Croydon
27080031,2026-06-06 11:13:00+02,194,"",West Croydon Bus Station,194,Lower Sydenham - Clock House - Beckenham - West Wickham - West Croydon
27109252,2026-06-06 12:24:00+02,194,"",West Croydon Bus Station,194,Lower Sydenham - Clock House - Beckenham - West Wickham - West Croydon
27109546,2026-06-06 12:35:00+02,194,"",Bell Green / Sainsbury's,194,Lower Sydenham - Clock House - Beckenham - West Wickham - West Croydon
27147814,2026-06-06 13:53:00+02,194,"",Bell Green / Sainsbury's,194,Lower Sydenham - Clock House - Beckenham - West Wickham - West Croydon
27151858,2026-06-06 13:59:00+02,194,"",West Croydon Bus Station,194,Lower Sydenham - Clock House - Beckenham - West Wickham - West Croydon
27180593,2026-06-06 15:23:00+02,194,"",Bell Green / Sainsbury's,194,Lower Sydenham - Clock House - Beckenham - West Wickham - West Croydon
27211040,2026-06-06 16:47:00+02,194,"",West Croydon Bus Station,194,Lower Sydenham - Clock House - Beckenham - West Wickham - West Croydon
27243846,2026-06-06 18:11:00+02,194,"",Bell Green / Sainsbury's,194,Lower Sydenham - Clock House - Beckenham - West Wickham - West Croydon
27275910,2026-06-06 19:20:00+02,194,"",Bell Green / Sainsbury's,194,Lower Sydenham - Clock House - Beckenham - West Wickham - West Croydon
27278887,2026-06-06 19:35:00+02,194,"",West Croydon Bus Station,194,Lower Sydenham - Clock House - Beckenham - West Wickham - West Croydon
27296559,2026-06-06 20:35:00+02,194,"",West Croydon Bus Station,194,Lower Sydenham - Clock House - Beckenham - West Wickham - West Croydon
27296796,2026-06-06 20:45:00+02,194,"",Bell Green / Sainsbury's,194,Lower Sydenham - Clock House - Beckenham - West Wickham - West Croydon
27309994,2026-06-06 21:43:00+02,194,"",Bell Green / Sainsbury's,194,Lower Sydenham - Clock House - Beckenham - West Wickham - West Croydon
27314169,2026-06-06 22:00:00+02,194,"",West Croydon Bus Station,194,Lower Sydenham - Clock House - Beckenham - West Wickham - West Croydon
27368501,2026-06-07 08:00:00+02,194,"",Bell Green / Sainsbury's,194,Lower Sydenham - Clock House - Beckenham - West Wickham - West Croydon
27375204,2026-06-07 08:45:00+02,194,"",Bell Green / Sainsbury's,194,Lower Sydenham - Clock House - Beckenham - West Wickham - West Croydon
27376966,2026-06-07 08:59:00+02,194,"",West Croydon Bus Station,194,Lower Sydenham - Clock House - Beckenham - West Wickham - West Croydon
27404421,2026-06-07 11:07:00+02,194,"",Bell Green / Sainsbury's,194,Lower Sydenham - Clock House - Beckenham - West Wickham - West Croydon
27420739,2026-06-07 12:10:00+02,194,"",Bell Green / Sainsbury's,194,Lower Sydenham - Clock House - Beckenham - West Wickham - West Croydon
27422963,2026-06-07 12:21:00+02,194,"",West Croydon Bus Station,194,Lower Sydenham - Clock House - Beckenham - West Wickham - West Croydon
27440174,2026-06-07 13:28:00+02,194,"",West Croydon Bus Station,194,Lower Sydenham - Clock House - Beckenham - West Wickham - West Croydon
27441844,2026-06-07 13:39:00+02,194,"",Bell Green / Sainsbury's,194,Lower Sydenham - Clock House - Beckenham - West Wickham - West Croydon
27458707,2026-06-07 14:50:00+02,194,"",Bell Green / Sainsbury's,194,Lower Sydenham - Clock House - Beckenham - West Wickham - West Croydon
27461513,2026-06-07 15:00:00+02,194,"",West Croydon Bus Station,194,Lower Sydenham - Clock House - Beckenham - West Wickham - West Croydon
27495516,2026-06-07 16:06:00+02,194,"",West Croydon Bus Station,194,Lower Sydenham - Clock House - Beckenham - West Wickham - West Croydon
27495699,2026-06-07 17:19:00+02,194,"",Bell Green / Sainsbury's,194,Lower Sydenham - Clock House - Beckenham - West Wickham - West Croydon
27511211,2026-06-07 18:21:00+02,194,"",Bell Green / Sainsbury's,194,Lower Sydenham - Clock House - Beckenham - West Wickham - West Croydon
27515444,2026-06-07 18:40:00+02,194,"",West Croydon Bus Station,194,Lower Sydenham - Clock House - Beckenham - West Wickham - West Croydon
27618728,2026-06-08 07:37:00+02,60,"",Streatham Station,60,Old Coulsdon - Croydon Town Centre - Thornton Heath Pond - Streatham Vale - Streatham Station
27651294,2026-06-08 08:47:00+02,60,"",Streatham Station,60,Old Coulsdon - Croydon Town Centre - Thornton Heath Pond - Streatham Vale - Streatham Station
27657667,2026-06-08 08:58:00+02,60,"",Old Coulsdon / Tudor Rose,60,Old Coulsdon - Croydon Town Centre - Thornton Heath Pond - Streatham Vale - Streatham Station
27694305,2026-06-08 10:29:00+02,60,"",Streatham Station,60,Old Coulsdon - Croydon Town Centre - Thornton Heath Pond - Streatham Vale - Streatham Station
27729617,2026-06-08 11:44:00+02,60,"",Streatham Station,60,Old Coulsdon - Croydon Town Centre - Thornton Heath Pond - Streatham Vale - Streatham Station
27734855,2026-06-08 12:00:00+02,60,"",Old Coulsdon / Tudor Rose,60,Old Coulsdon - Croydon Town Centre - Thornton Heath Pond - Streatham Vale - Streatham Station
27770862,2026-06-08 13:29:00+02,60,"",Streatham Station,60,Old Coulsdon - Croydon Town Centre - Thornton Heath Pond - Streatham Vale - Streatham Station
27805972,2026-06-08 14:44:00+02,60,"",Streatham Station,60,Old Coulsdon - Croydon Town Centre - Thornton Heath Pond - Streatham Vale - Streatham Station
27815368,2026-06-08 14:58:00+02,60,"",Old Coulsdon / Tudor Rose,60,Old Coulsdon - Croydon Town Centre - Thornton Heath Pond - Streatham Vale - Streatham Station
27852938,2026-06-08 16:35:00+02,60,"",Streatham Station,60,Old Coulsdon - Croydon Town Centre - Thornton Heath Pond - Streatham Vale - Streatham Station
27896192,2026-06-08 17:59:00+02,60,"",Streatham Station,60,Old Coulsdon - Croydon Town Centre - Thornton Heath Pond - Streatham Vale - Streatham Station
27902401,2026-06-08 18:17:00+02,60,"",Old Coulsdon / Tudor Rose,60,Old Coulsdon - Croydon Town Centre - Thornton Heath Pond - Streatham Vale - Streatham Station
27934934,2026-06-08 19:55:00+02,60,"",Streatham Station,60,Old Coulsdon - Croydon Town Centre - Thornton Heath Pond - Streatham Vale - Streatham Station
27959559,2026-06-08 21:04:00+02,60,"",Croydon (arriva),60,Old Coulsdon - Croydon Town Centre - Thornton Heath Pond - Streatham Vale - Streatham Station
28500586,2026-06-10 08:20:00+02,60,"",Old Coulsdon / Tudor Rose,60,Old Coulsdon - Croydon Town Centre - Thornton Heath Pond - Streatham Vale - Streatham Station
28538562,2026-06-10 09:49:00+02,60,"",Streatham Station,60,Old Coulsdon - Croydon Town Centre - Thornton Heath Pond - Streatham Vale - Streatham Station
28574889,2026-06-10 11:06:00+02,60,"",Streatham Station,60,Old Coulsdon - Croydon Town Centre - Thornton Heath Pond - Streatham Vale - Streatham Station
28582015,2026-06-10 11:20:00+02,60,"",Old Coulsdon / Tudor Rose,60,Old Coulsdon - Croydon Town Centre - Thornton Heath Pond - Streatham Vale - Streatham Station
28616369,2026-06-10 12:49:00+02,60,"",Streatham Station,60,Old Coulsdon - Croydon Town Centre - Thornton Heath Pond - Streatham Vale - Streatham Station
28655337,2026-06-10 14:04:00+02,60,"",Streatham Station,60,Old Coulsdon - Croydon Town Centre - Thornton Heath Pond - Streatham Vale - Streatham Station
28660908,2026-06-10 14:18:00+02,60,"",Old Coulsdon / Tudor Rose,60,Old Coulsdon - Croydon Town Centre - Thornton Heath Pond - Streatham Vale - Streatham Station
28700551,2026-06-10 15:46:00+02,60,"",Streatham Station,60,Old Coulsdon - Croydon Town Centre - Thornton Heath Pond - Streatham Vale - Streatham Station
28745003,2026-06-10 17:10:00+02,60,"",Streatham Station,60,Old Coulsdon - Croydon Town Centre - Thornton Heath Pond - Streatham Vale - Streatham Station
28747756,2026-06-10 17:17:00+02,60,"",Old Coulsdon / Tudor Rose,60,Old Coulsdon - Croydon Town Centre - Thornton Heath Pond - Streatham Vale - Streatham Station
28789065,2026-06-10 18:55:00+02,60,"",Streatham Station,60,Old Coulsdon - Croydon Town Centre - Thornton Heath Pond - Streatham Vale - Streatham Station
28811608,2026-06-10 20:14:00+02,60,"",Streatham Station,60,Old Coulsdon - Croydon Town Centre - Thornton Heath Pond - Streatham Vale - Streatham Station
28814376,2026-06-10 20:27:00+02,60,"",Old Coulsdon / Tudor Rose,60,Old Coulsdon - Croydon Town Centre - Thornton Heath Pond - Streatham Vale - Streatham Station
28833206,2026-06-10 21:45:00+02,60,"",Streatham Station,60,Old Coulsdon - Croydon Town Centre - Thornton Heath Pond - Streatham Vale - Streatham Station
28848206,2026-06-10 22:42:00+02,60,"",Streatham Station,60,Old Coulsdon - Croydon Town Centre - Thornton Heath Pond - Streatham Vale - Streatham Station
28849756,2026-06-10 22:55:00+02,60,"",Old Coulsdon / Tudor Rose,60,Old Coulsdon - Croydon Town Centre - Thornton Heath Pond - Streatham Vale - Streatham Station
28862952,2026-06-11 00:00:00+02,60,"",Streatham Station,60,Old Coulsdon - Croydon Town Centre - Thornton Heath Pond - Streatham Vale - Streatham Station
28871525,2026-06-11 00:48:00+02,60,"",Streatham Station,60,Old Coulsdon - Croydon Town Centre - Thornton Heath Pond - Streatham Vale - Streatham Station
28872123,2026-06-11 00:55:00+02,60,"",Old Coulsdon / Tudor Rose,60,Old Coulsdon - Croydon Town Centre - Thornton Heath Pond - Streatham Vale - Streatham Station
28878125,2026-06-11 01:44:00+02,60,"",Croydon (arriva),60,Old Coulsdon - Croydon Town Centre - Thornton Heath Pond - Streatham Vale - Streatham Station
28890354,2026-06-11 06:12:00+02,194,"",West Croydon Bus Station,194,Lower Sydenham - Clock House - Beckenham - West Wickham - West Croydon
28890316,2026-06-11 06:20:00+02,194,"",Bell Green / Sainsbury's,194,Lower Sydenham - Clock House - Beckenham - West Wickham - West Croydon
28902104,2026-06-11 07:06:00+02,194,"",Bell Green / Sainsbury's,194,Lower Sydenham - Clock House - Beckenham - West Wickham - West Croydon
28905652,2026-06-11 07:19:00+02,194,"",West Croydon Bus Station,194,Lower Sydenham - Clock House - Beckenham - West Wickham - West Croydon
28929648,2026-06-11 08:16:00+02,194,"",West Croydon Bus Station,194,Lower Sydenham - Clock House - Beckenham - West Wickham - West Croydon
28935528,2026-06-11 08:26:00+02,194,"",Bell Green / Sainsbury's,194,Lower Sydenham - Clock House - Beckenham - West Wickham - West Croydon
28974060,2026-06-11 09:42:00+02,194,"",Bell Green / Sainsbury's,194,Lower Sydenham - Clock House - Beckenham - West Wickham - West Croydon
28979145,2026-06-11 09:48:00+02,194,"",West Croydon Bus Station,194,Lower Sydenham - Clock House - Beckenham - West Wickham - West Croydon
29017890,2026-06-11 10:57:00+02,194,"",West Croydon Bus Station,194,Lower Sydenham - Clock House - Beckenham - West Wickham - West Croydon
29018751,2026-06-11 11:14:00+02,194,"",Bell Green / Sainsbury's,194,Lower Sydenham - Clock House - Beckenham - West Wickham - West Croydon
29020036,2026-06-11 11:26:00+02,194,"",Bell Green / Sainsbury's,194,Lower Sydenham - Clock House - Beckenham - West Wickham - West Croydon
29053961,2026-06-11 12:48:00+02,194,"",West Croydon Bus Station,194,Lower Sydenham - Clock House - Beckenham - West Wickham - West Croydon
29084481,2026-06-11 13:55:00+02,194,"",Bell Green / Sainsbury's,194,Lower Sydenham - Clock House - Beckenham - West Wickham - West Croydon
29084995,2026-06-11 14:14:00+02,194,"",Bell Green / Sainsbury's,194,Lower Sydenham - Clock House - Beckenham - West Wickham - West Croydon
29121753,2026-06-11 15:27:00+02,194,"",Bell Green / Sainsbury's,194,Lower Sydenham - Clock House - Beckenham - West Wickham - West Croydon
29127297,2026-06-11 15:33:00+02,194,"",West Croydon Bus Station,194,Lower Sydenham - Clock House - Beckenham - West Wickham - West Croydon
29158402,2026-06-11 16:45:00+02,194,"",West Croydon Bus Station,194,Lower Sydenham - Clock House - Beckenham - West Wickham - West Croydon
29162950,2026-06-11 16:54:00+02,194,"",Bell Green / Sainsbury's,194,Lower Sydenham - Clock House - Beckenham - West Wickham - West Croydon
29200603,2026-06-11 18:13:00+02,194,"",Bell Green / Sainsbury's,194,Lower Sydenham - Clock House - Beckenham - West Wickham - West Croydon
29203146,2026-06-11 18:19:00+02,194,"",West Croydon Bus Station,194,Lower Sydenham - Clock House - Beckenham - West Wickham - West Croydon
29226975,2026-06-11 19:30:00+02,194,"",West Croydon Bus Station,194,Lower Sydenham - Clock House - Beckenham - West Wickham - West Croydon
29227200,2026-06-11 19:38:00+02,194,"",Bell Green / Sainsbury's,194,Lower Sydenham - Clock House - Beckenham - West Wickham - West Croydon
29253749,2026-06-11 20:44:00+02,194,"",Bell Green / Sainsbury's,194,Lower Sydenham - Clock House - Beckenham - West Wickham - West Croydon
29254165,2026-06-11 20:51:00+02,194,"",West Croydon Bus Station,194,Lower Sydenham - Clock House - Beckenham - West Wickham - West Croydon
29273016,2026-06-11 21:37:00+02,194,"",West Croydon Bus Station,194,Lower Sydenham - Clock House - Beckenham - West Wickham - West Croydon
29265818,2026-06-11 21:47:00+02,194,"",Croydon (arriva),194,Lower Sydenham - Clock House - Beckenham - West Wickham - West Croydon
29271786,2026-06-11 22:21:00+02,194,"",Bell Green / Sainsbury's,194,Lower Sydenham - Clock House - Beckenham - West Wickham - West Croydon
29285176,2026-06-11 23:12:00+02,194,"",Bell Green / Sainsbury's,194,Lower Sydenham - Clock House - Beckenham - West Wickham - West Croydon
29287030,2026-06-11 23:20:00+02,194,"",West Croydon Bus Station,194,Lower Sydenham - Clock House - Beckenham - West Wickham - West Croydon
29296095,2026-06-12 00:10:00+02,194,"",West Croydon Bus Station,194,Lower Sydenham - Clock House - Beckenham - West Wickham - West Croydon
29296199,2026-06-12 00:20:00+02,194,"",Bell Green / Sainsbury's,194,Lower Sydenham - Clock House - Beckenham - West Wickham - West Croydon
29304503,2026-06-12 01:07:00+02,194,"",Bell Green / Sainsbury's,194,Lower Sydenham - Clock House - Beckenham - West Wickham - West Croydon
29306835,2026-06-12 01:20:00+02,194,"",West Croydon Bus Station,194,Lower Sydenham - Clock House - Beckenham - West Wickham - West Croydon
29310062,2026-06-12 02:03:00+02,194,"",Croydon (arriva),194,Lower Sydenham - Clock House - Beckenham - West Wickham - West Croydon
29320988,2026-06-12 06:22:00+02,60,"",Streatham Station,60,Old Coulsdon - Croydon Town Centre - Thornton Heath Pond - Streatham Vale - Streatham Station
29337072,2026-06-12 07:15:00+02,60,"",Streatham Station,60,Old Coulsdon - Croydon Town Centre - Thornton Heath Pond - Streatham Vale - Streatham Station
29342547,2026-06-12 07:34:00+02,60,"",Old Coulsdon / Tudor Rose,60,Old Coulsdon - Croydon Town Centre - Thornton Heath Pond - Streatham Vale - Streatham Station
29380537,2026-06-12 08:57:00+02,60,"",Streatham Station,60,Old Coulsdon - Croydon Town Centre - Thornton Heath Pond - Streatham Vale - Streatham Station
29422858,2026-06-12 10:23:00+02,60,"",Streatham Station,60,Old Coulsdon - Croydon Town Centre - Thornton Heath Pond - Streatham Vale - Streatham Station
29425364,2026-06-12 10:36:00+02,60,"",Old Coulsdon / Tudor Rose,60,Old Coulsdon - Croydon Town Centre - Thornton Heath Pond - Streatham Vale - Streatham Station
29458534,2026-06-12 12:05:00+02,60,"",Streatham Station,60,Old Coulsdon - Croydon Town Centre - Thornton Heath Pond - Streatham Vale - Streatham Station
29504984,2026-06-12 13:21:00+02,60,"",Streatham Station,60,Old Coulsdon - Croydon Town Centre - Thornton Heath Pond - Streatham Vale - Streatham Station
29507852,2026-06-12 13:36:00+02,60,"",Old Coulsdon / Tudor Rose,60,Old Coulsdon - Croydon Town Centre - Thornton Heath Pond - Streatham Vale - Streatham Station
29551454,2026-06-12 15:11:00+02,60,"",Streatham Station,60,Old Coulsdon - Croydon Town Centre - Thornton Heath Pond - Streatham Vale - Streatham Station
29594993,2026-06-12 16:34:00+02,60,"",Streatham Station,60,Old Coulsdon - Croydon Town Centre - Thornton Heath Pond - Streatham Vale - Streatham Station
29598353,2026-06-12 16:44:00+02,60,"",Old Coulsdon / Tudor Rose,60,Old Coulsdon - Croydon Town Centre - Thornton Heath Pond - Streatham Vale - Streatham Station
29634404,2026-06-12 18:25:00+02,60,"",Streatham Station,60,Old Coulsdon - Croydon Town Centre - Thornton Heath Pond - Streatham Vale - Streatham Station
29669203,2026-06-12 19:48:00+02,60,"",Streatham Station,60,Old Coulsdon - Croydon Town Centre - Thornton Heath Pond - Streatham Vale - Streatham Station
29672785,2026-06-12 20:05:00+02,60,"",Old Coulsdon / Tudor Rose,60,Old Coulsdon - Croydon Town Centre - Thornton Heath Pond - Streatham Vale - Streatham Station
29691158,2026-06-12 21:30:00+02,60,"",Streatham Station,60,Old Coulsdon - Croydon Town Centre - Thornton Heath Pond - Streatham Vale - Streatham Station
29709393,2026-06-12 22:31:00+02,60,"",Streatham Station,60,Old Coulsdon - Croydon Town Centre - Thornton Heath Pond - Streatham Vale - Streatham Station
29711065,2026-06-12 22:40:00+02,60,"",Old Coulsdon / Tudor Rose,60,Old Coulsdon - Croydon Town Centre - Thornton Heath Pond - Streatham Vale - Streatham Station
29723622,2026-06-12 23:41:00+02,60,"",Croydon (arriva),60,Old Coulsdon - Croydon Town Centre - Thornton Heath Pond - Streatham Vale - Streatham Station
29817688,2026-06-13 09:31:00+02,60,"",Streatham Station,60,Old Coulsdon - Croydon Town Centre - Thornton Heath Pond - Streatham Vale - Streatham Station
29817600,2026-06-13 10:08:00+02,60,"",Old Coulsdon / Tudor Rose,60,Old Coulsdon - Croydon Town Centre - Thornton Heath Pond - Streatham Vale - Streatham Station
29847184,2026-06-13 11:27:00+02,60,"",Streatham Station,60,Old Coulsdon - Croydon Town Centre - Thornton Heath Pond - Streatham Vale - Streatham Station
30138809,2026-06-14 06:25:00+02,60,"",Streatham Station,60,Old Coulsdon - Croydon Town Centre - Thornton Heath Pond - Streatham Vale - Streatham Station
30138685,2026-06-14 06:40:00+02,60,"",Streatham Station,60,Old Coulsdon - Croydon Town Centre - Thornton Heath Pond - Streatham Vale - Streatham Station
30143677,2026-06-14 07:28:00+02,60,"",Streatham Station,60,Old Coulsdon - Croydon Town Centre - Thornton Heath Pond - Streatham Vale - Streatham Station
30144430,2026-06-14 07:40:00+02,60,"",Old Coulsdon / Tudor Rose,60,Old Coulsdon - Croydon Town Centre - Thornton Heath Pond - Streatham Vale - Streatham Station
30151713,2026-06-14 08:40:00+02,60,"",Streatham Station,60,Old Coulsdon - Croydon Town Centre - Thornton Heath Pond - Streatham Vale - Streatham Station
30162405,2026-06-14 09:33:00+02,60,"",Streatham Station,60,Old Coulsdon - Croydon Town Centre - Thornton Heath Pond - Streatham Vale - Streatham Station
30163820,2026-06-14 09:40:00+02,60,"",Old Coulsdon / Tudor Rose,60,Old Coulsdon - Croydon Town Centre - Thornton Heath Pond - Streatham Vale - Streatham Station
30179165,2026-06-14 11:00:00+02,60,"",Streatham Station,60,Old Coulsdon - Croydon Town Centre - Thornton Heath Pond - Streatham Vale - Streatham Station
30200264,2026-06-14 12:05:00+02,60,"",Streatham Station,60,Old Coulsdon - Croydon Town Centre - Thornton Heath Pond - Streatham Vale - Streatham Station
30204741,2026-06-14 12:26:00+02,60,"",Old Coulsdon / Tudor Rose,60,Old Coulsdon - Croydon Town Centre - Thornton Heath Pond - Streatham Vale - Streatham Station
30225583,2026-06-14 13:54:00+02,60,"",Streatham Station,60,Old Coulsdon - Croydon Town Centre - Thornton Heath Pond - Streatham Vale - Streatham Station
30246954,2026-06-14 15:09:00+02,60,"",Streatham Station,60,Old Coulsdon - Croydon Town Centre - Thornton Heath Pond - Streatham Vale - Streatham Station
30249604,2026-06-14 15:24:00+02,60,"",Old Coulsdon / Tudor Rose,60,Old Coulsdon - Croydon Town Centre - Thornton Heath Pond - Streatham Vale - Streatham Station
30271767,2026-06-14 16:54:00+02,60,"",Streatham Station,60,Old Coulsdon - Croydon Town Centre - Thornton Heath Pond - Streatham Vale - Streatham Station
30291729,2026-06-14 18:04:00+02,60,"",Croydon (arriva),60,Old Coulsdon - Croydon Town Centre - Thornton Heath Pond - Streatham Vale - Streatham Station
30415426,2026-06-15 07:53:00+02,60,"",Streatham Station,60,Old Coulsdon - Croydon Town Centre - Thornton Heath Pond - Streatham Vale - Streatham Station
30450921,2026-06-15 09:09:00+02,60,"",Streatham Station,60,Old Coulsdon - Croydon Town Centre - Thornton Heath Pond - Streatham Vale - Streatham Station
30454628,2026-06-15 09:19:00+02,60,"",Old Coulsdon / Tudor Rose,60,Old Coulsdon - Croydon Town Centre - Thornton Heath Pond - Streatham Vale - Streatham Station
30488060,2026-06-15 10:49:00+02,60,"",Streatham Station,60,Old Coulsdon - Croydon Town Centre - Thornton Heath Pond - Streatham Vale - Streatham Station
30527449,2026-06-15 12:04:00+02,60,"",Streatham Station,60,Old Coulsdon - Croydon Town Centre - Thornton Heath Pond - Streatham Vale - Streatham Station
30535897,2026-06-15 12:20:00+02,60,"",Old Coulsdon / Tudor Rose,60,Old Coulsdon - Croydon Town Centre - Thornton Heath Pond - Streatham Vale - Streatham Station
30573383,2026-06-15 13:49:00+02,60,"",Streatham Station,60,Old Coulsdon - Croydon Town Centre - Thornton Heath Pond - Streatham Vale - Streatham Station
30608580,2026-06-15 15:04:00+02,60,"",Streatham Station,60,Old Coulsdon - Croydon Town Centre - Thornton Heath Pond - Streatham Vale - Streatham Station
30615260,2026-06-15 15:17:00+02,60,"",Old Coulsdon / Tudor Rose,60,Old Coulsdon - Croydon Town Centre - Thornton Heath Pond - Streatham Vale - Streatham Station
30659115,2026-06-15 16:55:00+02,60,"",Streatham Station,60,Old Coulsdon - Croydon Town Centre - Thornton Heath Pond - Streatham Vale - Streatham Station
30693743,2026-06-15 18:19:00+02,60,"",Streatham Station,60,Old Coulsdon - Croydon Town Centre - Thornton Heath Pond - Streatham Vale - Streatham Station
30703691,2026-06-15 18:37:00+02,60,"",Old Coulsdon / Tudor Rose,60,Old Coulsdon - Croydon Town Centre - Thornton Heath Pond - Streatham Vale - Streatham Station
30733311,2026-06-15 20:15:00+02,60,"",Streatham Station,60,Old Coulsdon - Croydon Town Centre - Thornton Heath Pond - Streatham Vale - Streatham Station
30755429,2026-06-15 21:22:00+02,60,"",Streatham Station,60,Old Coulsdon - Croydon Town Centre - Thornton Heath Pond - Streatham Vale - Streatham Station
30760287,2026-06-15 21:40:00+02,60,"",Old Coulsdon / Tudor Rose,60,Old Coulsdon - Croydon Town Centre - Thornton Heath Pond - Streatham Vale - Streatham Station
30774817,2026-06-15 23:00:00+02,60,"",Streatham Station,60,Old Coulsdon - Croydon Town Centre - Thornton Heath Pond - Streatham Vale - Streatham Station
30790015,2026-06-15 23:52:00+02,60,"",Streatham Station,60,Old Coulsdon - Croydon Town Centre - Thornton Heath Pond - Streatham Vale - Streatham Station
30791449,2026-06-16 00:10:00+02,60,"",Old Coulsdon / Tudor Rose,60,Old Coulsdon - Croydon Town Centre - Thornton Heath Pond - Streatham Vale - Streatham Station
30822944,2026-06-16 06:42:00+02,194,"",West Croydon Bus Station,194,Lower Sydenham - Clock House - Beckenham - West Wickham - West Croydon
30822839,2026-06-16 06:50:00+02,194,"",Bell Green / Sainsbury's,194,Lower Sydenham - Clock House - Beckenham - West Wickham - West Croydon
30841293,2026-06-16 07:39:00+02,194,"",Bell Green / Sainsbury's,194,Lower Sydenham - Clock House - Beckenham - West Wickham - West Croydon
30846887,2026-06-16 07:54:00+02,194,"",West Croydon Bus Station,194,Lower Sydenham - Clock House - Beckenham - West Wickham - West Croydon
30878865,2026-06-16 09:06:00+02,194,"",West Croydon Bus Station,194,Lower Sydenham - Clock House - Beckenham - West Wickham - West Croydon
30879240,2026-06-16 09:13:00+02,194,"",Bell Green / Sainsbury's,194,Lower Sydenham - Clock House - Beckenham - West Wickham - West Croydon
30918989,2026-06-16 10:29:00+02,194,"",Bell Green / Sainsbury's,194,Lower Sydenham - Clock House - Beckenham - West Wickham - West Croydon
30925311,2026-06-16 10:36:00+02,194,"",West Croydon Bus Station,194,Lower Sydenham - Clock House - Beckenham - West Wickham - West Croydon
30953258,2026-06-16 11:43:00+02,194,"",West Croydon Bus Station,194,Lower Sydenham - Clock House - Beckenham - West Wickham - West Croydon
30960652,2026-06-16 12:02:00+02,194,"",Bell Green / Sainsbury's,194,Lower Sydenham - Clock House - Beckenham - West Wickham - West Croydon
30994239,2026-06-16 13:15:00+02,194,"",Bell Green / Sainsbury's,194,Lower Sydenham - Clock House - Beckenham - West Wickham - West Croydon
31001954,2026-06-16 13:24:00+02,194,"",West Croydon Bus Station,194,Lower Sydenham - Clock House - Beckenham - West Wickham - West Croydon
31031014,2026-06-16 14:31:00+02,194,"",West Croydon Bus Station,194,Lower Sydenham - Clock House - Beckenham - West Wickham - West Croydon
31031776,2026-06-16 14:47:00+02,194,"",Bell Green / Sainsbury's,194,Lower Sydenham - Clock House - Beckenham - West Wickham - West Croydon
31065209,2026-06-16 16:07:00+02,194,"",West Croydon Bus Station,194,Lower Sydenham - Clock House - Beckenham - West Wickham - West Croydon
31106175,2026-06-16 17:22:00+02,194,"",West Croydon Bus Station,194,Lower Sydenham - Clock House - Beckenham - West Wickham - West Croydon
31106866,2026-06-16 17:30:00+02,194,"",Bell Green / Sainsbury's,194,Lower Sydenham - Clock House - Beckenham - West Wickham - West Croydon
31137762,2026-06-16 18:55:00+02,194,"",West Croydon Bus Station,194,Lower Sydenham - Clock House - Beckenham - West Wickham - West Croydon
31163861,2026-06-16 20:02:00+02,194,"",West Croydon Bus Station,194,Lower Sydenham - Clock House - Beckenham - West Wickham - West Croydon
31164274,2026-06-16 20:12:00+02,194,"",Bell Green / Sainsbury's,194,Lower Sydenham - Clock House - Beckenham - West Wickham - West Croydon
31184254,2026-06-16 21:14:00+02,194,"",Bell Green / Sainsbury's,194,Lower Sydenham - Clock House - Beckenham - West Wickham - West Croydon
31188875,2026-06-16 21:31:00+02,194,"",West Croydon Bus Station,194,Lower Sydenham - Clock House - Beckenham - West Wickham - West Croydon
31199915,2026-06-16 22:24:00+02,194,"",West Croydon Bus Station,194,Lower Sydenham - Clock House - Beckenham - West Wickham - West Croydon
31200220,2026-06-16 23:00:00+02,194,"",Bell Green / Sainsbury's,194,Lower Sydenham - Clock House - Beckenham - West Wickham - West Croydon
31262343,2026-06-17 07:20:00+02,60,"",Streatham Station,60,Old Coulsdon - Croydon Town Centre - Thornton Heath Pond - Streatham Vale - Streatham Station
31291096,2026-06-17 08:26:00+02,60,"",Streatham Station,60,Old Coulsdon - Croydon Town Centre - Thornton Heath Pond - Streatham Vale - Streatham Station
31297980,2026-06-17 08:38:00+02,60,"",Old Coulsdon / Tudor Rose,60,Old Coulsdon - Croydon Town Centre - Thornton Heath Pond - Streatham Vale - Streatham Station
31337928,2026-06-17 10:09:00+02,60,"",Streatham Station,60,Old Coulsdon - Croydon Town Centre - Thornton Heath Pond - Streatham Vale - Streatham Station
31371500,2026-06-17 11:24:00+02,60,"",Streatham Station,60,Old Coulsdon - Croydon Town Centre - Thornton Heath Pond - Streatham Vale - Streatham Station
31378326,2026-06-17 11:40:00+02,60,"",Old Coulsdon / Tudor Rose,60,Old Coulsdon - Croydon Town Centre - Thornton Heath Pond - Streatham Vale - Streatham Station
31413739,2026-06-17 13:09:00+02,60,"",Streatham Station,60,Old Coulsdon - Croydon Town Centre - Thornton Heath Pond - Streatham Vale - Streatham Station
31451237,2026-06-17 14:24:00+02,60,"",Streatham Station,60,Old Coulsdon - Croydon Town Centre - Thornton Heath Pond - Streatham Vale - Streatham Station
31457718,2026-06-17 14:38:00+02,60,"",Old Coulsdon / Tudor Rose,60,Old Coulsdon - Croydon Town Centre - Thornton Heath Pond - Streatham Vale - Streatham Station
31496071,2026-06-17 16:06:00+02,60,"",Streatham Station,60,Old Coulsdon - Croydon Town Centre - Thornton Heath Pond - Streatham Vale - Streatham Station
31538785,2026-06-17 17:30:00+02,60,"",Streatham Station,60,Old Coulsdon - Croydon Town Centre - Thornton Heath Pond - Streatham Vale - Streatham Station
31542233,2026-06-17 17:37:00+02,60,"",Old Coulsdon / Tudor Rose,60,Old Coulsdon - Croydon Town Centre - Thornton Heath Pond - Streatham Vale - Streatham Station
31579107,2026-06-17 19:15:00+02,60,"",Streatham Station,60,Old Coulsdon - Croydon Town Centre - Thornton Heath Pond - Streatham Vale - Streatham Station
31603526,2026-06-17 20:30:00+02,60,"",Croydon (arriva),60,Old Coulsdon - Croydon Town Centre - Thornton Heath Pond - Streatham Vale - Streatham Station
31710390,2026-06-18 07:53:00+02,60,"",Old Coulsdon / Tudor Rose,60,Old Coulsdon - Croydon Town Centre - Thornton Heath Pond - Streatham Vale - Streatham Station
31710640,2026-06-18 08:15:00+02,60,"",Streatham Station,60,Old Coulsdon - Croydon Town Centre - Thornton Heath Pond - Streatham Vale - Streatham Station
31752572,2026-06-18 09:40:00+02,60,"",Streatham Station,60,Old Coulsdon - Croydon Town Centre - Thornton Heath Pond - Streatham Vale - Streatham Station
31759688,2026-06-18 09:49:00+02,60,"",Old Coulsdon / Tudor Rose,60,Old Coulsdon - Croydon Town Centre - Thornton Heath Pond - Streatham Vale - Streatham Station
31798144,2026-06-18 11:19:00+02,60,"",Streatham Station,60,Old Coulsdon - Croydon Town Centre - Thornton Heath Pond - Streatham Vale - Streatham Station
31838231,2026-06-18 12:34:00+02,60,"",Streatham Station,60,Old Coulsdon - Croydon Town Centre - Thornton Heath Pond - Streatham Vale - Streatham Station
31841386,2026-06-18 12:50:00+02,60,"",Old Coulsdon / Tudor Rose,60,Old Coulsdon - Croydon Town Centre - Thornton Heath Pond - Streatham Vale - Streatham Station
31878530,2026-06-18 14:19:00+02,60,"",Streatham Station,60,Old Coulsdon - Croydon Town Centre - Thornton Heath Pond - Streatham Vale - Streatham Station
31913611,2026-06-18 15:34:00+02,60,"",Streatham Station,60,Old Coulsdon - Croydon Town Centre - Thornton Heath Pond - Streatham Vale - Streatham Station
31919504,2026-06-18 15:47:00+02,60,"",Old Coulsdon / Tudor Rose,60,Old Coulsdon - Croydon Town Centre - Thornton Heath Pond - Streatham Vale - Streatham Station
31964892,2026-06-18 17:25:00+02,60,"",Streatham Station,60,Old Coulsdon - Croydon Town Centre - Thornton Heath Pond - Streatham Vale - Streatham Station
32006700,2026-06-18 18:49:00+02,60,"",Streatham Station,60,Old Coulsdon - Croydon Town Centre - Thornton Heath Pond - Streatham Vale - Streatham Station
32007338,2026-06-18 19:07:00+02,60,"",Old Coulsdon / Tudor Rose,60,Old Coulsdon - Croydon Town Centre - Thornton Heath Pond - Streatham Vale - Streatham Station
32034933,2026-06-18 20:36:00+02,60,"",Streatham Station,60,Old Coulsdon - Croydon Town Centre - Thornton Heath Pond - Streatham Vale - Streatham Station
32052081,2026-06-18 21:39:00+02,60,"",Streatham Station,60,Old Coulsdon - Croydon Town Centre - Thornton Heath Pond - Streatham Vale - Streatham Station
32054839,2026-06-18 21:55:00+02,60,"",Old Coulsdon / Tudor Rose,60,Old Coulsdon - Croydon Town Centre - Thornton Heath Pond - Streatham Vale - Streatham Station
32068796,2026-06-18 23:15:00+02,60,"",Streatham Station,60,Old Coulsdon - Croydon Town Centre - Thornton Heath Pond - Streatham Vale - Streatham Station
32083581,2026-06-19 00:06:00+02,60,"",Streatham Station,60,Old Coulsdon - Croydon Town Centre - Thornton Heath Pond - Streatham Vale - Streatham Station
32085651,2026-06-19 00:25:00+02,60,"",Old Coulsdon / Tudor Rose,60,Old Coulsdon - Croydon Town Centre - Thornton Heath Pond - Streatham Vale - Streatham Station
32093551,2026-06-19 01:16:00+02,60,"",Croydon (arriva),60,Old Coulsdon - Croydon Town Centre - Thornton Heath Pond - Streatham Vale - Streatham Station
32110588,2026-06-19 06:10:00+02,194,"",Bell Green / Sainsbury's,194,Lower Sydenham - Clock House - Beckenham - West Wickham - West Croydon
32110806,2026-06-19 06:40:00+02,194,"",West Croydon Bus Station,194,Lower Sydenham - Clock House - Beckenham - West Wickham - West Croydon
32124695,2026-06-19 07:28:00+02,194,"",West Croydon Bus Station,194,Lower Sydenham - Clock House - Beckenham - West Wickham - West Croydon
32126676,2026-06-19 07:36:00+02,194,"",Bell Green / Sainsbury's,194,Lower Sydenham - Clock House - Beckenham - West Wickham - West Croydon
32157297,2026-06-19 08:40:00+02,194,"",Bell Green / Sainsbury's,194,Lower Sydenham - Clock House - Beckenham - West Wickham - West Croydon
32163200,2026-06-19 08:48:00+02,194,"",West Croydon Bus Station,194,Lower Sydenham - Clock House - Beckenham - West Wickham - West Croydon
32198472,2026-06-19 10:05:00+02,194,"",Bell Green / Sainsbury's,194,Lower Sydenham - Clock House - Beckenham - West Wickham - West Croydon
32198919,2026-06-19 10:14:00+02,194,"",Bell Green / Sainsbury's,194,Lower Sydenham - Clock House - Beckenham - West Wickham - West Croydon
32232549,2026-06-19 11:27:00+02,194,"",Bell Green / Sainsbury's,194,Lower Sydenham - Clock House - Beckenham - West Wickham - West Croydon
32237366,2026-06-19 11:36:00+02,194,"",West Croydon Bus Station,194,Lower Sydenham - Clock House - Beckenham - West Wickham - West Croydon
32271069,2026-06-19 12:43:00+02,194,"",West Croydon Bus Station,194,Lower Sydenham - Clock House - Beckenham - West Wickham - West Croydon
32270831,2026-06-19 13:02:00+02,194,"",Bell Green / Sainsbury's,194,Lower Sydenham - Clock House - Beckenham - West Wickham - West Croydon
32307495,2026-06-19 14:15:00+02,194,"",Bell Green / Sainsbury's,194,Lower Sydenham - Clock House - Beckenham - West Wickham - West Croydon
32309769,2026-06-19 14:24:00+02,194,"",West Croydon Bus Station,194,Lower Sydenham - Clock House - Beckenham - West Wickham - West Croydon
32341344,2026-06-19 15:31:00+02,194,"",West Croydon Bus Station,194,Lower Sydenham - Clock House - Beckenham - West Wickham - West Croydon
32346437,2026-06-19 15:42:00+02,194,"",Bell Green / Sainsbury's,194,Lower Sydenham - Clock House - Beckenham - West Wickham - West Croydon
32382853,2026-06-19 17:01:00+02,194,"",Bell Green / Sainsbury's,194,Lower Sydenham - Clock House - Beckenham - West Wickham - West Croydon
32384824,2026-06-19 17:07:00+02,194,"",West Croydon Bus Station,194,Lower Sydenham - Clock House - Beckenham - West Wickham - West Croydon
32419169,2026-06-19 18:19:00+02,194,"",West Croydon Bus Station,194,Lower Sydenham - Clock House - Beckenham - West Wickham - West Croydon
32421160,2026-06-19 18:30:00+02,194,"",Bell Green / Sainsbury's,194,Lower Sydenham - Clock House - Beckenham - West Wickham - West Croydon
32450429,2026-06-19 19:51:00+02,194,"",West Croydon Bus Station,194,Lower Sydenham - Clock House - Beckenham - West Wickham - West Croydon
32463848,2026-06-19 20:53:00+02,194,"",West Croydon Bus Station,194,Lower Sydenham - Clock House - Beckenham - West Wickham - West Croydon
32464116,2026-06-19 21:00:00+02,194,"",Bell Green / Sainsbury's,194,Lower Sydenham - Clock House - Beckenham - West Wickham - West Croydon
32482887,2026-06-19 21:55:00+02,194,"",Bell Green / Sainsbury's,194,Lower Sydenham - Clock House - Beckenham - West Wickham - West Croydon
32484000,2026-06-19 22:01:00+02,194,"",West Croydon Bus Station,194,Lower Sydenham - Clock House - Beckenham - West Wickham - West Croydon
32497091,2026-06-19 22:52:00+02,194,"",Croydon (arriva),194,Lower Sydenham - Clock House - Beckenham - West Wickham - West Croydon
33192116,2026-06-22 07:23:00+02,60,"",Streatham Station,60,Old Coulsdon - Croydon Town Centre - Thornton Heath Pond - Streatham Vale - Streatham Station
33191782,2026-06-22 08:01:00+02,60,"",Old Coulsdon / Tudor Rose,60,Old Coulsdon - Croydon Town Centre - Thornton Heath Pond - Streatham Vale - Streatham Station
33234078,2026-06-22 09:29:00+02,60,"",Streatham Station,60,Old Coulsdon - Croydon Town Centre - Thornton Heath Pond - Streatham Vale - Streatham Station
33273555,2026-06-22 10:51:00+02,60,"",Croydon (arriva),60,Old Coulsdon - Croydon Town Centre - Thornton Heath Pond - Streatham Vale - Streatham Station
33418971,2026-06-22 11:21:00+02,60,"",Old Coulsdon / Tudor Rose,60,Old Coulsdon - Croydon Town Centre - Thornton Heath Pond - Streatham Vale - Streatham Station
33418865,2026-06-22 16:15:00+02,60,"",Streatham Station,60,Old Coulsdon - Croydon Town Centre - Thornton Heath Pond - Streatham Vale - Streatham Station
33455722,2026-06-22 17:39:00+02,60,"",Streatham Station,60,Old Coulsdon - Croydon Town Centre - Thornton Heath Pond - Streatham Vale - Streatham Station
33460827,2026-06-22 17:47:00+02,60,"",Old Coulsdon / Tudor Rose,60,Old Coulsdon - Croydon Town Centre - Thornton Heath Pond - Streatham Vale - Streatham Station
33497779,2026-06-22 19:25:00+02,60,"",Streatham Station,60,Old Coulsdon - Croydon Town Centre - Thornton Heath Pond - Streatham Vale - Streatham Station
33522566,2026-06-22 20:38:00+02,60,"",Streatham Station,60,Old Coulsdon - Croydon Town Centre - Thornton Heath Pond - Streatham Vale - Streatham Station
33525460,2026-06-22 20:49:00+02,60,"",Old Coulsdon / Tudor Rose,60,Old Coulsdon - Croydon Town Centre - Thornton Heath Pond - Streatham Vale - Streatham Station
33542070,2026-06-22 22:15:00+02,60,"",Streatham Station,60,Old Coulsdon - Croydon Town Centre - Thornton Heath Pond - Streatham Vale - Streatham Station
33559023,2026-06-22 23:25:00+02,60,"",Old Coulsdon / Tudor Rose,60,Old Coulsdon - Croydon Town Centre - Thornton Heath Pond - Streatham Vale - Streatham Station
33572384,2026-06-23 00:30:00+02,60,"",Streatham Station,60,Old Coulsdon - Croydon Town Centre - Thornton Heath Pond - Streatham Vale - Streatham Station
33580191,2026-06-23 01:25:00+02,60,"",Old Coulsdon / Tudor Rose,60,Old Coulsdon - Croydon Town Centre - Thornton Heath Pond - Streatham Vale - Streatham Station
33602510,2026-06-23 06:42:00+02,194,"",West Croydon Bus Station,194,Lower Sydenham - Clock House - Beckenham - West Wickham - West Croydon
33601263,2026-06-23 06:50:00+02,194,"",Bell Green / Sainsbury's,194,Lower Sydenham - Clock House - Beckenham - West Wickham - West Croydon
33620231,2026-06-23 07:39:00+02,194,"",Bell Green / Sainsbury's,194,Lower Sydenham - Clock House - Beckenham - West Wickham - West Croydon
33623911,2026-06-23 07:45:39+02,194,"",Bell Green / Sainsbury's,194,Lower Sydenham - Clock House - Beckenham - West Wickham - West Croydon
33623717,2026-06-23 07:54:00+02,194,"",West Croydon Bus Station,194,Lower Sydenham - Clock House - Beckenham - West Wickham - West Croydon
33661786,2026-06-23 09:06:00+02,194,"",West Croydon Bus Station,194,Lower Sydenham - Clock House - Beckenham - West Wickham - West Croydon
33662303,2026-06-23 09:13:00+02,194,"",Bell Green / Sainsbury's,194,Lower Sydenham - Clock House - Beckenham - West Wickham - West Croydon
33698588,2026-06-23 10:29:00+02,194,"",Bell Green / Sainsbury's,194,Lower Sydenham - Clock House - Beckenham - West Wickham - West Croydon
33701725,2026-06-23 10:36:00+02,194,"",West Croydon Bus Station,194,Lower Sydenham - Clock House - Beckenham - West Wickham - West Croydon
33732360,2026-06-23 11:43:00+02,194,"",West Croydon Bus Station,194,Lower Sydenham - Clock House - Beckenham - West Wickham - West Croydon
33733233,2026-06-23 12:02:00+02,194,"",Bell Green / Sainsbury's,194,Lower Sydenham - Clock House - Beckenham - West Wickham - West Croydon
33771265,2026-06-23 13:15:00+02,194,"",Bell Green / Sainsbury's,194,Lower Sydenham - Clock House - Beckenham - West Wickham - West Croydon
33774130,2026-06-23 13:24:00+02,194,"",West Croydon Bus Station,194,Lower Sydenham - Clock House - Beckenham - West Wickham - West Croydon
33800802,2026-06-23 14:31:00+02,194,"",West Croydon Bus Station,194,Lower Sydenham - Clock House - Beckenham - West Wickham - West Croydon
33801408,2026-06-23 14:47:00+02,194,"",Bell Green / Sainsbury's,194,Lower Sydenham - Clock House - Beckenham - West Wickham - West Croydon
33840798,2026-06-23 16:00:00+02,194,"",Bell Green / Sainsbury's,194,Lower Sydenham - Clock House - Beckenham - West Wickham - West Croydon
33844991,2026-06-23 16:07:00+02,194,"",West Croydon Bus Station,194,Lower Sydenham - Clock House - Beckenham - West Wickham - West Croydon
33876814,2026-06-23 17:22:00+02,194,"",West Croydon Bus Station,194,Lower Sydenham - Clock House - Beckenham - West Wickham - West Croydon
33877396,2026-06-23 17:30:00+02,194,"",Bell Green / Sainsbury's,194,Lower Sydenham - Clock House - Beckenham - West Wickham - West Croydon
33910232,2026-06-23 18:49:00+02,194,"",Bell Green / Sainsbury's,194,Lower Sydenham - Clock House - Beckenham - West Wickham - West Croydon
33915218,2026-06-23 18:55:00+02,194,"",West Croydon Bus Station,194,Lower Sydenham - Clock House - Beckenham - West Wickham - West Croydon
33936396,2026-06-23 20:02:00+02,194,"",West Croydon Bus Station,194,Lower Sydenham - Clock House - Beckenham - West Wickham - West Croydon
33937157,2026-06-23 20:12:00+02,194,"",Bell Green / Sainsbury's,194,Lower Sydenham - Clock House - Beckenham - West Wickham - West Croydon
33960070,2026-06-23 21:14:00+02,194,"",Bell Green / Sainsbury's,194,Lower Sydenham - Clock House - Beckenham - West Wickham - West Croydon
33962810,2026-06-23 21:31:00+02,194,"",West Croydon Bus Station,194,Lower Sydenham - Clock House - Beckenham - West Wickham - West Croydon
33974334,2026-06-23 22:24:00+02,194,"",West Croydon Bus Station,194,Lower Sydenham - Clock House - Beckenham - West Wickham - West Croydon
33977730,2026-06-23 23:00:00+02,194,"",Bell Green / Sainsbury's,194,Lower Sydenham - Clock House - Beckenham - West Wickham - West Croydon
33992260,2026-06-23 23:51:00+02,194,"",Bell Green / Sainsbury's,194,Lower Sydenham - Clock House - Beckenham - West Wickham - West Croydon
33994246,2026-06-24 00:00:00+02,194,"",West Croydon Bus Station,194,Lower Sydenham - Clock House - Beckenham - West Wickham - West Croydon
34001542,2026-06-24 00:46:00+02,194,"",West Croydon Bus Station,194,Lower Sydenham - Clock House - Beckenham - West Wickham - West Croydon
34001850,2026-06-24 01:00:00+02,194,"",Bell Green / Sainsbury's,194,Lower Sydenham - Clock House - Beckenham - West Wickham - West Croydon
34008708,2026-06-24 01:46:00+02,194,"",Croydon (arriva),194,Lower Sydenham - Clock House - Beckenham - West Wickham - West Croydon
34017823,2026-06-24 05:55:00+02,60,"",Streatham Station,60,Old Coulsdon - Croydon Town Centre - Thornton Heath Pond - Streatham Vale - Streatham Station
34026686,2026-06-24 06:43:00+02,60,"",Streatham Station,60,Old Coulsdon - Croydon Town Centre - Thornton Heath Pond - Streatham Vale - Streatham Station
34028964,2026-06-24 06:55:00+02,60,"",Old Coulsdon / Tudor Rose,60,Old Coulsdon - Croydon Town Centre - Thornton Heath Pond - Streatham Vale - Streatham Station
34051891,2026-06-24 08:08:00+02,60,"",Streatham Station,60,Old Coulsdon - Croydon Town Centre - Thornton Heath Pond - Streatham Vale - Streatham Station
34092969,2026-06-24 09:30:00+02,60,"",Streatham Station,60,Old Coulsdon - Croydon Town Centre - Thornton Heath Pond - Streatham Vale - Streatham Station
34097955,2026-06-24 09:39:00+02,60,"",Old Coulsdon / Tudor Rose,60,Old Coulsdon - Croydon Town Centre - Thornton Heath Pond - Streatham Vale - Streatham Station
34137069,2026-06-24 11:09:00+02,60,"",Streatham Station,60,Old Coulsdon - Croydon Town Centre - Thornton Heath Pond - Streatham Vale - Streatham Station
34170717,2026-06-24 12:24:00+02,60,"",Streatham Station,60,Old Coulsdon - Croydon Town Centre - Thornton Heath Pond - Streatham Vale - Streatham Station
34178706,2026-06-24 12:40:00+02,60,"",Old Coulsdon / Tudor Rose,60,Old Coulsdon - Croydon Town Centre - Thornton Heath Pond - Streatham Vale - Streatham Station
34215000,2026-06-24 14:09:00+02,60,"",Streatham Station,60,Old Coulsdon - Croydon Town Centre - Thornton Heath Pond - Streatham Vale - Streatham Station
34251861,2026-06-24 15:24:00+02,60,"",Streatham Station,60,Old Coulsdon - Croydon Town Centre - Thornton Heath Pond - Streatham Vale - Streatham Station
34255781,2026-06-24 15:37:00+02,60,"",Old Coulsdon / Tudor Rose,60,Old Coulsdon - Croydon Town Centre - Thornton Heath Pond - Streatham Vale - Streatham Station
34294452,2026-06-24 17:15:00+02,60,"",Streatham Station,60,Old Coulsdon - Croydon Town Centre - Thornton Heath Pond - Streatham Vale - Streatham Station
34330956,2026-06-24 18:39:00+02,60,"",Streatham Station,60,Old Coulsdon - Croydon Town Centre - Thornton Heath Pond - Streatham Vale - Streatham Station
34340694,2026-06-24 18:57:00+02,60,"",Old Coulsdon / Tudor Rose,60,Old Coulsdon - Croydon Town Centre - Thornton Heath Pond - Streatham Vale - Streatham Station
34364702,2026-06-24 20:25:00+02,60,"",Streatham Station,60,Old Coulsdon - Croydon Town Centre - Thornton Heath Pond - Streatham Vale - Streatham Station
34386524,2026-06-24 21:30:00+02,60,"",Croydon (arriva),60,Old Coulsdon - Croydon Town Centre - Thornton Heath Pond - Streatham Vale - Streatham Station
34453013,2026-06-25 07:19:00+02,60,"",Old Coulsdon / Tudor Rose,60,Old Coulsdon - Croydon Town Centre - Thornton Heath Pond - Streatham Vale - Streatham Station
34457192,2026-06-25 07:37:00+02,60,"",Streatham Station,60,Old Coulsdon - Croydon Town Centre - Thornton Heath Pond - Streatham Vale - Streatham Station
34497649,2026-06-25 08:47:00+02,60,"",Streatham Station,60,Old Coulsdon - Croydon Town Centre - Thornton Heath Pond - Streatham Vale - Streatham Station
34504741,2026-06-25 08:58:00+02,60,"",Old Coulsdon / Tudor Rose,60,Old Coulsdon - Croydon Town Centre - Thornton Heath Pond - Streatham Vale - Streatham Station
34537900,2026-06-25 10:29:00+02,60,"",Streatham Station,60,Old Coulsdon - Croydon Town Centre - Thornton Heath Pond - Streatham Vale - Streatham Station
34572179,2026-06-25 11:44:00+02,60,"",Streatham Station,60,Old Coulsdon - Croydon Town Centre - Thornton Heath Pond - Streatham Vale - Streatham Station
34583537,2026-06-25 12:00:00+02,60,"",Old Coulsdon / Tudor Rose,60,Old Coulsdon - Croydon Town Centre - Thornton Heath Pond - Streatham Vale - Streatham Station
34614997,2026-06-25 13:29:00+02,60,"",Streatham Station,60,Old Coulsdon - Croydon Town Centre - Thornton Heath Pond - Streatham Vale - Streatham Station
34661692,2026-06-25 14:58:00+02,60,"",Old Coulsdon / Tudor Rose,60,Old Coulsdon - Croydon Town Centre - Thornton Heath Pond - Streatham Vale - Streatham Station
34716967,2026-06-25 15:54:00+02,60,"",Streatham Station,60,Old Coulsdon - Croydon Town Centre - Thornton Heath Pond - Streatham Vale - Streatham Station
34717908,2026-06-25 16:07:00+02,60,"",Old Coulsdon / Tudor Rose,60,Old Coulsdon - Croydon Town Centre - Thornton Heath Pond - Streatham Vale - Streatham Station
34732127,2026-06-25 17:45:00+02,60,"",Streatham Station,60,Old Coulsdon - Croydon Town Centre - Thornton Heath Pond - Streatham Vale - Streatham Station
34766080,2026-06-25 19:09:00+02,60,"",Streatham Station,60,Old Coulsdon - Croydon Town Centre - Thornton Heath Pond - Streatham Vale - Streatham Station
34775760,2026-06-25 19:27:00+02,60,"",Old Coulsdon / Tudor Rose,60,Old Coulsdon - Croydon Town Centre - Thornton Heath Pond - Streatham Vale - Streatham Station
34798944,2026-06-25 20:42:00+02,60,"",Croydon (arriva),60,Old Coulsdon - Croydon Town Centre - Thornton Heath Pond - Streatham Vale - Streatham Station
34888998,2026-06-26 06:55:00+02,194,"",Bell Green / Sainsbury's,194,Lower Sydenham - Clock House - Beckenham - West Wickham - West Croydon
34888744,2026-06-26 07:28:00+02,194,"",West Croydon Bus Station,194,Lower Sydenham - Clock House - Beckenham - West Wickham - West Croydon
34913324,2026-06-26 08:28:00+02,194,"",West Croydon Bus Station,194,Lower Sydenham - Clock House - Beckenham - West Wickham - West Croydon
34913703,2026-06-26 08:37:00+02,194,"",Bell Green / Sainsbury's,194,Lower Sydenham - Clock House - Beckenham - West Wickham - West Croydon
34955629,2026-06-26 09:54:00+02,194,"",Bell Green / Sainsbury's,194,Lower Sydenham - Clock House - Beckenham - West Wickham - West Croydon
34957692,2026-06-26 10:00:00+02,194,"",West Croydon Bus Station,194,Lower Sydenham - Clock House - Beckenham - West Wickham - West Croydon
34986745,2026-06-26 11:08:00+02,194,"",West Croydon Bus Station,194,Lower Sydenham - Clock House - Beckenham - West Wickham - West Croydon
34989512,2026-06-26 11:26:00+02,194,"",Bell Green / Sainsbury's,194,Lower Sydenham - Clock House - Beckenham - West Wickham - West Croydon
35038160,2026-06-26 12:48:00+02,194,"",West Croydon Bus Station,194,Lower Sydenham - Clock House - Beckenham - West Wickham - West Croydon
35062449,2026-06-26 13:55:00+02,194,"",West Croydon Bus Station,194,Lower Sydenham - Clock House - Beckenham - West Wickham - West Croydon
35062930,2026-06-26 14:14:00+02,194,"",Bell Green / Sainsbury's,194,Lower Sydenham - Clock House - Beckenham - West Wickham - West Croydon
35104231,2026-06-26 15:27:00+02,194,"",Bell Green / Sainsbury's,194,Lower Sydenham - Clock House - Beckenham - West Wickham - West Croydon
35105580,2026-06-26 15:33:00+02,194,"",West Croydon Bus Station,194,Lower Sydenham - Clock House - Beckenham - West Wickham - West Croydon
35134746,2026-06-26 16:45:00+02,194,"",West Croydon Bus Station,194,Lower Sydenham - Clock House - Beckenham - West Wickham - West Croydon
35134994,2026-06-26 16:54:00+02,194,"",Bell Green / Sainsbury's,194,Lower Sydenham - Clock House - Beckenham - West Wickham - West Croydon
35169956,2026-06-26 18:13:00+02,194,"",Bell Green / Sainsbury's,194,Lower Sydenham - Clock House - Beckenham - West Wickham - West Croydon
35171658,2026-06-26 18:19:00+02,194,"",West Croydon Bus Station,194,Lower Sydenham - Clock House - Beckenham - West Wickham - West Croydon
35196942,2026-06-26 19:30:00+02,194,"",West Croydon Bus Station,194,Lower Sydenham - Clock House - Beckenham - West Wickham - West Croydon
35197086,2026-06-26 19:38:00+02,194,"",Bell Green / Sainsbury's,194,Lower Sydenham - Clock House - Beckenham - West Wickham - West Croydon
35219873,2026-06-26 20:44:00+02,194,"",Bell Green / Sainsbury's,194,Lower Sydenham - Clock House - Beckenham - West Wickham - West Croydon
35221639,2026-06-26 20:51:00+02,194,"",West Croydon Bus Station,194,Lower Sydenham - Clock House - Beckenham - West Wickham - West Croydon
35234965,2026-06-26 21:47:00+02,194,"",Croydon (arriva),194,Lower Sydenham - Clock House - Beckenham - West Wickham - West Croydon
35247558,2026-06-26 22:40:00+02,194,"",Bell Green / Sainsbury's,194,Lower Sydenham - Clock House - Beckenham - West Wickham - West Croydon
35259046,2026-06-26 23:31:00+02,194,"",Bell Green / Sainsbury's,194,Lower Sydenham - Clock House - Beckenham - West Wickham - West Croydon
35259638,2026-06-26 23:40:00+02,194,"",West Croydon Bus Station,194,Lower Sydenham - Clock House - Beckenham - West Wickham - West Croydon
35269139,2026-06-27 00:28:00+02,194,"",West Croydon Bus Station,194,Lower Sydenham - Clock House - Beckenham - West Wickham - West Croydon
35269620,2026-06-27 00:40:00+02,194,"",Bell Green / Sainsbury's,194,Lower Sydenham - Clock House - Beckenham - West Wickham - West Croydon
35275594,2026-06-27 01:26:00+02,194,"",Croydon (arriva),194,Lower Sydenham - Clock House - Beckenham - West Wickham - West Croydon
35292005,2026-06-27 06:40:00+02,194,"",Bell Green / Sainsbury's,194,Lower Sydenham - Clock House - Beckenham - West Wickham - West Croydon
35301397,2026-06-27 07:25:00+02,194,"",Bell Green / Sainsbury's,194,Lower Sydenham - Clock House - Beckenham - West Wickham - West Croydon
35303963,2026-06-27 07:40:00+02,194,"",West Croydon Bus Station,194,Lower Sydenham - Clock House - Beckenham - West Wickham - West Croydon
35318923,2026-06-27 08:27:00+02,194,"",West Croydon Bus Station,194,Lower Sydenham - Clock House - Beckenham - West Wickham - West Croydon
35319792,2026-06-27 09:56:00+02,194,"",Bell Green / Sainsbury's,194,Lower Sydenham - Clock House - Beckenham - West Wickham - West Croydon
35379550,2026-06-27 10:57:00+02,194,"",Bell Green / Sainsbury's,194,Lower Sydenham - Clock House - Beckenham - West Wickham - West Croydon
35381737,2026-06-27 11:13:00+02,194,"",West Croydon Bus Station,194,Lower Sydenham - Clock House - Beckenham - West Wickham - West Croydon
35413375,2026-06-27 12:24:00+02,194,"",West Croydon Bus Station,194,Lower Sydenham - Clock House - Beckenham - West Wickham - West Croydon
35413902,2026-06-27 12:35:00+02,194,"",Bell Green / Sainsbury's,194,Lower Sydenham - Clock House - Beckenham - West Wickham - West Croydon
35454157,2026-06-27 13:53:00+02,194,"",Bell Green / Sainsbury's,194,Lower Sydenham - Clock House - Beckenham - West Wickham - West Croydon
35457480,2026-06-27 13:59:00+02,194,"",West Croydon Bus Station,194,Lower Sydenham - Clock House - Beckenham - West Wickham - West Croydon
35486803,2026-06-27 15:11:00+02,194,"",West Croydon Bus Station,194,Lower Sydenham - Clock House - Beckenham - West Wickham - West Croydon
35493437,2026-06-27 15:23:00+02,194,"",Bell Green / Sainsbury's,194,Lower Sydenham - Clock House - Beckenham - West Wickham - West Croydon
35518986,2026-06-27 16:47:00+02,194,"",West Croydon Bus Station,194,Lower Sydenham - Clock House - Beckenham - West Wickham - West Croydon
35542947,2026-06-27 17:51:00+02,194,"",West Croydon Bus Station,194,Lower Sydenham - Clock House - Beckenham - West Wickham - West Croydon
35543531,2026-06-27 18:11:00+02,194,"",Bell Green / Sainsbury's,194,Lower Sydenham - Clock House - Beckenham - West Wickham - West Croydon
35575215,2026-06-27 19:20:00+02,194,"",Bell Green / Sainsbury's,194,Lower Sydenham - Clock House - Beckenham - West Wickham - West Croydon
35580584,2026-06-27 19:35:00+02,194,"",West Croydon Bus Station,194,Lower Sydenham - Clock House - Beckenham - West Wickham - West Croydon
35597597,2026-06-27 20:35:00+02,194,"",West Croydon Bus Station,194,Lower Sydenham - Clock House - Beckenham - West Wickham - West Croydon
35599719,2026-06-27 20:45:00+02,194,"",Bell Green / Sainsbury's,194,Lower Sydenham - Clock House - Beckenham - West Wickham - West Croydon
35613367,2026-06-27 21:43:00+02,194,"",Bell Green / Sainsbury's,194,Lower Sydenham - Clock House - Beckenham - West Wickham - West Croydon
35616831,2026-06-27 22:00:00+02,194,"",West Croydon Bus Station,194,Lower Sydenham - Clock House - Beckenham - West Wickham - West Croydon
35627512,2026-06-27 22:51:00+02,194,"",Croydon (arriva),194,Lower Sydenham - Clock House - Beckenham - West Wickham - West Croydon
35695065,2026-06-28 09:53:00+02,194,"",Bell Green / Sainsbury's,194,Lower Sydenham - Clock House - Beckenham - West Wickham - West Croydon
35709239,2026-06-28 10:48:00+02,194,"",Bell Green / Sainsbury's,194,Lower Sydenham - Clock House - Beckenham - West Wickham - West Croydon
35713049,2026-06-28 11:08:00+02,194,"",West Croydon Bus Station,194,Lower Sydenham - Clock House - Beckenham - West Wickham - West Croydon
35728628,2026-06-28 12:08:00+02,194,"",West Croydon Bus Station,194,Lower Sydenham - Clock House - Beckenham - West Wickham - West Croydon
35728887,2026-06-28 12:20:00+02,194,"",Bell Green / Sainsbury's,194,Lower Sydenham - Clock House - Beckenham - West Wickham - West Croydon
35750430,2026-06-28 13:30:00+02,194,"",Bell Green / Sainsbury's,194,Lower Sydenham - Clock House - Beckenham - West Wickham - West Croydon
35754084,2026-06-28 13:40:00+02,194,"",West Croydon Bus Station,194,Lower Sydenham - Clock House - Beckenham - West Wickham - West Croydon
35770066,2026-06-28 14:48:00+02,194,"",West Croydon Bus Station,194,Lower Sydenham - Clock House - Beckenham - West Wickham - West Croydon
35770656,2026-06-28 15:39:00+02,194,"",Bell Green / Sainsbury's,194,Lower Sydenham - Clock House - Beckenham - West Wickham - West Croydon
35799589,2026-06-28 16:46:00+02,194,"",Bell Green / Sainsbury's,194,Lower Sydenham - Clock House - Beckenham - West Wickham - West Croydon
35803298,2026-06-28 17:00:00+02,194,"",West Croydon Bus Station,194,Lower Sydenham - Clock House - Beckenham - West Wickham - West Croydon
35818259,2026-06-28 18:01:00+02,194,"",Croydon (arriva),194,Lower Sydenham - Clock House - Beckenham - West Wickham - West Croydon
35974098,2026-06-29 08:38:00+02,60,"",Streatham Station,60,Old Coulsdon - Croydon Town Centre - Thornton Heath Pond - Streatham Vale - Streatham Station
36006136,2026-06-29 10:08:00+02,60,"",Streatham Station,60,Old Coulsdon - Croydon Town Centre - Thornton Heath Pond - Streatham Vale - Streatham Station
36010570,2026-06-29 10:20:00+02,60,"",Old Coulsdon / Tudor Rose,60,Old Coulsdon - Croydon Town Centre - Thornton Heath Pond - Streatham Vale - Streatham Station
36047768,2026-06-29 11:49:00+02,60,"",Streatham Station,60,Old Coulsdon - Croydon Town Centre - Thornton Heath Pond - Streatham Vale - Streatham Station
36084843,2026-06-29 13:04:00+02,60,"",Streatham Station,60,Old Coulsdon - Croydon Town Centre - Thornton Heath Pond - Streatham Vale - Streatham Station
36089301,2026-06-29 13:19:00+02,60,"",Old Coulsdon / Tudor Rose,60,Old Coulsdon - Croydon Town Centre - Thornton Heath Pond - Streatham Vale - Streatham Station
36124251,2026-06-29 14:49:00+02,60,"",Streatham Station,60,Old Coulsdon - Croydon Town Centre - Thornton Heath Pond - Streatham Vale - Streatham Station
36169093,2026-06-29 16:05:00+02,60,"",Streatham Station,60,Old Coulsdon - Croydon Town Centre - Thornton Heath Pond - Streatham Vale - Streatham Station
36171357,2026-06-29 16:17:00+02,60,"",Old Coulsdon / Tudor Rose,60,Old Coulsdon - Croydon Town Centre - Thornton Heath Pond - Streatham Vale - Streatham Station
36211687,2026-06-29 17:55:00+02,60,"",Streatham Station,60,Old Coulsdon - Croydon Town Centre - Thornton Heath Pond - Streatham Vale - Streatham Station
36246059,2026-06-29 19:19:00+02,60,"",Streatham Station,60,Old Coulsdon - Croydon Town Centre - Thornton Heath Pond - Streatham Vale - Streatham Station
36249193,2026-06-29 19:37:00+02,60,"",Old Coulsdon / Tudor Rose,60,Old Coulsdon - Croydon Town Centre - Thornton Heath Pond - Streatham Vale - Streatham Station
36270936,2026-06-29 21:00:00+02,60,"",Streatham Station,60,Old Coulsdon - Croydon Town Centre - Thornton Heath Pond - Streatham Vale - Streatham Station
36288130,2026-06-29 22:01:00+02,60,"",Croydon (arriva),60,Old Coulsdon - Croydon Town Centre - Thornton Heath Pond - Streatham Vale - Streatham Station
36360739,2026-06-30 06:55:00+02,194,"",Bell Green / Sainsbury's,194,Lower Sydenham - Clock House - Beckenham - West Wickham - West Croydon
36359225,2026-06-30 07:28:00+02,194,"",West Croydon Bus Station,194,Lower Sydenham - Clock House - Beckenham - West Wickham - West Croydon
36387085,2026-06-30 08:28:00+02,194,"",West Croydon Bus Station,194,Lower Sydenham - Clock House - Beckenham - West Wickham - West Croydon
36389757,2026-06-30 08:37:00+02,194,"",Bell Green / Sainsbury's,194,Lower Sydenham - Clock House - Beckenham - West Wickham - West Croydon
36420392,2026-06-30 10:00:00+02,194,"",West Croydon Bus Station,194,Lower Sydenham - Clock House - Beckenham - West Wickham - West Croydon
36450774,2026-06-30 11:08:00+02,194,"",West Croydon Bus Station,194,Lower Sydenham - Clock House - Beckenham - West Wickham - West Croydon
36455575,2026-06-30 11:26:00+02,194,"",Bell Green / Sainsbury's,194,Lower Sydenham - Clock House - Beckenham - West Wickham - West Croydon
36496143,2026-06-30 12:38:00+02,194,"",Bell Green / Sainsbury's,194,Lower Sydenham - Clock House - Beckenham - West Wickham - West Croydon
36500370,2026-06-30 12:48:00+02,194,"",West Croydon Bus Station,194,Lower Sydenham - Clock House - Beckenham - West Wickham - West Croydon
36529282,2026-06-30 13:55:00+02,194,"",West Croydon Bus Station,194,Lower Sydenham - Clock House - Beckenham - West Wickham - West Croydon
36536911,2026-06-30 14:14:00+02,194,"",Bell Green / Sainsbury's,194,Lower Sydenham - Clock House - Beckenham - West Wickham - West Croydon
36568964,2026-06-30 15:27:00+02,194,"",Bell Green / Sainsbury's,194,Lower Sydenham - Clock House - Beckenham - West Wickham - West Croydon
36573221,2026-06-30 15:33:00+02,194,"",West Croydon Bus Station,194,Lower Sydenham - Clock House - Beckenham - West Wickham - West Croydon
36607150,2026-06-30 16:45:00+02,194,"",West Croydon Bus Station,194,Lower Sydenham - Clock House - Beckenham - West Wickham - West Croydon
36608888,2026-06-30 16:54:00+02,194,"",Bell Green / Sainsbury's,194,Lower Sydenham - Clock House - Beckenham - West Wickham - West Croydon
36638527,2026-06-30 18:19:00+02,194,"",West Croydon Bus Station,194,Lower Sydenham - Clock House - Beckenham - West Wickham - West Croydon
36674620,2026-06-30 19:30:00+02,194,"",West Croydon Bus Station,194,Lower Sydenham - Clock House - Beckenham - West Wickham - West Croydon
36674934,2026-06-30 19:38:00+02,194,"",Bell Green / Sainsbury's,194,Lower Sydenham - Clock House - Beckenham - West Wickham - West Croydon
36697770,2026-06-30 20:44:00+02,194,"",Bell Green / Sainsbury's,194,Lower Sydenham - Clock House - Beckenham - West Wickham - West Croydon
36699175,2026-06-30 20:51:00+02,194,"",West Croydon Bus Station,194,Lower Sydenham - Clock House - Beckenham - West Wickham - West Croydon
36714378,2026-06-30 21:47:00+02,194,"",Croydon (arriva),194,Lower Sydenham - Clock House - Beckenham - West Wickham - West Croydon
37230396,2026-07-02 08:20:00+02,60,"",Old Coulsdon / Tudor Rose,60,Old Coulsdon - Croydon Town Centre - Thornton Heath Pond - Streatham Vale - Streatham Station
37275036,2026-07-02 09:49:00+02,60,"",Streatham Station,60,Old Coulsdon - Croydon Town Centre - Thornton Heath Pond - Streatham Vale - Streatham Station
37314661,2026-07-02 11:06:00+02,60,"",Streatham Station,60,Old Coulsdon - Croydon Town Centre - Thornton Heath Pond - Streatham Vale - Streatham Station
37315530,2026-07-02 11:20:00+02,60,"",Old Coulsdon / Tudor Rose,60,Old Coulsdon - Croydon Town Centre - Thornton Heath Pond - Streatham Vale - Streatham Station
37350888,2026-07-02 12:49:00+02,60,"",Streatham Station,60,Old Coulsdon - Croydon Town Centre - Thornton Heath Pond - Streatham Vale - Streatham Station
37388236,2026-07-02 14:04:00+02,60,"",Streatham Station,60,Old Coulsdon - Croydon Town Centre - Thornton Heath Pond - Streatham Vale - Streatham Station
37393287,2026-07-02 14:18:00+02,60,"",Old Coulsdon / Tudor Rose,60,Old Coulsdon - Croydon Town Centre - Thornton Heath Pond - Streatham Vale - Streatham Station
37431293,2026-07-02 15:46:00+02,60,"",Streatham Station,60,Old Coulsdon - Croydon Town Centre - Thornton Heath Pond - Streatham Vale - Streatham Station
37468979,2026-07-02 17:10:00+02,60,"",Streatham Station,60,Old Coulsdon - Croydon Town Centre - Thornton Heath Pond - Streatham Vale - Streatham Station
37472962,2026-07-02 17:17:00+02,60,"",Old Coulsdon / Tudor Rose,60,Old Coulsdon - Croydon Town Centre - Thornton Heath Pond - Streatham Vale - Streatham Station
37510759,2026-07-02 18:55:00+02,60,"",Streatham Station,60,Old Coulsdon - Croydon Town Centre - Thornton Heath Pond - Streatham Vale - Streatham Station
37543077,2026-07-02 20:14:00+02,60,"",Streatham Station,60,Old Coulsdon - Croydon Town Centre - Thornton Heath Pond - Streatham Vale - Streatham Station
37543441,2026-07-02 20:27:00+02,60,"",Old Coulsdon / Tudor Rose,60,Old Coulsdon - Croydon Town Centre - Thornton Heath Pond - Streatham Vale - Streatham Station
37562971,2026-07-02 21:45:00+02,60,"",Streatham Station,60,Old Coulsdon - Croydon Town Centre - Thornton Heath Pond - Streatham Vale - Streatham Station
37576416,2026-07-02 22:42:00+02,60,"",Streatham Station,60,Old Coulsdon - Croydon Town Centre - Thornton Heath Pond - Streatham Vale - Streatham Station
37577759,2026-07-02 22:55:00+02,60,"",Old Coulsdon / Tudor Rose,60,Old Coulsdon - Croydon Town Centre - Thornton Heath Pond - Streatham Vale - Streatham Station
37590871,2026-07-03 00:00:00+02,60,"",Streatham Station,60,Old Coulsdon - Croydon Town Centre - Thornton Heath Pond - Streatham Vale - Streatham Station
37600875,2026-07-03 00:48:00+02,60,"",Streatham Station,60,Old Coulsdon - Croydon Town Centre - Thornton Heath Pond - Streatham Vale - Streatham Station
37601292,2026-07-03 00:55:00+02,60,"",Old Coulsdon / Tudor Rose,60,Old Coulsdon - Croydon Town Centre - Thornton Heath Pond - Streatham Vale - Streatham Station
37607087,2026-07-03 01:44:00+02,60,"",Croydon (arriva),60,Old Coulsdon - Croydon Town Centre - Thornton Heath Pond - Streatham Vale - Streatham Station
37616104,2026-07-03 05:31:00+02,194,"",Bell Green / Sainsbury's,194,Lower Sydenham - Clock House - Beckenham - West Wickham - West Croydon
37616035,2026-07-03 06:00:00+02,194,"",West Croydon Bus Station,194,Lower Sydenham - Clock House - Beckenham - West Wickham - West Croydon
37624477,2026-07-03 06:47:00+02,194,"",West Croydon Bus Station,194,Lower Sydenham - Clock House - Beckenham - West Wickham - West Croydon
37628391,2026-07-03 07:03:00+02,194,"",Bell Green / Sainsbury's,194,Lower Sydenham - Clock House - Beckenham - West Wickham - West Croydon
37649785,2026-07-03 07:55:00+02,194,"",Bell Green / Sainsbury's,194,Lower Sydenham - Clock House - Beckenham - West Wickham - West Croydon
37653078,2026-07-03 08:03:00+02,194,"",West Croydon Bus Station,194,Lower Sydenham - Clock House - Beckenham - West Wickham - West Croydon
37686653,2026-07-03 09:19:00+02,194,"",West Croydon Bus Station,194,Lower Sydenham - Clock House - Beckenham - West Wickham - West Croydon
37688045,2026-07-03 09:26:00+02,194,"",Bell Green / Sainsbury's,194,Lower Sydenham - Clock House - Beckenham - West Wickham - West Croydon
37714695,2026-07-03 10:48:00+02,194,"",West Croydon Bus Station,194,Lower Sydenham - Clock House - Beckenham - West Wickham - West Croydon
37743448,2026-07-03 11:55:00+02,194,"",West Croydon Bus Station,194,Lower Sydenham - Clock House - Beckenham - West Wickham - West Croydon
37755766,2026-07-03 12:02:00+02,194,"",Bell Green / Sainsbury's,194,Lower Sydenham - Clock House - Beckenham - West Wickham - West Croydon
37747629,2026-07-03 12:14:00+02,194,"",Bell Green / Sainsbury's,194,Lower Sydenham - Clock House - Beckenham - West Wickham - West Croydon
37795271,2026-07-03 13:15:00+02,194,"",Bell Green / Sainsbury's,194,Lower Sydenham - Clock House - Beckenham - West Wickham - West Croydon
37798263,2026-07-03 13:24:00+02,194,"",West Croydon Bus Station,194,Lower Sydenham - Clock House - Beckenham - West Wickham - West Croydon
37832160,2026-07-03 14:31:00+02,194,"",West Croydon Bus Station,194,Lower Sydenham - Clock House - Beckenham - West Wickham - West Croydon
37832877,2026-07-03 14:47:00+02,194,"",Bell Green / Sainsbury's,194,Lower Sydenham - Clock House - Beckenham - West Wickham - West Croydon
37837737,2026-07-03 14:58:00+02,194,"",Bell Green / Sainsbury's,194,Lower Sydenham - Clock House - Beckenham - West Wickham - West Croydon
37863920,2026-07-03 16:19:00+02,194,"",West Croydon Bus Station,194,Lower Sydenham - Clock House - Beckenham - West Wickham - West Croydon
37898850,2026-07-03 17:34:00+02,194,"",West Croydon Bus Station,194,Lower Sydenham - Clock House - Beckenham - West Wickham - West Croydon
37904509,2026-07-03 17:42:00+02,194,"",Bell Green / Sainsbury's,194,Lower Sydenham - Clock House - Beckenham - West Wickham - West Croydon
37938979,2026-07-03 19:01:00+02,194,"",Bell Green / Sainsbury's,194,Lower Sydenham - Clock House - Beckenham - West Wickham - West Croydon
37941128,2026-07-03 19:07:00+02,194,"",West Croydon Bus Station,194,Lower Sydenham - Clock House - Beckenham - West Wickham - West Croydon
37962571,2026-07-03 20:14:00+02,194,"",West Croydon Bus Station,194,Lower Sydenham - Clock House - Beckenham - West Wickham - West Croydon
37964587,2026-07-03 20:24:00+02,194,"",Bell Green / Sainsbury's,194,Lower Sydenham - Clock House - Beckenham - West Wickham - West Croydon
37981602,2026-07-03 21:24:00+02,194,"",Croydon (arriva),194,Lower Sydenham - Clock House - Beckenham - West Wickham - West Croydon
38076458,2026-07-04 09:00:00+02,194,"",West Croydon Bus Station,194,Lower Sydenham - Clock House - Beckenham - West Wickham - West Croydon
38081863,2026-07-04 09:09:00+02,194,"",Bell Green / Sainsbury's,194,Lower Sydenham - Clock House - Beckenham - West Wickham - West Croydon
38105841,2026-07-04 10:05:00+02,194,"",Bell Green / Sainsbury's,194,Lower Sydenham - Clock House - Beckenham - West Wickham - West Croydon
38107516,2026-07-04 10:15:00+02,194,"",West Croydon Bus Station,194,Lower Sydenham - Clock House - Beckenham - West Wickham - West Croydon
38136764,2026-07-04 11:20:00+02,194,"",West Croydon Bus Station,194,Lower Sydenham - Clock House - Beckenham - West Wickham - West Croydon
38142061,2026-07-04 11:35:00+02,194,"",Bell Green / Sainsbury's,194,Lower Sydenham - Clock House - Beckenham - West Wickham - West Croydon
38177056,2026-07-04 12:59:00+02,194,"",West Croydon Bus Station,194,Lower Sydenham - Clock House - Beckenham - West Wickham - West Croydon
38204095,2026-07-04 14:11:00+02,194,"",Bell Green / Sainsbury's,194,Lower Sydenham - Clock House - Beckenham - West Wickham - West Croydon
38200532,2026-07-04 14:14:00+02,194,"",West Croydon Bus Station,194,Lower Sydenham - Clock House - Beckenham - West Wickham - West Croydon
38201808,2026-07-04 14:23:00+02,194,"",Bell Green / Sainsbury's,194,Lower Sydenham - Clock House - Beckenham - West Wickham - West Croydon
38233549,2026-07-04 15:35:00+02,194,"",West Croydon Bus Station,194,Lower Sydenham - Clock House - Beckenham - West Wickham - West Croydon
38260778,2026-07-04 16:43:00+02,194,"",West Croydon Bus Station,194,Lower Sydenham - Clock House - Beckenham - West Wickham - West Croydon
38262086,2026-07-04 16:59:00+02,194,"",Bell Green / Sainsbury's,194,Lower Sydenham - Clock House - Beckenham - West Wickham - West Croydon
38305268,2026-07-04 18:09:00+02,194,"",Bell Green / Sainsbury's,194,Lower Sydenham - Clock House - Beckenham - West Wickham - West Croydon
38308615,2026-07-04 18:23:00+02,194,"",West Croydon Bus Station,194,Lower Sydenham - Clock House - Beckenham - West Wickham - West Croydon
38332103,2026-07-04 19:26:00+02,194,"",West Croydon Bus Station,194,Lower Sydenham - Clock House - Beckenham - West Wickham - West Croydon
38337798,2026-07-04 19:35:00+02,194,"",Bell Green / Sainsbury's,194,Lower Sydenham - Clock House - Beckenham - West Wickham - West Croydon
38354421,2026-07-04 20:38:00+02,194,"",Bell Green / Sainsbury's,194,Lower Sydenham - Clock House - Beckenham - West Wickham - West Croydon
38355471,2026-07-04 20:55:00+02,194,"",West Croydon Bus Station,194,Lower Sydenham - Clock House - Beckenham - West Wickham - West Croydon
38369880,2026-07-04 21:47:00+02,194,"",Croydon (arriva),194,Lower Sydenham - Clock House - Beckenham - West Wickham - West Croydon
38449826,2026-07-05 09:28:00+02,60,"",Streatham Station,60,Old Coulsdon - Croydon Town Centre - Thornton Heath Pond - Streatham Vale - Streatham Station
38449663,2026-07-05 09:55:00+02,60,"",Old Coulsdon / Tudor Rose,60,Old Coulsdon - Croydon Town Centre - Thornton Heath Pond - Streatham Vale - Streatham Station
38466293,2026-07-05 11:11:00+02,60,"",Streatham Station,60,Old Coulsdon - Croydon Town Centre - Thornton Heath Pond - Streatham Vale - Streatham Station
38485877,2026-07-05 12:17:00+02,60,"",Streatham Station,60,Old Coulsdon - Croydon Town Centre - Thornton Heath Pond - Streatham Vale - Streatham Station
38490613,2026-07-05 12:38:00+02,60,"",Old Coulsdon / Tudor Rose,60,Old Coulsdon - Croydon Town Centre - Thornton Heath Pond - Streatham Vale - Streatham Station
38509369,2026-07-05 14:06:00+02,60,"",Streatham Station,60,Old Coulsdon - Croydon Town Centre - Thornton Heath Pond - Streatham Vale - Streatham Station
38532881,2026-07-05 15:21:00+02,60,"",Streatham Station,60,Old Coulsdon - Croydon Town Centre - Thornton Heath Pond - Streatham Vale - Streatham Station
38536100,2026-07-05 15:36:00+02,60,"",Old Coulsdon / Tudor Rose,60,Old Coulsdon - Croydon Town Centre - Thornton Heath Pond - Streatham Vale - Streatham Station
38557643,2026-07-05 17:06:00+02,60,"",Streatham Station,60,Old Coulsdon - Croydon Town Centre - Thornton Heath Pond - Streatham Vale - Streatham Station
38579388,2026-07-05 18:15:00+02,60,"",Streatham Station,60,Old Coulsdon - Croydon Town Centre - Thornton Heath Pond - Streatham Vale - Streatham Station
38580146,2026-07-05 18:26:00+02,60,"",Old Coulsdon / Tudor Rose,60,Old Coulsdon - Croydon Town Centre - Thornton Heath Pond - Streatham Vale - Streatham Station
38597276,2026-07-05 19:37:00+02,60,"",Croydon (arriva),60,Old Coulsdon - Croydon Town Centre - Thornton Heath Pond - Streatham Vale - Streatham Station
38636952,2026-07-05 22:27:00+02,194,"",West Croydon Bus Station,194,Lower Sydenham - Clock House - Beckenham - West Wickham - West Croydon
38636730,2026-07-05 23:20:00+02,194,"",Bell Green / Sainsbury's,194,Lower Sydenham - Clock House - Beckenham - West Wickham - West Croydon
38645859,2026-07-06 00:06:00+02,194,"",Bell Green / Sainsbury's,194,Lower Sydenham - Clock House - Beckenham - West Wickham - West Croydon
38647098,2026-07-06 00:20:00+02,194,"",West Croydon Bus Station,194,Lower Sydenham - Clock House - Beckenham - West Wickham - West Croydon
38652482,2026-07-06 01:02:00+02,194,"",West Croydon Bus Station,194,Lower Sydenham - Clock House - Beckenham - West Wickham - West Croydon
38652768,2026-07-06 01:20:00+02,194,"",Bell Green / Sainsbury's,194,Lower Sydenham - Clock House - Beckenham - West Wickham - West Croydon
38657763,2026-07-06 02:05:00+02,194,"",Croydon (arriva),194,Lower Sydenham - Clock House - Beckenham - West Wickham - West Croydon
38666028,2026-07-06 06:00:00+02,194,"",Bell Green / Sainsbury's,194,Lower Sydenham - Clock House - Beckenham - West Wickham - West Croydon
38676292,2026-07-06 06:44:00+02,194,"",Bell Green / Sainsbury's,194,Lower Sydenham - Clock House - Beckenham - West Wickham - West Croydon
38676944,2026-07-06 06:50:00+02,194,"",West Croydon Bus Station,194,Lower Sydenham - Clock House - Beckenham - West Wickham - West Croydon
38694950,2026-07-06 07:39:00+02,194,"",West Croydon Bus Station,194,Lower Sydenham - Clock House - Beckenham - West Wickham - West Croydon
38695624,2026-07-06 07:56:00+02,194,"",Bell Green / Sainsbury's,194,Lower Sydenham - Clock House - Beckenham - West Wickham - West Croydon
38730944,2026-07-06 09:06:00+02,194,"",Bell Green / Sainsbury's,194,Lower Sydenham - Clock House - Beckenham - West Wickham - West Croydon
38735498,2026-07-06 09:12:00+02,194,"",West Croydon Bus Station,194,Lower Sydenham - Clock House - Beckenham - West Wickham - West Croydon
38763088,2026-07-06 10:27:00+02,194,"",West Croydon Bus Station,194,Lower Sydenham - Clock House - Beckenham - West Wickham - West Croydon
38766937,2026-07-06 10:38:00+02,194,"",Bell Green / Sainsbury's,194,Lower Sydenham - Clock House - Beckenham - West Wickham - West Croydon
38809482,2026-07-06 11:50:00+02,194,"",Bell Green / Sainsbury's,194,Lower Sydenham - Clock House - Beckenham - West Wickham - West Croydon
38812163,2026-07-06 12:00:00+02,194,"",West Croydon Bus Station,194,Lower Sydenham - Clock House - Beckenham - West Wickham - West Croydon
38841261,2026-07-06 13:07:00+02,194,"",West Croydon Bus Station,194,Lower Sydenham - Clock House - Beckenham - West Wickham - West Croydon
38841733,2026-07-06 13:26:00+02,194,"",Bell Green / Sainsbury's,194,Lower Sydenham - Clock House - Beckenham - West Wickham - West Croydon
38883496,2026-07-06 14:39:00+02,194,"",Bell Green / Sainsbury's,194,Lower Sydenham - Clock House - Beckenham - West Wickham - West Croydon
38889518,2026-07-06 14:48:00+02,194,"",West Croydon Bus Station,194,Lower Sydenham - Clock House - Beckenham - West Wickham - West Croydon
38915273,2026-07-06 15:55:00+02,194,"",West Croydon Bus Station,194,Lower Sydenham - Clock House - Beckenham - West Wickham - West Croydon
38916405,2026-07-06 16:06:00+02,194,"",Bell Green / Sainsbury's,194,Lower Sydenham - Clock House - Beckenham - West Wickham - West Croydon
38947307,2026-07-06 17:31:00+02,194,"",West Croydon Bus Station,194,Lower Sydenham - Clock House - Beckenham - West Wickham - West Croydon
38976252,2026-07-06 18:54:00+02,194,"",Bell Green / Sainsbury's,194,Lower Sydenham - Clock House - Beckenham - West Wickham - West Croydon
39013168,2026-07-06 20:07:00+02,194,"",Bell Green / Sainsbury's,194,Lower Sydenham - Clock House - Beckenham - West Wickham - West Croydon
39017941,2026-07-06 20:15:00+02,194,"",West Croydon Bus Station,194,Lower Sydenham - Clock House - Beckenham - West Wickham - West Croydon
39034625,2026-07-06 21:16:00+02,194,"",West Croydon Bus Station,194,Lower Sydenham - Clock House - Beckenham - West Wickham - West Croydon
39043014,2026-07-06 22:00:00+02,194,"",Bell Green / Sainsbury's,194,Lower Sydenham - Clock House - Beckenham - West Wickham - West Croydon
39056914,2026-07-06 22:52:00+02,194,"",Bell Green / Sainsbury's,194,Lower Sydenham - Clock House - Beckenham - West Wickham - West Croydon
39058289,2026-07-06 23:00:00+02,194,"",West Croydon Bus Station,194,Lower Sydenham - Clock House - Beckenham - West Wickham - West Croydon
39067740,2026-07-06 23:51:00+02,194,"",Croydon (arriva),194,Lower Sydenham - Clock House - Beckenham - West Wickham - West Croydon
39093315,2026-07-07 06:00:00+02,194,"",Bell Green / Sainsbury's,194,Lower Sydenham - Clock House - Beckenham - West Wickham - West Croydon
39102084,2026-07-07 06:44:00+02,194,"",Bell Green / Sainsbury's,194,Lower Sydenham - Clock House - Beckenham - West Wickham - West Croydon
39102723,2026-07-07 06:50:00+02,194,"",West Croydon Bus Station,194,Lower Sydenham - Clock House - Beckenham - West Wickham - West Croydon
39118352,2026-07-07 07:39:00+02,194,"",West Croydon Bus Station,194,Lower Sydenham - Clock House - Beckenham - West Wickham - West Croydon
39119829,2026-07-07 07:56:00+02,194,"",Bell Green / Sainsbury's,194,Lower Sydenham - Clock House - Beckenham - West Wickham - West Croydon
39159257,2026-07-07 09:06:00+02,194,"",Bell Green / Sainsbury's,194,Lower Sydenham - Clock House - Beckenham - West Wickham - West Croydon
39161176,2026-07-07 09:12:00+02,194,"",West Croydon Bus Station,194,Lower Sydenham - Clock House - Beckenham - West Wickham - West Croydon
39195981,2026-07-07 10:27:00+02,194,"",West Croydon Bus Station,194,Lower Sydenham - Clock House - Beckenham - West Wickham - West Croydon
39197061,2026-07-07 10:38:00+02,194,"",Bell Green / Sainsbury's,194,Lower Sydenham - Clock House - Beckenham - West Wickham - West Croydon
39233760,2026-07-07 11:50:00+02,194,"",Bell Green / Sainsbury's,194,Lower Sydenham - Clock House - Beckenham - West Wickham - West Croydon
39239171,2026-07-07 12:00:00+02,194,"",West Croydon Bus Station,194,Lower Sydenham - Clock House - Beckenham - West Wickham - West Croydon
39268483,2026-07-07 13:07:00+02,194,"",West Croydon Bus Station,194,Lower Sydenham - Clock House - Beckenham - West Wickham - West Croydon
39276068,2026-07-07 13:26:00+02,194,"",Bell Green / Sainsbury's,194,Lower Sydenham - Clock House - Beckenham - West Wickham - West Croydon
39310357,2026-07-07 14:39:00+02,194,"",Bell Green / Sainsbury's,194,Lower Sydenham - Clock House - Beckenham - West Wickham - West Croydon
39320845,2026-07-07 14:48:00+02,194,"",West Croydon Bus Station,194,Lower Sydenham - Clock House - Beckenham - West Wickham - West Croydon
39362760,2026-07-07 16:06:00+02,194,"",Bell Green / Sainsbury's,194,Lower Sydenham - Clock House - Beckenham - West Wickham - West Croydon
39393871,2026-07-07 17:25:00+02,194,"",Bell Green / Sainsbury's,194,Lower Sydenham - Clock House - Beckenham - West Wickham - West Croydon
39399950,2026-07-07 17:31:00+02,194,"",West Croydon Bus Station,194,Lower Sydenham - Clock House - Beckenham - West Wickham - West Croydon
39428996,2026-07-07 18:43:00+02,194,"",West Croydon Bus Station,194,Lower Sydenham - Clock House - Beckenham - West Wickham - West Croydon
39432125,2026-07-07 18:54:00+02,194,"",Bell Green / Sainsbury's,194,Lower Sydenham - Clock House - Beckenham - West Wickham - West Croydon
39445115,2026-07-07 20:15:00+02,194,"",West Croydon Bus Station,194,Lower Sydenham - Clock House - Beckenham - West Wickham - West Croydon
39456803,2026-07-07 21:16:00+02,194,"",West Croydon Bus Station,194,Lower Sydenham - Clock House - Beckenham - West Wickham - West Croydon
39457923,2026-07-07 22:00:00+02,194,"",Bell Green / Sainsbury's,194,Lower Sydenham - Clock House - Beckenham - West Wickham - West Croydon
39478347,2026-07-07 22:52:00+02,194,"",Bell Green / Sainsbury's,194,Lower Sydenham - Clock House - Beckenham - West Wickham - West Croydon
39479934,2026-07-07 23:00:00+02,194,"",West Croydon Bus Station,194,Lower Sydenham - Clock House - Beckenham - West Wickham - West Croydon
39488961,2026-07-07 23:51:00+02,194,"",Croydon (arriva),194,Lower Sydenham - Clock House - Beckenham - West Wickham - West Croydon
39530678,2026-07-08 07:10:00+02,194,"",West Croydon Bus Station,194,Lower Sydenham - Clock House - Beckenham - West Wickham - West Croydon
39551329,2026-07-08 08:04:00+02,194,"",West Croydon Bus Station,194,Lower Sydenham - Clock House - Beckenham - West Wickham - West Croydon
39551652,2026-07-08 08:16:00+02,194,"",Bell Green / Sainsbury's,194,Lower Sydenham - Clock House - Beckenham - West Wickham - West Croydon
39589879,2026-07-08 09:30:00+02,194,"",Bell Green / Sainsbury's,194,Lower Sydenham - Clock House - Beckenham - West Wickham - West Croydon
39595482,2026-07-08 09:36:00+02,194,"",West Croydon Bus Station,194,Lower Sydenham - Clock House - Beckenham - West Wickham - West Croydon
39629751,2026-07-08 10:47:00+02,194,"",West Croydon Bus Station,194,Lower Sydenham - Clock House - Beckenham - West Wickham - West Croydon
39634468,2026-07-08 11:02:00+02,194,"",Bell Green / Sainsbury's,194,Lower Sydenham - Clock House - Beckenham - West Wickham - West Croydon
39667755,2026-07-08 12:14:00+02,194,"",Bell Green / Sainsbury's,194,Lower Sydenham - Clock House - Beckenham - West Wickham - West Croydon
39671836,2026-07-08 12:24:00+02,194,"",West Croydon Bus Station,194,Lower Sydenham - Clock House - Beckenham - West Wickham - West Croydon
39701523,2026-07-08 13:31:00+02,194,"",West Croydon Bus Station,194,Lower Sydenham - Clock House - Beckenham - West Wickham - West Croydon
39701816,2026-07-08 13:50:00+02,194,"",Bell Green / Sainsbury's,194,Lower Sydenham - Clock House - Beckenham - West Wickham - West Croydon
39739732,2026-07-08 15:03:00+02,194,"",Bell Green / Sainsbury's,194,Lower Sydenham - Clock House - Beckenham - West Wickham - West Croydon
39741574,2026-07-08 15:11:00+02,194,"",West Croydon Bus Station,194,Lower Sydenham - Clock House - Beckenham - West Wickham - West Croydon
39777722,2026-07-08 16:21:00+02,194,"",West Croydon Bus Station,194,Lower Sydenham - Clock House - Beckenham - West Wickham - West Croydon
39780910,2026-07-08 16:30:00+02,194,"",Bell Green / Sainsbury's,194,Lower Sydenham - Clock House - Beckenham - West Wickham - West Croydon
39806541,2026-07-08 17:55:00+02,194,"",West Croydon Bus Station,194,Lower Sydenham - Clock House - Beckenham - West Wickham - West Croydon
39841728,2026-07-08 19:07:00+02,194,"",West Croydon Bus Station,194,Lower Sydenham - Clock House - Beckenham - West Wickham - West Croydon
39842134,2026-07-08 19:16:00+02,194,"",Bell Green / Sainsbury's,194,Lower Sydenham - Clock House - Beckenham - West Wickham - West Croydon
39869060,2026-07-08 20:26:00+02,194,"",Bell Green / Sainsbury's,194,Lower Sydenham - Clock House - Beckenham - West Wickham - West Croydon
39871441,2026-07-08 20:39:00+02,194,"",West Croydon Bus Station,194,Lower Sydenham - Clock House - Beckenham - West Wickham - West Croydon
39885636,2026-07-08 21:37:00+02,194,"",West Croydon Bus Station,194,Lower Sydenham - Clock House - Beckenham - West Wickham - West Croydon
39910077,2026-07-08 22:38:00+02,194,"",West Croydon Bus Station,194,Lower Sydenham - Clock House - Beckenham - West Wickham - West Croydon
39908400,2026-07-08 23:20:00+02,194,"",Bell Green / Sainsbury's,194,Lower Sydenham - Clock House - Beckenham - West Wickham - West Croydon
39919143,2026-07-09 00:10:00+02,194,"",Bell Green / Sainsbury's,194,Lower Sydenham - Clock House - Beckenham - West Wickham - West Croydon
39920146,2026-07-09 00:20:00+02,194,"",West Croydon Bus Station,194,Lower Sydenham - Clock House - Beckenham - West Wickham - West Croydon
39926305,2026-07-09 01:04:00+02,194,"",West Croydon Bus Station,194,Lower Sydenham - Clock House - Beckenham - West Wickham - West Croydon
39926479,2026-07-09 01:20:00+02,194,"",Bell Green / Sainsbury's,194,Lower Sydenham - Clock House - Beckenham - West Wickham - West Croydon
39931331,2026-07-09 02:06:00+02,194,"",Croydon (arriva),194,Lower Sydenham - Clock House - Beckenham - West Wickham - West Croydon
39960165,2026-07-09 07:26:00+02,194,"",Bell Green / Sainsbury's,194,Lower Sydenham - Clock House - Beckenham - West Wickham - West Croydon
39984686,2026-07-09 08:26:00+02,194,"",Bell Green / Sainsbury's,194,Lower Sydenham - Clock House - Beckenham - West Wickham - West Croydon
39991819,2026-07-09 08:36:00+02,194,"",West Croydon Bus Station,194,Lower Sydenham - Clock House - Beckenham - West Wickham - West Croydon
40023929,2026-07-09 09:54:00+02,194,"",West Croydon Bus Station,194,Lower Sydenham - Clock House - Beckenham - West Wickham - West Croydon
40024324,2026-07-09 10:02:00+02,194,"",Bell Green / Sainsbury's,194,Lower Sydenham - Clock House - Beckenham - West Wickham - West Croydon
40065300,2026-07-09 11:15:00+02,194,"",Bell Green / Sainsbury's,194,Lower Sydenham - Clock House - Beckenham - West Wickham - West Croydon
40065934,2026-07-09 11:24:00+02,194,"",West Croydon Bus Station,194,Lower Sydenham - Clock House - Beckenham - West Wickham - West Croydon
40098466,2026-07-09 12:31:00+02,194,"",West Croydon Bus Station,194,Lower Sydenham - Clock House - Beckenham - West Wickham - West Croydon
40099570,2026-07-09 12:50:00+02,194,"",Bell Green / Sainsbury's,194,Lower Sydenham - Clock House - Beckenham - West Wickham - West Croydon
40136372,2026-07-09 14:03:00+02,194,"",Bell Green / Sainsbury's,194,Lower Sydenham - Clock House - Beckenham - West Wickham - West Croydon
40140136,2026-07-09 14:12:00+02,194,"",West Croydon Bus Station,194,Lower Sydenham - Clock House - Beckenham - West Wickham - West Croydon
40168198,2026-07-09 15:19:00+02,194,"",West Croydon Bus Station,194,Lower Sydenham - Clock House - Beckenham - West Wickham - West Croydon
40168492,2026-07-09 15:31:00+02,194,"",Bell Green / Sainsbury's,194,Lower Sydenham - Clock House - Beckenham - West Wickham - West Croydon
40215965,2026-07-09 16:48:00+02,194,"",Bell Green / Sainsbury's,194,Lower Sydenham - Clock House - Beckenham - West Wickham - West Croydon
40218686,2026-07-09 16:55:00+02,194,"",West Croydon Bus Station,194,Lower Sydenham - Clock House - Beckenham - West Wickham - West Croydon
40250540,2026-07-09 18:08:00+02,194,"",West Croydon Bus Station,194,Lower Sydenham - Clock House - Beckenham - West Wickham - West Croydon
40254640,2026-07-09 18:18:00+02,194,"",Bell Green / Sainsbury's,194,Lower Sydenham - Clock House - Beckenham - West Wickham - West Croydon
40279417,2026-07-09 19:40:00+02,194,"",West Croydon Bus Station,194,Lower Sydenham - Clock House - Beckenham - West Wickham - West Croydon
40297708,2026-07-09 20:43:00+02,194,"",West Croydon Bus Station,194,Lower Sydenham - Clock House - Beckenham - West Wickham - West Croydon
40399743,2026-07-10 07:32:00+02,60,"",Streatham Station,60,Old Coulsdon - Croydon Town Centre - Thornton Heath Pond - Streatham Vale - Streatham Station
40398310,2026-07-10 07:59:06+02,60,"",Streatham Station,60,Old Coulsdon - Croydon Town Centre - Thornton Heath Pond - Streatham Vale - Streatham Station
40398449,2026-07-10 08:10:00+02,60,"",Old Coulsdon / Tudor Rose,60,Old Coulsdon - Croydon Town Centre - Thornton Heath Pond - Streatham Vale - Streatham Station
40443410,2026-07-10 09:37:00+02,60,"",Streatham Station,60,Old Coulsdon - Croydon Town Centre - Thornton Heath Pond - Streatham Vale - Streatham Station
40480576,2026-07-10 10:58:00+02,60,"",Croydon (arriva),60,Old Coulsdon - Croydon Town Centre - Thornton Heath Pond - Streatham Vale - Streatham Station
41442042,2026-07-13 07:40:00+02,60,"",Old Coulsdon / Tudor Rose,60,Old Coulsdon - Croydon Town Centre - Thornton Heath Pond - Streatham Vale - Streatham Station
41442692,2026-07-13 08:00:00+02,60,"",Streatham Station,60,Old Coulsdon - Croydon Town Centre - Thornton Heath Pond - Streatham Vale - Streatham Station
41483779,2026-07-13 09:19:00+02,60,"",Streatham Station,60,Old Coulsdon - Croydon Town Centre - Thornton Heath Pond - Streatham Vale - Streatham Station
41491818,2026-07-13 09:29:00+02,60,"",Old Coulsdon / Tudor Rose,60,Old Coulsdon - Croydon Town Centre - Thornton Heath Pond - Streatham Vale - Streatham Station
41523649,2026-07-13 10:59:00+02,60,"",Streatham Station,60,Old Coulsdon - Croydon Town Centre - Thornton Heath Pond - Streatham Vale - Streatham Station
41561726,2026-07-13 12:14:00+02,60,"",Streatham Station,60,Old Coulsdon - Croydon Town Centre - Thornton Heath Pond - Streatham Vale - Streatham Station
41572124,2026-07-13 12:30:00+02,60,"",Old Coulsdon / Tudor Rose,60,Old Coulsdon - Croydon Town Centre - Thornton Heath Pond - Streatham Vale - Streatham Station
41603050,2026-07-13 13:59:00+02,60,"",Streatham Station,60,Old Coulsdon - Croydon Town Centre - Thornton Heath Pond - Streatham Vale - Streatham Station
41645360,2026-07-13 15:14:00+02,60,"",Streatham Station,60,Old Coulsdon - Croydon Town Centre - Thornton Heath Pond - Streatham Vale - Streatham Station
41649786,2026-07-13 15:27:00+02,60,"",Old Coulsdon / Tudor Rose,60,Old Coulsdon - Croydon Town Centre - Thornton Heath Pond - Streatham Vale - Streatham Station
41689310,2026-07-13 17:05:00+02,60,"",Streatham Station,60,Old Coulsdon - Croydon Town Centre - Thornton Heath Pond - Streatham Vale - Streatham Station
41725625,2026-07-13 18:29:00+02,60,"",Streatham Station,60,Old Coulsdon - Croydon Town Centre - Thornton Heath Pond - Streatham Vale - Streatham Station
41735659,2026-07-13 18:47:00+02,60,"",Old Coulsdon / Tudor Rose,60,Old Coulsdon - Croydon Town Centre - Thornton Heath Pond - Streatham Vale - Streatham Station
41900463,2026-07-14 08:47:00+02,60,"",Streatham Station,60,Old Coulsdon - Croydon Town Centre - Thornton Heath Pond - Streatham Vale - Streatham Station
41940239,2026-07-14 10:17:00+02,60,"",Streatham Station,60,Old Coulsdon - Croydon Town Centre - Thornton Heath Pond - Streatham Vale - Streatham Station
41945318,2026-07-14 10:30:00+02,60,"",Old Coulsdon / Tudor Rose,60,Old Coulsdon - Croydon Town Centre - Thornton Heath Pond - Streatham Vale - Streatham Station
41977322,2026-07-14 11:59:00+02,60,"",Streatham Station,60,Old Coulsdon - Croydon Town Centre - Thornton Heath Pond - Streatham Vale - Streatham Station
42021947,2026-07-14 13:14:00+02,60,"",Streatham Station,60,Old Coulsdon - Croydon Town Centre - Thornton Heath Pond - Streatham Vale - Streatham Station
42024678,2026-07-14 13:29:00+02,60,"",Old Coulsdon / Tudor Rose,60,Old Coulsdon - Croydon Town Centre - Thornton Heath Pond - Streatham Vale - Streatham Station
42064472,2026-07-14 14:59:00+02,60,"",Streatham Station,60,Old Coulsdon - Croydon Town Centre - Thornton Heath Pond - Streatham Vale - Streatham Station
42104962,2026-07-14 16:16:00+02,60,"",Streatham Station,60,Old Coulsdon - Croydon Town Centre - Thornton Heath Pond - Streatham Vale - Streatham Station
42106063,2026-07-14 16:27:00+02,60,"",Old Coulsdon / Tudor Rose,60,Old Coulsdon - Croydon Town Centre - Thornton Heath Pond - Streatham Vale - Streatham Station
42146555,2026-07-14 18:05:00+02,60,"",Streatham Station,60,Old Coulsdon - Croydon Town Centre - Thornton Heath Pond - Streatham Vale - Streatham Station
42182930,2026-07-14 19:29:00+02,60,"",Streatham Station,60,Old Coulsdon - Croydon Town Centre - Thornton Heath Pond - Streatham Vale - Streatham Station
42185108,2026-07-14 19:47:00+02,60,"",Old Coulsdon / Tudor Rose,60,Old Coulsdon - Croydon Town Centre - Thornton Heath Pond - Streatham Vale - Streatham Station
42210881,2026-07-14 21:15:00+02,60,"",Streatham Station,60,Old Coulsdon - Croydon Town Centre - Thornton Heath Pond - Streatham Vale - Streatham Station
42224809,2026-07-14 22:14:00+02,60,"",Streatham Station,60,Old Coulsdon - Croydon Town Centre - Thornton Heath Pond - Streatham Vale - Streatham Station
42226841,2026-07-14 22:25:00+02,60,"",Old Coulsdon / Tudor Rose,60,Old Coulsdon - Croydon Town Centre - Thornton Heath Pond - Streatham Vale - Streatham Station
42241260,2026-07-14 23:30:00+02,60,"",Streatham Station,60,Old Coulsdon - Croydon Town Centre - Thornton Heath Pond - Streatham Vale - Streatham Station
42250567,2026-07-15 00:20:00+02,60,"",Streatham Station,60,Old Coulsdon - Croydon Town Centre - Thornton Heath Pond - Streatham Vale - Streatham Station
42252920,2026-07-15 00:40:00+02,60,"",Old Coulsdon / Tudor Rose,60,Old Coulsdon - Croydon Town Centre - Thornton Heath Pond - Streatham Vale - Streatham Station
42258866,2026-07-15 01:30:00+02,60,"",Croydon (arriva),60,Old Coulsdon - Croydon Town Centre - Thornton Heath Pond - Streatham Vale - Streatham Station
42717746,2026-07-16 07:26:00+02,194,"",Bell Green / Sainsbury's,194,Lower Sydenham - Clock House - Beckenham - West Wickham - West Croydon
42745449,2026-07-16 08:26:00+02,194,"",Bell Green / Sainsbury's,194,Lower Sydenham - Clock House - Beckenham - West Wickham - West Croydon
42750169,2026-07-16 08:36:00+02,194,"",West Croydon Bus Station,194,Lower Sydenham - Clock House - Beckenham - West Wickham - West Croydon
42783383,2026-07-16 09:54:00+02,194,"",West Croydon Bus Station,194,Lower Sydenham - Clock House - Beckenham - West Wickham - West Croydon
42786953,2026-07-16 10:02:00+02,194,"",Bell Green / Sainsbury's,194,Lower Sydenham - Clock House - Beckenham - West Wickham - West Croydon
42822469,2026-07-16 11:15:00+02,194,"",Bell Green / Sainsbury's,194,Lower Sydenham - Clock House - Beckenham - West Wickham - West Croydon
42825778,2026-07-16 11:24:00+02,194,"",West Croydon Bus Station,194,Lower Sydenham - Clock House - Beckenham - West Wickham - West Croydon
42856520,2026-07-16 12:31:00+02,194,"",West Croydon Bus Station,194,Lower Sydenham - Clock House - Beckenham - West Wickham - West Croydon
42859534,2026-07-16 12:50:00+02,194,"",Bell Green / Sainsbury's,194,Lower Sydenham - Clock House - Beckenham - West Wickham - West Croydon
42895791,2026-07-16 14:03:00+02,194,"",Bell Green / Sainsbury's,194,Lower Sydenham - Clock House - Beckenham - West Wickham - West Croydon
42897858,2026-07-16 14:12:00+02,194,"",West Croydon Bus Station,194,Lower Sydenham - Clock House - Beckenham - West Wickham - West Croydon
42932031,2026-07-16 15:19:00+02,194,"",West Croydon Bus Station,194,Lower Sydenham - Clock House - Beckenham - West Wickham - West Croydon
42933105,2026-07-16 15:31:00+02,194,"",Bell Green / Sainsbury's,194,Lower Sydenham - Clock House - Beckenham - West Wickham - West Croydon
42974695,2026-07-16 16:48:00+02,194,"",Bell Green / Sainsbury's,194,Lower Sydenham - Clock House - Beckenham - West Wickham - West Croydon
42985238,2026-07-16 16:55:00+02,194,"",West Croydon Bus Station,194,Lower Sydenham - Clock House - Beckenham - West Wickham - West Croydon
43011783,2026-07-16 18:08:00+02,194,"",West Croydon Bus Station,194,Lower Sydenham - Clock House - Beckenham - West Wickham - West Croydon
43012224,2026-07-16 18:18:00+02,194,"",Bell Green / Sainsbury's,194,Lower Sydenham - Clock House - Beckenham - West Wickham - West Croydon
43039171,2026-07-16 19:40:00+02,194,"",West Croydon Bus Station,194,Lower Sydenham - Clock House - Beckenham - West Wickham - West Croydon
43059751,2026-07-16 20:43:00+02,194,"",West Croydon Bus Station,194,Lower Sydenham - Clock House - Beckenham - West Wickham - West Croydon
43060133,2026-07-16 21:40:00+02,194,"",Bell Green / Sainsbury's,194,Lower Sydenham - Clock House - Beckenham - West Wickham - West Croydon
43075032,2026-07-16 22:00:00+02,194,"",Bell Green / Sainsbury's,194,Lower Sydenham - Clock House - Beckenham - West Wickham - West Croydon
43086097,2026-07-16 22:52:00+02,194,"",Bell Green / Sainsbury's,194,Lower Sydenham - Clock House - Beckenham - West Wickham - West Croydon
43087896,2026-07-16 23:00:00+02,194,"",West Croydon Bus Station,194,Lower Sydenham - Clock House - Beckenham - West Wickham - West Croydon
43098538,2026-07-16 23:51:00+02,194,"",Croydon (arriva),194,Lower Sydenham - Clock House - Beckenham - West Wickham - West Croydon
43122495,2026-07-17 06:00:00+02,194,"",Bell Green / Sainsbury's,194,Lower Sydenham - Clock House - Beckenham - West Wickham - West Croydon
43129682,2026-07-17 06:44:00+02,194,"",Bell Green / Sainsbury's,194,Lower Sydenham - Clock House - Beckenham - West Wickham - West Croydon
43131816,2026-07-17 06:50:00+02,194,"",West Croydon Bus Station,194,Lower Sydenham - Clock House - Beckenham - West Wickham - West Croydon
43146787,2026-07-17 07:39:00+02,194,"",West Croydon Bus Station,194,Lower Sydenham - Clock House - Beckenham - West Wickham - West Croydon
43153355,2026-07-17 07:56:00+02,194,"",Bell Green / Sainsbury's,194,Lower Sydenham - Clock House - Beckenham - West Wickham - West Croydon
43188026,2026-07-17 09:06:00+02,194,"",Bell Green / Sainsbury's,194,Lower Sydenham - Clock House - Beckenham - West Wickham - West Croydon
43190715,2026-07-17 09:12:00+02,194,"",West Croydon Bus Station,194,Lower Sydenham - Clock House - Beckenham - West Wickham - West Croydon
43223585,2026-07-17 10:27:00+02,194,"",West Croydon Bus Station,194,Lower Sydenham - Clock House - Beckenham - West Wickham - West Croydon
43223873,2026-07-17 10:38:00+02,194,"",Bell Green / Sainsbury's,194,Lower Sydenham - Clock House - Beckenham - West Wickham - West Croydon
43261490,2026-07-17 11:50:00+02,194,"",Bell Green / Sainsbury's,194,Lower Sydenham - Clock House - Beckenham - West Wickham - West Croydon
43263696,2026-07-17 12:00:00+02,194,"",West Croydon Bus Station,194,Lower Sydenham - Clock House - Beckenham - West Wickham - West Croydon
43297686,2026-07-17 13:07:00+02,194,"",West Croydon Bus Station,194,Lower Sydenham - Clock House - Beckenham - West Wickham - West Croydon
43297941,2026-07-17 13:26:00+02,194,"",West Croydon Bus Station,194,Lower Sydenham - Clock House - Beckenham - West Wickham - West Croydon
43335767,2026-07-17 14:48:00+02,194,"",West Croydon Bus Station,194,Lower Sydenham - Clock House - Beckenham - West Wickham - West Croydon
43370200,2026-07-17 15:55:00+02,194,"",West Croydon Bus Station,194,Lower Sydenham - Clock House - Beckenham - West Wickham - West Croydon
43370995,2026-07-17 16:06:00+02,194,"",Bell Green / Sainsbury's,194,Lower Sydenham - Clock House - Beckenham - West Wickham - West Croydon
43411381,2026-07-17 17:25:00+02,194,"",Bell Green / Sainsbury's,194,Lower Sydenham - Clock House - Beckenham - West Wickham - West Croydon
43414521,2026-07-17 17:31:00+02,194,"",West Croydon Bus Station,194,Lower Sydenham - Clock House - Beckenham - West Wickham - West Croydon
43446266,2026-07-17 18:43:00+02,194,"",West Croydon Bus Station,194,Lower Sydenham - Clock House - Beckenham - West Wickham - West Croydon
43451089,2026-07-17 18:54:00+02,194,"",Bell Green / Sainsbury's,194,Lower Sydenham - Clock House - Beckenham - West Wickham - West Croydon
43470591,2026-07-17 20:15:00+02,194,"",West Croydon Bus Station,194,Lower Sydenham - Clock House - Beckenham - West Wickham - West Croydon
43484603,2026-07-17 21:16:00+02,194,"",West Croydon Bus Station,194,Lower Sydenham - Clock House - Beckenham - West Wickham - West Croydon
43485055,2026-07-17 22:00:00+02,194,"",Bell Green / Sainsbury's,194,Lower Sydenham - Clock House - Beckenham - West Wickham - West Croydon
43509762,2026-07-17 22:52:00+02,194,"",Bell Green / Sainsbury's,194,Lower Sydenham - Clock House - Beckenham - West Wickham - West Croydon
43510380,2026-07-17 23:00:00+02,194,"",West Croydon Bus Station,194,Lower Sydenham - Clock House - Beckenham - West Wickham - West Croydon
43520216,2026-07-17 23:51:00+02,194,"",Croydon (arriva),194,Lower Sydenham - Clock House - Beckenham - West Wickham - West Croydon
43552735,2026-07-18 06:55:00+02,60,"",Streatham Station,60,Old Coulsdon - Croydon Town Centre - Thornton Heath Pond - Streatham Vale - Streatham Station
44201459,2026-07-20 07:42:00+02,60,"",Streatham Station,60,Old Coulsdon - Croydon Town Centre - Thornton Heath Pond - Streatham Vale - Streatham Station
44218634,2026-07-20 08:20:00+02,60,"",Old Coulsdon / Tudor Rose,60,Old Coulsdon - Croydon Town Centre - Thornton Heath Pond - Streatham Vale - Streatham Station
44251221,2026-07-20 09:49:00+02,60,"",Streatham Station,60,Old Coulsdon - Croydon Town Centre - Thornton Heath Pond - Streatham Vale - Streatham Station
44292004,2026-07-20 11:06:00+02,60,"",Streatham Station,60,Old Coulsdon - Croydon Town Centre - Thornton Heath Pond - Streatham Vale - Streatham Station
44298214,2026-07-20 11:20:00+02,60,"",Old Coulsdon / Tudor Rose,60,Old Coulsdon - Croydon Town Centre - Thornton Heath Pond - Streatham Vale - Streatham Station
44333278,2026-07-20 12:49:00+02,60,"",Streatham Station,60,Old Coulsdon - Croydon Town Centre - Thornton Heath Pond - Streatham Vale - Streatham Station
44366957,2026-07-20 14:04:00+02,60,"",Streatham Station,60,Old Coulsdon - Croydon Town Centre - Thornton Heath Pond - Streatham Vale - Streatham Station
44372624,2026-07-20 14:18:00+02,60,"",Old Coulsdon / Tudor Rose,60,Old Coulsdon - Croydon Town Centre - Thornton Heath Pond - Streatham Vale - Streatham Station
44407369,2026-07-20 15:46:00+02,60,"",Streatham Station,60,Old Coulsdon - Croydon Town Centre - Thornton Heath Pond - Streatham Vale - Streatham Station
44441928,2026-07-20 17:10:00+02,60,"",Streatham Station,60,Old Coulsdon - Croydon Town Centre - Thornton Heath Pond - Streatham Vale - Streatham Station
44450298,2026-07-20 17:17:00+02,60,"",Old Coulsdon / Tudor Rose,60,Old Coulsdon - Croydon Town Centre - Thornton Heath Pond - Streatham Vale - Streatham Station
44482245,2026-07-20 18:55:00+02,60,"",Streatham Station,60,Old Coulsdon - Croydon Town Centre - Thornton Heath Pond - Streatham Vale - Streatham Station
44513432,2026-07-20 20:14:00+02,60,"",Streatham Station,60,Old Coulsdon - Croydon Town Centre - Thornton Heath Pond - Streatham Vale - Streatham Station
44514230,2026-07-20 20:27:00+02,60,"",Old Coulsdon / Tudor Rose,60,Old Coulsdon - Croydon Town Centre - Thornton Heath Pond - Streatham Vale - Streatham Station
44535257,2026-07-20 21:45:00+02,60,"",Streatham Station,60,Old Coulsdon - Croydon Town Centre - Thornton Heath Pond - Streatham Vale - Streatham Station
44550558,2026-07-20 22:42:00+02,60,"",Streatham Station,60,Old Coulsdon - Croydon Town Centre - Thornton Heath Pond - Streatham Vale - Streatham Station
44553597,2026-07-20 22:55:00+02,60,"",Old Coulsdon / Tudor Rose,60,Old Coulsdon - Croydon Town Centre - Thornton Heath Pond - Streatham Vale - Streatham Station
44564836,2026-07-21 00:00:00+02,60,"",Streatham Station,60,Old Coulsdon - Croydon Town Centre - Thornton Heath Pond - Streatham Vale - Streatham Station
44574413,2026-07-21 00:48:00+02,60,"",Streatham Station,60,Old Coulsdon - Croydon Town Centre - Thornton Heath Pond - Streatham Vale - Streatham Station
44575076,2026-07-21 00:55:00+02,60,"",Old Coulsdon / Tudor Rose,60,Old Coulsdon - Croydon Town Centre - Thornton Heath Pond - Streatham Vale - Streatham Station
44580322,2026-07-21 01:44:00+02,60,"",Croydon (arriva),60,Old Coulsdon - Croydon Town Centre - Thornton Heath Pond - Streatham Vale - Streatham Station
44596810,2026-07-21 06:40:00+02,194,"",West Croydon Bus Station,194,Lower Sydenham - Clock House - Beckenham - West Wickham - West Croydon
44612643,2026-07-21 07:28:00+02,194,"",West Croydon Bus Station,194,Lower Sydenham - Clock House - Beckenham - West Wickham - West Croydon
44614213,2026-07-21 07:36:00+02,194,"",Bell Green / Sainsbury's,194,Lower Sydenham - Clock House - Beckenham - West Wickham - West Croydon
44641319,2026-07-21 08:40:00+02,194,"",Bell Green / Sainsbury's,194,Lower Sydenham - Clock House - Beckenham - West Wickham - West Croydon
44646402,2026-07-21 08:48:00+02,194,"",West Croydon Bus Station,194,Lower Sydenham - Clock House - Beckenham - West Wickham - West Croydon
44677329,2026-07-21 10:05:00+02,194,"",West Croydon Bus Station,194,Lower Sydenham - Clock House - Beckenham - West Wickham - West Croydon
44679300,2026-07-21 10:14:00+02,194,"",Bell Green / Sainsbury's,194,Lower Sydenham - Clock House - Beckenham - West Wickham - West Croydon
44715117,2026-07-21 11:27:00+02,194,"",Bell Green / Sainsbury's,194,Lower Sydenham - Clock House - Beckenham - West Wickham - West Croydon
44720424,2026-07-21 11:36:00+02,194,"",West Croydon Bus Station,194,Lower Sydenham - Clock House - Beckenham - West Wickham - West Croydon
44747885,2026-07-21 12:43:00+02,194,"",West Croydon Bus Station,194,Lower Sydenham - Clock House - Beckenham - West Wickham - West Croydon
44748367,2026-07-21 13:02:00+02,194,"",Bell Green / Sainsbury's,194,Lower Sydenham - Clock House - Beckenham - West Wickham - West Croydon
44793263,2026-07-21 14:15:00+02,194,"",Bell Green / Sainsbury's,194,Lower Sydenham - Clock House - Beckenham - West Wickham - West Croydon
44794835,2026-07-21 14:24:00+02,194,"",West Croydon Bus Station,194,Lower Sydenham - Clock House - Beckenham - West Wickham - West Croydon
44824737,2026-07-21 15:31:00+02,194,"",West Croydon Bus Station,194,Lower Sydenham - Clock House - Beckenham - West Wickham - West Croydon
44826537,2026-07-21 15:42:00+02,194,"",Bell Green / Sainsbury's,194,Lower Sydenham - Clock House - Beckenham - West Wickham - West Croydon
44863768,2026-07-21 17:01:00+02,194,"",Bell Green / Sainsbury's,194,Lower Sydenham - Clock House - Beckenham - West Wickham - West Croydon
44866727,2026-07-21 17:07:00+02,194,"",West Croydon Bus Station,194,Lower Sydenham - Clock House - Beckenham - West Wickham - West Croydon
44898039,2026-07-21 18:19:00+02,194,"",West Croydon Bus Station,194,Lower Sydenham - Clock House - Beckenham - West Wickham - West Croydon
44898437,2026-07-21 18:30:00+02,194,"",Bell Green / Sainsbury's,194,Lower Sydenham - Clock House - Beckenham - West Wickham - West Croydon
44926384,2026-07-21 19:45:00+02,194,"",Bell Green / Sainsbury's,194,Lower Sydenham - Clock House - Beckenham - West Wickham - West Croydon
44931394,2026-07-21 19:51:00+02,194,"",West Croydon Bus Station,194,Lower Sydenham - Clock House - Beckenham - West Wickham - West Croydon
44949246,2026-07-21 20:53:00+02,194,"",West Croydon Bus Station,194,Lower Sydenham - Clock House - Beckenham - West Wickham - West Croydon
44950150,2026-07-21 21:00:00+02,194,"",Bell Green / Sainsbury's,194,Lower Sydenham - Clock House - Beckenham - West Wickham - West Croydon
44963434,2026-07-21 21:55:00+02,194,"",Bell Green / Sainsbury's,194,Lower Sydenham - Clock House - Beckenham - West Wickham - West Croydon
44965374,2026-07-21 22:01:00+02,194,"",West Croydon Bus Station,194,Lower Sydenham - Clock House - Beckenham - West Wickham - West Croydon
44976504,2026-07-21 22:52:00+02,194,"",Croydon (arriva),194,Lower Sydenham - Clock House - Beckenham - West Wickham - West Croydon
45033977,2026-07-22 07:19:00+02,60,"",Streatham Station,60,Old Coulsdon - Croydon Town Centre - Thornton Heath Pond - Streatham Vale - Streatham Station
45034028,2026-07-22 07:37:00+02,60,"",Streatham Station,60,Old Coulsdon - Croydon Town Centre - Thornton Heath Pond - Streatham Vale - Streatham Station
45069024,2026-07-22 08:47:00+02,60,"",Streatham Station,60,Old Coulsdon - Croydon Town Centre - Thornton Heath Pond - Streatham Vale - Streatham Station
45074463,2026-07-22 08:58:00+02,60,"",Old Coulsdon / Tudor Rose,60,Old Coulsdon - Croydon Town Centre - Thornton Heath Pond - Streatham Vale - Streatham Station
45105572,2026-07-22 10:29:00+02,60,"",Streatham Station,60,Old Coulsdon - Croydon Town Centre - Thornton Heath Pond - Streatham Vale - Streatham Station
45143225,2026-07-22 11:44:00+02,60,"",Streatham Station,60,Old Coulsdon - Croydon Town Centre - Thornton Heath Pond - Streatham Vale - Streatham Station
45154477,2026-07-22 12:00:00+02,60,"",Old Coulsdon / Tudor Rose,60,Old Coulsdon - Croydon Town Centre - Thornton Heath Pond - Streatham Vale - Streatham Station
45190306,2026-07-22 13:29:00+02,60,"",Streatham Station,60,Old Coulsdon - Croydon Town Centre - Thornton Heath Pond - Streatham Vale - Streatham Station
45227788,2026-07-22 14:44:00+02,60,"",Streatham Station,60,Old Coulsdon - Croydon Town Centre - Thornton Heath Pond - Streatham Vale - Streatham Station
45231809,2026-07-22 14:58:00+02,60,"",Old Coulsdon / Tudor Rose,60,Old Coulsdon - Croydon Town Centre - Thornton Heath Pond - Streatham Vale - Streatham Station
45269778,2026-07-22 16:35:00+02,60,"",Streatham Station,60,Old Coulsdon - Croydon Town Centre - Thornton Heath Pond - Streatham Vale - Streatham Station
45310559,2026-07-22 17:59:00+02,60,"",Streatham Station,60,Old Coulsdon - Croydon Town Centre - Thornton Heath Pond - Streatham Vale - Streatham Station
45317155,2026-07-22 18:17:00+02,60,"",Old Coulsdon / Tudor Rose,60,Old Coulsdon - Croydon Town Centre - Thornton Heath Pond - Streatham Vale - Streatham Station
45346835,2026-07-22 19:55:00+02,60,"",Streatham Station,60,Old Coulsdon - Croydon Town Centre - Thornton Heath Pond - Streatham Vale - Streatham Station
45373979,2026-07-22 21:04:00+02,60,"",Croydon (arriva),60,Old Coulsdon - Croydon Town Centre - Thornton Heath Pond - Streatham Vale - Streatham Station
45457156,2026-07-23 06:55:00+02,194,"",Bell Green / Sainsbury's,194,Lower Sydenham - Clock House - Beckenham - West Wickham - West Croydon
45456794,2026-07-23 07:28:00+02,194,"",West Croydon Bus Station,194,Lower Sydenham - Clock House - Beckenham - West Wickham - West Croydon
45478682,2026-07-23 08:28:00+02,194,"",West Croydon Bus Station,194,Lower Sydenham - Clock House - Beckenham - West Wickham - West Croydon
45485010,2026-07-23 08:37:00+02,194,"",Bell Green / Sainsbury's,194,Lower Sydenham - Clock House - Beckenham - West Wickham - West Croydon
45513962,2026-07-23 09:54:00+02,194,"",Bell Green / Sainsbury's,194,Lower Sydenham - Clock House - Beckenham - West Wickham - West Croydon
45522138,2026-07-23 10:00:00+02,194,"",West Croydon Bus Station,194,Lower Sydenham - Clock House - Beckenham - West Wickham - West Croydon
45550976,2026-07-23 11:08:00+02,194,"",West Croydon Bus Station,194,Lower Sydenham - Clock House - Beckenham - West Wickham - West Croydon
45551310,2026-07-23 11:26:00+02,194,"",Bell Green / Sainsbury's,194,Lower Sydenham - Clock House - Beckenham - West Wickham - West Croydon
45593320,2026-07-23 12:38:00+02,194,"",Bell Green / Sainsbury's,194,Lower Sydenham - Clock House - Beckenham - West Wickham - West Croydon
45597640,2026-07-23 12:48:00+02,194,"",West Croydon Bus Station,194,Lower Sydenham - Clock House - Beckenham - West Wickham - West Croydon
45627925,2026-07-23 13:55:00+02,194,"",Bell Green / Sainsbury's,194,Lower Sydenham - Clock House - Beckenham - West Wickham - West Croydon
45628837,2026-07-23 14:14:00+02,194,"",Bell Green / Sainsbury's,194,Lower Sydenham - Clock House - Beckenham - West Wickham - West Croydon
45666523,2026-07-23 15:27:00+02,194,"",Bell Green / Sainsbury's,194,Lower Sydenham - Clock House - Beckenham - West Wickham - West Croydon
45669629,2026-07-23 15:33:00+02,194,"",West Croydon Bus Station,194,Lower Sydenham - Clock House - Beckenham - West Wickham - West Croydon
45701030,2026-07-23 16:45:00+02,194,"",West Croydon Bus Station,194,Lower Sydenham - Clock House - Beckenham - West Wickham - West Croydon
45703277,2026-07-23 16:54:00+02,194,"",Bell Green / Sainsbury's,194,Lower Sydenham - Clock House - Beckenham - West Wickham - West Croydon
45739853,2026-07-23 18:13:00+02,194,"",Bell Green / Sainsbury's,194,Lower Sydenham - Clock House - Beckenham - West Wickham - West Croydon
45743188,2026-07-23 18:19:00+02,194,"",West Croydon Bus Station,194,Lower Sydenham - Clock House - Beckenham - West Wickham - West Croydon
45770193,2026-07-23 19:38:00+02,194,"",Bell Green / Sainsbury's,194,Lower Sydenham - Clock House - Beckenham - West Wickham - West Croydon
45792487,2026-07-23 20:44:00+02,194,"",Bell Green / Sainsbury's,194,Lower Sydenham - Clock House - Beckenham - West Wickham - West Croydon
45793400,2026-07-23 20:51:00+02,194,"",West Croydon Bus Station,194,Lower Sydenham - Clock House - Beckenham - West Wickham - West Croydon
45809443,2026-07-23 21:47:00+02,194,"",Croydon (arriva),194,Lower Sydenham - Clock House - Beckenham - West Wickham - West Croydon
45858678,2026-07-24 06:00:00+02,194,"",West Croydon Bus Station,194,Lower Sydenham - Clock House - Beckenham - West Wickham - West Croydon
45867123,2026-07-24 06:47:00+02,194,"",West Croydon Bus Station,194,Lower Sydenham - Clock House - Beckenham - West Wickham - West Croydon
45871132,2026-07-24 07:03:00+02,194,"",Bell Green / Sainsbury's,194,Lower Sydenham - Clock House - Beckenham - West Wickham - West Croydon
45889986,2026-07-24 07:55:00+02,194,"",Bell Green / Sainsbury's,194,Lower Sydenham - Clock House - Beckenham - West Wickham - West Croydon
45894554,2026-07-24 08:03:00+02,194,"",West Croydon Bus Station,194,Lower Sydenham - Clock House - Beckenham - West Wickham - West Croydon
45924327,2026-07-24 09:19:00+02,194,"",West Croydon Bus Station,194,Lower Sydenham - Clock House - Beckenham - West Wickham - West Croydon
45925305,2026-07-24 09:26:00+02,194,"",Bell Green / Sainsbury's,194,Lower Sydenham - Clock House - Beckenham - West Wickham - West Croydon
45960492,2026-07-24 10:41:00+02,194,"",Bell Green / Sainsbury's,194,Lower Sydenham - Clock House - Beckenham - West Wickham - West Croydon
45965571,2026-07-24 10:48:00+02,194,"",West Croydon Bus Station,194,Lower Sydenham - Clock House - Beckenham - West Wickham - West Croydon
45995730,2026-07-24 11:55:00+02,194,"",West Croydon Bus Station,194,Lower Sydenham - Clock House - Beckenham - West Wickham - West Croydon
45996269,2026-07-24 12:14:00+02,194,"",Bell Green / Sainsbury's,194,Lower Sydenham - Clock House - Beckenham - West Wickham - West Croydon
46034550,2026-07-24 13:27:00+02,194,"",Bell Green / Sainsbury's,194,Lower Sydenham - Clock House - Beckenham - West Wickham - West Croydon
46043485,2026-07-24 13:36:00+02,194,"",West Croydon Bus Station,194,Lower Sydenham - Clock House - Beckenham - West Wickham - West Croydon
46074739,2026-07-24 14:43:00+02,194,"",West Croydon Bus Station,194,Lower Sydenham - Clock House - Beckenham - West Wickham - West Croydon
46075318,2026-07-24 14:58:00+02,194,"",Bell Green / Sainsbury's,194,Lower Sydenham - Clock House - Beckenham - West Wickham - West Croydon
46118497,2026-07-24 16:12:00+02,194,"",Bell Green / Sainsbury's,194,Lower Sydenham - Clock House - Beckenham - West Wickham - West Croydon
46121153,2026-07-24 16:19:00+02,194,"",West Croydon Bus Station,194,Lower Sydenham - Clock House - Beckenham - West Wickham - West Croydon
46146445,2026-07-24 17:34:00+02,194,"",Bell Green / Sainsbury's,194,Lower Sydenham - Clock House - Beckenham - West Wickham - West Croydon
46147627,2026-07-24 17:42:00+02,194,"",Bell Green / Sainsbury's,194,Lower Sydenham - Clock House - Beckenham - West Wickham - West Croydon
46177096,2026-07-24 19:01:00+02,194,"",Bell Green / Sainsbury's,194,Lower Sydenham - Clock House - Beckenham - West Wickham - West Croydon
46180794,2026-07-24 19:07:00+02,194,"",West Croydon Bus Station,194,Lower Sydenham - Clock House - Beckenham - West Wickham - West Croydon
46203700,2026-07-24 20:14:00+02,194,"",West Croydon Bus Station,194,Lower Sydenham - Clock House - Beckenham - West Wickham - West Croydon
46204335,2026-07-24 20:24:00+02,194,"",West Croydon Bus Station,194,Lower Sydenham - Clock House - Beckenham - West Wickham - West Croydon
46208645,2026-07-24 20:36:00+02,194,"",Bell Green / Sainsbury's,194,Lower Sydenham - Clock House - Beckenham - West Wickham - West Croydon
46224200,2026-07-24 21:34:00+02,194,"",Bell Green / Sainsbury's,194,Lower Sydenham - Clock House - Beckenham - West Wickham - West Croydon
46227802,2026-07-24 21:46:00+02,194,"",West Croydon Bus Station,194,Lower Sydenham - Clock House - Beckenham - West Wickham - West Croydon
46239222,2026-07-24 22:38:00+02,194,"",West Croydon Bus Station,194,Lower Sydenham - Clock House - Beckenham - West Wickham - West Croydon
46239600,2026-07-24 23:20:00+02,194,"",Bell Green / Sainsbury's,194,Lower Sydenham - Clock House - Beckenham - West Wickham - West Croydon
46282987,2026-07-25 06:20:00+02,194,"",West Croydon Bus Station,194,Lower Sydenham - Clock House - Beckenham - West Wickham - West Croydon
46290994,2026-07-25 07:04:00+02,194,"",West Croydon Bus Station,194,Lower Sydenham - Clock House - Beckenham - West Wickham - West Croydon
46291394,2026-07-25 07:20:00+02,194,"",Bell Green / Sainsbury's,194,Lower Sydenham - Clock House - Beckenham - West Wickham - West Croydon
46306763,2026-07-25 08:06:00+02,194,"",Bell Green / Sainsbury's,194,Lower Sydenham - Clock House - Beckenham - West Wickham - West Croydon
46307821,2026-07-25 08:19:00+02,194,"",West Croydon Bus Station,194,Lower Sydenham - Clock House - Beckenham - West Wickham - West Croydon
46326833,2026-07-25 09:10:00+02,194,"",Croydon (arriva),194,Lower Sydenham - Clock House - Beckenham - West Wickham - West Croydon
46328948,2026-07-25 09:20:55+02,194,"",Bell Green / Sainsbury's,194,Lower Sydenham - Clock House - Beckenham - West Wickham - West Croydon
46341056,2026-07-25 09:55:00+02,194,"",West Croydon Bus Station,194,Lower Sydenham - Clock House - Beckenham - West Wickham - West Croydon
46370566,2026-07-25 10:56:00+02,194,"",West Croydon Bus Station,194,Lower Sydenham - Clock House - Beckenham - West Wickham - West Croydon
46370883,2026-07-25 11:12:00+02,194,"",Bell Green / Sainsbury's,194,Lower Sydenham - Clock House - Beckenham - West Wickham - West Croydon
46403359,2026-07-25 12:23:00+02,194,"",Bell Green / Sainsbury's,194,Lower Sydenham - Clock House - Beckenham - West Wickham - West Croydon
46409156,2026-07-25 12:35:00+02,194,"",West Croydon Bus Station,194,Lower Sydenham - Clock House - Beckenham - West Wickham - West Croydon
46438735,2026-07-25 13:50:00+02,194,"",West Croydon Bus Station,194,Lower Sydenham - Clock House - Beckenham - West Wickham - West Croydon
46439396,2026-07-25 13:59:00+02,194,"",Bell Green / Sainsbury's,194,Lower Sydenham - Clock House - Beckenham - West Wickham - West Croydon
46471876,2026-07-25 15:16:00+02,194,"",Bell Green / Sainsbury's,194,Lower Sydenham - Clock House - Beckenham - West Wickham - West Croydon
46478757,2026-07-25 15:23:00+02,194,"",West Croydon Bus Station,194,Lower Sydenham - Clock House - Beckenham - West Wickham - West Croydon
46503903,2026-07-25 16:31:00+02,194,"",West Croydon Bus Station,194,Lower Sydenham - Clock House - Beckenham - West Wickham - West Croydon
46510694,2026-07-25 16:47:00+02,194,"",Bell Green / Sainsbury's,194,Lower Sydenham - Clock House - Beckenham - West Wickham - West Croydon
46540021,2026-07-25 17:57:00+02,194,"",Bell Green / Sainsbury's,194,Lower Sydenham - Clock House - Beckenham - West Wickham - West Croydon
46547018,2026-07-25 18:11:00+02,194,"",West Croydon Bus Station,194,Lower Sydenham - Clock House - Beckenham - West Wickham - West Croydon
46570737,2026-07-25 19:14:00+02,194,"",Bell Green / Sainsbury's,194,Lower Sydenham - Clock House - Beckenham - West Wickham - West Croydon
46574210,2026-07-25 19:23:00+02,194,"",Bell Green / Sainsbury's,194,Lower Sydenham - Clock House - Beckenham - West Wickham - West Croydon
46590835,2026-07-25 20:27:00+02,194,"",Bell Green / Sainsbury's,194,Lower Sydenham - Clock House - Beckenham - West Wickham - West Croydon
46595410,2026-07-25 20:40:00+02,194,"",West Croydon Bus Station,194,Lower Sydenham - Clock House - Beckenham - West Wickham - West Croydon
46608597,2026-07-25 21:33:00+02,194,"",West Croydon Bus Station,194,Lower Sydenham - Clock House - Beckenham - West Wickham - West Croydon
46618341,2026-07-25 22:20:00+02,194,"",Bell Green / Sainsbury's,194,Lower Sydenham - Clock House - Beckenham - West Wickham - West Croydon
46630087,2026-07-25 23:12:00+02,194,"",Bell Green / Sainsbury's,194,Lower Sydenham - Clock House - Beckenham - West Wickham - West Croydon
46631583,2026-07-25 23:20:00+02,194,"",West Croydon Bus Station,194,Lower Sydenham - Clock House - Beckenham - West Wickham - West Croydon
46640946,2026-07-26 00:09:00+02,194,"",West Croydon Bus Station,194,Lower Sydenham - Clock House - Beckenham - West Wickham - West Croydon
46642531,2026-07-26 00:20:00+02,194,"",Bell Green / Sainsbury's,194,Lower Sydenham - Clock House - Beckenham - West Wickham - West Croydon
46649442,2026-07-26 01:10:00+02,194,"",Bell Green / Sainsbury's,194,Lower Sydenham - Clock House - Beckenham - West Wickham - West Croydon
46651203,2026-07-26 01:20:00+02,194,"",West Croydon Bus Station,194,Lower Sydenham - Clock House - Beckenham - West Wickham - West Croydon
46661931,2026-07-26 05:25:00+02,60,"",Old Coulsdon / Tudor Rose,60,Old Coulsdon - Croydon Town Centre - Thornton Heath Pond - Streatham Vale - Streatham Station
46661744,2026-07-26 05:40:00+02,60,"",Streatham Station,60,Old Coulsdon - Croydon Town Centre - Thornton Heath Pond - Streatham Vale - Streatham Station
46664384,2026-07-26 06:25:00+02,60,"",Streatham Station,60,Old Coulsdon - Croydon Town Centre - Thornton Heath Pond - Streatham Vale - Streatham Station
46665505,2026-07-26 06:40:00+02,60,"",Old Coulsdon / Tudor Rose,60,Old Coulsdon - Croydon Town Centre - Thornton Heath Pond - Streatham Vale - Streatham Station
46670372,2026-07-26 07:40:00+02,60,"",Streatham Station,60,Old Coulsdon - Croydon Town Centre - Thornton Heath Pond - Streatham Vale - Streatham Station
46677952,2026-07-26 08:32:00+02,60,"",Streatham Station,60,Old Coulsdon - Croydon Town Centre - Thornton Heath Pond - Streatham Vale - Streatham Station
46679721,2026-07-26 08:40:00+02,60,"",Old Coulsdon / Tudor Rose,60,Old Coulsdon - Croydon Town Centre - Thornton Heath Pond - Streatham Vale - Streatham Station
46689483,2026-07-26 09:45:00+02,60,"",Streatham Station,60,Old Coulsdon - Croydon Town Centre - Thornton Heath Pond - Streatham Vale - Streatham Station
46705131,2026-07-26 10:43:00+02,60,"",Streatham Station,60,Old Coulsdon - Croydon Town Centre - Thornton Heath Pond - Streatham Vale - Streatham Station
46711017,2026-07-26 11:04:00+02,60,"",Old Coulsdon / Tudor Rose,60,Old Coulsdon - Croydon Town Centre - Thornton Heath Pond - Streatham Vale - Streatham Station
46729142,2026-07-26 12:31:00+02,60,"",Streatham Station,60,Old Coulsdon - Croydon Town Centre - Thornton Heath Pond - Streatham Vale - Streatham Station
46751168,2026-07-26 13:44:00+02,60,"",Streatham Station,60,Old Coulsdon - Croydon Town Centre - Thornton Heath Pond - Streatham Vale - Streatham Station
46754940,2026-07-26 13:59:00+02,60,"",Old Coulsdon / Tudor Rose,60,Old Coulsdon - Croydon Town Centre - Thornton Heath Pond - Streatham Vale - Streatham Station
46777095,2026-07-26 15:30:00+02,60,"",Streatham Station,60,Old Coulsdon - Croydon Town Centre - Thornton Heath Pond - Streatham Vale - Streatham Station
46796624,2026-07-26 16:43:00+02,60,"",Streatham Station,60,Old Coulsdon - Croydon Town Centre - Thornton Heath Pond - Streatham Vale - Streatham Station
46801506,2026-07-26 17:01:00+02,60,"",Old Coulsdon / Tudor Rose,60,Old Coulsdon - Croydon Town Centre - Thornton Heath Pond - Streatham Vale - Streatham Station
46820429,2026-07-26 18:30:00+02,60,"",Streatham Station,60,Old Coulsdon - Croydon Town Centre - Thornton Heath Pond - Streatham Vale - Streatham Station
46837020,2026-07-26 19:35:00+02,60,"",Streatham Station,60,Old Coulsdon - Croydon Town Centre - Thornton Heath Pond - Streatham Vale - Streatham Station
46842378,2026-07-26 19:55:00+02,60,"",Old Coulsdon / Tudor Rose,60,Old Coulsdon - Croydon Town Centre - Thornton Heath Pond - Streatham Vale - Streatham Station
46854741,2026-07-26 21:15:00+02,60,"",Streatham Station,60,Old Coulsdon - Croydon Town Centre - Thornton Heath Pond - Streatham Vale - Streatham Station
46870077,2026-07-26 22:12:00+02,60,"",Streatham Station,60,Old Coulsdon - Croydon Town Centre - Thornton Heath Pond - Streatham Vale - Streatham Station
46871508,2026-07-26 22:25:00+02,60,"",Old Coulsdon / Tudor Rose,60,Old Coulsdon - Croydon Town Centre - Thornton Heath Pond - Streatham Vale - Streatham Station
46882154,2026-07-26 23:30:00+02,60,"",Streatham Station,60,Old Coulsdon - Croydon Town Centre - Thornton Heath Pond - Streatham Vale - Streatham Station
46892183,2026-07-27 00:19:00+02,60,"",Streatham Station,60,Old Coulsdon - Croydon Town Centre - Thornton Heath Pond - Streatham Vale - Streatham Station
46893389,2026-07-27 00:40:00+02,60,"",Old Coulsdon / Tudor Rose,60,Old Coulsdon - Croydon Town Centre - Thornton Heath Pond - Streatham Vale - Streatham Station
46917602,2026-07-27 06:40:00+02,194,"",West Croydon Bus Station,194,Lower Sydenham - Clock House - Beckenham - West Wickham - West Croydon
46933559,2026-07-27 07:28:00+02,194,"",West Croydon Bus Station,194,Lower Sydenham - Clock House - Beckenham - West Wickham - West Croydon
46936103,2026-07-27 07:36:00+02,194,"",Bell Green / Sainsbury's,194,Lower Sydenham - Clock House - Beckenham - West Wickham - West Croydon
46961829,2026-07-27 08:40:00+02,194,"",Bell Green / Sainsbury's,194,Lower Sydenham - Clock House - Beckenham - West Wickham - West Croydon
46966741,2026-07-27 08:48:00+02,194,"",West Croydon Bus Station,194,Lower Sydenham - Clock House - Beckenham - West Wickham - West Croydon
46997287,2026-07-27 10:05:00+02,194,"",West Croydon Bus Station,194,Lower Sydenham - Clock House - Beckenham - West Wickham - West Croydon
47002122,2026-07-27 10:14:00+02,194,"",Bell Green / Sainsbury's,194,Lower Sydenham - Clock House - Beckenham - West Wickham - West Croydon
47033550,2026-07-27 11:27:00+02,194,"",Bell Green / Sainsbury's,194,Lower Sydenham - Clock House - Beckenham - West Wickham - West Croydon
47039273,2026-07-27 11:36:00+02,194,"",West Croydon Bus Station,194,Lower Sydenham - Clock House - Beckenham - West Wickham - West Croydon
47072192,2026-07-27 12:43:00+02,194,"",West Croydon Bus Station,194,Lower Sydenham - Clock House - Beckenham - West Wickham - West Croydon
47074478,2026-07-27 13:02:00+02,194,"",Bell Green / Sainsbury's,194,Lower Sydenham - Clock House - Beckenham - West Wickham - West Croydon
47108267,2026-07-27 14:15:00+02,194,"",Bell Green / Sainsbury's,194,Lower Sydenham - Clock House - Beckenham - West Wickham - West Croydon
47112924,2026-07-27 14:24:00+02,194,"",West Croydon Bus Station,194,Lower Sydenham - Clock House - Beckenham - West Wickham - West Croydon
47142898,2026-07-27 15:42:00+02,194,"",Bell Green / Sainsbury's,194,Lower Sydenham - Clock House - Beckenham - West Wickham - West Croydon
47176222,2026-07-27 17:01:00+02,194,"",Bell Green / Sainsbury's,194,Lower Sydenham - Clock House - Beckenham - West Wickham - West Croydon
47183792,2026-07-27 17:07:00+02,194,"",West Croydon Bus Station,194,Lower Sydenham - Clock House - Beckenham - West Wickham - West Croydon
47211407,2026-07-27 18:19:00+02,194,"",Bell Green / Sainsbury's,194,Lower Sydenham - Clock House - Beckenham - West Wickham - West Croydon
47212264,2026-07-27 18:30:00+02,194,"",Bell Green / Sainsbury's,194,Lower Sydenham - Clock House - Beckenham - West Wickham - West Croydon
47246864,2026-07-27 19:45:00+02,194,"",Bell Green / Sainsbury's,194,Lower Sydenham - Clock House - Beckenham - West Wickham - West Croydon
47249089,2026-07-27 19:51:00+02,194,"",West Croydon Bus Station,194,Lower Sydenham - Clock House - Beckenham - West Wickham - West Croydon
47266425,2026-07-27 20:53:00+02,194,"",West Croydon Bus Station,194,Lower Sydenham - Clock House - Beckenham - West Wickham - West Croydon
47266515,2026-07-27 21:00:00+02,194,"",Bell Green / Sainsbury's,194,Lower Sydenham - Clock House - Beckenham - West Wickham - West Croydon
47282037,2026-07-27 21:55:00+02,194,"",Bell Green / Sainsbury's,194,Lower Sydenham - Clock House - Beckenham - West Wickham - West Croydon
47285300,2026-07-27 22:01:00+02,194,"",West Croydon Bus Station,194,Lower Sydenham - Clock House - Beckenham - West Wickham - West Croydon
47296332,2026-07-27 22:52:00+02,194,"",Croydon (arriva),194,Lower Sydenham - Clock House - Beckenham - West Wickham - West Croydon
47306806,2026-07-28 00:00:00+02,194,"",Bell Green / Sainsbury's,194,Lower Sydenham - Clock House - Beckenham - West Wickham - West Croydon
47315994,2026-07-28 00:48:00+02,194,"",Bell Green / Sainsbury's,194,Lower Sydenham - Clock House - Beckenham - West Wickham - West Croydon
47316712,2026-07-28 01:00:00+02,194,"",West Croydon Bus Station,194,Lower Sydenham - Clock House - Beckenham - West Wickham - West Croydon
47337835,2026-07-28 06:40:00+02,194,"",West Croydon Bus Station,194,Lower Sydenham - Clock House - Beckenham - West Wickham - West Croydon
47353653,2026-07-28 07:28:00+02,194,"",West Croydon Bus Station,194,Lower Sydenham - Clock House - Beckenham - West Wickham - West Croydon
47356360,2026-07-28 07:36:00+02,194,"",Bell Green / Sainsbury's,194,Lower Sydenham - Clock House - Beckenham - West Wickham - West Croydon
47382406,2026-07-28 08:40:00+02,194,"",Bell Green / Sainsbury's,194,Lower Sydenham - Clock House - Beckenham - West Wickham - West Croydon
47387229,2026-07-28 08:48:00+02,194,"",West Croydon Bus Station,194,Lower Sydenham - Clock House - Beckenham - West Wickham - West Croydon
47417442,2026-07-28 10:05:00+02,194,"",West Croydon Bus Station,194,Lower Sydenham - Clock House - Beckenham - West Wickham - West Croydon
47422064,2026-07-28 10:14:00+02,194,"",Bell Green / Sainsbury's,194,Lower Sydenham - Clock House - Beckenham - West Wickham - West Croydon
47458365,2026-07-28 11:27:00+02,194,"",Bell Green / Sainsbury's,194,Lower Sydenham - Clock House - Beckenham - West Wickham - West Croydon
47459666,2026-07-28 11:36:00+02,194,"",West Croydon Bus Station,194,Lower Sydenham - Clock House - Beckenham - West Wickham - West Croydon
47490319,2026-07-28 12:43:00+02,194,"",West Croydon Bus Station,194,Lower Sydenham - Clock House - Beckenham - West Wickham - West Croydon
47495110,2026-07-28 13:02:00+02,194,"",Bell Green / Sainsbury's,194,Lower Sydenham - Clock House - Beckenham - West Wickham - West Croydon
47530924,2026-07-28 14:15:00+02,194,"",Bell Green / Sainsbury's,194,Lower Sydenham - Clock House - Beckenham - West Wickham - West Croydon
47533380,2026-07-28 14:24:00+02,194,"",West Croydon Bus Station,194,Lower Sydenham - Clock House - Beckenham - West Wickham - West Croydon
47563217,2026-07-28 15:31:00+02,194,"",West Croydon Bus Station,194,Lower Sydenham - Clock House - Beckenham - West Wickham - West Croydon
47563430,2026-07-28 15:42:00+02,194,"",Bell Green / Sainsbury's,194,Lower Sydenham - Clock House - Beckenham - West Wickham - West Croydon
47601701,2026-07-28 17:01:00+02,194,"",Bell Green / Sainsbury's,194,Lower Sydenham - Clock House - Beckenham - West Wickham - West Croydon
47606306,2026-07-28 17:07:00+02,194,"",West Croydon Bus Station,194,Lower Sydenham - Clock House - Beckenham - West Wickham - West Croydon
47631625,2026-07-28 18:19:00+02,194,"",West Croydon Bus Station,194,Lower Sydenham - Clock House - Beckenham - West Wickham - West Croydon
47632341,2026-07-28 18:30:00+02,194,"",Bell Green / Sainsbury's,194,Lower Sydenham - Clock House - Beckenham - West Wickham - West Croydon
47665337,2026-07-28 19:45:00+02,194,"",Bell Green / Sainsbury's,194,Lower Sydenham - Clock House - Beckenham - West Wickham - West Croydon
47667666,2026-07-28 19:51:00+02,194,"",West Croydon Bus Station,194,Lower Sydenham - Clock House - Beckenham - West Wickham - West Croydon
47685027,2026-07-28 20:53:00+02,194,"",West Croydon Bus Station,194,Lower Sydenham - Clock House - Beckenham - West Wickham - West Croydon
47685167,2026-07-28 21:00:00+02,194,"",Bell Green / Sainsbury's,194,Lower Sydenham - Clock House - Beckenham - West Wickham - West Croydon
47702139,2026-07-28 21:55:00+02,194,"",Bell Green / Sainsbury's,194,Lower Sydenham - Clock House - Beckenham - West Wickham - West Croydon
47703614,2026-07-28 22:01:00+02,194,"",West Croydon Bus Station,194,Lower Sydenham - Clock House - Beckenham - West Wickham - West Croydon
47715743,2026-07-28 22:52:00+02,194,"",Croydon (arriva),194,Lower Sydenham - Clock House - Beckenham - West Wickham - West Croydon
47758609,2026-07-29 06:42:00+02,194,"",West Croydon Bus Station,194,Lower Sydenham - Clock House - Beckenham - West Wickham - West Croydon
47760147,2026-07-29 06:50:00+02,194,"",Bell Green / Sainsbury's,194,Lower Sydenham - Clock House - Beckenham - West Wickham - West Croydon
47776677,2026-07-29 07:39:00+02,194,"",Bell Green / Sainsbury's,194,Lower Sydenham - Clock House - Beckenham - West Wickham - West Croydon
47783432,2026-07-29 07:54:00+02,194,"",West Croydon Bus Station,194,Lower Sydenham - Clock House - Beckenham - West Wickham - West Croydon
47813272,2026-07-29 09:06:00+02,194,"",West Croydon Bus Station,194,Lower Sydenham - Clock House - Beckenham - West Wickham - West Croydon
47814113,2026-07-29 09:13:00+02,194,"",Bell Green / Sainsbury's,194,Lower Sydenham - Clock House - Beckenham - West Wickham - West Croydon
47848479,2026-07-29 10:29:00+02,194,"",Bell Green / Sainsbury's,194,Lower Sydenham - Clock House - Beckenham - West Wickham - West Croydon
47853376,2026-07-29 10:36:00+02,194,"",West Croydon Bus Station,194,Lower Sydenham - Clock House - Beckenham - West Wickham - West Croydon
47886617,2026-07-29 11:43:00+02,194,"",West Croydon Bus Station,194,Lower Sydenham - Clock House - Beckenham - West Wickham - West Croydon
47887261,2026-07-29 12:02:00+02,194,"",Bell Green / Sainsbury's,194,Lower Sydenham - Clock House - Beckenham - West Wickham - West Croydon
47923301,2026-07-29 13:15:00+02,194,"",Bell Green / Sainsbury's,194,Lower Sydenham - Clock House - Beckenham - West Wickham - West Croydon
47927228,2026-07-29 13:24:00+02,194,"",West Croydon Bus Station,194,Lower Sydenham - Clock House - Beckenham - West Wickham - West Croydon
47959484,2026-07-29 14:31:00+02,194,"",West Croydon Bus Station,194,Lower Sydenham - Clock House - Beckenham - West Wickham - West Croydon
47961485,2026-07-29 14:36:00+02,194,"",Bell Green / Sainsbury's,194,Lower Sydenham - Clock House - Beckenham - West Wickham - West Croydon
47993749,2026-07-29 15:49:00+02,194,"",Bell Green / Sainsbury's,194,Lower Sydenham - Clock House - Beckenham - West Wickham - West Croydon
47998342,2026-07-29 15:55:00+02,194,"",West Croydon Bus Station,194,Lower Sydenham - Clock House - Beckenham - West Wickham - West Croydon
48026303,2026-07-29 17:10:00+02,194,"",West Croydon Bus Station,194,Lower Sydenham - Clock House - Beckenham - West Wickham - West Croydon
48029085,2026-07-29 17:18:00+02,194,"",Bell Green / Sainsbury's,194,Lower Sydenham - Clock House - Beckenham - West Wickham - West Croydon
48059023,2026-07-29 18:37:00+02,194,"",Bell Green / Sainsbury's,194,Lower Sydenham - Clock House - Beckenham - West Wickham - West Croydon
48064513,2026-07-29 18:43:00+02,194,"",West Croydon Bus Station,194,Lower Sydenham - Clock House - Beckenham - West Wickham - West Croydon
48086892,2026-07-29 19:51:00+02,194,"",West Croydon Bus Station,194,Lower Sydenham - Clock House - Beckenham - West Wickham - West Croydon
48091859,2026-07-29 20:00:00+02,194,"",Bell Green / Sainsbury's,194,Lower Sydenham - Clock House - Beckenham - West Wickham - West Croydon
48108988,2026-07-29 21:04:00+02,194,"",Bell Green / Sainsbury's,194,Lower Sydenham - Clock House - Beckenham - West Wickham - West Croydon
48111865,2026-07-29 21:15:00+02,194,"",West Croydon Bus Station,194,Lower Sydenham - Clock House - Beckenham - West Wickham - West Croydon
48123240,2026-07-29 22:09:00+02,194,"",Croydon (arriva),194,Lower Sydenham - Clock House - Beckenham - West Wickham - West Croydon
48146063,2026-07-29 23:11:00+02,194,"",West Croydon Bus Station,194,Lower Sydenham - Clock House - Beckenham - West Wickham - West Croydon
48145984,2026-07-30 00:00:00+02,194,"",Bell Green / Sainsbury's,194,Lower Sydenham - Clock House - Beckenham - West Wickham - West Croydon
48153325,2026-07-30 00:48:00+02,194,"",Bell Green / Sainsbury's,194,Lower Sydenham - Clock House - Beckenham - West Wickham - West Croydon
48156493,2026-07-30 01:00:00+02,194,"",West Croydon Bus Station,194,Lower Sydenham - Clock House - Beckenham - West Wickham - West Croydon
48160591,2026-07-30 01:43:00+02,194,"",Croydon (arriva),194,Lower Sydenham - Clock House - Beckenham - West Wickham - West Croydon
48182813,2026-07-30 07:00:00+02,194,"",West Croydon Bus Station,194,Lower Sydenham - Clock House - Beckenham - West Wickham - West Croydon
48201248,2026-07-30 07:51:00+02,194,"",West Croydon Bus Station,194,Lower Sydenham - Clock House - Beckenham - West Wickham - West Croydon
48207036,2026-07-30 08:06:00+02,194,"",Bell Green / Sainsbury's,194,Lower Sydenham - Clock House - Beckenham - West Wickham - West Croydon
48236065,2026-07-30 09:18:00+02,194,"",Bell Green / Sainsbury's,194,Lower Sydenham - Clock House - Beckenham - West Wickham - West Croydon
48241451,2026-07-30 09:24:00+02,194,"",West Croydon Bus Station,194,Lower Sydenham - Clock House - Beckenham - West Wickham - West Croydon
48270386,2026-07-30 10:37:00+02,194,"",West Croydon Bus Station,194,Lower Sydenham - Clock House - Beckenham - West Wickham - West Croydon
48278286,2026-07-30 10:50:00+02,194,"",Bell Green / Sainsbury's,194,Lower Sydenham - Clock House - Beckenham - West Wickham - West Croydon
48310656,2026-07-30 12:02:00+02,194,"",Bell Green / Sainsbury's,194,Lower Sydenham - Clock House - Beckenham - West Wickham - West Croydon
48316075,2026-07-30 12:12:00+02,194,"",West Croydon Bus Station,194,Lower Sydenham - Clock House - Beckenham - West Wickham - West Croydon
48348470,2026-07-30 13:19:00+02,194,"",West Croydon Bus Station,194,Lower Sydenham - Clock House - Beckenham - West Wickham - West Croydon
48351191,2026-07-30 13:38:00+02,194,"",Bell Green / Sainsbury's,194,Lower Sydenham - Clock House - Beckenham - West Wickham - West Croydon
48384651,2026-07-30 14:51:00+02,194,"",Bell Green / Sainsbury's,194,Lower Sydenham - Clock House - Beckenham - West Wickham - West Croydon
48389485,2026-07-30 15:00:00+02,194,"",West Croydon Bus Station,194,Lower Sydenham - Clock House - Beckenham - West Wickham - West Croydon
48421223,2026-07-30 16:08:00+02,194,"",West Croydon Bus Station,194,Lower Sydenham - Clock House - Beckenham - West Wickham - West Croydon
48421913,2026-07-30 16:18:00+02,194,"",Bell Green / Sainsbury's,194,Lower Sydenham - Clock House - Beckenham - West Wickham - West Croydon
48455763,2026-07-30 17:37:00+02,194,"",Bell Green / Sainsbury's,194,Lower Sydenham - Clock House - Beckenham - West Wickham - West Croydon
48459381,2026-07-30 17:43:00+02,194,"",West Croydon Bus Station,194,Lower Sydenham - Clock House - Beckenham - West Wickham - West Croydon
48484682,2026-07-30 18:55:00+02,194,"",West Croydon Bus Station,194,Lower Sydenham - Clock House - Beckenham - West Wickham - West Croydon
48490078,2026-07-30 19:05:00+02,194,"",Bell Green / Sainsbury's,194,Lower Sydenham - Clock House - Beckenham - West Wickham - West Croydon
48517133,2026-07-30 20:17:00+02,194,"",Bell Green / Sainsbury's,194,Lower Sydenham - Clock House - Beckenham - West Wickham - West Croydon
48519935,2026-07-30 20:27:00+02,194,"",West Croydon Bus Station,194,Lower Sydenham - Clock House - Beckenham - West Wickham - West Croydon
48542689,2026-07-30 22:00:00+02,194,"",Bell Green / Sainsbury's,194,Lower Sydenham - Clock House - Beckenham - West Wickham - West Croydon
48542642,2026-07-30 22:01:34+02,194,"",Bell Green / Sainsbury's,194,Lower Sydenham - Clock House - Beckenham - West Wickham - West Croydon
48554618,2026-07-30 22:52:00+02,194,"",Bell Green / Sainsbury's,194,Lower Sydenham - Clock House - Beckenham - West Wickham - West Croydon
48555543,2026-07-30 23:00:00+02,194,"",West Croydon Bus Station,194,Lower Sydenham - Clock House - Beckenham - West Wickham - West Croydon
48565299,2026-07-30 23:51:00+02,194,"",Croydon (arriva),194,Lower Sydenham - Clock House - Beckenham - West Wickham - West Croydon
48604757,2026-07-31 06:52:00+02,60,"",Old Coulsdon / Tudor Rose,60,Old Coulsdon - Croydon Town Centre - Thornton Heath Pond - Streatham Vale - Streatham Station
48603309,2026-07-31 07:10:00+02,60,"",Streatham Station,60,Old Coulsdon - Croydon Town Centre - Thornton Heath Pond - Streatham Vale - Streatham Station
48630900,2026-07-31 08:12:00+02,60,"",Streatham Station,60,Old Coulsdon - Croydon Town Centre - Thornton Heath Pond - Streatham Vale - Streatham Station
48635725,2026-07-31 08:28:00+02,60,"",Old Coulsdon / Tudor Rose,60,Old Coulsdon - Croydon Town Centre - Thornton Heath Pond - Streatham Vale - Streatham Station
48671096,2026-07-31 09:52:00+02,60,"",Streatham Station,60,Old Coulsdon - Croydon Town Centre - Thornton Heath Pond - Streatham Vale - Streatham Station
48715343,2026-07-31 11:09:00+02,60,"",Streatham Station,60,Old Coulsdon - Croydon Town Centre - Thornton Heath Pond - Streatham Vale - Streatham Station
48717906,2026-07-31 11:26:00+02,60,"",Old Coulsdon / Tudor Rose,60,Old Coulsdon - Croydon Town Centre - Thornton Heath Pond - Streatham Vale - Streatham Station
48751882,2026-07-31 12:52:00+02,60,"",Streatham Station,60,Old Coulsdon - Croydon Town Centre - Thornton Heath Pond - Streatham Vale - Streatham Station
48786967,2026-07-31 14:09:00+02,60,"",Streatham Station,60,Old Coulsdon - Croydon Town Centre - Thornton Heath Pond - Streatham Vale - Streatham Station
48789210,2026-07-31 14:26:00+02,60,"",Old Coulsdon / Tudor Rose,60,Old Coulsdon - Croydon Town Centre - Thornton Heath Pond - Streatham Vale - Streatham Station
48834349,2026-07-31 16:11:00+02,60,"",Streatham Station,60,Old Coulsdon - Croydon Town Centre - Thornton Heath Pond - Streatham Vale - Streatham Station
48872430,2026-07-31 17:35:00+02,60,"",Streatham Station,60,Old Coulsdon - Croydon Town Centre - Thornton Heath Pond - Streatham Vale - Streatham Station
48873770,2026-07-31 17:45:00+02,60,"",Old Coulsdon / Tudor Rose,60,Old Coulsdon - Croydon Town Centre - Thornton Heath Pond - Streatham Vale - Streatham Station
48908968,2026-07-31 19:30:00+02,60,"",Streatham Station,60,Old Coulsdon - Croydon Town Centre - Thornton Heath Pond - Streatham Vale - Streatham Station
48939000,2026-07-31 20:44:00+02,60,"",Streatham Station,60,Old Coulsdon - Croydon Town Centre - Thornton Heath Pond - Streatham Vale - Streatham Station
48941958,2026-07-31 21:01:00+02,60,"",Old Coulsdon / Tudor Rose,60,Old Coulsdon - Croydon Town Centre - Thornton Heath Pond - Streatham Vale - Streatham Station
48958632,2026-07-31 22:15:00+02,60,"",Streatham Station,60,Old Coulsdon - Croydon Town Centre - Thornton Heath Pond - Streatham Vale - Streatham Station
48988305,2026-08-01 00:50:49+02,60,"",Streatham Station,60,Old Coulsdon - Croydon Town Centre - Thornton Heath Pond - Streatham Vale - Streatham Station
48998113,2026-08-01 02:29:00+02,60,"",Old Coulsdon / Tudor Rose,60,Old Coulsdon - Croydon Town Centre - Thornton Heath Pond - Streatham Vale - Streatham Station
49009853,2026-08-01 06:10:00+02,194,"",Bell Green / Sainsbury's,194,Lower Sydenham - Clock House - Beckenham - West Wickham - West Croydon
49009667,2026-08-01 06:40:00+02,194,"",West Croydon Bus Station,194,Lower Sydenham - Clock House - Beckenham - West Wickham - West Croydon
49018791,2026-08-01 07:24:00+02,194,"",West Croydon Bus Station,194,Lower Sydenham - Clock House - Beckenham - West Wickham - West Croydon
49021358,2026-08-01 07:40:00+02,194,"",Bell Green / Sainsbury's,194,Lower Sydenham - Clock House - Beckenham - West Wickham - West Croydon
49036299,2026-08-01 08:27:00+02,194,"",Bell Green / Sainsbury's,194,Lower Sydenham - Clock House - Beckenham - West Wickham - West Croydon
49038525,2026-08-01 08:38:00+02,194,"",West Croydon Bus Station,194,Lower Sydenham - Clock House - Beckenham - West Wickham - West Croydon
49058736,2026-08-01 09:31:00+02,194,"",West Croydon Bus Station,194,Lower Sydenham - Clock House - Beckenham - West Wickham - West Croydon
49060868,2026-08-01 10:49:00+02,194,"",Bell Green / Sainsbury's,194,Lower Sydenham - Clock House - Beckenham - West Wickham - West Croydon
49119526,2026-08-01 11:59:00+02,194,"",Bell Green / Sainsbury's,194,Lower Sydenham - Clock House - Beckenham - West Wickham - West Croydon
49122472,2026-08-01 12:11:00+02,194,"",West Croydon Bus Station,194,Lower Sydenham - Clock House - Beckenham - West Wickham - West Croydon
49153591,2026-08-01 13:26:00+02,194,"",West Croydon Bus Station,194,Lower Sydenham - Clock House - Beckenham - West Wickham - West Croydon
49154496,2026-08-01 13:35:00+02,194,"",Bell Green / Sainsbury's,194,Lower Sydenham - Clock House - Beckenham - West Wickham - West Croydon
49185353,2026-08-01 14:53:00+02,194,"",Bell Green / Sainsbury's,194,Lower Sydenham - Clock House - Beckenham - West Wickham - West Croydon
49191093,2026-08-01 14:59:00+02,194,"",West Croydon Bus Station,194,Lower Sydenham - Clock House - Beckenham - West Wickham - West Croydon
49218896,2026-08-01 16:23:00+02,194,"",Bell Green / Sainsbury's,194,Lower Sydenham - Clock House - Beckenham - West Wickham - West Croydon
49252899,2026-08-01 17:33:00+02,194,"",Bell Green / Sainsbury's,194,Lower Sydenham - Clock House - Beckenham - West Wickham - West Croydon
49259871,2026-08-01 17:47:00+02,194,"",West Croydon Bus Station,194,Lower Sydenham - Clock House - Beckenham - West Wickham - West Croydon
49284062,2026-08-01 18:50:00+02,194,"",Bell Green / Sainsbury's,194,Lower Sydenham - Clock House - Beckenham - West Wickham - West Croydon
49284688,2026-08-01 18:59:00+02,194,"",Bell Green / Sainsbury's,194,Lower Sydenham - Clock House - Beckenham - West Wickham - West Croydon
49309335,2026-08-01 20:05:00+02,194,"",Bell Green / Sainsbury's,194,Lower Sydenham - Clock House - Beckenham - West Wickham - West Croydon
49314052,2026-08-01 20:25:00+02,194,"",West Croydon Bus Station,194,Lower Sydenham - Clock House - Beckenham - West Wickham - West Croydon
49329392,2026-08-01 21:19:00+02,194,"",Croydon (arriva),194,Lower Sydenham - Clock House - Beckenham - West Wickham - West Croydon
49631627,2026-08-03 05:55:00+02,60,"",Old Coulsdon / Tudor Rose,60,Old Coulsdon - Croydon Town Centre - Thornton Heath Pond - Streatham Vale - Streatham Station
49633364,2026-08-03 06:10:00+02,60,"",Streatham Station,60,Old Coulsdon - Croydon Town Centre - Thornton Heath Pond - Streatham Vale - Streatham Station
49644519,2026-08-03 07:00:00+02,60,"",Streatham Station,60,Old Coulsdon - Croydon Town Centre - Thornton Heath Pond - Streatham Vale - Streatham Station
49646868,2026-08-03 07:10:00+02,60,"",Old Coulsdon / Tudor Rose,60,Old Coulsdon - Croydon Town Centre - Thornton Heath Pond - Streatham Vale - Streatham Station
49672873,2026-08-03 08:27:00+02,60,"",Streatham Station,60,Old Coulsdon - Croydon Town Centre - Thornton Heath Pond - Streatham Vale - Streatham Station
49711637,2026-08-03 09:49:00+02,60,"",Streatham Station,60,Old Coulsdon - Croydon Town Centre - Thornton Heath Pond - Streatham Vale - Streatham Station
49717099,2026-08-03 09:58:00+02,60,"",Old Coulsdon / Tudor Rose,60,Old Coulsdon - Croydon Town Centre - Thornton Heath Pond - Streatham Vale - Streatham Station
49752813,2026-08-03 11:25:00+02,60,"",Streatham Station,60,Old Coulsdon - Croydon Town Centre - Thornton Heath Pond - Streatham Vale - Streatham Station
49792745,2026-08-03 12:40:00+02,60,"",Streatham Station,60,Old Coulsdon - Croydon Town Centre - Thornton Heath Pond - Streatham Vale - Streatham Station
49798272,2026-08-03 12:58:00+02,60,"",Old Coulsdon / Tudor Rose,60,Old Coulsdon - Croydon Town Centre - Thornton Heath Pond - Streatham Vale - Streatham Station
49842516,2026-08-03 14:25:00+02,60,"",Streatham Station,60,Old Coulsdon - Croydon Town Centre - Thornton Heath Pond - Streatham Vale - Streatham Station
50067118,2026-08-04 06:38:00+02,194,"",Bell Green / Sainsbury's,194,Lower Sydenham - Clock House - Beckenham - West Wickham - West Croydon
50066934,2026-08-04 07:10:00+02,194,"",West Croydon Bus Station,194,Lower Sydenham - Clock House - Beckenham - West Wickham - West Croydon
50086356,2026-08-04 08:04:00+02,194,"",West Croydon Bus Station,194,Lower Sydenham - Clock House - Beckenham - West Wickham - West Croydon
50086717,2026-08-04 08:16:00+02,194,"",Bell Green / Sainsbury's,194,Lower Sydenham - Clock House - Beckenham - West Wickham - West Croydon
50120443,2026-08-04 09:30:00+02,194,"",Bell Green / Sainsbury's,194,Lower Sydenham - Clock House - Beckenham - West Wickham - West Croydon
50127404,2026-08-04 09:36:00+02,194,"",West Croydon Bus Station,194,Lower Sydenham - Clock House - Beckenham - West Wickham - West Croydon
50157752,2026-08-04 10:47:00+02,194,"",West Croydon Bus Station,194,Lower Sydenham - Clock House - Beckenham - West Wickham - West Croydon
50158444,2026-08-04 11:02:00+02,194,"",Bell Green / Sainsbury's,194,Lower Sydenham - Clock House - Beckenham - West Wickham - West Croydon
50195400,2026-08-04 12:14:00+02,194,"",Bell Green / Sainsbury's,194,Lower Sydenham - Clock House - Beckenham - West Wickham - West Croydon
50201837,2026-08-04 12:24:00+02,194,"",West Croydon Bus Station,194,Lower Sydenham - Clock House - Beckenham - West Wickham - West Croydon
50230464,2026-08-04 13:31:00+02,194,"",West Croydon Bus Station,194,Lower Sydenham - Clock House - Beckenham - West Wickham - West Croydon
50231184,2026-08-04 13:50:00+02,194,"",Bell Green / Sainsbury's,194,Lower Sydenham - Clock House - Beckenham - West Wickham - West Croydon
50268072,2026-08-04 15:03:00+02,194,"",Bell Green / Sainsbury's,194,Lower Sydenham - Clock House - Beckenham - West Wickham - West Croydon
50274166,2026-08-04 15:11:00+02,194,"",West Croydon Bus Station,194,Lower Sydenham - Clock House - Beckenham - West Wickham - West Croydon
50302575,2026-08-04 16:21:00+02,194,"",West Croydon Bus Station,194,Lower Sydenham - Clock House - Beckenham - West Wickham - West Croydon
50302672,2026-08-04 16:30:00+02,194,"",Bell Green / Sainsbury's,194,Lower Sydenham - Clock House - Beckenham - West Wickham - West Croydon
50338597,2026-08-04 17:49:00+02,194,"",Bell Green / Sainsbury's,194,Lower Sydenham - Clock House - Beckenham - West Wickham - West Croydon
50344096,2026-08-04 17:55:00+02,194,"",West Croydon Bus Station,194,Lower Sydenham - Clock House - Beckenham - West Wickham - West Croydon
50370718,2026-08-04 19:07:00+02,194,"",West Croydon Bus Station,194,Lower Sydenham - Clock House - Beckenham - West Wickham - West Croydon
50371097,2026-08-04 19:16:00+02,194,"",Bell Green / Sainsbury's,194,Lower Sydenham - Clock House - Beckenham - West Wickham - West Croydon
50398004,2026-08-04 20:26:00+02,194,"",Bell Green / Sainsbury's,194,Lower Sydenham - Clock House - Beckenham - West Wickham - West Croydon
50403805,2026-08-04 20:39:00+02,194,"",West Croydon Bus Station,194,Lower Sydenham - Clock House - Beckenham - West Wickham - West Croydon
50417405,2026-08-04 21:37:00+02,194,"",West Croydon Bus Station,194,Lower Sydenham - Clock House - Beckenham - West Wickham - West Croydon
50417707,2026-08-04 22:21:00+02,194,"",Bell Green / Sainsbury's,194,Lower Sydenham - Clock House - Beckenham - West Wickham - West Croydon
50430513,2026-08-04 22:40:00+02,194,"",Bell Green / Sainsbury's,194,Lower Sydenham - Clock House - Beckenham - West Wickham - West Croydon
50441773,2026-08-04 23:31:00+02,194,"",Bell Green / Sainsbury's,194,Lower Sydenham - Clock House - Beckenham - West Wickham - West Croydon
50443702,2026-08-04 23:40:00+02,194,"",West Croydon Bus Station,194,Lower Sydenham - Clock House - Beckenham - West Wickham - West Croydon
50452651,2026-08-05 00:28:00+02,194,"",West Croydon Bus Station,194,Lower Sydenham - Clock House - Beckenham - West Wickham - West Croydon
50453855,2026-08-05 00:40:00+02,194,"",Bell Green / Sainsbury's,194,Lower Sydenham - Clock House - Beckenham - West Wickham - West Croydon
50459539,2026-08-05 01:26:00+02,194,"",Croydon (arriva),194,Lower Sydenham - Clock House - Beckenham - West Wickham - West Croydon
50477311,2026-08-05 06:10:00+02,194,"",Bell Green / Sainsbury's,194,Lower Sydenham - Clock House - Beckenham - West Wickham - West Croydon
50477209,2026-08-05 06:40:00+02,194,"",West Croydon Bus Station,194,Lower Sydenham - Clock House - Beckenham - West Wickham - West Croydon
50490353,2026-08-05 07:28:00+02,194,"",West Croydon Bus Station,194,Lower Sydenham - Clock House - Beckenham - West Wickham - West Croydon
50490624,2026-08-05 07:36:00+02,194,"",Bell Green / Sainsbury's,194,Lower Sydenham - Clock House - Beckenham - West Wickham - West Croydon
50521232,2026-08-05 08:40:00+02,194,"",Bell Green / Sainsbury's,194,Lower Sydenham - Clock House - Beckenham - West Wickham - West Croydon
50527129,2026-08-05 08:48:00+02,194,"",West Croydon Bus Station,194,Lower Sydenham - Clock House - Beckenham - West Wickham - West Croydon
50555509,2026-08-05 10:05:00+02,194,"",West Croydon Bus Station,194,Lower Sydenham - Clock House - Beckenham - West Wickham - West Croydon
50555749,2026-08-05 10:14:00+02,194,"",Bell Green / Sainsbury's,194,Lower Sydenham - Clock House - Beckenham - West Wickham - West Croydon
50591622,2026-08-05 11:27:00+02,194,"",Bell Green / Sainsbury's,194,Lower Sydenham - Clock House - Beckenham - West Wickham - West Croydon
50598226,2026-08-05 11:36:00+02,194,"",West Croydon Bus Station,194,Lower Sydenham - Clock House - Beckenham - West Wickham - West Croydon
50627311,2026-08-05 12:43:00+02,194,"",West Croydon Bus Station,194,Lower Sydenham - Clock House - Beckenham - West Wickham - West Croydon
50627629,2026-08-05 13:02:00+02,194,"",Bell Green / Sainsbury's,194,Lower Sydenham - Clock House - Beckenham - West Wickham - West Croydon
50666939,2026-08-05 14:15:00+02,194,"",Bell Green / Sainsbury's,194,Lower Sydenham - Clock House - Beckenham - West Wickham - West Croydon
50671827,2026-08-05 14:24:00+02,194,"",West Croydon Bus Station,194,Lower Sydenham - Clock House - Beckenham - West Wickham - West Croydon
50701283,2026-08-05 15:31:00+02,194,"",West Croydon Bus Station,194,Lower Sydenham - Clock House - Beckenham - West Wickham - West Croydon
50701990,2026-08-05 15:42:00+02,194,"",Bell Green / Sainsbury's,194,Lower Sydenham - Clock House - Beckenham - West Wickham - West Croydon
50737508,2026-08-05 17:01:00+02,194,"",Bell Green / Sainsbury's,194,Lower Sydenham - Clock House - Beckenham - West Wickham - West Croydon
50742454,2026-08-05 17:07:00+02,194,"",West Croydon Bus Station,194,Lower Sydenham - Clock House - Beckenham - West Wickham - West Croydon
50774958,2026-08-05 18:30:00+02,194,"",Bell Green / Sainsbury's,194,Lower Sydenham - Clock House - Beckenham - West Wickham - West Croydon
50804405,2026-08-05 19:45:00+02,194,"",Bell Green / Sainsbury's,194,Lower Sydenham - Clock House - Beckenham - West Wickham - West Croydon
50808071,2026-08-05 19:51:00+02,194,"",West Croydon Bus Station,194,Lower Sydenham - Clock House - Beckenham - West Wickham - West Croydon
50825637,2026-08-05 20:53:00+02,194,"",Bell Green / Sainsbury's,194,Lower Sydenham - Clock House - Beckenham - West Wickham - West Croydon
50825983,2026-08-05 21:00:00+02,194,"",Bell Green / Sainsbury's,194,Lower Sydenham - Clock House - Beckenham - West Wickham - West Croydon
50841223,2026-08-05 21:55:00+02,194,"",Bell Green / Sainsbury's,194,Lower Sydenham - Clock House - Beckenham - West Wickham - West Croydon
50842637,2026-08-05 22:01:00+02,194,"",West Croydon Bus Station,194,Lower Sydenham - Clock House - Beckenham - West Wickham - West Croydon
50853603,2026-08-05 22:52:00+02,194,"",Croydon (arriva),194,Lower Sydenham - Clock House - Beckenham - West Wickham - West Croydon
50866647,2026-08-05 23:11:00+02,194,"",West Croydon Bus Station,194,Lower Sydenham - Clock House - Beckenham - West Wickham - West Croydon
50866545,2026-08-06 00:00:00+02,194,"",Bell Green / Sainsbury's,194,Lower Sydenham - Clock House - Beckenham - West Wickham - West Croydon
50874291,2026-08-06 00:48:00+02,194,"",Bell Green / Sainsbury's,194,Lower Sydenham - Clock House - Beckenham - West Wickham - West Croydon
50876253,2026-08-06 01:00:00+02,194,"",West Croydon Bus Station,194,Lower Sydenham - Clock House - Beckenham - West Wickham - West Croydon
50880431,2026-08-06 01:43:00+02,194,"",Croydon (arriva),194,Lower Sydenham - Clock House - Beckenham - West Wickham - West Croydon
50897800,2026-08-06 06:10:00+02,194,"",Bell Green / Sainsbury's,194,Lower Sydenham - Clock House - Beckenham - West Wickham - West Croydon
50897754,2026-08-06 06:40:00+02,194,"",West Croydon Bus Station,194,Lower Sydenham - Clock House - Beckenham - West Wickham - West Croydon
50911223,2026-08-06 07:28:00+02,194,"",West Croydon Bus Station,194,Lower Sydenham - Clock House - Beckenham - West Wickham - West Croydon
50911364,2026-08-06 07:36:00+02,194,"",Bell Green / Sainsbury's,194,Lower Sydenham - Clock House - Beckenham - West Wickham - West Croydon
50942256,2026-08-06 08:40:00+02,194,"",Bell Green / Sainsbury's,194,Lower Sydenham - Clock House - Beckenham - West Wickham - West Croydon
50946905,2026-08-06 08:48:00+02,194,"",West Croydon Bus Station,194,Lower Sydenham - Clock House - Beckenham - West Wickham - West Croydon
50975728,2026-08-06 10:05:00+02,194,"",West Croydon Bus Station,194,Lower Sydenham - Clock House - Beckenham - West Wickham - West Croydon
50976349,2026-08-06 10:14:00+02,194,"",Bell Green / Sainsbury's,194,Lower Sydenham - Clock House - Beckenham - West Wickham - West Croydon
51012567,2026-08-06 11:27:00+02,194,"",Bell Green / Sainsbury's,194,Lower Sydenham - Clock House - Beckenham - West Wickham - West Croydon
51018693,2026-08-06 11:36:00+02,194,"",West Croydon Bus Station,194,Lower Sydenham - Clock House - Beckenham - West Wickham - West Croydon
51046500,2026-08-06 12:43:00+02,194,"",West Croydon Bus Station,194,Lower Sydenham - Clock House - Beckenham - West Wickham - West Croydon
51053668,2026-08-06 13:02:00+02,194,"",Bell Green / Sainsbury's,194,Lower Sydenham - Clock House - Beckenham - West Wickham - West Croydon
51090085,2026-08-06 14:15:00+02,194,"",Bell Green / Sainsbury's,194,Lower Sydenham - Clock House - Beckenham - West Wickham - West Croydon
51094840,2026-08-06 14:24:00+02,194,"",West Croydon Bus Station,194,Lower Sydenham - Clock House - Beckenham - West Wickham - West Croydon
51128162,2026-08-06 15:31:00+02,194,"",West Croydon Bus Station,194,Lower Sydenham - Clock House - Beckenham - West Wickham - West Croydon
51129153,2026-08-06 15:42:00+02,194,"",Bell Green / Sainsbury's,194,Lower Sydenham - Clock House - Beckenham - West Wickham - West Croydon
51163104,2026-08-06 17:01:00+02,194,"",Bell Green / Sainsbury's,194,Lower Sydenham - Clock House - Beckenham - West Wickham - West Croydon
51166311,2026-08-06 17:07:00+02,194,"",West Croydon Bus Station,194,Lower Sydenham - Clock House - Beckenham - West Wickham - West Croydon
51197182,2026-08-06 18:19:00+02,194,"",West Croydon Bus Station,194,Lower Sydenham - Clock House - Beckenham - West Wickham - West Croydon
51197737,2026-08-06 18:30:00+02,194,"",Bell Green / Sainsbury's,194,Lower Sydenham - Clock House - Beckenham - West Wickham - West Croydon
51226441,2026-08-06 19:45:00+02,194,"",Bell Green / Sainsbury's,194,Lower Sydenham - Clock House - Beckenham - West Wickham - West Croydon
51228544,2026-08-06 19:51:00+02,194,"",West Croydon Bus Station,194,Lower Sydenham - Clock House - Beckenham - West Wickham - West Croydon
51244541,2026-08-06 20:53:00+02,194,"",West Croydon Bus Station,194,Lower Sydenham - Clock House - Beckenham - West Wickham - West Croydon
51244818,2026-08-06 21:00:00+02,194,"",Bell Green / Sainsbury's,194,Lower Sydenham - Clock House - Beckenham - West Wickham - West Croydon
51262324,2026-08-06 21:55:00+02,194,"",Bell Green / Sainsbury's,194,Lower Sydenham - Clock House - Beckenham - West Wickham - West Croydon
51262842,2026-08-06 22:01:00+02,194,"",West Croydon Bus Station,194,Lower Sydenham - Clock House - Beckenham - West Wickham - West Croydon
51273627,2026-08-06 22:52:00+02,194,"",Croydon (arriva),194,Lower Sydenham - Clock House - Beckenham - West Wickham - West Croydon
51329930,2026-08-07 07:19:49+02,60,"",Streatham Station,60,Old Coulsdon - Croydon Town Centre - Thornton Heath Pond - Streatham Vale - Streatham Station
51330150,2026-08-07 07:20:00+02,60,"",Streatham Station,60,Old Coulsdon - Croydon Town Centre - Thornton Heath Pond - Streatham Vale - Streatham Station
51354418,2026-08-07 08:24:00+02,60,"",Streatham Station,60,Old Coulsdon - Croydon Town Centre - Thornton Heath Pond - Streatham Vale - Streatham Station
51363297,2026-08-07 08:37:00+02,60,"",Old Coulsdon / Tudor Rose,60,Old Coulsdon - Croydon Town Centre - Thornton Heath Pond - Streatham Vale - Streatham Station
51393134,2026-08-07 10:02:00+02,60,"",Streatham Station,60,Old Coulsdon - Croydon Town Centre - Thornton Heath Pond - Streatham Vale - Streatham Station
51429840,2026-08-07 11:17:00+02,60,"",Streatham Station,60,Old Coulsdon - Croydon Town Centre - Thornton Heath Pond - Streatham Vale - Streatham Station
51439298,2026-08-07 11:36:00+02,60,"",Old Coulsdon / Tudor Rose,60,Old Coulsdon - Croydon Town Centre - Thornton Heath Pond - Streatham Vale - Streatham Station
51475805,2026-08-07 13:02:00+02,60,"",Streatham Station,60,Old Coulsdon - Croydon Town Centre - Thornton Heath Pond - Streatham Vale - Streatham Station
51513981,2026-08-07 14:19:00+02,60,"",Streatham Station,60,Old Coulsdon - Croydon Town Centre - Thornton Heath Pond - Streatham Vale - Streatham Station
51518137,2026-08-07 14:36:00+02,60,"",Old Coulsdon / Tudor Rose,60,Old Coulsdon - Croydon Town Centre - Thornton Heath Pond - Streatham Vale - Streatham Station
51563516,2026-08-07 16:21:00+02,60,"",Streatham Station,60,Old Coulsdon - Croydon Town Centre - Thornton Heath Pond - Streatham Vale - Streatham Station
51599194,2026-08-07 17:45:00+02,60,"",Streatham Station,60,Old Coulsdon - Croydon Town Centre - Thornton Heath Pond - Streatham Vale - Streatham Station
51603395,2026-08-07 17:55:00+02,60,"",Old Coulsdon / Tudor Rose,60,Old Coulsdon - Croydon Town Centre - Thornton Heath Pond - Streatham Vale - Streatham Station
51640344,2026-08-07 19:40:00+02,60,"",Streatham Station,60,Old Coulsdon - Croydon Town Centre - Thornton Heath Pond - Streatham Vale - Streatham Station
51667887,2026-08-07 20:52:00+02,60,"",Croydon (arriva),60,Old Coulsdon - Croydon Town Centre - Thornton Heath Pond - Streatham Vale - Streatham Station
51790051,2026-08-08 09:44:00+02,60,"",Streatham Station,60,Old Coulsdon - Croydon Town Centre - Thornton Heath Pond - Streatham Vale - Streatham Station
51789988,2026-08-08 09:46:08+02,60,"",Old Coulsdon / Tudor Rose,60,Old Coulsdon - Croydon Town Centre - Thornton Heath Pond - Streatham Vale - Streatham Station
51816272,2026-08-08 10:47:00+02,60,"",Streatham Station,60,Old Coulsdon - Croydon Town Centre - Thornton Heath Pond - Streatham Vale - Streatham Station
51822186,2026-08-08 11:03:00+02,60,"",Old Coulsdon / Tudor Rose,60,Old Coulsdon - Croydon Town Centre - Thornton Heath Pond - Streatham Vale - Streatham Station
51856209,2026-08-08 12:36:00+02,60,"",Streatham Station,60,Old Coulsdon - Croydon Town Centre - Thornton Heath Pond - Streatham Vale - Streatham Station
51898507,2026-08-08 13:56:00+02,60,"",Streatham Station,60,Old Coulsdon - Croydon Town Centre - Thornton Heath Pond - Streatham Vale - Streatham Station
51901567,2026-08-08 14:12:00+02,60,"",Old Coulsdon / Tudor Rose,60,Old Coulsdon - Croydon Town Centre - Thornton Heath Pond - Streatham Vale - Streatham Station
51939334,2026-08-08 15:46:00+02,60,"",Streatham Station,60,Old Coulsdon - Croydon Town Centre - Thornton Heath Pond - Streatham Vale - Streatham Station
51974295,2026-08-08 17:04:00+02,60,"",Streatham Station,60,Old Coulsdon - Croydon Town Centre - Thornton Heath Pond - Streatham Vale - Streatham Station
51980019,2026-08-08 17:22:00+02,60,"",Old Coulsdon / Tudor Rose,60,Old Coulsdon - Croydon Town Centre - Thornton Heath Pond - Streatham Vale - Streatham Station
52010411,2026-08-08 18:56:00+02,60,"",Streatham Station,60,Old Coulsdon - Croydon Town Centre - Thornton Heath Pond - Streatham Vale - Streatham Station
52038434,2026-08-08 20:09:00+02,60,"",Streatham Station,60,Old Coulsdon - Croydon Town Centre - Thornton Heath Pond - Streatham Vale - Streatham Station
52043058,2026-08-08 20:22:00+02,60,"",Old Coulsdon / Tudor Rose,60,Old Coulsdon - Croydon Town Centre - Thornton Heath Pond - Streatham Vale - Streatham Station
52060148,2026-08-08 21:45:00+02,60,"",Streatham Station,60,Old Coulsdon - Croydon Town Centre - Thornton Heath Pond - Streatham Vale - Streatham Station
52075622,2026-08-08 22:42:00+02,60,"",Streatham Station,60,Old Coulsdon - Croydon Town Centre - Thornton Heath Pond - Streatham Vale - Streatham Station
52078442,2026-08-08 22:55:00+02,60,"",Old Coulsdon / Tudor Rose,60,Old Coulsdon - Croydon Town Centre - Thornton Heath Pond - Streatham Vale - Streatham Station
52090399,2026-08-09 00:00:00+02,60,"",Streatham Station,60,Old Coulsdon - Croydon Town Centre - Thornton Heath Pond - Streatham Vale - Streatham Station
52100077,2026-08-09 00:50:00+02,60,"",Streatham Station,60,Old Coulsdon - Croydon Town Centre - Thornton Heath Pond - Streatham Vale - Streatham Station
52101467,2026-08-09 01:10:00+02,60,"",Old Coulsdon / Tudor Rose,60,Old Coulsdon - Croydon Town Centre - Thornton Heath Pond - Streatham Vale - Streatham Station
52106648,2026-08-09 01:59:00+02,60,"",Croydon (arriva),60,Old Coulsdon - Croydon Town Centre - Thornton Heath Pond - Streatham Vale - Streatham Station
52116796,2026-08-09 06:25:00+02,60,"",Old Coulsdon / Tudor Rose,60,Old Coulsdon - Croydon Town Centre - Thornton Heath Pond - Streatham Vale - Streatham Station
52116812,2026-08-09 06:40:00+02,60,"",Streatham Station,60,Old Coulsdon - Croydon Town Centre - Thornton Heath Pond - Streatham Vale - Streatham Station
52706293,2026-08-10 19:17:00+02,60,"",Old Coulsdon / Tudor Rose,60,Old Coulsdon - Croydon Town Centre - Thornton Heath Pond - Streatham Vale - Streatham Station
52713423,2026-08-10 20:48:00+02,60,"",Streatham Station,60,Old Coulsdon - Croydon Town Centre - Thornton Heath Pond - Streatham Vale - Streatham Station
52735279,2026-08-10 21:49:00+02,60,"",Streatham Station,60,Old Coulsdon - Croydon Town Centre - Thornton Heath Pond - Streatham Vale - Streatham Station
52737669,2026-08-10 22:10:00+02,60,"",Old Coulsdon / Tudor Rose,60,Old Coulsdon - Croydon Town Centre - Thornton Heath Pond - Streatham Vale - Streatham Station
52751311,2026-08-10 23:15:00+02,60,"",Streatham Station,60,Old Coulsdon - Croydon Town Centre - Thornton Heath Pond - Streatham Vale - Streatham Station
52762839,2026-08-11 00:06:00+02,60,"",Streatham Station,60,Old Coulsdon - Croydon Town Centre - Thornton Heath Pond - Streatham Vale - Streatham Station
52764787,2026-08-11 00:25:00+02,60,"",Old Coulsdon / Tudor Rose,60,Old Coulsdon - Croydon Town Centre - Thornton Heath Pond - Streatham Vale - Streatham Station
52772146,2026-08-11 01:16:00+02,60,"",Croydon (arriva),60,Old Coulsdon - Croydon Town Centre - Thornton Heath Pond - Streatham Vale - Streatham Station
52790097,2026-08-11 06:27:00+02,194,"",West Croydon Bus Station,194,Lower Sydenham - Clock House - Beckenham - West Wickham - West Croydon
52790132,2026-08-11 06:35:00+02,194,"",Bell Green / Sainsbury's,194,Lower Sydenham - Clock House - Beckenham - West Wickham - West Croydon
52805243,2026-08-11 07:23:00+02,194,"",Bell Green / Sainsbury's,194,Lower Sydenham - Clock House - Beckenham - West Wickham - West Croydon
52809334,2026-08-11 07:37:00+02,194,"",West Croydon Bus Station,194,Lower Sydenham - Clock House - Beckenham - West Wickham - West Croydon
52836742,2026-08-11 08:41:00+02,194,"",West Croydon Bus Station,194,Lower Sydenham - Clock House - Beckenham - West Wickham - West Croydon
52840591,2026-08-11 08:49:00+02,194,"",Bell Green / Sainsbury's,194,Lower Sydenham - Clock House - Beckenham - West Wickham - West Croydon
52871412,2026-08-11 10:06:00+02,194,"",Bell Green / Sainsbury's,194,Lower Sydenham - Clock House - Beckenham - West Wickham - West Croydon
52875798,2026-08-11 10:12:00+02,194,"",West Croydon Bus Station,194,Lower Sydenham - Clock House - Beckenham - West Wickham - West Croydon
52908470,2026-08-11 11:19:00+02,194,"",West Croydon Bus Station,194,Lower Sydenham - Clock House - Beckenham - West Wickham - West Croydon
52909398,2026-08-11 11:38:00+02,194,"",Bell Green / Sainsbury's,194,Lower Sydenham - Clock House - Beckenham - West Wickham - West Croydon
52946016,2026-08-11 12:51:00+02,194,"",Bell Green / Sainsbury's,194,Lower Sydenham - Clock House - Beckenham - West Wickham - West Croydon
52947207,2026-08-11 13:00:00+02,194,"",West Croydon Bus Station,194,Lower Sydenham - Clock House - Beckenham - West Wickham - West Croydon
52981198,2026-08-11 14:07:00+02,194,"",West Croydon Bus Station,194,Lower Sydenham - Clock House - Beckenham - West Wickham - West Croydon
52986804,2026-08-11 14:25:00+02,194,"",Bell Green / Sainsbury's,194,Lower Sydenham - Clock House - Beckenham - West Wickham - West Croydon
53020881,2026-08-11 15:38:00+02,194,"",Bell Green / Sainsbury's,194,Lower Sydenham - Clock House - Beckenham - West Wickham - West Croydon
53023857,2026-08-11 15:44:00+02,194,"",West Croydon Bus Station,194,Lower Sydenham - Clock House - Beckenham - West Wickham - West Croydon
53056524,2026-08-11 16:58:00+02,194,"",West Croydon Bus Station,194,Lower Sydenham - Clock House - Beckenham - West Wickham - West Croydon
53057395,2026-08-11 17:06:00+02,194,"",Bell Green / Sainsbury's,194,Lower Sydenham - Clock House - Beckenham - West Wickham - West Croydon
53091294,2026-08-11 18:25:00+02,194,"",Bell Green / Sainsbury's,194,Lower Sydenham - Clock House - Beckenham - West Wickham - West Croydon
53093782,2026-08-11 18:31:00+02,194,"",West Croydon Bus Station,194,Lower Sydenham - Clock House - Beckenham - West Wickham - West Croydon
53118511,2026-08-11 19:40:00+02,194,"",West Croydon Bus Station,194,Lower Sydenham - Clock House - Beckenham - West Wickham - West Croydon
53118844,2026-08-11 19:49:00+02,194,"",Bell Green / Sainsbury's,194,Lower Sydenham - Clock House - Beckenham - West Wickham - West Croydon
53141363,2026-08-11 20:54:00+02,194,"",Bell Green / Sainsbury's,194,Lower Sydenham - Clock House - Beckenham - West Wickham - West Croydon
53144203,2026-08-11 21:03:00+02,194,"",West Croydon Bus Station,194,Lower Sydenham - Clock House - Beckenham - West Wickham - West Croydon
53155064,2026-08-11 21:58:00+02,194,"",West Croydon Bus Station,194,Lower Sydenham - Clock House - Beckenham - West Wickham - West Croydon
53225893,2026-08-12 07:17:00+02,194,"",West Croydon Bus Station,194,Lower Sydenham - Clock House - Beckenham - West Wickham - West Croydon
53226047,2026-08-12 07:26:00+02,194,"",Bell Green / Sainsbury's,194,Lower Sydenham - Clock House - Beckenham - West Wickham - West Croydon
53250059,2026-08-12 08:26:00+02,194,"",Bell Green / Sainsbury's,194,Lower Sydenham - Clock House - Beckenham - West Wickham - West Croydon
53255799,2026-08-12 08:36:00+02,194,"",West Croydon Bus Station,194,Lower Sydenham - Clock House - Beckenham - West Wickham - West Croydon
53295882,2026-08-12 10:02:00+02,194,"",West Croydon Bus Station,194,Lower Sydenham - Clock House - Beckenham - West Wickham - West Croydon
53383484,2026-08-12 13:00:00+02,194,"",West Croydon Bus Station,194,Lower Sydenham - Clock House - Beckenham - West Wickham - West Croydon
53390807,2026-08-12 14:07:00+02,194,"",West Croydon Bus Station,194,Lower Sydenham - Clock House - Beckenham - West Wickham - West Croydon
53402649,2026-08-12 14:25:00+02,194,"",Bell Green / Sainsbury's,194,Lower Sydenham - Clock House - Beckenham - West Wickham - West Croydon
53443148,2026-08-12 15:38:00+02,194,"",Bell Green / Sainsbury's,194,Lower Sydenham - Clock House - Beckenham - West Wickham - West Croydon
53447306,2026-08-12 15:44:00+02,194,"",West Croydon Bus Station,194,Lower Sydenham - Clock House - Beckenham - West Wickham - West Croydon
53470976,2026-08-12 16:58:00+02,194,"",West Croydon Bus Station,194,Lower Sydenham - Clock House - Beckenham - West Wickham - West Croydon
53471302,2026-08-12 17:06:00+02,194,"",Bell Green / Sainsbury's,194,Lower Sydenham - Clock House - Beckenham - West Wickham - West Croydon
53511266,2026-08-12 18:25:00+02,194,"",Bell Green / Sainsbury's,194,Lower Sydenham - Clock House - Beckenham - West Wickham - West Croydon
53514330,2026-08-12 18:31:00+02,194,"",West Croydon Bus Station,194,Lower Sydenham - Clock House - Beckenham - West Wickham - West Croydon
53537995,2026-08-12 19:40:00+02,194,"",West Croydon Bus Station,194,Lower Sydenham - Clock House - Beckenham - West Wickham - West Croydon
53540924,2026-08-12 19:49:00+02,194,"",Bell Green / Sainsbury's,194,Lower Sydenham - Clock House - Beckenham - West Wickham - West Croydon
53561015,2026-08-12 20:54:00+02,194,"",Bell Green / Sainsbury's,194,Lower Sydenham - Clock House - Beckenham - West Wickham - West Croydon
53563540,2026-08-12 21:03:00+02,194,"",West Croydon Bus Station,194,Lower Sydenham - Clock House - Beckenham - West Wickham - West Croydon
53575937,2026-08-12 21:58:00+02,194,"",West Croydon Bus Station,194,Lower Sydenham - Clock House - Beckenham - West Wickham - West Croydon
53576016,2026-08-12 22:40:00+02,194,"",Bell Green / Sainsbury's,194,Lower Sydenham - Clock House - Beckenham - West Wickham - West Croydon
53595168,2026-08-12 23:31:00+02,194,"",Bell Green / Sainsbury's,194,Lower Sydenham - Clock House - Beckenham - West Wickham - West Croydon
53597037,2026-08-12 23:40:00+02,194,"",West Croydon Bus Station,194,Lower Sydenham - Clock House - Beckenham - West Wickham - West Croydon
53605582,2026-08-13 00:28:00+02,194,"",West Croydon Bus Station,194,Lower Sydenham - Clock House - Beckenham - West Wickham - West Croydon
53607695,2026-08-13 00:40:00+02,194,"",Bell Green / Sainsbury's,194,Lower Sydenham - Clock House - Beckenham - West Wickham - West Croydon
53613504,2026-08-13 01:26:00+02,194,"",Croydon (arriva),194,Lower Sydenham - Clock House - Beckenham - West Wickham - West Croydon
53625986,2026-08-13 06:10:00+02,194,"",Bell Green / Sainsbury's,194,Lower Sydenham - Clock House - Beckenham - West Wickham - West Croydon
53631693,2026-08-13 06:40:00+02,194,"",West Croydon Bus Station,194,Lower Sydenham - Clock House - Beckenham - West Wickham - West Croydon
53645522,2026-08-13 07:28:00+02,194,"",West Croydon Bus Station,194,Lower Sydenham - Clock House - Beckenham - West Wickham - West Croydon
53649229,2026-08-13 07:36:00+02,194,"",Bell Green / Sainsbury's,194,Lower Sydenham - Clock House - Beckenham - West Wickham - West Croydon
53631532,2026-08-13 08:40:00+02,194,"",Bell Green / Sainsbury's,194,Lower Sydenham - Clock House - Beckenham - West Wickham - West Croydon
53632006,2026-08-13 08:48:00+02,194,"",West Croydon Bus Station,194,Lower Sydenham - Clock House - Beckenham - West Wickham - West Croydon
53712512,2026-08-13 10:05:00+02,194,"",West Croydon Bus Station,194,Lower Sydenham - Clock House - Beckenham - West Wickham - West Croydon
53716511,2026-08-13 10:14:00+02,194,"",Bell Green / Sainsbury's,194,Lower Sydenham - Clock House - Beckenham - West Wickham - West Croydon
53749937,2026-08-13 11:27:00+02,194,"",Bell Green / Sainsbury's,194,Lower Sydenham - Clock House - Beckenham - West Wickham - West Croydon
53754990,2026-08-13 11:36:00+02,194,"",West Croydon Bus Station,194,Lower Sydenham - Clock House - Beckenham - West Wickham - West Croydon
53782602,2026-08-13 12:43:00+02,194,"",West Croydon Bus Station,194,Lower Sydenham - Clock House - Beckenham - West Wickham - West Croydon
53783582,2026-08-13 13:02:00+02,194,"",Bell Green / Sainsbury's,194,Lower Sydenham - Clock House - Beckenham - West Wickham - West Croydon
53823461,2026-08-13 14:15:00+02,194,"",Bell Green / Sainsbury's,194,Lower Sydenham - Clock House - Beckenham - West Wickham - West Croydon
53827155,2026-08-13 14:24:00+02,194,"",West Croydon Bus Station,194,Lower Sydenham - Clock House - Beckenham - West Wickham - West Croydon
53856037,2026-08-13 15:31:00+02,194,"",West Croydon Bus Station,194,Lower Sydenham - Clock House - Beckenham - West Wickham - West Croydon
53856517,2026-08-13 15:42:00+02,194,"",Bell Green / Sainsbury's,194,Lower Sydenham - Clock House - Beckenham - West Wickham - West Croydon
53894308,2026-08-13 17:01:00+02,194,"",Bell Green / Sainsbury's,194,Lower Sydenham - Clock House - Beckenham - West Wickham - West Croydon
53896916,2026-08-13 17:07:00+02,194,"",West Croydon Bus Station,194,Lower Sydenham - Clock House - Beckenham - West Wickham - West Croydon
53925538,2026-08-13 18:19:00+02,194,"",West Croydon Bus Station,194,Lower Sydenham - Clock House - Beckenham - West Wickham - West Croydon
53925801,2026-08-13 18:30:00+02,194,"",Bell Green / Sainsbury's,194,Lower Sydenham - Clock House - Beckenham - West Wickham - West Croydon
53957176,2026-08-13 19:45:00+02,194,"",Bell Green / Sainsbury's,194,Lower Sydenham - Clock House - Beckenham - West Wickham - West Croydon
53961552,2026-08-13 19:51:00+02,194,"",West Croydon Bus Station,194,Lower Sydenham - Clock House - Beckenham - West Wickham - West Croydon
53977499,2026-08-13 20:52:16+02,194,"",Bell Green / Sainsbury's,194,Lower Sydenham - Clock House - Beckenham - West Wickham - West Croydon
53978172,2026-08-13 21:00:00+02,194,"",Bell Green / Sainsbury's,194,Lower Sydenham - Clock House - Beckenham - West Wickham - West Croydon
53984974,2026-08-13 21:22:18+02,194,"",Bell Green / Sainsbury's,194,Lower Sydenham - Clock House - Beckenham - West Wickham - West Croydon
53990289,2026-08-13 21:45:04+02,194,"",Bell Green / Sainsbury's,194,Lower Sydenham - Clock House - Beckenham - West Wickham - West Croydon
53993541,2026-08-13 21:55:00+02,194,"",Bell Green / Sainsbury's,194,Lower Sydenham - Clock House - Beckenham - West Wickham - West Croydon
53997433,2026-08-13 22:01:00+02,194,"",West Croydon Bus Station,194,Lower Sydenham - Clock House - Beckenham - West Wickham - West Croydon
53996967,2026-08-13 22:13:52+02,194,"",West Croydon Bus Station,194,Lower Sydenham - Clock House - Beckenham - West Wickham - West Croydon
54050486,2026-08-14 06:34:00+02,60,"",Streatham Station,60,Old Coulsdon - Croydon Town Centre - Thornton Heath Pond - Streatham Vale - Streatham Station
54065457,2026-08-14 07:30:00+02,60,"",Streatham Station,60,Old Coulsdon - Croydon Town Centre - Thornton Heath Pond - Streatham Vale - Streatham Station
54070926,2026-08-14 07:43:00+02,60,"",Old Coulsdon / Tudor Rose,60,Old Coulsdon - Croydon Town Centre - Thornton Heath Pond - Streatham Vale - Streatham Station
54101987,2026-08-14 09:02:00+02,60,"",Streatham Station,60,Old Coulsdon - Croydon Town Centre - Thornton Heath Pond - Streatham Vale - Streatham Station
54138370,2026-08-14 10:25:00+02,60,"",Streatham Station,60,Old Coulsdon - Croydon Town Centre - Thornton Heath Pond - Streatham Vale - Streatham Station
54143995,2026-08-14 10:36:00+02,60,"",Old Coulsdon / Tudor Rose,60,Old Coulsdon - Croydon Town Centre - Thornton Heath Pond - Streatham Vale - Streatham Station
54174894,2026-08-14 12:02:00+02,60,"",Streatham Station,60,Old Coulsdon - Croydon Town Centre - Thornton Heath Pond - Streatham Vale - Streatham Station
54213271,2026-08-14 13:18:00+02,60,"",Streatham Station,60,Old Coulsdon - Croydon Town Centre - Thornton Heath Pond - Streatham Vale - Streatham Station
54220372,2026-08-14 13:36:00+02,60,"",Old Coulsdon / Tudor Rose,60,Old Coulsdon - Croydon Town Centre - Thornton Heath Pond - Streatham Vale - Streatham Station
54254340,2026-08-14 15:12:00+02,60,"",Streatham Station,60,Old Coulsdon - Croydon Town Centre - Thornton Heath Pond - Streatham Vale - Streatham Station
54299180,2026-08-14 16:34:00+02,60,"",Streatham Station,60,Old Coulsdon - Croydon Town Centre - Thornton Heath Pond - Streatham Vale - Streatham Station
54301431,2026-08-14 16:45:00+02,60,"",Old Coulsdon / Tudor Rose,60,Old Coulsdon - Croydon Town Centre - Thornton Heath Pond - Streatham Vale - Streatham Station
54335987,2026-08-14 18:30:00+02,60,"",Streatham Station,60,Old Coulsdon - Croydon Town Centre - Thornton Heath Pond - Streatham Vale - Streatham Station
54372349,2026-08-14 19:52:00+02,60,"",Streatham Station,60,Old Coulsdon - Croydon Town Centre - Thornton Heath Pond - Streatham Vale - Streatham Station
54375106,2026-08-14 20:05:00+02,60,"",Old Coulsdon / Tudor Rose,60,Old Coulsdon - Croydon Town Centre - Thornton Heath Pond - Streatham Vale - Streatham Station
54392561,2026-08-14 21:30:00+02,60,"",Streatham Station,60,Old Coulsdon - Croydon Town Centre - Thornton Heath Pond - Streatham Vale - Streatham Station
54409418,2026-08-14 22:31:00+02,60,"",Streatham Station,60,Old Coulsdon - Croydon Town Centre - Thornton Heath Pond - Streatham Vale - Streatham Station
54410945,2026-08-14 22:40:00+02,60,"",Old Coulsdon / Tudor Rose,60,Old Coulsdon - Croydon Town Centre - Thornton Heath Pond - Streatham Vale - Streatham Station
54449741,2026-08-15 06:12:00+02,194,"",West Croydon Bus Station,194,Lower Sydenham - Clock House - Beckenham - West Wickham - West Croydon
54449701,2026-08-15 06:20:00+02,194,"",Bell Green / Sainsbury's,194,Lower Sydenham - Clock House - Beckenham - West Wickham - West Croydon
54455452,2026-08-15 07:05:00+02,194,"",Bell Green / Sainsbury's,194,Lower Sydenham - Clock House - Beckenham - West Wickham - West Croydon
54459227,2026-08-15 07:20:00+02,194,"",West Croydon Bus Station,194,Lower Sydenham - Clock House - Beckenham - West Wickham - West Croydon
54470460,2026-08-15 08:06:00+02,194,"",West Croydon Bus Station,194,Lower Sydenham - Clock House - Beckenham - West Wickham - West Croydon
54489693,2026-08-15 09:21:00+02,194,"",Bell Green / Sainsbury's,194,Lower Sydenham - Clock House - Beckenham - West Wickham - West Croydon
54519745,2026-08-15 10:18:00+02,194,"",Bell Green / Sainsbury's,194,Lower Sydenham - Clock House - Beckenham - West Wickham - West Croydon
54522129,2026-08-15 10:27:00+02,194,"",West Croydon Bus Station,194,Lower Sydenham - Clock House - Beckenham - West Wickham - West Croydon
54547294,2026-08-15 11:33:00+02,194,"",West Croydon Bus Station,194,Lower Sydenham - Clock House - Beckenham - West Wickham - West Croydon
54547588,2026-08-15 11:47:00+02,194,"",Bell Green / Sainsbury's,194,Lower Sydenham - Clock House - Beckenham - West Wickham - West Croydon
54583333,2026-08-15 13:01:00+02,194,"",Bell Green / Sainsbury's,194,Lower Sydenham - Clock House - Beckenham - West Wickham - West Croydon
54589582,2026-08-15 13:11:00+02,194,"",West Croydon Bus Station,194,Lower Sydenham - Clock House - Beckenham - West Wickham - West Croydon
55424744,2026-08-17 20:24:00+02,194,"",West Croydon Bus Station,194,Lower Sydenham - Clock House - Beckenham - West Wickham - West Croydon
55424684,2026-08-17 20:36:00+02,194,"",Bell Green / Sainsbury's,194,Lower Sydenham - Clock House - Beckenham - West Wickham - West Croydon
55438266,2026-08-17 21:46:00+02,194,"",West Croydon Bus Station,194,Lower Sydenham - Clock House - Beckenham - West Wickham - West Croydon
55453890,2026-08-17 22:38:00+02,194,"",West Croydon Bus Station,194,Lower Sydenham - Clock House - Beckenham - West Wickham - West Croydon
55454300,2026-08-17 23:20:00+02,194,"",Bell Green / Sainsbury's,194,Lower Sydenham - Clock House - Beckenham - West Wickham - West Croydon
55472703,2026-08-18 00:10:00+02,194,"",Bell Green / Sainsbury's,194,Lower Sydenham - Clock House - Beckenham - West Wickham - West Croydon
55474001,2026-08-18 00:20:00+02,194,"",West Croydon Bus Station,194,Lower Sydenham - Clock House - Beckenham - West Wickham - West Croydon
55480382,2026-08-18 01:04:00+02,194,"",West Croydon Bus Station,194,Lower Sydenham - Clock House - Beckenham - West Wickham - West Croydon
55482192,2026-08-18 01:20:00+02,194,"",Bell Green / Sainsbury's,194,Lower Sydenham - Clock House - Beckenham - West Wickham - West Croydon
55485837,2026-08-18 02:06:00+02,194,"",Croydon (arriva),194,Lower Sydenham - Clock House - Beckenham - West Wickham - West Croydon
55496796,2026-08-18 05:51:00+02,194,"",Bell Green / Sainsbury's,194,Lower Sydenham - Clock House - Beckenham - West Wickham - West Croydon
55496820,2026-08-18 06:20:00+02,194,"",West Croydon Bus Station,194,Lower Sydenham - Clock House - Beckenham - West Wickham - West Croydon
55507845,2026-08-18 07:07:00+02,194,"",West Croydon Bus Station,194,Lower Sydenham - Clock House - Beckenham - West Wickham - West Croydon
55510454,2026-08-18 07:15:00+02,194,"",Bell Green / Sainsbury's,194,Lower Sydenham - Clock House - Beckenham - West Wickham - West Croydon
55532176,2026-08-18 08:11:00+02,194,"",Bell Green / Sainsbury's,194,Lower Sydenham - Clock House - Beckenham - West Wickham - West Croydon
55537828,2026-08-18 08:24:00+02,194,"",West Croydon Bus Station,194,Lower Sydenham - Clock House - Beckenham - West Wickham - West Croydon
55566307,2026-08-18 09:42:00+02,194,"",West Croydon Bus Station,194,Lower Sydenham - Clock House - Beckenham - West Wickham - West Croydon
55570007,2026-08-18 09:50:00+02,194,"",Bell Green / Sainsbury's,194,Lower Sydenham - Clock House - Beckenham - West Wickham - West Croydon
55604690,2026-08-18 11:12:00+02,194,"",West Croydon Bus Station,194,Lower Sydenham - Clock House - Beckenham - West Wickham - West Croydon
55639632,2026-08-18 12:19:00+02,194,"",West Croydon Bus Station,194,Lower Sydenham - Clock House - Beckenham - West Wickham - West Croydon
55640598,2026-08-18 12:38:00+02,194,"",Bell Green / Sainsbury's,194,Lower Sydenham - Clock House - Beckenham - West Wickham - West Croydon
55681618,2026-08-18 14:00:00+02,194,"",West Croydon Bus Station,194,Lower Sydenham - Clock House - Beckenham - West Wickham - West Croydon
55709402,2026-08-18 15:07:00+02,194,"",West Croydon Bus Station,194,Lower Sydenham - Clock House - Beckenham - West Wickham - West Croydon
55709859,2026-08-18 15:20:00+02,194,"",Bell Green / Sainsbury's,194,Lower Sydenham - Clock House - Beckenham - West Wickham - West Croydon
55748144,2026-08-18 16:43:00+02,194,"",West Croydon Bus Station,194,Lower Sydenham - Clock House - Beckenham - West Wickham - West Croydon
55782207,2026-08-18 17:57:00+02,194,"",West Croydon Bus Station,194,Lower Sydenham - Clock House - Beckenham - West Wickham - West Croydon
55782627,2026-08-18 18:06:00+02,194,"",Bell Green / Sainsbury's,194,Lower Sydenham - Clock House - Beckenham - West Wickham - West Croydon
55820938,2026-08-18 19:29:00+02,194,"",West Croydon Bus Station,194,Lower Sydenham - Clock House - Beckenham - West Wickham - West Croydon
55835907,2026-08-18 20:34:00+02,194,"",West Croydon Bus Station,194,Lower Sydenham - Clock House - Beckenham - West Wickham - West Croydon
55840327,2026-08-18 20:48:00+02,194,"",Bell Green / Sainsbury's,194,Lower Sydenham - Clock House - Beckenham - West Wickham - West Croydon
55854606,2026-08-18 21:44:00+02,194,"",Croydon (arriva),194,Lower Sydenham - Clock House - Beckenham - West Wickham - West Croydon
55871633,2026-08-18 22:21:00+02,194,"",Bell Green / Sainsbury's,194,Lower Sydenham - Clock House - Beckenham - West Wickham - West Croydon
55876651,2026-08-18 23:20:00+02,194,"",West Croydon Bus Station,194,Lower Sydenham - Clock House - Beckenham - West Wickham - West Croydon
55871610,2026-08-18 23:21:22+02,194,"",Bell Green / Sainsbury's,194,Lower Sydenham - Clock House - Beckenham - West Wickham - West Croydon
55882316,2026-08-19 00:10:00+02,194,"",West Croydon Bus Station,194,Lower Sydenham - Clock House - Beckenham - West Wickham - West Croydon
55882454,2026-08-19 00:20:00+02,194,"",Bell Green / Sainsbury's,194,Lower Sydenham - Clock House - Beckenham - West Wickham - West Croydon
55889555,2026-08-19 01:07:00+02,194,"",Bell Green / Sainsbury's,194,Lower Sydenham - Clock House - Beckenham - West Wickham - West Croydon
55890073,2026-08-19 01:20:00+02,194,"",West Croydon Bus Station,194,Lower Sydenham - Clock House - Beckenham - West Wickham - West Croydon
55893564,2026-08-19 02:03:00+02,194,"",Croydon (arriva),194,Lower Sydenham - Clock House - Beckenham - West Wickham - West Croydon
55902109,2026-08-19 05:31:00+02,194,"",Bell Green / Sainsbury's,194,Lower Sydenham - Clock House - Beckenham - West Wickham - West Croydon
55901962,2026-08-19 06:00:00+02,194,"",West Croydon Bus Station,194,Lower Sydenham - Clock House - Beckenham - West Wickham - West Croydon
55909808,2026-08-19 06:47:00+02,194,"",West Croydon Bus Station,194,Lower Sydenham - Clock House - Beckenham - West Wickham - West Croydon
55910138,2026-08-19 07:03:00+02,194,"",Bell Green / Sainsbury's,194,Lower Sydenham - Clock House - Beckenham - West Wickham - West Croydon
55934293,2026-08-19 07:55:00+02,194,"",Bell Green / Sainsbury's,194,Lower Sydenham - Clock House - Beckenham - West Wickham - West Croydon
55928426,2026-08-19 08:03:00+02,194,"",West Croydon Bus Station,194,Lower Sydenham - Clock House - Beckenham - West Wickham - West Croydon
55967165,2026-08-19 09:19:00+02,194,"",West Croydon Bus Station,194,Lower Sydenham - Clock House - Beckenham - West Wickham - West Croydon
55968085,2026-08-19 09:26:00+02,194,"",Bell Green / Sainsbury's,194,Lower Sydenham - Clock House - Beckenham - West Wickham - West Croydon
56007337,2026-08-19 10:41:00+02,194,"",Bell Green / Sainsbury's,194,Lower Sydenham - Clock House - Beckenham - West Wickham - West Croydon
56011016,2026-08-19 10:48:00+02,194,"",West Croydon Bus Station,194,Lower Sydenham - Clock House - Beckenham - West Wickham - West Croydon
56040512,2026-08-19 11:55:00+02,194,"",West Croydon Bus Station,194,Lower Sydenham - Clock House - Beckenham - West Wickham - West Croydon
56044366,2026-08-19 12:14:00+02,194,"",Bell Green / Sainsbury's,194,Lower Sydenham - Clock House - Beckenham - West Wickham - West Croydon
56085807,2026-08-19 13:27:00+02,194,"",Bell Green / Sainsbury's,194,Lower Sydenham - Clock House - Beckenham - West Wickham - West Croydon
56088645,2026-08-19 13:36:00+02,194,"",West Croydon Bus Station,194,Lower Sydenham - Clock House - Beckenham - West Wickham - West Croydon
56115313,2026-08-19 14:43:00+02,194,"",West Croydon Bus Station,194,Lower Sydenham - Clock House - Beckenham - West Wickham - West Croydon
56115473,2026-08-19 14:58:00+02,194,"",Bell Green / Sainsbury's,194,Lower Sydenham - Clock House - Beckenham - West Wickham - West Croydon
56153591,2026-08-19 16:19:00+02,194,"",West Croydon Bus Station,194,Lower Sydenham - Clock House - Beckenham - West Wickham - West Croydon
56177465,2026-08-19 17:34:00+02,194,"",West Croydon Bus Station,194,Lower Sydenham - Clock House - Beckenham - West Wickham - West Croydon
56189665,2026-08-19 17:42:00+02,194,"",Bell Green / Sainsbury's,194,Lower Sydenham - Clock House - Beckenham - West Wickham - West Croydon
56229465,2026-08-19 19:01:00+02,194,"",Bell Green / Sainsbury's,194,Lower Sydenham - Clock House - Beckenham - West Wickham - West Croydon
56232639,2026-08-19 19:07:00+02,194,"",West Croydon Bus Station,194,Lower Sydenham - Clock House - Beckenham - West Wickham - West Croydon
56253452,2026-08-19 20:14:00+02,194,"",West Croydon Bus Station,194,Lower Sydenham - Clock House - Beckenham - West Wickham - West Croydon
56255443,2026-08-19 20:24:00+02,194,"",Bell Green / Sainsbury's,194,Lower Sydenham - Clock House - Beckenham - West Wickham - West Croydon
56322009,2026-08-20 06:00:00+02,194,"",West Croydon Bus Station,194,Lower Sydenham - Clock House - Beckenham - West Wickham - West Croydon
56330460,2026-08-20 06:47:00+02,194,"",West Croydon Bus Station,194,Lower Sydenham - Clock House - Beckenham - West Wickham - West Croydon
56330697,2026-08-20 07:03:00+02,194,"",Bell Green / Sainsbury's,194,Lower Sydenham - Clock House - Beckenham - West Wickham - West Croydon
56352648,2026-08-20 07:55:00+02,194,"",Bell Green / Sainsbury's,194,Lower Sydenham - Clock House - Beckenham - West Wickham - West Croydon
56357682,2026-08-20 08:03:00+02,194,"",West Croydon Bus Station,194,Lower Sydenham - Clock House - Beckenham - West Wickham - West Croydon
56386073,2026-08-20 09:19:00+02,194,"",West Croydon Bus Station,194,Lower Sydenham - Clock House - Beckenham - West Wickham - West Croydon
56388891,2026-08-20 09:26:00+02,194,"",Bell Green / Sainsbury's,194,Lower Sydenham - Clock House - Beckenham - West Wickham - West Croydon
56425034,2026-08-20 10:41:00+02,194,"",Bell Green / Sainsbury's,194,Lower Sydenham - Clock House - Beckenham - West Wickham - West Croydon
56430669,2026-08-20 10:48:00+02,194,"",West Croydon Bus Station,194,Lower Sydenham - Clock House - Beckenham - West Wickham - West Croydon
56459167,2026-08-20 11:55:00+02,194,"",West Croydon Bus Station,194,Lower Sydenham - Clock House - Beckenham - West Wickham - West Croydon
56462274,2026-08-20 12:14:00+02,194,"",Bell Green / Sainsbury's,194,Lower Sydenham - Clock House - Beckenham - West Wickham - West Croydon
56498098,2026-08-20 13:36:00+02,194,"",West Croydon Bus Station,194,Lower Sydenham - Clock House - Beckenham - West Wickham - West Croydon
56532491,2026-08-20 14:43:00+02,194,"",West Croydon Bus Station,194,Lower Sydenham - Clock House - Beckenham - West Wickham - West Croydon
56533036,2026-08-20 14:58:00+02,194,"",Bell Green / Sainsbury's,194,Lower Sydenham - Clock House - Beckenham - West Wickham - West Croydon
56577343,2026-08-20 16:12:00+02,194,"",Bell Green / Sainsbury's,194,Lower Sydenham - Clock House - Beckenham - West Wickham - West Croydon
56582728,2026-08-20 16:19:00+02,194,"",West Croydon Bus Station,194,Lower Sydenham - Clock House - Beckenham - West Wickham - West Croydon
56605661,2026-08-20 17:34:00+02,194,"",West Croydon Bus Station,194,Lower Sydenham - Clock House - Beckenham - West Wickham - West Croydon
56607477,2026-08-20 17:42:00+02,194,"",Bell Green / Sainsbury's,194,Lower Sydenham - Clock House - Beckenham - West Wickham - West Croydon
56646502,2026-08-20 19:07:00+02,194,"",West Croydon Bus Station,194,Lower Sydenham - Clock House - Beckenham - West Wickham - West Croydon
56665232,2026-08-20 20:14:00+02,194,"",West Croydon Bus Station,194,Lower Sydenham - Clock House - Beckenham - West Wickham - West Croydon
56667402,2026-08-20 20:24:00+02,194,"",Bell Green / Sainsbury's,194,Lower Sydenham - Clock House - Beckenham - West Wickham - West Croydon
56689625,2026-08-20 21:24:00+02,194,"",Croydon (arriva),194,Lower Sydenham - Clock House - Beckenham - West Wickham - West Croydon
56689601,2026-08-20 21:49:35+02,194,"",Bell Green / Sainsbury's,194,Lower Sydenham - Clock House - Beckenham - West Wickham - West Croydon
57246358,2026-08-22 11:02:00+02,194,"",West Croydon Bus Station,194,Lower Sydenham - Clock House - Beckenham - West Wickham - West Croydon
57278526,2026-08-22 12:11:00+02,194,"",West Croydon Bus Station,194,Lower Sydenham - Clock House - Beckenham - West Wickham - West Croydon
57280708,2026-08-22 12:23:00+02,194,"",Bell Green / Sainsbury's,194,Lower Sydenham - Clock House - Beckenham - West Wickham - West Croydon
57317421,2026-08-22 13:41:00+02,194,"",Bell Green / Sainsbury's,194,Lower Sydenham - Clock House - Beckenham - West Wickham - West Croydon
57319441,2026-08-22 13:47:00+02,194,"",West Croydon Bus Station,194,Lower Sydenham - Clock House - Beckenham - West Wickham - West Croydon
57347655,2026-08-22 14:59:00+02,194,"",West Croydon Bus Station,194,Lower Sydenham - Clock House - Beckenham - West Wickham - West Croydon
57350630,2026-08-22 15:11:00+02,194,"",Bell Green / Sainsbury's,194,Lower Sydenham - Clock House - Beckenham - West Wickham - West Croydon
57364010,2026-08-22 15:46:03+02,194,"",Bell Green / Sainsbury's,194,Lower Sydenham - Clock House - Beckenham - West Wickham - West Croydon
57382241,2026-08-22 16:24:00+02,194,"",Bell Green / Sainsbury's,194,Lower Sydenham - Clock House - Beckenham - West Wickham - West Croydon
57384958,2026-08-22 16:35:00+02,194,"",West Croydon Bus Station,194,Lower Sydenham - Clock House - Beckenham - West Wickham - West Croydon
57415943,2026-08-22 17:39:00+02,194,"",West Croydon Bus Station,194,Lower Sydenham - Clock House - Beckenham - West Wickham - West Croydon
57423652,2026-08-22 17:59:00+02,194,"",Bell Green / Sainsbury's,194,Lower Sydenham - Clock House - Beckenham - West Wickham - West Croydon
57450851,2026-08-22 19:23:00+02,194,"",West Croydon Bus Station,194,Lower Sydenham - Clock House - Beckenham - West Wickham - West Croydon
57468162,2026-08-22 20:24:00+02,194,"",Bell Green,194,Lower Sydenham - Clock House - Beckenham - West Wickham - West Croydon
57474860,2026-08-22 21:07:00+02,60,"",Streatham Station,60,Old Coulsdon - Croydon Town Centre - Thornton Heath Pond - Streatham Vale - Streatham Station
57479316,2026-08-22 21:25:00+02,60,"",Old Coulsdon / Tudor Rose,60,Old Coulsdon - Croydon Town Centre - Thornton Heath Pond - Streatham Vale - Streatham Station
57500708,2026-08-22 22:45:00+02,60,"",Streatham Station,60,Old Coulsdon - Croydon Town Centre - Thornton Heath Pond - Streatham Vale - Streatham Station
57509894,2026-08-22 23:39:00+02,60,"",Streatham Station,60,Old Coulsdon - Croydon Town Centre - Thornton Heath Pond - Streatham Vale - Streatham Station
57513161,2026-08-22 23:55:00+02,60,"",Old Coulsdon / Tudor Rose,60,Old Coulsdon - Croydon Town Centre - Thornton Heath Pond - Streatham Vale - Streatham Station
57523498,2026-08-23 01:00:00+02,60,"",Streatham Station,60,Old Coulsdon - Croydon Town Centre - Thornton Heath Pond - Streatham Vale - Streatham Station
57528111,2026-08-23 01:48:00+02,60,"",Croydon (arriva),60,Old Coulsdon - Croydon Town Centre - Thornton Heath Pond - Streatham Vale - Streatham Station
57545076,2026-08-23 07:30:00+02,194,"",Bell Green / Sainsbury's,194,Lower Sydenham - Clock House - Beckenham - West Wickham - West Croydon
57551290,2026-08-23 08:14:00+02,194,"",Bell Green / Sainsbury's,194,Lower Sydenham - Clock House - Beckenham - West Wickham - West Croydon
57552069,2026-08-23 08:20:00+02,194,"",West Croydon Bus Station,194,Lower Sydenham - Clock House - Beckenham - West Wickham - West Croydon
57558889,2026-08-23 09:05:00+02,194,"",West Croydon Bus Station,194,Lower Sydenham - Clock House - Beckenham - West Wickham - West Croydon
57595785,2026-08-23 10:48:00+02,194,"",West Croydon Bus Station,194,Lower Sydenham - Clock House - Beckenham - West Wickham - West Croydon
57595971,2026-08-23 11:43:00+02,194,"",Bell Green / Sainsbury's,194,Lower Sydenham - Clock House - Beckenham - West Wickham - West Croydon
57613536,2026-08-23 12:50:00+02,194,"",Bell Green / Sainsbury's,194,Lower Sydenham - Clock House - Beckenham - West Wickham - West Croydon
57615981,2026-08-23 13:00:00+02,194,"",West Croydon Bus Station,194,Lower Sydenham - Clock House - Beckenham - West Wickham - West Croydon
57635266,2026-08-23 14:08:00+02,194,"",West Croydon Bus Station,194,Lower Sydenham - Clock House - Beckenham - West Wickham - West Croydon
57637544,2026-08-23 14:19:00+02,194,"",Bell Green / Sainsbury's,194,Lower Sydenham - Clock House - Beckenham - West Wickham - West Croydon
57656451,2026-08-23 15:28:00+02,194,"",Bell Green / Sainsbury's,194,Lower Sydenham - Clock House - Beckenham - West Wickham - West Croydon
57658314,2026-08-23 15:40:00+02,194,"",West Croydon Bus Station,194,Lower Sydenham - Clock House - Beckenham - West Wickham - West Croydon
57675834,2026-08-23 16:43:00+02,194,"",West Croydon Bus Station,194,Lower Sydenham - Clock House - Beckenham - West Wickham - West Croydon
57676257,2026-08-23 17:39:00+02,194,"",Bell Green / Sainsbury's,194,Lower Sydenham - Clock House - Beckenham - West Wickham - West Croydon
57703496,2026-08-23 18:40:00+02,194,"",Bell Green / Sainsbury's,194,Lower Sydenham - Clock House - Beckenham - West Wickham - West Croydon
57706453,2026-08-23 19:00:00+02,194,"",West Croydon Bus Station,194,Lower Sydenham - Clock House - Beckenham - West Wickham - West Croydon
57719553,2026-08-23 19:55:00+02,194,"",West Croydon Bus Station,194,Lower Sydenham - Clock House - Beckenham - West Wickham - West Croydon
57723090,2026-08-23 20:19:00+02,194,"",Bell Green / Sainsbury's,194,Lower Sydenham - Clock House - Beckenham - West Wickham - West Croydon
57736010,2026-08-23 21:12:00+02,194,"",Bell Green / Sainsbury's,194,Lower Sydenham - Clock House - Beckenham - West Wickham - West Croydon
57736304,2026-08-23 21:20:00+02,194,"",West Croydon Bus Station,194,Lower Sydenham - Clock House - Beckenham - West Wickham - West Croydon
57745501,2026-08-23 22:08:00+02,194,"",West Croydon Bus Station,194,Lower Sydenham - Clock House - Beckenham - West Wickham - West Croydon
57756635,2026-08-23 22:27:00+02,194,"",West Croydon Bus Station,194,Lower Sydenham - Clock House - Beckenham - West Wickham - West Croydon
57756607,2026-08-23 23:20:00+02,194,"",Bell Green / Sainsbury's,194,Lower Sydenham - Clock House - Beckenham - West Wickham - West Croydon
57766903,2026-08-24 00:06:00+02,194,"",Bell Green / Sainsbury's,194,Lower Sydenham - Clock House - Beckenham - West Wickham - West Croydon
57768182,2026-08-24 00:20:00+02,194,"",West Croydon Bus Station,194,Lower Sydenham - Clock House - Beckenham - West Wickham - West Croydon
57773439,2026-08-24 01:02:00+02,194,"",West Croydon Bus Station,194,Lower Sydenham - Clock House - Beckenham - West Wickham - West Croydon
57774626,2026-08-24 01:20:00+02,194,"",Bell Green / Sainsbury's,194,Lower Sydenham - Clock House - Beckenham - West Wickham - West Croydon
57777790,2026-08-24 02:05:00+02,194,"",Croydon (arriva),194,Lower Sydenham - Clock House - Beckenham - West Wickham - West Croydon
59061534,2026-08-27 07:36:00+02,194,"",Bell Green / Sainsbury's,194,Lower Sydenham - Clock House - Beckenham - West Wickham - West Croydon
59056196,2026-08-27 08:13:00+02,194,"",West Croydon Bus Station,194,Lower Sydenham - Clock House - Beckenham - West Wickham - West Croydon
59092445,2026-08-27 09:31:00+02,194,"",West Croydon Bus Station,194,Lower Sydenham - Clock House - Beckenham - West Wickham - West Croydon
59096537,2026-08-27 09:38:00+02,194,"",Bell Green / Sainsbury's,194,Lower Sydenham - Clock House - Beckenham - West Wickham - West Croydon
59126081,2026-08-27 10:52:00+02,194,"",Bell Green / Sainsbury's,194,Lower Sydenham - Clock House - Beckenham - West Wickham - West Croydon
59130767,2026-08-27 11:00:00+02,194,"",West Croydon Bus Station,194,Lower Sydenham - Clock House - Beckenham - West Wickham - West Croydon
59161052,2026-08-27 12:07:00+02,194,"",West Croydon Bus Station,194,Lower Sydenham - Clock House - Beckenham - West Wickham - West Croydon
59163931,2026-08-27 12:26:00+02,194,"",Bell Green / Sainsbury's,194,Lower Sydenham - Clock House - Beckenham - West Wickham - West Croydon
59200940,2026-08-27 13:39:00+02,194,"",Bell Green / Sainsbury's,194,Lower Sydenham - Clock House - Beckenham - West Wickham - West Croydon
59202839,2026-08-27 13:48:00+02,194,"",West Croydon Bus Station,194,Lower Sydenham - Clock House - Beckenham - West Wickham - West Croydon
59233333,2026-08-27 14:55:00+02,194,"",West Croydon Bus Station,194,Lower Sydenham - Clock House - Beckenham - West Wickham - West Croydon
59233916,2026-08-27 15:09:00+02,194,"",Bell Green / Sainsbury's,194,Lower Sydenham - Clock House - Beckenham - West Wickham - West Croydon
59270960,2026-08-27 16:24:00+02,194,"",Bell Green / Sainsbury's,194,Lower Sydenham - Clock House - Beckenham - West Wickham - West Croydon
59273312,2026-08-27 16:31:00+02,194,"",West Croydon Bus Station,194,Lower Sydenham - Clock House - Beckenham - West Wickham - West Croydon
59299222,2026-08-27 17:46:00+02,194,"",West Croydon Bus Station,194,Lower Sydenham - Clock House - Beckenham - West Wickham - West Croydon
59304885,2026-08-27 17:54:00+02,194,"",Bell Green / Sainsbury's,194,Lower Sydenham - Clock House - Beckenham - West Wickham - West Croydon
59335901,2026-08-27 19:18:00+02,194,"",West Croydon Bus Station,194,Lower Sydenham - Clock House - Beckenham - West Wickham - West Croydon
59357091,2026-08-27 20:24:00+02,194,"",West Croydon Bus Station,194,Lower Sydenham - Clock House - Beckenham - West Wickham - West Croydon
59359940,2026-08-27 20:36:00+02,194,"",Bell Green / Sainsbury's,194,Lower Sydenham - Clock House - Beckenham - West Wickham - West Croydon
59377486,2026-08-27 21:34:00+02,194,"",Bell Green / Sainsbury's,194,Lower Sydenham - Clock House - Beckenham - West Wickham - West Croydon
59379036,2026-08-27 21:46:00+02,194,"",West Croydon Bus Station,194,Lower Sydenham - Clock House - Beckenham - West Wickham - West Croydon
59391102,2026-08-27 22:38:00+02,194,"",West Croydon Bus Station,194,Lower Sydenham - Clock House - Beckenham - West Wickham - West Croydon
59400191,2026-08-27 23:20:00+02,194,"",Bell Green / Sainsbury's,194,Lower Sydenham - Clock House - Beckenham - West Wickham - West Croydon
59407547,2026-08-28 00:10:00+02,194,"",Bell Green / Sainsbury's,194,Lower Sydenham - Clock House - Beckenham - West Wickham - West Croydon
59409782,2026-08-28 00:20:00+02,194,"",West Croydon Bus Station,194,Lower Sydenham - Clock House - Beckenham - West Wickham - West Croydon
59415495,2026-08-28 01:04:00+02,194,"",West Croydon Bus Station,194,Lower Sydenham - Clock House - Beckenham - West Wickham - West Croydon
59415704,2026-08-28 01:20:00+02,194,"",Bell Green / Sainsbury's,194,Lower Sydenham - Clock House - Beckenham - West Wickham - West Croydon
59421023,2026-08-28 02:06:00+02,194,"",Croydon (arriva),194,Lower Sydenham - Clock House - Beckenham - West Wickham - West Croydon
59459133,2026-08-28 07:11:00+02,194,"",Bell Green / Sainsbury's,194,Lower Sydenham - Clock House - Beckenham - West Wickham - West Croydon
59458670,2026-08-28 07:46:00+02,194,"",West Croydon Bus Station,194,Lower Sydenham - Clock House - Beckenham - West Wickham - West Croydon
59484765,2026-08-28 08:53:00+02,194,"",West Croydon Bus Station,194,Lower Sydenham - Clock House - Beckenham - West Wickham - West Croydon
59487094,2026-08-28 09:01:00+02,194,"",Bell Green / Sainsbury's,194,Lower Sydenham - Clock House - Beckenham - West Wickham - West Croydon
59522667,2026-08-28 10:18:00+02,194,"",Bell Green / Sainsbury's,194,Lower Sydenham - Clock House - Beckenham - West Wickham - West Croydon
59526183,2026-08-28 10:24:00+02,194,"",West Croydon Bus Station,194,Lower Sydenham - Clock House - Beckenham - West Wickham - West Croydon
59562159,2026-08-28 11:31:00+02,194,"",West Croydon Bus Station,194,Lower Sydenham - Clock House - Beckenham - West Wickham - West Croydon
59562517,2026-08-28 11:50:00+02,194,"",Bell Green / Sainsbury's,194,Lower Sydenham - Clock House - Beckenham - West Wickham - West Croydon
59597359,2026-08-28 13:03:00+02,194,"",Bell Green / Sainsbury's,194,Lower Sydenham - Clock House - Beckenham - West Wickham - West Croydon
59600128,2026-08-28 13:12:00+02,194,"",West Croydon Bus Station,194,Lower Sydenham - Clock House - Beckenham - West Wickham - West Croydon
59630164,2026-08-28 14:19:00+02,194,"",Bell Green / Sainsbury's,194,Lower Sydenham - Clock House - Beckenham - West Wickham - West Croydon
59633986,2026-08-28 14:25:00+02,194,"",West Croydon Bus Station,194,Lower Sydenham - Clock House - Beckenham - West Wickham - West Croydon
59631312,2026-08-28 14:36:00+02,194,"",Bell Green / Sainsbury's,194,Lower Sydenham - Clock House - Beckenham - West Wickham - West Croydon
59681238,2026-08-28 15:44:00+02,194,"",West Croydon Bus Station,194,Lower Sydenham - Clock House - Beckenham - West Wickham - West Croydon
59689819,2026-08-28 16:42:00+02,194,"",Bell Green / Sainsbury's,194,Lower Sydenham - Clock House - Beckenham - West Wickham - West Croydon
59688078,2026-08-28 16:58:00+02,194,"",West Croydon Bus Station,194,Lower Sydenham - Clock House - Beckenham - West Wickham - West Croydon
59688575,2026-08-28 17:06:00+02,194,"",Bell Green / Sainsbury's,194,Lower Sydenham - Clock House - Beckenham - West Wickham - West Croydon
59722804,2026-08-28 18:07:00+02,194,"",West Croydon Bus Station,194,Lower Sydenham - Clock House - Beckenham - West Wickham - West Croydon
59756675,2026-08-28 19:18:00+02,194,"",West Croydon Bus Station,194,Lower Sydenham - Clock House - Beckenham - West Wickham - West Croydon
59758675,2026-08-28 19:27:00+02,194,"",Bell Green / Sainsbury's,194,Lower Sydenham - Clock House - Beckenham - West Wickham - West Croydon
59896812,2026-08-29 09:35:00+02,194,"",West Croydon Bus Station,194,Lower Sydenham - Clock House - Beckenham - West Wickham - West Croydon
59902482,2026-08-29 09:44:00+02,194,"",Bell Green / Sainsbury's,194,Lower Sydenham - Clock House - Beckenham - West Wickham - West Croydon
