id,datetime,service_id,service_name,route_name,direction,destination,source,code
574451,2026-03-30T03:17:00+00:00,14250,51,51,,Woolwich High Street,Bus Open Data,342272
574520,2026-03-30T03:30:00+00:00,14250,51,51,,Orpington Station,Bus Open Data,342273
578884,2026-03-30T04:19:00+00:00,14250,51,51,,Orpington Bus Station,Bus Open Data,342274
581021,2026-03-30T04:30:00+00:00,14250,51,51,,Beresford Sq / Woolwich Arsenal Stn,Bus Open Data,342275
596018,2026-03-30T05:23:00+00:00,14250,51,51,,Woolwich High Street,Bus Open Data,342276
597759,2026-03-30T05:38:00+00:00,14250,51,51,,Orpington Station,Bus Open Data,342277
633042,2026-03-30T07:00:00+00:00,14250,51,51,,Orpington Bus Station,Bus Open Data,342278
646424,2026-03-30T07:22:00+00:00,14250,51,51,,Beresford Sq / Woolwich Arsenal Stn,Bus Open Data,342279
676608,2026-03-30T08:48:00+00:00,14250,51,51,,Orpington Bus Station,Bus Open Data,342280
839208,2026-03-30T14:37:00+00:00,14250,51,51,,Beresford Sq / Woolwich Arsenal Stn,Bus Open Data,342281
839011,2026-03-30T14:37:49+00:00,14250,51,51,,Orpington Bus Station,Bus Open Data,
868933,2026-03-30T16:10:00+00:00,14250,51,51,,Woolwich High Street,Bus Open Data,342282
885869,2026-03-30T16:27:52+00:00,14250,51,51,,Woolwich High Street,Bus Open Data,
876440,2026-03-30T16:33:00+00:00,14250,51,51,,Orpington Station,Bus Open Data,342283
918042,2026-03-30T18:07:00+00:00,14250,51,51,,Orpington Bus Station,Bus Open Data,342284
918343,2026-03-30T18:29:00+00:00,14250,51,51,,Beresford Sq / Woolwich Arsenal Stn,Bus Open Data,342285
943281,2026-03-30T19:36:00+00:00,14250,51,51,,Morden Wharf Road,Bus Open Data,342286
999562,2026-03-31T03:45:00+00:00,14250,51,51,,Beresford Sq / Woolwich Arsenal Stn,Bus Open Data,341930
999539,2026-03-31T03:45:29+00:00,14250,51,51,,Beresford Sq / Woolwich Arsenal Stn,Bus Open Data,
1005716,2026-03-31T04:33:00+00:00,14250,51,51,,Woolwich High Street,Bus Open Data,341931
1008000,2026-03-31T04:42:00+00:00,14250,51,51,,Orpington Station,Bus Open Data,341932
1022800,2026-03-31T05:37:00+00:00,14250,51,51,,Orpington Bus Station,Bus Open Data,341933
1031053,2026-03-31T05:51:00+00:00,14250,51,51,,Beresford Sq / Woolwich Arsenal Stn,Bus Open Data,341934
1062559,2026-03-31T07:06:00+00:00,14250,51,51,,Woolwich High Street,Bus Open Data,341935
1075254,2026-03-31T07:31:00+00:00,14250,51,51,,Orpington Station,Bus Open Data,341936
1112003,2026-03-31T09:03:00+00:00,14250,51,51,,Orpington Bus Station,Bus Open Data,341937
1123912,2026-03-31T09:19:00+00:00,14250,51,51,,Beresford Sq / Woolwich Arsenal Stn,Bus Open Data,341938
1154304,2026-03-31T10:35:00+00:00,14250,51,51,,Woolwich High Street,Bus Open Data,341939
1168894,2026-03-31T11:01:00+00:00,14250,51,51,,Orpington Station,Bus Open Data,341940
1204620,2026-03-31T12:28:00+00:00,14250,51,51,,Orpington Bus Station,Bus Open Data,341941
1215343,2026-03-31T12:45:00+00:00,14250,51,51,,Beresford Sq / Woolwich Arsenal Stn,Bus Open Data,341942
1249330,2026-03-31T14:08:00+00:00,14250,51,51,,Woolwich High Street,Bus Open Data,341943
1263733,2026-03-31T14:36:00+00:00,14250,51,51,,Orpington Station,Bus Open Data,341944
1299537,2026-03-31T16:14:00+00:00,14250,51,51,,Orpington Bus Station,Bus Open Data,341945
1301459,2026-03-31T16:32:00+00:00,14250,51,51,,Beresford Sq / Woolwich Arsenal Stn,Bus Open Data,341946
1344100,2026-03-31T18:01:00+00:00,14250,51,51,,Woolwich High Street,Bus Open Data,341947
1351464,2026-03-31T18:18:00+00:00,14250,51,51,,Orpington Station,Bus Open Data,341948
1369365,2026-03-31T19:27:00+00:00,14250,51,51,,Orpington Bus Station,Bus Open Data,341949
1373717,2026-03-31T19:45:00+00:00,14250,51,51,,Beresford Sq / Woolwich Arsenal Stn,Bus Open Data,341950
1385862,2026-03-31T20:45:00+00:00,14250,51,51,,Woolwich High Street,Bus Open Data,341951
1390068,2026-03-31T21:00:00+00:00,14250,51,51,,Orpington Station,Bus Open Data,341952
1402530,2026-03-31T22:15:00+00:00,14250,51,51,,Beresford Sq / Woolwich Arsenal Stn,Bus Open Data,341954
1409976,2026-03-31T23:05:00+00:00,14250,51,51,,Woolwich High Street,Bus Open Data,341955
1414330,2026-03-31T23:15:00+00:00,14250,51,51,,Orpington Station,Bus Open Data,341956
1414308,2026-03-31T23:15:32+00:00,14250,51,51,,Woolwich High Street,Bus Open Data,
1418196,2026-04-01T00:02:00+00:00,14250,51,51,,Morden Wharf Road,Bus Open Data,341957
1451037,2026-04-01T05:36:00+00:00,14250,51,51,,Orpington Bus Station,Bus Open Data,342002
1467233,2026-04-01T06:19:00+00:00,14250,51,51,,Beresford Sq / Woolwich Arsenal Stn,Bus Open Data,342003
1501897,2026-04-01T07:49:00+00:00,14250,51,51,,Woolwich High Street,Bus Open Data,342004
1505040,2026-04-01T08:11:00+00:00,14250,51,51,,Orpington Station,Bus Open Data,342005
1553747,2026-04-01T09:39:00+00:00,14250,51,51,,Orpington Bus Station,Bus Open Data,342006
1566355,2026-04-01T09:58:00+00:00,14250,51,51,,Beresford Sq / Woolwich Arsenal Stn,Bus Open Data,342007
1599057,2026-04-01T11:15:00+00:00,14250,51,51,,Woolwich High Street,Bus Open Data,342008
1609990,2026-04-01T11:40:00+00:00,14250,51,51,,Orpington Station,Bus Open Data,342009
1651889,2026-04-01T13:07:00+00:00,14250,51,51,,Orpington Bus Station,Bus Open Data,342010
1658456,2026-04-01T13:22:00+00:00,14250,51,51,,Beresford Sq / Woolwich Arsenal Stn,Bus Open Data,342011
1696142,2026-04-01T14:49:00+00:00,14250,51,51,,Woolwich High Street,Bus Open Data,342012
1707483,2026-04-01T15:15:00+00:00,14250,51,51,,Orpington Station,Bus Open Data,342013
1745972,2026-04-01T16:53:00+00:00,14250,51,51,,Orpington Bus Station,Bus Open Data,342014
1755695,2026-04-01T17:11:00+00:00,14250,51,51,,Beresford Sq / Woolwich Arsenal Stn,Bus Open Data,342015
1781967,2026-04-01T18:36:00+00:00,14250,51,51,,Woolwich High Street,Bus Open Data,342016
1789086,2026-04-01T18:54:00+00:00,14250,51,51,,Orpington Station,Bus Open Data,342017
1806347,2026-04-01T19:57:00+00:00,14250,51,51,,Orpington Bus Station,Bus Open Data,342018
1808470,2026-04-01T20:15:00+00:00,14250,51,51,,Beresford Sq / Woolwich Arsenal Stn,Bus Open Data,342019
1820485,2026-04-01T21:13:00+00:00,14250,51,51,,Woolwich High Street,Bus Open Data,342020
1824160,2026-04-01T21:30:00+00:00,14250,51,51,,Orpington Station,Bus Open Data,342021
1834806,2026-04-01T22:26:00+00:00,14250,51,51,,Orpington Bus Station,Bus Open Data,342022
1835696,2026-04-01T22:45:00+00:00,14250,51,51,,Beresford Sq / Woolwich Arsenal Stn,Bus Open Data,342023
1843367,2026-04-01T23:31:00+00:00,14250,51,51,,Woolwich High Street,Bus Open Data,342024
1844847,2026-04-01T23:45:00+00:00,14250,51,51,,Orpington Station,Bus Open Data,342025
1847127,2026-04-02T00:31:00+00:00,14250,51,51,,Morden Wharf Road,Bus Open Data,342026
1865002,2026-04-02T04:52:00+00:00,14250,51,51,,Orpington Bus Station,Bus Open Data,342287
1876198,2026-04-02T05:30:00+00:00,14250,51,51,,Beresford Sq / Woolwich Arsenal Stn,Bus Open Data,342288
1907279,2026-04-02T06:35:00+00:00,14250,51,51,,Woolwich High Street,Bus Open Data,342289
1919006,2026-04-02T07:05:00+00:00,14250,51,51,,Orpington Station,Bus Open Data,342290
1954183,2026-04-02T08:45:00+00:00,14250,51,51,,Woolwich High Street,Bus Open Data,342291
2101194,2026-04-02T14:10:00+00:00,14250,51,51,,Orpington Station,Bus Open Data,342292
2146921,2026-04-02T15:53:00+00:00,14250,51,51,,Orpington Bus Station,Bus Open Data,342293
2150450,2026-04-02T16:06:00+00:00,14250,51,51,,Beresford Sq / Woolwich Arsenal Stn,Bus Open Data,342294
2189021,2026-04-02T17:38:00+00:00,14250,51,51,,Woolwich High Street,Bus Open Data,342295
2200826,2026-04-02T18:04:00+00:00,14250,51,51,,Orpington Station,Bus Open Data,342296
2221669,2026-04-02T19:19:00+00:00,14250,51,51,,Orpington Bus Station,Bus Open Data,342297
2224131,2026-04-02T19:30:00+00:00,14250,51,51,,Beresford Sq / Woolwich Arsenal Stn,Bus Open Data,342298
2237407,2026-04-02T20:32:00+00:00,14250,51,51,,Woolwich High Street,Bus Open Data,342299
2241215,2026-04-02T20:45:00+00:00,14250,51,51,,Orpington Station,Bus Open Data,342300
2252555,2026-04-02T21:43:00+00:00,14250,51,51,,Orpington Bus Station,Bus Open Data,342301
2256087,2026-04-02T22:00:00+00:00,14250,51,51,,Beresford Sq / Woolwich Arsenal Stn,Bus Open Data,342302
2263587,2026-04-02T22:51:00+00:00,14250,51,51,,Woolwich High Street,Bus Open Data,342303
2266567,2026-04-02T23:00:00+00:00,14250,51,51,,Orpington Station,Bus Open Data,342304
2271354,2026-04-02T23:49:00+00:00,14250,51,51,,Morden Wharf Road,Bus Open Data,342305
2325657,2026-04-03T07:42:00+00:00,14250,51,51,,Beresford Sq / Woolwich Arsenal Stn,Bus Open Data,165500
2343638,2026-04-03T08:45:00+00:00,14250,51,51,,Woolwich High Street,Bus Open Data,165501
2354991,2026-04-03T09:08:00+00:00,14250,51,51,,Orpington Station,Bus Open Data,165502
2382583,2026-04-03T10:40:00+00:00,14250,51,51,,Orpington Bus Station,Bus Open Data,165503
2383241,2026-04-03T11:04:00+00:00,14250,51,51,,Beresford Sq / Woolwich Arsenal Stn,Bus Open Data,165504
2421374,2026-04-03T12:33:00+00:00,14250,51,51,,Woolwich High Street,Bus Open Data,165505
2431476,2026-04-03T12:48:00+00:00,14250,51,51,,Orpington Station,Bus Open Data,165506
2459307,2026-04-03T14:22:00+00:00,14250,51,51,,Orpington Bus Station,Bus Open Data,165507
2472500,2026-04-03T14:45:00+00:00,14250,51,51,,Beresford Sq / Woolwich Arsenal Stn,Bus Open Data,165508
2497605,2026-04-03T16:05:00+00:00,14250,51,51,,Woolwich High Street,Bus Open Data,165509
2499675,2026-04-03T16:29:00+00:00,14250,51,51,,Orpington Station,Bus Open Data,165510
2532591,2026-04-03T17:54:00+00:00,14250,51,51,,Orpington Bus Station,Bus Open Data,165511
2537973,2026-04-03T18:10:00+00:00,14250,51,51,,Beresford Sq / Woolwich Arsenal Stn,Bus Open Data,165512
2552572,2026-04-03T19:15:00+00:00,14250,51,51,,Woolwich High Street,Bus Open Data,165513
2555440,2026-04-03T19:30:00+00:00,14250,51,51,,Orpington Station,Bus Open Data,165514
2567751,2026-04-03T20:32:00+00:00,14250,51,51,,Orpington Bus Station,Bus Open Data,165515
2570291,2026-04-03T20:45:00+00:00,14250,51,51,,Beresford Sq / Woolwich Arsenal Stn,Bus Open Data,165516
2578999,2026-04-03T21:37:00+00:00,14250,51,51,,Woolwich High Street,Bus Open Data,165517
2583844,2026-04-03T22:00:00+00:00,14250,51,51,,Orpington Station,Bus Open Data,165518
2591339,2026-04-03T22:54:00+00:00,14250,51,51,,Orpington Bus Station,Bus Open Data,165519
2594729,2026-04-03T23:15:00+00:00,14250,51,51,,Beresford Sq / Woolwich Arsenal Stn,Bus Open Data,165520
2598568,2026-04-04T00:05:00+00:00,14250,51,51,,Morden Wharf Road,Bus Open Data,165521
2609392,2026-04-04T04:02:00+00:00,14250,51,51,,Woolwich High Street,Bus Open Data,165455
2609332,2026-04-04T04:15:00+00:00,14250,51,51,,Orpington Station,Bus Open Data,165456
2617115,2026-04-04T05:02:00+00:00,14250,51,51,,Orpington Bus Station,Bus Open Data,165457
2618803,2026-04-04T05:15:00+00:00,14250,51,51,,Beresford Sq / Woolwich Arsenal Stn,Bus Open Data,165458
2629408,2026-04-04T06:04:00+00:00,14250,51,51,,Woolwich High Street,Bus Open Data,165459
2630175,2026-04-04T06:15:00+00:00,14250,51,51,,Orpington Station,Bus Open Data,165460
2653651,2026-04-04T07:17:00+00:00,14250,51,51,,Orpington Bus Station,Bus Open Data,165461
2654189,2026-04-04T07:30:00+00:00,14250,51,51,,Beresford Sq / Woolwich Arsenal Stn,Bus Open Data,165462
2682310,2026-04-04T08:31:00+00:00,14250,51,51,,Woolwich High Street,Bus Open Data,165463
2684188,2026-04-04T08:44:00+00:00,14250,51,51,,Orpington Station,Bus Open Data,165464
2723318,2026-04-04T10:12:00+00:00,14250,51,51,,Orpington Bus Station,Bus Open Data,165465
2738242,2026-04-04T10:38:00+00:00,14250,51,51,,Beresford Sq / Woolwich Arsenal Stn,Bus Open Data,165466
2770128,2026-04-04T12:07:00+00:00,14250,51,51,,Woolwich High Street,Bus Open Data,165467
2782570,2026-04-04T12:22:00+00:00,14250,51,51,,Orpington Station,Bus Open Data,165468
2818405,2026-04-04T13:57:00+00:00,14250,51,51,,Orpington Bus Station,Bus Open Data,165469
2826335,2026-04-04T14:19:00+00:00,14250,51,51,,Beresford Sq / Woolwich Arsenal Stn,Bus Open Data,165470
2858365,2026-04-04T15:39:00+00:00,14250,51,51,,Woolwich High Street,Bus Open Data,165471
2874646,2026-04-04T16:03:00+00:00,14250,51,51,,Orpington Station,Bus Open Data,165472
2906410,2026-04-04T17:29:00+00:00,14250,51,51,,Orpington Bus Station,Bus Open Data,165473
2912615,2026-04-04T17:46:00+00:00,14250,51,51,,Beresford Sq / Woolwich Arsenal Stn,Bus Open Data,165474
2930823,2026-04-04T18:54:00+00:00,14250,51,51,,Morden Wharf Road,Bus Open Data,165475
4212125,2026-04-08T15:14:00+00:00,14250,51,51,,Beresford Sq / Woolwich Arsenal Stn,Bus Open Data,342197
4239338,2026-04-08T16:48:00+00:00,14250,51,51,,Woolwich High Street,Bus Open Data,342198
4239549,2026-04-08T17:12:00+00:00,14250,51,51,,Orpington Station,Bus Open Data,342199
4265033,2026-04-08T18:41:00+00:00,14250,51,51,,Orpington Bus Station,Bus Open Data,342200
4270449,2026-04-08T18:54:00+00:00,14250,51,51,,Beresford Sq / Woolwich Arsenal Stn,Bus Open Data,342201
4286795,2026-04-08T20:15:00+00:00,14250,51,51,,Orpington Station,Bus Open Data,342203
4289722,2026-04-08T20:15:01+00:00,14250,51,51,,Woolwich High Street,Bus Open Data,
4302567,2026-04-08T21:15:00+00:00,14250,51,51,,Orpington Bus Station,Bus Open Data,342204
4302963,2026-04-08T21:30:00+00:00,14250,51,51,,Beresford Sq / Woolwich Arsenal Stn,Bus Open Data,342205
4315171,2026-04-08T22:30:00+00:00,14250,51,51,,Orpington Station,Bus Open Data,342207
4322825,2026-04-08T23:21:00+00:00,14250,51,51,,Morden Wharf Road,Bus Open Data,342208
4343281,2026-04-09T04:52:00+00:00,14250,51,51,,Orpington Bus Station,Bus Open Data,342287
4356826,2026-04-09T05:30:00+00:00,14250,51,51,,Beresford Sq / Woolwich Arsenal Stn,Bus Open Data,342288
4397729,2026-04-09T06:35:00+00:00,14250,51,51,,Woolwich High Street,Bus Open Data,342289
4397881,2026-04-09T07:05:00+00:00,14250,51,51,,Orpington Station,Bus Open Data,342290
4442141,2026-04-09T08:45:00+00:00,14250,51,51,,Woolwich High Street,Bus Open Data,342291
4442054,2026-04-09T08:45:05+00:00,14250,51,51,,Woolwich High Street,Bus Open Data,
4585171,2026-04-09T14:10:00+00:00,14250,51,51,,Orpington Station,Bus Open Data,342292
4627268,2026-04-09T15:53:00+00:00,14250,51,51,,Orpington Bus Station,Bus Open Data,342293
4628390,2026-04-09T16:06:00+00:00,14250,51,51,,Beresford Sq / Woolwich Arsenal Stn,Bus Open Data,342294
4669508,2026-04-09T17:38:00+00:00,14250,51,51,,Woolwich High Street,Bus Open Data,342295
4669635,2026-04-09T18:04:00+00:00,14250,51,51,,Orpington Station,Bus Open Data,342296
4699974,2026-04-09T19:19:00+00:00,14250,51,51,,Orpington Bus Station,Bus Open Data,342297
4702633,2026-04-09T19:30:00+00:00,14250,51,51,,Beresford Sq / Woolwich Arsenal Stn,Bus Open Data,342298
4716928,2026-04-09T20:32:00+00:00,14250,51,51,,Woolwich High Street,Bus Open Data,342299
4719370,2026-04-09T20:45:00+00:00,14250,51,51,,Orpington Station,Bus Open Data,342300
4733119,2026-04-09T21:43:00+00:00,14250,51,51,,Orpington Bus Station,Bus Open Data,342301
4734693,2026-04-09T22:00:00+00:00,14250,51,51,,Beresford Sq / Woolwich Arsenal Stn,Bus Open Data,342302
4743820,2026-04-09T22:51:00+00:00,14250,51,51,,Woolwich High Street,Bus Open Data,342303
4744095,2026-04-09T23:00:00+00:00,14250,51,51,,Orpington Station,Bus Open Data,342304
4749688,2026-04-09T23:49:00+00:00,14250,51,51,,Morden Wharf Road,Bus Open Data,342305
4763334,2026-04-10T04:20:00+00:00,14250,51,51,,Orpington Bus Station,Bus Open Data,342163
4773126,2026-04-10T04:54:00+00:00,14250,51,51,,Beresford Sq / Woolwich Arsenal Stn,Bus Open Data,342164
4794900,2026-04-10T05:51:00+00:00,14250,51,51,,Woolwich High Street,Bus Open Data,342165
4796392,2026-04-10T06:05:00+00:00,14250,51,51,,Orpington Station,Bus Open Data,342166
4798288,2026-04-10T06:27:00+00:00,14250,51,51,,Orpington Station,Bus Open Data,342214
4838753,2026-04-10T08:11:00+00:00,14250,51,51,,Orpington Bus Station,Bus Open Data,342215
4856215,2026-04-10T08:27:00+00:00,14250,51,51,,Beresford Sq / Woolwich Arsenal Stn,Bus Open Data,342216
4896950,2026-04-10T09:46:00+00:00,14250,51,51,,Woolwich High Street,Bus Open Data,342217
4902984,2026-04-10T10:09:00+00:00,14250,51,51,,Orpington Station,Bus Open Data,342218
4939841,2026-04-10T11:35:00+00:00,14250,51,51,,Orpington Bus Station,Bus Open Data,342219
4948665,2026-04-10T11:54:00+00:00,14250,51,51,,Beresford Sq / Woolwich Arsenal Stn,Bus Open Data,342220
4993293,2026-04-10T13:14:00+00:00,14250,51,51,,Woolwich High Street,Bus Open Data,342221
4993557,2026-04-10T13:35:00+00:00,14250,51,51,,Orpington Station,Bus Open Data,342222
5031749,2026-04-10T15:14:00+00:00,14250,51,51,,Orpington Bus Station,Bus Open Data,342223
5040145,2026-04-10T15:27:00+00:00,14250,51,51,,Beresford Sq / Woolwich Arsenal Stn,Bus Open Data,342224
5088526,2026-04-10T17:00:00+00:00,14250,51,51,,Woolwich High Street,Bus Open Data,342225
5088659,2026-04-10T17:25:00+00:00,14250,51,51,,Orpington Station,Bus Open Data,342226
5111581,2026-04-10T18:52:00+00:00,14250,51,51,,Orpington Bus Station,Bus Open Data,342227
5119814,2026-04-10T19:06:00+00:00,14250,51,51,,Beresford Sq / Woolwich Arsenal Stn,Bus Open Data,342228
5139389,2026-04-10T20:10:00+00:00,14250,51,51,,Woolwich High Street,Bus Open Data,342229
5139428,2026-04-10T20:30:00+00:00,14250,51,51,,Orpington Station,Bus Open Data,342230
5151850,2026-04-10T21:29:00+00:00,14250,51,51,,Orpington Bus Station,Bus Open Data,342231
5152227,2026-04-10T21:45:00+00:00,14250,51,51,,Beresford Sq / Woolwich Arsenal Stn,Bus Open Data,342232
5164735,2026-04-10T22:36:00+00:00,14250,51,51,,Woolwich High Street,Bus Open Data,342233
5164779,2026-04-10T22:45:00+00:00,14250,51,51,,Orpington Station,Bus Open Data,342234
5171253,2026-04-10T23:35:00+00:00,14250,51,51,,Morden Wharf Road,Bus Open Data,342235
5182348,2026-04-11T03:47:00+00:00,14250,51,51,,Woolwich High Street,Bus Open Data,165411
5182373,2026-04-11T04:00:00+00:00,14250,51,51,,Orpington Station,Bus Open Data,165412
5188043,2026-04-11T04:46:00+00:00,14250,51,51,,Orpington Bus Station,Bus Open Data,165413
5190747,2026-04-11T05:00:00+00:00,14250,51,51,,Beresford Sq / Woolwich Arsenal Stn,Bus Open Data,165414
5199422,2026-04-11T05:49:00+00:00,14250,51,51,,Woolwich High Street,Bus Open Data,165415
5200216,2026-04-11T06:00:00+00:00,14250,51,51,,Orpington Station,Bus Open Data,165416
5221961,2026-04-11T07:01:00+00:00,14250,51,51,,Orpington Bus Station,Bus Open Data,165417
5222358,2026-04-11T07:18:00+00:00,14250,51,51,,Beresford Sq / Woolwich Arsenal Stn,Bus Open Data,165418
5259525,2026-04-11T08:18:00+00:00,14250,51,51,,Woolwich High Street,Bus Open Data,165419
5259679,2026-04-11T08:34:00+00:00,14250,51,51,,Orpington Station,Bus Open Data,165420
5292702,2026-04-11T10:00:00+00:00,14250,51,51,,Orpington Bus Station,Bus Open Data,165421
5301190,2026-04-11T10:12:00+00:00,14250,51,51,,Beresford Sq / Woolwich Arsenal Stn,Bus Open Data,165422
5344371,2026-04-11T11:39:00+00:00,14250,51,51,,Woolwich High Street,Bus Open Data,165423
5344543,2026-04-11T11:56:00+00:00,14250,51,51,,Orpington Station,Bus Open Data,165424
5379760,2026-04-11T13:32:00+00:00,14250,51,51,,Orpington Bus Station,Bus Open Data,165425
5380662,2026-04-11T13:53:00+00:00,14250,51,51,,Beresford Sq / Woolwich Arsenal Stn,Bus Open Data,165426
5432507,2026-04-11T15:15:00+00:00,14250,51,51,,Woolwich High Street,Bus Open Data,165427
5436679,2026-04-11T15:37:00+00:00,14250,51,51,,Orpington Station,Bus Open Data,165428
5468011,2026-04-11T17:04:00+00:00,14250,51,51,,Orpington Bus Station,Bus Open Data,165429
5476098,2026-04-11T17:21:00+00:00,14250,51,51,,Beresford Sq / Woolwich Arsenal Stn,Bus Open Data,165430
5500198,2026-04-11T18:33:00+00:00,14250,51,51,,Woolwich High Street,Bus Open Data,165431
5497251,2026-04-11T18:47:00+00:00,14250,51,51,,Orpington Station,Bus Open Data,165432
5517228,2026-04-11T19:54:00+00:00,14250,51,51,,Orpington Bus Station,Bus Open Data,165433
5521163,2026-04-11T20:15:00+00:00,14250,51,51,,Beresford Sq / Woolwich Arsenal Stn,Bus Open Data,165434
5536950,2026-04-11T21:10:00+00:00,14250,51,51,,Woolwich High Street,Bus Open Data,165435
5537000,2026-04-11T21:30:00+00:00,14250,51,51,,Orpington Station,Bus Open Data,165436
5548454,2026-04-11T22:25:00+00:00,14250,51,51,,Orpington Bus Station,Bus Open Data,165437
5549982,2026-04-11T22:45:00+00:00,14250,51,51,,Beresford Sq / Woolwich Arsenal Stn,Bus Open Data,165438
5556785,2026-04-11T23:35:00+00:00,14250,51,51,,Woolwich High Street,Bus Open Data,165439
5557048,2026-04-11T23:45:00+00:00,14250,51,51,,Orpington Station,Bus Open Data,165440
5560238,2026-04-12T00:38:00+00:00,14250,51,51,,Morden Wharf Road,Bus Open Data,165441
5582570,2026-04-12T06:41:00+00:00,14250,51,51,,Orpington Bus Station,Bus Open Data,245951
5587844,2026-04-12T07:15:00+00:00,14250,51,51,,Beresford Sq / Woolwich Arsenal Stn,Bus Open Data,245952
5601899,2026-04-12T08:09:00+00:00,14250,51,51,,Woolwich High Street,Bus Open Data,245953
5603281,2026-04-12T08:30:00+00:00,14250,51,51,,Orpington Station,Bus Open Data,245954
5620182,2026-04-12T09:37:00+00:00,14250,51,51,,Orpington Bus Station,Bus Open Data,245955
5623506,2026-04-12T09:52:00+00:00,14250,51,51,,Beresford Sq / Woolwich Arsenal Stn,Bus Open Data,245956
5644574,2026-04-12T11:03:00+00:00,14250,51,51,,Woolwich High Street,Bus Open Data,245957
5645578,2026-04-12T11:22:00+00:00,14250,51,51,,Orpington Station,Bus Open Data,245958
5667111,2026-04-12T12:47:00+00:00,14250,51,51,,Orpington Bus Station,Bus Open Data,245959
5670860,2026-04-12T13:06:00+00:00,14250,51,51,,Beresford Sq / Woolwich Arsenal Stn,Bus Open Data,245960
5699834,2026-04-12T14:19:00+00:00,14250,51,51,,Woolwich High Street,Bus Open Data,245961
5699867,2026-04-12T14:38:00+00:00,14250,51,51,,Orpington Station,Bus Open Data,245962
5718993,2026-04-12T15:53:00+00:00,14250,51,51,,Orpington Bus Station,Bus Open Data,245963
5719157,2026-04-12T16:08:00+00:00,14250,51,51,,Beresford Sq / Woolwich Arsenal Stn,Bus Open Data,245964
5737666,2026-04-12T17:27:00+00:00,14250,51,51,,Orpington Station,Bus Open Data,245966
5751789,2026-04-12T18:33:00+00:00,14250,51,51,,Morden Wharf Road,Bus Open Data,245967
5808986,2026-04-13T03:32:00+00:00,14250,51,51,,Woolwich High Street,Bus Open Data,342144
5809006,2026-04-13T03:45:00+00:00,14250,51,51,,Orpington Station,Bus Open Data,342145
5815858,2026-04-13T04:35:00+00:00,14250,51,51,,Orpington Bus Station,Bus Open Data,342146
5816169,2026-04-13T04:42:00+00:00,14250,51,51,,Beresford Sq / Woolwich Arsenal Stn,Bus Open Data,342147
5837992,2026-04-13T05:37:00+00:00,14250,51,51,,Woolwich High Street,Bus Open Data,342148
5840854,2026-04-13T05:55:00+00:00,14250,51,51,,Orpington Station,Bus Open Data,342149
5882429,2026-04-13T07:26:00+00:00,14250,51,51,,Orpington Bus Station,Bus Open Data,342150
5883083,2026-04-13T07:48:00+00:00,14250,51,51,,Beresford Sq / Woolwich Arsenal Stn,Bus Open Data,342151
5940182,2026-04-13T09:10:00+00:00,14250,51,51,,Woolwich High Street,Bus Open Data,342152
5933683,2026-04-13T09:30:00+00:00,14250,51,51,,Orpington Station,Bus Open Data,342153
5974999,2026-04-13T10:55:00+00:00,14250,51,51,,Orpington Bus Station,Bus Open Data,342154
5986860,2026-04-13T11:16:00+00:00,14250,51,51,,Beresford Sq / Woolwich Arsenal Stn,Bus Open Data,342155
6032862,2026-04-13T12:57:29+00:00,14250,51,51,,Orpington Station,Bus Open Data,
6032944,2026-04-13T12:58:00+00:00,14250,51,51,,Orpington Station,Bus Open Data,342157
6072894,2026-04-13T14:29:00+00:00,14250,51,51,,Orpington Bus Station,Bus Open Data,342158
6078681,2026-04-13T14:50:00+00:00,14250,51,51,,Beresford Sq / Woolwich Arsenal Stn,Bus Open Data,342159
6131898,2026-04-13T16:23:00+00:00,14250,51,51,,Woolwich High Street,Bus Open Data,342160
6131995,2026-04-13T16:46:00+00:00,14250,51,51,,Orpington Station,Bus Open Data,342161
6239790,2026-04-14T03:45:00+00:00,14250,51,51,,Beresford Sq / Woolwich Arsenal Stn,Bus Open Data,341930
6246362,2026-04-14T04:33:00+00:00,14250,51,51,,Woolwich High Street,Bus Open Data,341931
6246524,2026-04-14T04:42:00+00:00,14250,51,51,,Orpington Station,Bus Open Data,341932
6265471,2026-04-14T05:37:00+00:00,14250,51,51,,Orpington Bus Station,Bus Open Data,341933
6272641,2026-04-14T05:51:00+00:00,14250,51,51,,Beresford Sq / Woolwich Arsenal Stn,Bus Open Data,341934
6316612,2026-04-14T07:06:00+00:00,14250,51,51,,Woolwich High Street,Bus Open Data,341935
6316890,2026-04-14T07:31:00+00:00,14250,51,51,,Orpington Station,Bus Open Data,341936
6361619,2026-04-14T09:03:00+00:00,14250,51,51,,Orpington Bus Station,Bus Open Data,341937
6363603,2026-04-14T09:19:00+00:00,14250,51,51,,Beresford Sq / Woolwich Arsenal Stn,Bus Open Data,341938
6410568,2026-04-14T11:01:00+00:00,14250,51,51,,Orpington Station,Bus Open Data,341940
6448529,2026-04-14T12:28:00+00:00,14250,51,51,,Orpington Bus Station,Bus Open Data,341941
6456597,2026-04-14T12:45:00+00:00,14250,51,51,,Beresford Sq / Woolwich Arsenal Stn,Bus Open Data,341942
6491921,2026-04-14T14:08:00+00:00,14250,51,51,,Woolwich High Street,Bus Open Data,341943
6507650,2026-04-14T14:35:28+00:00,14250,51,51,,Woolwich High Street,Bus Open Data,
6498165,2026-04-14T14:36:00+00:00,14250,51,51,,Orpington Station,Bus Open Data,341944
6553467,2026-04-14T16:14:00+00:00,14250,51,51,,Orpington Bus Station,Bus Open Data,341945
6557306,2026-04-14T16:32:00+00:00,14250,51,51,,Beresford Sq / Woolwich Arsenal Stn,Bus Open Data,341946
6588278,2026-04-14T18:01:00+00:00,14250,51,51,,Woolwich High Street,Bus Open Data,341947
6595349,2026-04-14T18:18:00+00:00,14250,51,51,,Orpington Station,Bus Open Data,341948
6614785,2026-04-14T19:27:00+00:00,14250,51,51,,Orpington Bus Station,Bus Open Data,341949
6619142,2026-04-14T19:45:00+00:00,14250,51,51,,Beresford Sq / Woolwich Arsenal Stn,Bus Open Data,341950
6634989,2026-04-14T20:45:00+00:00,14250,51,51,,Woolwich High Street,Bus Open Data,341951
6635032,2026-04-14T21:00:00+00:00,14250,51,51,,Orpington Station,Bus Open Data,341952
7154512,2026-04-16T06:22:00+00:00,14231,291,291,,Queen Elizabeth Hospital / West Entrance,Bus Open Data,249976
7154619,2026-04-16T06:35:00+00:00,14231,291,291,,Queen Elizabeth Hospital / West Entrance,Bus Open Data,249977
7166824,2026-04-16T06:57:00+00:00,14231,291,291,,Queen Elizabeth Hospital / West Entrance,Bus Open Data,249978
7182383,2026-04-16T07:32:00+00:00,14231,291,291,,Queen Elizabeth Hospital / West Entrance,Bus Open Data,249979
7185299,2026-04-16T07:42:00+00:00,14231,291,291,,Garland Road Clinic,Bus Open Data,249980
7196168,2026-04-16T08:07:00+00:00,14231,291,291,,Queen Elizabeth Hospital / West Entrance,Bus Open Data,249981
7209401,2026-04-16T08:39:00+00:00,14231,291,291,,Queen Elizabeth Hospital / West Entrance,Bus Open Data,249982
7218777,2026-04-16T08:56:00+00:00,14231,291,291,,Garland Road Clinic,Bus Open Data,249983
7228620,2026-04-16T09:19:00+00:00,14231,291,291,,Queen Elizabeth Hospital / West Entrance,Bus Open Data,249984
7241730,2026-04-16T09:49:00+00:00,14231,291,291,,Queen Elizabeth Hospital / West Entrance,Bus Open Data,249985
7250959,2026-04-16T10:08:00+00:00,14231,291,291,,Garland Road Clinic,Bus Open Data,249986
7260315,2026-04-16T10:31:00+00:00,14231,291,291,,Queen Elizabeth Hospital / West Entrance,Bus Open Data,249987
7347930,2026-04-16T14:50:00+00:00,14231,291,291,,Garland Road Clinic,Bus Open Data,249998
7357102,2026-04-16T15:18:00+00:00,14231,291,291,,Queen Elizabeth Hospital / West Entrance,Bus Open Data,249999
7372226,2026-04-16T15:51:00+00:00,14231,291,291,,Queen Elizabeth Hospital / West Entrance,Bus Open Data,250000
7377414,2026-04-16T16:02:00+00:00,14231,291,291,,Garland Road Clinic,Bus Open Data,250001
7388249,2026-04-16T16:30:00+00:00,14231,291,291,,Queen Elizabeth Hospital / West Entrance,Bus Open Data,250002
7401655,2026-04-16T17:03:00+00:00,14231,291,291,,Queen Elizabeth Hospital / West Entrance,Bus Open Data,250003
7407170,2026-04-16T17:15:00+00:00,14231,291,291,,Garland Road Clinic,Bus Open Data,250004
7415905,2026-04-16T17:42:00+00:00,14231,291,291,,Queen Elizabeth Hospital / West Entrance,Bus Open Data,250005
7426489,2026-04-16T18:13:00+00:00,14231,291,291,,Queen Elizabeth Hospital / West Entrance,Bus Open Data,250006
7432418,2026-04-16T18:29:00+00:00,14231,291,291,,Garland Road Clinic,Bus Open Data,250007
7438220,2026-04-16T18:55:00+00:00,14231,291,291,,Queen Elizabeth Hospital / West Entrance,Bus Open Data,250008
7444737,2026-04-16T19:23:00+00:00,14231,291,291,,Charlton,Bus Open Data,250009
7521678,2026-04-17T05:30:00+00:00,14250,51,51,,Beresford Sq / Woolwich Arsenal Stn,Bus Open Data,342288
7556473,2026-04-17T06:35:00+00:00,14250,51,51,,Woolwich High Street,Bus Open Data,342289
7570614,2026-04-17T07:05:00+00:00,14250,51,51,,Orpington Station,Bus Open Data,342290
7609626,2026-04-17T08:45:00+00:00,14250,51,51,,Woolwich High Street,Bus Open Data,342291
7758629,2026-04-17T14:10:00+00:00,14250,51,51,,Orpington Station,Bus Open Data,342292
7800985,2026-04-17T15:53:00+00:00,14250,51,51,,Orpington Bus Station,Bus Open Data,342293
7806419,2026-04-17T16:06:00+00:00,14250,51,51,,Beresford Sq / Woolwich Arsenal Stn,Bus Open Data,342294
7841791,2026-04-17T17:38:00+00:00,14250,51,51,,Woolwich High Street,Bus Open Data,342295
7854238,2026-04-17T18:04:00+00:00,14250,51,51,,Orpington Station,Bus Open Data,342296
7874912,2026-04-17T19:19:00+00:00,14250,51,51,,Orpington Bus Station,Bus Open Data,342297
7877748,2026-04-17T19:30:00+00:00,14250,51,51,,Beresford Sq / Woolwich Arsenal Stn,Bus Open Data,342298
7892341,2026-04-17T20:32:00+00:00,14250,51,51,,Woolwich High Street,Bus Open Data,342299
7893710,2026-04-17T20:45:00+00:00,14250,51,51,,Orpington Station,Bus Open Data,342300
7905689,2026-04-17T21:43:00+00:00,14250,51,51,,Orpington Bus Station,Bus Open Data,342301
7909485,2026-04-17T22:00:00+00:00,14250,51,51,,Beresford Sq / Woolwich Arsenal Stn,Bus Open Data,342302
7917497,2026-04-17T22:51:00+00:00,14250,51,51,,Woolwich High Street,Bus Open Data,342303
7919297,2026-04-17T23:00:00+00:00,14250,51,51,,Orpington Station,Bus Open Data,342304
7924702,2026-04-17T23:49:00+00:00,14250,51,51,,Morden Wharf Road,Bus Open Data,342305
7989279,2026-04-18T07:42:00+00:00,14250,51,51,,Beresford Sq / Woolwich Arsenal Stn,Bus Open Data,165500
8016318,2026-04-18T08:45:00+00:00,14250,51,51,,Woolwich High Street,Bus Open Data,165501
8024196,2026-04-18T09:08:00+00:00,14250,51,51,,Orpington Station,Bus Open Data,165502
8063223,2026-04-18T10:40:00+00:00,14250,51,51,,Orpington Bus Station,Bus Open Data,165503
8071090,2026-04-18T11:04:00+00:00,14250,51,51,,Beresford Sq / Woolwich Arsenal Stn,Bus Open Data,165504
8109879,2026-04-18T12:33:00+00:00,14250,51,51,,Woolwich High Street,Bus Open Data,165505
8116479,2026-04-18T12:48:00+00:00,14250,51,51,,Orpington Station,Bus Open Data,165506
8323054,2026-04-19T04:41:00+00:00,14250,51,51,,Orpington Bus Station,Bus Open Data,245673
8323040,2026-04-19T05:15:00+00:00,14250,51,51,,Beresford Sq / Woolwich Arsenal Stn,Bus Open Data,245674
8329335,2026-04-19T06:06:00+00:00,14250,51,51,,Woolwich High Street,Bus Open Data,245675
8330668,2026-04-19T06:15:00+00:00,14250,51,51,,Orpington Station,Bus Open Data,245676
8340491,2026-04-19T07:13:00+00:00,14250,51,51,,Orpington Bus Station,Bus Open Data,245677
8344063,2026-04-19T07:35:00+00:00,14250,51,51,,Beresford Sq / Woolwich Arsenal Stn,Bus Open Data,245678
8355574,2026-04-19T08:31:00+00:00,14250,51,51,,Woolwich High Street,Bus Open Data,245679
8360194,2026-04-19T08:45:00+00:00,14250,51,51,,Orpington Station,Bus Open Data,245680
8379283,2026-04-19T09:54:00+00:00,14250,51,51,,Orpington Bus Station,Bus Open Data,245681
8379718,2026-04-19T10:06:00+00:00,14250,51,51,,Beresford Sq / Woolwich Arsenal Stn,Bus Open Data,245682
8399295,2026-04-19T11:18:00+00:00,14250,51,51,,Woolwich High Street,Bus Open Data,245683
8404036,2026-04-19T11:37:00+00:00,14250,51,51,,Orpington Station,Bus Open Data,245684
8426027,2026-04-19T13:02:00+00:00,14250,51,51,,Orpington Bus Station,Bus Open Data,245685
8428482,2026-04-19T13:22:00+00:00,14250,51,51,,Beresford Sq / Woolwich Arsenal Stn,Bus Open Data,245686
8449858,2026-04-19T14:34:00+00:00,14250,51,51,,Woolwich High Street,Bus Open Data,245687
8452908,2026-04-19T14:54:00+00:00,14250,51,51,,Orpington Station,Bus Open Data,245688
8472298,2026-04-19T16:07:00+00:00,14250,51,51,,Orpington Bus Station,Bus Open Data,245689
8476062,2026-04-19T16:23:00+00:00,14250,51,51,,Beresford Sq / Woolwich Arsenal Stn,Bus Open Data,245690
8490965,2026-04-19T17:28:00+00:00,14250,51,51,,Woolwich High Street,Bus Open Data,245691
8494520,2026-04-19T17:42:00+00:00,14250,51,51,,Orpington Station,Bus Open Data,245692
8508023,2026-04-19T18:47:00+00:00,14250,51,51,,Orpington Bus Station,Bus Open Data,245693
8508439,2026-04-19T18:56:00+00:00,14250,51,51,,Beresford Sq / Woolwich Arsenal Stn,Bus Open Data,245694
8520482,2026-04-19T19:52:00+00:00,14250,51,51,,Woolwich High Street,Bus Open Data,245695
8524730,2026-04-19T20:14:00+00:00,14250,51,51,,Orpington Station,Bus Open Data,245696
8534991,2026-04-19T21:10:00+00:00,14250,51,51,,Orpington Bus Station,Bus Open Data,245697
8535421,2026-04-19T21:30:00+00:00,14250,51,51,,Beresford Sq / Woolwich Arsenal Stn,Bus Open Data,245698
8545705,2026-04-19T22:17:00+00:00,14250,51,51,,Woolwich High Street,Bus Open Data,245699
8547139,2026-04-19T22:30:00+00:00,14250,51,51,,Orpington Station,Bus Open Data,245700
8553018,2026-04-19T23:20:00+00:00,14250,51,51,,Morden Wharf Road,Bus Open Data,245701
9421461,2026-04-22T03:32:00+00:00,14250,51,51,,Woolwich High Street,Bus Open Data,342144
9421536,2026-04-22T03:45:00+00:00,14250,51,51,,Orpington Station,Bus Open Data,342145
9428745,2026-04-22T04:35:00+00:00,14250,51,51,,Orpington Bus Station,Bus Open Data,342146
9429044,2026-04-22T04:42:00+00:00,14250,51,51,,Beresford Sq / Woolwich Arsenal Stn,Bus Open Data,342147
9447123,2026-04-22T05:37:00+00:00,14250,51,51,,Woolwich High Street,Bus Open Data,342148
9455965,2026-04-22T05:55:00+00:00,14250,51,51,,Orpington Station,Bus Open Data,342149
9499004,2026-04-22T07:26:00+00:00,14250,51,51,,Orpington Bus Station,Bus Open Data,342150
9504958,2026-04-22T07:48:00+00:00,14250,51,51,,Beresford Sq / Woolwich Arsenal Stn,Bus Open Data,342151
9539885,2026-04-22T09:10:00+00:00,14250,51,51,,Woolwich High Street,Bus Open Data,342152
9541389,2026-04-22T09:30:00+00:00,14250,51,51,,Orpington Station,Bus Open Data,342153
9890077,2026-04-23T06:16:00+00:00,14250,51,51,,Orpington Station,Bus Open Data,342187
9938482,2026-04-23T07:57:00+00:00,14250,51,51,,Orpington Bus Station,Bus Open Data,342188
9938908,2026-04-23T08:14:00+00:00,14250,51,51,,Beresford Sq / Woolwich Arsenal Stn,Bus Open Data,342189
9980418,2026-04-23T09:34:00+00:00,14250,51,51,,Woolwich High Street,Bus Open Data,342190
9994295,2026-04-23T09:56:00+00:00,14250,51,51,,Orpington Station,Bus Open Data,342191
10031806,2026-04-23T11:21:00+00:00,14250,51,51,,Orpington Bus Station,Bus Open Data,342192
10032296,2026-04-23T11:41:00+00:00,14250,51,51,,Beresford Sq / Woolwich Arsenal Stn,Bus Open Data,342193
10072678,2026-04-23T13:01:00+00:00,14250,51,51,,Woolwich High Street,Bus Open Data,342194
10073518,2026-04-23T13:24:00+00:00,14250,51,51,,Orpington Station,Bus Open Data,342195
10129139,2026-04-23T14:59:00+00:00,14250,51,51,,Orpington Bus Station,Bus Open Data,342196
10135231,2026-04-23T15:14:00+00:00,14250,51,51,,Beresford Sq / Woolwich Arsenal Stn,Bus Open Data,342197
10174734,2026-04-23T16:48:00+00:00,14250,51,51,,Woolwich High Street,Bus Open Data,342198
10183212,2026-04-23T17:12:00+00:00,14250,51,51,,Orpington Station,Bus Open Data,342199
10212462,2026-04-23T18:41:00+00:00,14250,51,51,,Orpington Bus Station,Bus Open Data,342200
10218055,2026-04-23T18:54:00+00:00,14250,51,51,,Beresford Sq / Woolwich Arsenal Stn,Bus Open Data,342201
10232325,2026-04-23T19:59:00+00:00,14250,51,51,,Woolwich High Street,Bus Open Data,342202
10233049,2026-04-23T20:15:00+00:00,14250,51,51,,Orpington Station,Bus Open Data,342203
10249188,2026-04-23T21:15:00+00:00,14250,51,51,,Orpington Bus Station,Bus Open Data,342204
10251409,2026-04-23T21:30:00+00:00,14250,51,51,,Beresford Sq / Woolwich Arsenal Stn,Bus Open Data,342205
10260475,2026-04-23T22:21:00+00:00,14250,51,51,,Woolwich High Street,Bus Open Data,342206
10262576,2026-04-23T22:30:00+00:00,14250,51,51,,Orpington Station,Bus Open Data,342207
10282430,2026-04-24T04:02:00+00:00,14250,51,51,,Woolwich High Street,Bus Open Data,269086
10282817,2026-04-24T04:15:00+00:00,14250,51,51,,Orpington Station,Bus Open Data,269087
10294417,2026-04-24T05:08:00+00:00,14250,51,51,,Orpington Bus Station,Bus Open Data,269088
10296749,2026-04-24T05:18:00+00:00,14250,51,51,,Beresford Sq / Woolwich Arsenal Stn,Bus Open Data,269089
10324991,2026-04-24T06:19:00+00:00,14250,51,51,,Woolwich High Street,Bus Open Data,269090
10334643,2026-04-24T06:39:00+00:00,14250,51,51,,Orpington Station,Bus Open Data,269091
10376843,2026-04-24T08:24:00+00:00,14250,51,51,,Orpington Bus Station,Bus Open Data,269092
10386150,2026-04-24T08:40:00+00:00,14250,51,51,,Beresford Sq / Woolwich Arsenal Stn,Bus Open Data,269093
10415648,2026-04-24T09:58:00+00:00,14250,51,51,,Woolwich High Street,Bus Open Data,269094
10431091,2026-04-24T10:22:00+00:00,14250,51,51,,Orpington Station,Bus Open Data,269095
10467008,2026-04-24T11:48:00+00:00,14250,51,51,,Orpington Bus Station,Bus Open Data,269096
10479418,2026-04-24T12:07:00+00:00,14250,51,51,,Beresford Sq / Woolwich Arsenal Stn,Bus Open Data,269097
10513468,2026-04-24T13:27:00+00:00,14250,51,51,,Woolwich High Street,Bus Open Data,269098
10521657,2026-04-24T13:45:00+00:00,14250,51,51,,Orpington Station,Bus Open Data,269099
10563061,2026-04-24T15:28:00+00:00,14250,51,51,,Orpington Bus Station,Bus Open Data,269100
10569808,2026-04-24T15:40:00+00:00,14250,51,51,,Beresford Sq / Woolwich Arsenal Stn,Bus Open Data,269101
10603259,2026-04-24T17:13:00+00:00,14250,51,51,,Woolwich High Street,Bus Open Data,269102
10616339,2026-04-24T17:38:00+00:00,14250,51,51,,Orpington Station,Bus Open Data,269103
10641373,2026-04-24T18:58:00+00:00,14250,51,51,,Orpington Bus Station,Bus Open Data,269104
10644525,2026-04-24T19:18:00+00:00,14250,51,51,,Beresford Sq / Woolwich Arsenal Stn,Bus Open Data,269105
10660568,2026-04-24T20:21:00+00:00,14250,51,51,,Morden Wharf Road,Bus Open Data,269106
10702299,2026-04-25T02:58:00+00:00,14250,51,51,,Orpington Bus Station,Bus Open Data,131437
10702220,2026-04-25T03:30:00+00:00,14250,51,51,,Beresford Sq / Woolwich Arsenal Stn,Bus Open Data,131438
10705627,2026-04-25T04:14:00+00:00,14250,51,51,,Woolwich High Street,Bus Open Data,131439
10707712,2026-04-25T04:30:00+00:00,14250,51,51,,Orpington Station,Bus Open Data,131440
10716182,2026-04-25T05:18:00+00:00,14250,51,51,,Orpington Bus Station,Bus Open Data,131441
10716703,2026-04-25T05:30:00+00:00,14250,51,51,,Beresford Sq / Woolwich Arsenal Stn,Bus Open Data,131442
10731231,2026-04-25T06:20:00+00:00,14250,51,51,,Woolwich High Street,Bus Open Data,131443
10734552,2026-04-25T06:30:00+00:00,14250,51,51,,Orpington Station,Bus Open Data,131444
10754540,2026-04-25T07:33:00+00:00,14250,51,51,,Orpington Bus Station,Bus Open Data,131445
10755605,2026-04-25T07:52:00+00:00,14250,51,51,,Beresford Sq / Woolwich Arsenal Stn,Bus Open Data,131446
10789723,2026-04-25T08:58:00+00:00,14250,51,51,,Woolwich High Street,Bus Open Data,131447
10799769,2026-04-25T09:21:00+00:00,14250,51,51,,Orpington Station,Bus Open Data,131448
10836324,2026-04-25T10:57:00+00:00,14250,51,51,,Orpington Bus Station,Bus Open Data,131449
10847392,2026-04-25T11:17:00+00:00,14250,51,51,,Beresford Sq / Woolwich Arsenal Stn,Bus Open Data,131450
10884583,2026-04-25T12:46:00+00:00,14250,51,51,,Woolwich High Street,Bus Open Data,131451
10890984,2026-04-25T13:01:00+00:00,14250,51,51,,Orpington Station,Bus Open Data,131452
10926840,2026-04-25T14:35:00+00:00,14250,51,51,,Orpington Bus Station,Bus Open Data,131453
10935154,2026-04-25T14:58:00+00:00,14250,51,51,,Beresford Sq / Woolwich Arsenal Stn,Bus Open Data,131454
10970224,2026-04-25T16:18:00+00:00,14250,51,51,,Morden Wharf Road,Bus Open Data,131455
11089989,2026-04-26T05:27:13+00:00,14231,291,291,,Queen Elizabeth Hospital / West Entrance,Bus Open Data,
11090005,2026-04-26T05:30:00+00:00,14231,291,291,,Garland Road Clinic,Bus Open Data,192664
11092161,2026-04-26T05:45:00+00:00,14231,291,291,,Queen Elizabeth Hospital / West Entrance,Bus Open Data,192665
11096707,2026-04-26T06:07:00+00:00,14231,291,291,,Queen Elizabeth Hospital / West Entrance,Bus Open Data,192666
11096759,2026-04-26T06:29:00+00:00,14231,291,291,,Garland Road Clinic,Bus Open Data,192667
11101132,2026-04-26T06:45:00+00:00,14231,291,291,,Queen Elizabeth Hospital / West Entrance,Bus Open Data,192668
11105830,2026-04-26T07:07:00+00:00,14231,291,291,,Queen Elizabeth Hospital / West Entrance,Bus Open Data,192669
11105887,2026-04-26T07:18:00+00:00,14231,291,291,,Garland Road Clinic,Bus Open Data,192670
11111108,2026-04-26T07:35:00+00:00,14231,291,291,,Queen Elizabeth Hospital / West Entrance,Bus Open Data,192671
11117571,2026-04-26T07:57:00+00:00,14231,291,291,,Queen Elizabeth Hospital / West Entrance,Bus Open Data,192672
11117614,2026-04-26T08:12:00+00:00,14231,291,291,,Garland Road Clinic,Bus Open Data,192673
11124415,2026-04-26T08:30:00+00:00,14231,291,291,,Queen Elizabeth Hospital / West Entrance,Bus Open Data,192674
11131375,2026-04-26T08:55:00+00:00,14231,291,291,,Queen Elizabeth Hospital / West Entrance,Bus Open Data,192675
11131413,2026-04-26T09:11:00+00:00,14231,291,291,,Garland Road Clinic,Bus Open Data,192676
11138303,2026-04-26T09:30:00+00:00,14231,291,291,,Queen Elizabeth Hospital / West Entrance,Bus Open Data,192677
11145914,2026-04-26T10:08:00+00:00,14231,291,291,,Garland Road Clinic,Bus Open Data,192679
11153498,2026-04-26T10:30:00+00:00,14231,291,291,,Queen Elizabeth Hospital / West Entrance,Bus Open Data,192680
11161399,2026-04-26T10:58:00+00:00,14231,291,291,,Queen Elizabeth Hospital / West Entrance,Bus Open Data,192681
11161433,2026-04-26T11:22:00+00:00,14231,291,291,,Garland Road Clinic,Bus Open Data,192682
11169304,2026-04-26T11:45:00+00:00,14231,291,291,,Queen Elizabeth Hospital / West Entrance,Bus Open Data,192683
11176978,2026-04-26T12:14:00+00:00,14231,291,291,,Queen Elizabeth Hospital / West Entrance,Bus Open Data,192684
11177024,2026-04-26T12:37:00+00:00,14231,291,291,,Garland Road Clinic,Bus Open Data,192685
11192568,2026-04-26T13:00:00+00:00,14231,291,291,,Queen Elizabeth Hospital / West Entrance,Bus Open Data,192686
11204202,2026-04-26T13:52:00+00:00,14231,291,291,,Garland Road Clinic,Bus Open Data,192688
11208041,2026-04-26T14:15:00+00:00,14231,291,291,,Queen Elizabeth Hospital / West Entrance,Bus Open Data,192689
11215486,2026-04-26T14:43:00+00:00,14231,291,291,,Queen Elizabeth Hospital / West Entrance,Bus Open Data,192690
11219622,2026-04-26T15:07:00+00:00,14231,291,291,,Garland Road Clinic,Bus Open Data,192691
11225927,2026-04-26T15:30:00+00:00,14231,291,291,,Queen Elizabeth Hospital / West Entrance,Bus Open Data,192692
11232184,2026-04-26T15:58:00+00:00,14231,291,291,,Queen Elizabeth Hospital / West Entrance,Bus Open Data,192693
11237039,2026-04-26T16:19:00+00:00,14231,291,291,,Garland Road Clinic,Bus Open Data,192694
11242384,2026-04-26T16:42:00+00:00,14231,291,291,,Queen Elizabeth Hospital / West Entrance,Bus Open Data,192695
11249041,2026-04-26T17:09:00+00:00,14231,291,291,,Morden Wharf Road,Bus Open Data,192696
11323825,2026-04-27T03:13:00+00:00,14250,51,51,,Orpington Bus Station,Bus Open Data,268779
11323893,2026-04-27T03:45:00+00:00,14250,51,51,,Beresford Sq / Woolwich Arsenal Stn,Bus Open Data,268780
11331486,2026-04-27T04:33:00+00:00,14250,51,51,,Woolwich High Street,Bus Open Data,268781
11331911,2026-04-27T04:42:00+00:00,14250,51,51,,Orpington Station,Bus Open Data,268782
11349986,2026-04-27T05:37:00+00:00,14250,51,51,,Orpington Bus Station,Bus Open Data,268783
11356492,2026-04-27T05:51:00+00:00,14250,51,51,,Beresford Sq / Woolwich Arsenal Stn,Bus Open Data,268784
11392480,2026-04-27T07:06:00+00:00,14250,51,51,,Woolwich High Street,Bus Open Data,268785
11402469,2026-04-27T07:31:00+00:00,14250,51,51,,Orpington Station,Bus Open Data,268786
11443749,2026-04-27T09:03:00+00:00,14250,51,51,,Orpington Bus Station,Bus Open Data,268787
11450541,2026-04-27T09:19:00+00:00,14250,51,51,,Beresford Sq / Woolwich Arsenal Stn,Bus Open Data,268788
11483578,2026-04-27T10:35:00+00:00,14250,51,51,,Woolwich High Street,Bus Open Data,268789
11524455,2026-04-27T12:28:00+00:00,14250,51,51,,Orpington Bus Station,Bus Open Data,268791
11532275,2026-04-27T12:45:00+00:00,14250,51,51,,Beresford Sq / Woolwich Arsenal Stn,Bus Open Data,268792
11565628,2026-04-27T14:08:00+00:00,14250,51,51,,Woolwich High Street,Bus Open Data,268793
11582576,2026-04-27T14:36:00+00:00,14250,51,51,,Orpington Station,Bus Open Data,268794
11621981,2026-04-27T16:14:00+00:00,14250,51,51,,Orpington Bus Station,Bus Open Data,268795
11633198,2026-04-27T16:32:00+00:00,14250,51,51,,Beresford Sq / Woolwich Arsenal Stn,Bus Open Data,268796
11664255,2026-04-27T18:01:00+00:00,14250,51,51,,Woolwich High Street,Bus Open Data,268797
11666417,2026-04-27T18:18:00+00:00,14250,51,51,,Orpington Station,Bus Open Data,268798
11692535,2026-04-27T19:27:00+00:00,14250,51,51,,Orpington Bus Station,Bus Open Data,268799
11694631,2026-04-27T19:45:00+00:00,14250,51,51,,Beresford Sq / Woolwich Arsenal Stn,Bus Open Data,268800
11708395,2026-04-27T20:45:00+00:00,14250,51,51,,Woolwich High Street,Bus Open Data,268801
11710362,2026-04-27T21:00:00+00:00,14250,51,51,,Orpington Station,Bus Open Data,268802
11722405,2026-04-27T21:57:00+00:00,14250,51,51,,Orpington Bus Station,Bus Open Data,268803
11725447,2026-04-27T22:15:00+00:00,14250,51,51,,Beresford Sq / Woolwich Arsenal Stn,Bus Open Data,268804
11733470,2026-04-27T23:05:00+00:00,14250,51,51,,Woolwich High Street,Bus Open Data,268805
11733806,2026-04-27T23:15:00+00:00,14250,51,51,,Orpington Station,Bus Open Data,268806
11738265,2026-04-28T00:02:00+00:00,14250,51,51,,Morden Wharf Road,Bus Open Data,268807
11787062,2026-04-28T06:07:00+00:00,14250,51,51,,Beresford Sq / Woolwich Arsenal Stn,Bus Open Data,268828
11786967,2026-04-28T06:08:46+00:00,14250,51,51,,Orpington Bus Station,Bus Open Data,
12155914,2026-04-29T03:26:00+00:00,14250,51,51,,Orpington Bus Station,Bus Open Data,268877
12155977,2026-04-29T04:00:00+00:00,14250,51,51,,Beresford Sq / Woolwich Arsenal Stn,Bus Open Data,268878
12165314,2026-04-29T04:49:00+00:00,14250,51,51,,Woolwich High Street,Bus Open Data,268879
12166495,2026-04-29T05:02:00+00:00,14250,51,51,,Orpington Station,Bus Open Data,268880
12192753,2026-04-29T06:05:00+00:00,14250,51,51,,Orpington Bus Station,Bus Open Data,268881
12194899,2026-04-29T06:30:00+00:00,14250,51,51,,Beresford Sq / Woolwich Arsenal Stn,Bus Open Data,268882
12249870,2026-04-29T08:04:00+00:00,14250,51,51,,Woolwich High Street,Bus Open Data,268883
12252049,2026-04-29T08:24:00+00:00,14250,51,51,,Orpington Station,Bus Open Data,268884
12292194,2026-04-29T09:51:00+00:00,14250,51,51,,Orpington Bus Station,Bus Open Data,268885
12304816,2026-04-29T10:11:00+00:00,14250,51,51,,Beresford Sq / Woolwich Arsenal Stn,Bus Open Data,268886
12335143,2026-04-29T11:28:00+00:00,14250,51,51,,Woolwich High Street,Bus Open Data,268887
12349993,2026-04-29T11:53:00+00:00,14250,51,51,,Orpington Station,Bus Open Data,268888
12387804,2026-04-29T13:20:00+00:00,14250,51,51,,Orpington Bus Station,Bus Open Data,268889
12394940,2026-04-29T13:34:00+00:00,14250,51,51,,Beresford Sq / Woolwich Arsenal Stn,Bus Open Data,268890
12438890,2026-04-29T15:02:00+00:00,14250,51,51,,Woolwich High Street,Bus Open Data,268891
12445735,2026-04-29T15:28:00+00:00,14250,51,51,,Orpington Station,Bus Open Data,268892
12482714,2026-04-29T17:06:00+00:00,14250,51,51,,Orpington Bus Station,Bus Open Data,268893
12493232,2026-04-29T17:24:00+00:00,14250,51,51,,Beresford Sq / Woolwich Arsenal Stn,Bus Open Data,268894
12516427,2026-04-29T18:47:00+00:00,14250,51,51,,Woolwich High Street,Bus Open Data,268895
12517115,2026-04-29T19:06:00+00:00,14250,51,51,,Orpington Station,Bus Open Data,268896
12539798,2026-04-29T20:07:00+00:00,14250,51,51,,Morden Wharf Road,Bus Open Data,268897
12585124,2026-04-30T03:02:00+00:00,14250,51,51,,Woolwich High Street,Bus Open Data,268915
12585128,2026-04-30T03:15:00+00:00,14250,51,51,,Orpington Station,Bus Open Data,268916
12588818,2026-04-30T04:04:00+00:00,14250,51,51,,Orpington Bus Station,Bus Open Data,268917
12590428,2026-04-30T04:15:00+00:00,14250,51,51,,Beresford Sq / Woolwich Arsenal Stn,Bus Open Data,268918
12601533,2026-04-30T05:06:00+00:00,14250,51,51,,Woolwich High Street,Bus Open Data,268919
12607040,2026-04-30T05:20:00+00:00,14250,51,51,,Orpington Station,Bus Open Data,268920
12638393,2026-04-30T06:33:00+00:00,14250,51,51,,Orpington Bus Station,Bus Open Data,268921
12639015,2026-04-30T06:56:00+00:00,14250,51,51,,Beresford Sq / Woolwich Arsenal Stn,Bus Open Data,268922
12687788,2026-04-30T08:28:00+00:00,14250,51,51,,Woolwich High Street,Bus Open Data,268923
12700230,2026-04-30T08:51:00+00:00,14250,51,51,,Orpington Station,Bus Open Data,268924
12734336,2026-04-30T10:17:00+00:00,14250,51,51,,Orpington Bus Station,Bus Open Data,268925
12744360,2026-04-30T10:37:00+00:00,14250,51,51,,Beresford Sq / Woolwich Arsenal Stn,Bus Open Data,268926
12778804,2026-04-30T11:54:00+00:00,14250,51,51,,Woolwich High Street,Bus Open Data,268927
12793483,2026-04-30T12:19:00+00:00,14250,51,51,,Orpington Station,Bus Open Data,268928
12830352,2026-04-30T13:47:00+00:00,14250,51,51,,Orpington Bus Station,Bus Open Data,268929
12839536,2026-04-30T13:59:00+00:00,14250,51,51,,Beresford Sq / Woolwich Arsenal Stn,Bus Open Data,268930
12879914,2026-04-30T15:30:00+00:00,14250,51,51,,Woolwich High Street,Bus Open Data,268931
12888351,2026-04-30T15:54:00+00:00,14250,51,51,,Orpington Station,Bus Open Data,268932
12928382,2026-04-30T17:31:00+00:00,14250,51,51,,Orpington Bus Station,Bus Open Data,268933
12929835,2026-04-30T17:50:00+00:00,14250,51,51,,Beresford Sq / Woolwich Arsenal Stn,Bus Open Data,268934
12955489,2026-04-30T19:07:00+00:00,14250,51,51,,Woolwich High Street,Bus Open Data,268935
12960315,2026-04-30T19:18:00+00:00,14250,51,51,,Orpington Station,Bus Open Data,268936
12976438,2026-04-30T20:19:00+00:00,14250,51,51,,Orpington Bus Station,Bus Open Data,268937
12976623,2026-04-30T20:30:00+00:00,14250,51,51,,Beresford Sq / Woolwich Arsenal Stn,Bus Open Data,268938
12987378,2026-04-30T21:26:00+00:00,14250,51,51,,Woolwich High Street,Bus Open Data,268939
12992408,2026-04-30T21:45:00+00:00,14250,51,51,,Orpington Station,Bus Open Data,268940
13002241,2026-04-30T22:40:00+00:00,14250,51,51,,Orpington Bus Station,Bus Open Data,268941
13004809,2026-04-30T23:00:00+00:00,14250,51,51,,Beresford Sq / Woolwich Arsenal Stn,Bus Open Data,268942
13009617,2026-04-30T23:45:00+00:00,14250,51,51,,Woolwich High Street,Bus Open Data,268943
13009738,2026-05-01T00:00:00+00:00,14250,51,51,,Orpington Station,Bus Open Data,268944
13012754,2026-05-01T00:46:00+00:00,14250,51,51,,Morden Wharf Road,Bus Open Data,268945
13018429,2026-05-01T03:13:00+00:00,14250,51,51,,Orpington Bus Station,Bus Open Data,268779
13018444,2026-05-01T03:45:00+00:00,14250,51,51,,Beresford Sq / Woolwich Arsenal Stn,Bus Open Data,268780
13024962,2026-05-01T04:33:00+00:00,14250,51,51,,Woolwich High Street,Bus Open Data,268781
13027137,2026-05-01T04:42:00+00:00,14250,51,51,,Orpington Station,Bus Open Data,268782
13044582,2026-05-01T05:37:00+00:00,14250,51,51,,Orpington Bus Station,Bus Open Data,268783
13046361,2026-05-01T05:51:00+00:00,14250,51,51,,Beresford Sq / Woolwich Arsenal Stn,Bus Open Data,268784
13086287,2026-05-01T07:06:00+00:00,14250,51,51,,Woolwich High Street,Bus Open Data,268785
13097166,2026-05-01T07:31:00+00:00,14250,51,51,,Orpington Station,Bus Open Data,268786
13139520,2026-05-01T09:03:00+00:00,14250,51,51,,Orpington Bus Station,Bus Open Data,268787
13143769,2026-05-01T09:19:00+00:00,14250,51,51,,Beresford Sq / Woolwich Arsenal Stn,Bus Open Data,268788
13176900,2026-05-01T10:35:00+00:00,14250,51,51,,Woolwich High Street,Bus Open Data,268789
13190164,2026-05-01T11:01:00+00:00,14250,51,51,,Orpington Station,Bus Open Data,268790
13228865,2026-05-01T12:28:00+00:00,14250,51,51,,Orpington Bus Station,Bus Open Data,268791
13234434,2026-05-01T12:45:00+00:00,14250,51,51,,Beresford Sq / Woolwich Arsenal Stn,Bus Open Data,268792
13269566,2026-05-01T14:08:00+00:00,14250,51,51,,Woolwich High Street,Bus Open Data,268793
13271065,2026-05-01T14:36:00+00:00,14250,51,51,,Orpington Station,Bus Open Data,268794
13329504,2026-05-01T16:14:00+00:00,14250,51,51,,Orpington Bus Station,Bus Open Data,268795
13335346,2026-05-01T16:32:00+00:00,14250,51,51,,Beresford Sq / Woolwich Arsenal Stn,Bus Open Data,268796
13366957,2026-05-01T18:01:00+00:00,14250,51,51,,Woolwich High Street,Bus Open Data,268797
13373298,2026-05-01T18:18:00+00:00,14250,51,51,,Orpington Station,Bus Open Data,268798
13394168,2026-05-01T19:27:00+00:00,14250,51,51,,Orpington Bus Station,Bus Open Data,268799
13395763,2026-05-01T19:45:00+00:00,14250,51,51,,Beresford Sq / Woolwich Arsenal Stn,Bus Open Data,268800
13409358,2026-05-01T20:45:00+00:00,14250,51,51,,Woolwich High Street,Bus Open Data,268801
13411461,2026-05-01T21:00:00+00:00,14250,51,51,,Orpington Station,Bus Open Data,268802
13425292,2026-05-01T21:57:00+00:00,14250,51,51,,Orpington Bus Station,Bus Open Data,268803
13425992,2026-05-01T22:15:00+00:00,14250,51,51,,Beresford Sq / Woolwich Arsenal Stn,Bus Open Data,268804
13435122,2026-05-01T23:05:00+00:00,14250,51,51,,Woolwich High Street,Bus Open Data,268805
13436060,2026-05-01T23:15:00+00:00,14250,51,51,,Orpington Station,Bus Open Data,268806
13440702,2026-05-02T00:02:00+00:00,14250,51,51,,Morden Wharf Road,Bus Open Data,268807
13774793,2026-05-02T18:33:00+00:00,14250,51,51,,Woolwich High Street,Bus Open Data,131731
13774691,2026-05-02T18:47:00+00:00,14250,51,51,,Orpington Station,Bus Open Data,131732
13788961,2026-05-02T19:54:00+00:00,14250,51,51,,Orpington Bus Station,Bus Open Data,131733
13790456,2026-05-02T20:15:00+00:00,14250,51,51,,Beresford Sq / Woolwich Arsenal Stn,Bus Open Data,131734
13802273,2026-05-02T21:10:00+00:00,14250,51,51,,Woolwich High Street,Bus Open Data,131735
13802627,2026-05-02T21:30:00+00:00,14250,51,51,,Orpington Station,Bus Open Data,131736
13878512,2026-05-03T09:26:00+00:00,14250,51,51,,Woolwich High Street,Bus Open Data,209343
13892021,2026-05-03T09:42:00+00:00,14250,51,51,,Orpington Station,Bus Open Data,209344
13891982,2026-05-03T09:43:42+00:00,14250,51,51,,Orpington Station,Bus Open Data,
13911120,2026-05-03T10:58:00+00:00,14250,51,51,,Orpington Bus Station,Bus Open Data,209345
13916200,2026-05-03T11:21:00+00:00,14250,51,51,,Beresford Sq / Woolwich Arsenal Stn,Bus Open Data,209346
13934590,2026-05-03T12:36:00+00:00,14250,51,51,,Woolwich High Street,Bus Open Data,209347
13939448,2026-05-03T12:52:00+00:00,14250,51,51,,Orpington Station,Bus Open Data,209348
13962540,2026-05-03T14:13:00+00:00,14250,51,51,,Orpington Bus Station,Bus Open Data,209349
13962711,2026-05-03T14:37:00+00:00,14250,51,51,,Beresford Sq / Woolwich Arsenal Stn,Bus Open Data,209350
14087904,2026-05-04T05:11:00+00:00,14250,51,51,,Orpington Bus Station,Bus Open Data,209314
14087932,2026-05-04T05:45:00+00:00,14250,51,51,,Beresford Sq / Woolwich Arsenal Stn,Bus Open Data,209315
14096311,2026-05-04T06:37:00+00:00,14250,51,51,,Woolwich High Street,Bus Open Data,209316
14096592,2026-05-04T06:55:00+00:00,14250,51,51,,Orpington Station,Bus Open Data,209317
14111645,2026-05-04T07:54:00+00:00,14250,51,51,,Orpington Bus Station,Bus Open Data,209318
14112077,2026-05-04T08:15:00+00:00,14250,51,51,,Beresford Sq / Woolwich Arsenal Stn,Bus Open Data,209319
14131119,2026-05-04T09:15:00+00:00,14250,51,51,,Woolwich High Street,Bus Open Data,209320
14134696,2026-05-04T09:27:00+00:00,14250,51,51,,Orpington Station,Bus Open Data,209321
14156331,2026-05-04T10:42:00+00:00,14250,51,51,,Orpington Bus Station,Bus Open Data,209322
14160288,2026-05-04T11:06:00+00:00,14250,51,51,,Beresford Sq / Woolwich Arsenal Stn,Bus Open Data,209323
14180836,2026-05-04T12:21:00+00:00,14250,51,51,,Woolwich High Street,Bus Open Data,209324
14184717,2026-05-04T12:37:00+00:00,14250,51,51,,Orpington Station,Bus Open Data,209325
14205013,2026-05-04T13:59:00+00:00,14250,51,51,,Orpington Bus Station,Bus Open Data,209326
14211109,2026-05-04T14:22:00+00:00,14250,51,51,,Beresford Sq / Woolwich Arsenal Stn,Bus Open Data,209327
14230156,2026-05-04T15:32:00+00:00,14250,51,51,,Woolwich High Street,Bus Open Data,209328
14235522,2026-05-04T15:55:00+00:00,14250,51,51,,Orpington Station,Bus Open Data,209329
14253495,2026-05-04T17:06:00+00:00,14250,51,51,,Orpington Bus Station,Bus Open Data,209330
14257720,2026-05-04T17:25:00+00:00,14250,51,51,,Beresford Sq / Woolwich Arsenal Stn,Bus Open Data,209331
14269683,2026-05-04T18:24:00+00:00,14250,51,51,,Woolwich High Street,Bus Open Data,209332
14270075,2026-05-04T18:43:00+00:00,14250,51,51,,Orpington Station,Bus Open Data,209333
14285064,2026-05-04T19:44:00+00:00,14250,51,51,,Orpington Bus Station,Bus Open Data,209334
14285424,2026-05-04T19:57:00+00:00,14250,51,51,,Beresford Sq / Woolwich Arsenal Stn,Bus Open Data,209335
14296867,2026-05-04T20:48:00+00:00,14250,51,51,,Woolwich High Street,Bus Open Data,209336
14299016,2026-05-04T21:00:00+00:00,14250,51,51,,Orpington Station,Bus Open Data,209337
14308238,2026-05-04T21:54:00+00:00,14250,51,51,,Orpington Bus Station,Bus Open Data,209338
14312981,2026-05-04T22:15:00+00:00,14250,51,51,,Beresford Sq / Woolwich Arsenal Stn,Bus Open Data,209339
14318859,2026-05-04T23:02:00+00:00,14250,51,51,,Woolwich High Street,Bus Open Data,209340
14320182,2026-05-04T23:15:00+00:00,14250,51,51,,Orpington Station,Bus Open Data,209341
14323568,2026-05-05T00:03:00+00:00,14250,51,51,,Morden Wharf Road,Bus Open Data,209342
14350444,2026-05-05T05:16:00+00:00,14250,51,51,,Orpington Bus Station,Bus Open Data,268808
14367782,2026-05-05T05:59:00+00:00,14250,51,51,,Beresford Sq / Woolwich Arsenal Stn,Bus Open Data,268809
14407989,2026-05-05T07:21:00+00:00,14250,51,51,,Woolwich High Street,Bus Open Data,268810
14410486,2026-05-05T07:44:00+00:00,14250,51,51,,Orpington Station,Bus Open Data,268811
14450518,2026-05-05T09:14:00+00:00,14250,51,51,,Orpington Bus Station,Bus Open Data,268812
14461599,2026-05-05T09:32:00+00:00,14250,51,51,,Beresford Sq / Woolwich Arsenal Stn,Bus Open Data,268813
14496318,2026-05-05T10:48:00+00:00,14250,51,51,,Woolwich High Street,Bus Open Data,268814
14508095,2026-05-05T11:14:00+00:00,14250,51,51,,Orpington Station,Bus Open Data,268815
14545877,2026-05-05T12:41:00+00:00,14250,51,51,,Orpington Bus Station,Bus Open Data,268816
14548724,2026-05-05T12:58:00+00:00,14250,51,51,,Beresford Sq / Woolwich Arsenal Stn,Bus Open Data,268817
14589596,2026-05-05T14:22:00+00:00,14250,51,51,,Woolwich High Street,Bus Open Data,268818
14604209,2026-05-05T14:49:00+00:00,14250,51,51,,Orpington Station,Bus Open Data,268819
14644820,2026-05-05T16:26:00+00:00,14250,51,51,,Orpington Bus Station,Bus Open Data,268820
14648502,2026-05-05T16:45:00+00:00,14250,51,51,,Beresford Sq / Woolwich Arsenal Stn,Bus Open Data,268821
14684346,2026-05-05T18:12:00+00:00,14250,51,51,,Woolwich High Street,Bus Open Data,268822
14688054,2026-05-05T18:30:00+00:00,14250,51,51,,Orpington Station,Bus Open Data,268823
14709927,2026-05-05T19:35:00+00:00,14250,51,51,,Morden Wharf Road,Bus Open Data,268824
14726571,2026-05-05T20:45:00+00:00,14250,51,51,,Orpington Station,Bus Open Data,269150
14741445,2026-05-05T22:00:00+00:00,14250,51,51,,Beresford Sq / Woolwich Arsenal Stn,Bus Open Data,269152
14748095,2026-05-05T22:51:00+00:00,14250,51,51,,Woolwich High Street,Bus Open Data,269153
14750071,2026-05-05T23:00:00+00:00,14250,51,51,,Orpington Station,Bus Open Data,269154
14754610,2026-05-05T23:49:00+00:00,14250,51,51,,Morden Wharf Road,Bus Open Data,269155
14791909,2026-05-06T05:31:00+00:00,14250,51,51,,Woolwich High Street,Bus Open Data,268971
14795851,2026-05-06T05:47:00+00:00,14250,51,51,,Orpington Station,Bus Open Data,268972
14832262,2026-05-06T07:13:00+00:00,14250,51,51,,Orpington Bus Station,Bus Open Data,268973
14837388,2026-05-06T07:35:00+00:00,14250,51,51,,Beresford Sq / Woolwich Arsenal Stn,Bus Open Data,268974
14877314,2026-05-06T08:58:00+00:00,14250,51,51,,Woolwich High Street,Bus Open Data,268975
14880059,2026-05-06T09:17:00+00:00,14250,51,51,,Orpington Station,Bus Open Data,268976
14924193,2026-05-06T10:42:00+00:00,14250,51,51,,Orpington Bus Station,Bus Open Data,268977
14927660,2026-05-06T11:03:00+00:00,14250,51,51,,Beresford Sq / Woolwich Arsenal Stn,Bus Open Data,268978
14969013,2026-05-06T12:20:00+00:00,14250,51,51,,Woolwich High Street,Bus Open Data,268979
14982211,2026-05-06T12:45:00+00:00,14250,51,51,,Orpington Station,Bus Open Data,268980
15020592,2026-05-06T14:15:00+00:00,14250,51,51,,Orpington Bus Station,Bus Open Data,268981
15027070,2026-05-06T14:24:00+00:00,14250,51,51,,Beresford Sq / Woolwich Arsenal Stn,Bus Open Data,268982
15063737,2026-05-06T15:57:00+00:00,14250,51,51,,Woolwich High Street,Bus Open Data,268983
15079059,2026-05-06T16:20:00+00:00,14250,51,51,,Orpington Station,Bus Open Data,268984
15110427,2026-05-06T17:56:00+00:00,14250,51,51,,Orpington Bus Station,Bus Open Data,268985
15121476,2026-05-06T18:16:00+00:00,14250,51,51,,Beresford Sq / Woolwich Arsenal Stn,Bus Open Data,268986
15139686,2026-05-06T19:26:00+00:00,14250,51,51,,Woolwich High Street,Bus Open Data,268987
15145901,2026-05-06T19:45:00+00:00,14250,51,51,,Orpington Station,Bus Open Data,268988
15160104,2026-05-06T20:46:00+00:00,14250,51,51,,Orpington Bus Station,Bus Open Data,268989
15160911,2026-05-06T21:00:00+00:00,14250,51,51,,Beresford Sq / Woolwich Arsenal Stn,Bus Open Data,268990
15172544,2026-05-06T21:54:00+00:00,14250,51,51,,Woolwich High Street,Bus Open Data,268991
15176646,2026-05-06T22:15:00+00:00,14250,51,51,,Orpington Station,Bus Open Data,268992
15184691,2026-05-06T23:07:00+00:00,14250,51,51,,Morden Wharf Road,Bus Open Data,268993
15206535,2026-05-07T04:54:00+00:00,14250,51,51,,Beresford Sq / Woolwich Arsenal Stn,Bus Open Data,269014
15230350,2026-05-07T05:51:00+00:00,14250,51,51,,Woolwich High Street,Bus Open Data,269015
15236204,2026-05-07T06:05:00+00:00,14250,51,51,,Orpington Station,Bus Open Data,269016
15279944,2026-05-07T07:41:00+00:00,14250,51,51,,Orpington Bus Station,Bus Open Data,269017
15284512,2026-05-07T08:01:00+00:00,14250,51,51,,Beresford Sq / Woolwich Arsenal Stn,Bus Open Data,269018
15320676,2026-05-07T09:22:00+00:00,14250,51,51,,Woolwich High Street,Bus Open Data,269019
15334560,2026-05-07T09:43:00+00:00,14250,51,51,,Orpington Station,Bus Open Data,269020
15373100,2026-05-07T11:08:00+00:00,14250,51,51,,Orpington Bus Station,Bus Open Data,269021
15373780,2026-05-07T11:28:00+00:00,14250,51,51,,Beresford Sq / Woolwich Arsenal Stn,Bus Open Data,269022
15417979,2026-05-07T12:48:00+00:00,14250,51,51,,Woolwich High Street,Bus Open Data,269023
15428085,2026-05-07T13:11:00+00:00,14250,51,51,,Orpington Station,Bus Open Data,269024
15465113,2026-05-07T14:45:00+00:00,14250,51,51,,Orpington Bus Station,Bus Open Data,269025
15476595,2026-05-07T15:01:00+00:00,14250,51,51,,Beresford Sq / Woolwich Arsenal Stn,Bus Open Data,269026
15515940,2026-05-07T16:36:00+00:00,14250,51,51,,Woolwich High Street,Bus Open Data,269027
15527721,2026-05-07T16:59:00+00:00,14250,51,51,,Orpington Station,Bus Open Data,269028
15558400,2026-05-07T18:29:00+00:00,14250,51,51,,Orpington Bus Station,Bus Open Data,269029
15560079,2026-05-07T18:42:00+00:00,14250,51,51,,Beresford Sq / Woolwich Arsenal Stn,Bus Open Data,269030
15648654,2026-05-08T04:52:00+00:00,14250,51,51,,Orpington Bus Station,Bus Open Data,269137
15649350,2026-05-08T05:30:00+00:00,14250,51,51,,Beresford Sq / Woolwich Arsenal Stn,Bus Open Data,269138
15686507,2026-05-08T06:35:00+00:00,14250,51,51,,Woolwich High Street,Bus Open Data,269139
15689308,2026-05-08T07:05:00+00:00,14250,51,51,,Orpington Station,Bus Open Data,269140
15741679,2026-05-08T08:45:00+00:00,14250,51,51,,Woolwich High Street,Bus Open Data,269141
15877482,2026-05-08T13:44:03+00:00,14250,51,51,,Woolwich High Street,Bus Open Data,
15877590,2026-05-08T14:10:00+00:00,14250,51,51,,Orpington Station,Bus Open Data,269142
15914792,2026-05-08T15:09:31+00:00,14250,51,51,,Orpington Station,Bus Open Data,
15932661,2026-05-08T16:06:00+00:00,14250,51,51,,Beresford Sq / Woolwich Arsenal Stn,Bus Open Data,269144
15975082,2026-05-08T17:38:00+00:00,14250,51,51,,Woolwich High Street,Bus Open Data,269145
15984917,2026-05-08T18:04:00+00:00,14250,51,51,,Orpington Station,Bus Open Data,269146
16007890,2026-05-08T19:19:00+00:00,14250,51,51,,Orpington Bus Station,Bus Open Data,269147
16008035,2026-05-08T19:30:00+00:00,14250,51,51,,Beresford Sq / Woolwich Arsenal Stn,Bus Open Data,269148
16022545,2026-05-08T20:32:00+00:00,14250,51,51,,Woolwich High Street,Bus Open Data,269149
16025581,2026-05-08T20:45:00+00:00,14250,51,51,,Orpington Station,Bus Open Data,269150
16038239,2026-05-08T21:43:00+00:00,14250,51,51,,Orpington Bus Station,Bus Open Data,269151
16039089,2026-05-08T22:00:00+00:00,14250,51,51,,Beresford Sq / Woolwich Arsenal Stn,Bus Open Data,269152
16050046,2026-05-08T22:51:00+00:00,14250,51,51,,Woolwich High Street,Bus Open Data,269153
16050600,2026-05-08T23:00:00+00:00,14250,51,51,,Orpington Station,Bus Open Data,269154
16056396,2026-05-08T23:49:00+00:00,14250,51,51,,Morden Wharf Road,Bus Open Data,269155
16063645,2026-05-09T03:02:00+00:00,14250,51,51,,Woolwich High Street,Bus Open Data,131578
16064013,2026-05-09T03:15:00+00:00,14250,51,51,,Orpington Station,Bus Open Data,131579
16066294,2026-05-09T04:01:00+00:00,14250,51,51,,Orpington Bus Station,Bus Open Data,131580
16067655,2026-05-09T04:15:00+00:00,14250,51,51,,Beresford Sq / Woolwich Arsenal Stn,Bus Open Data,131581
16076352,2026-05-09T04:59:00+00:00,14250,51,51,,Woolwich High Street,Bus Open Data,131582
16075662,2026-05-09T05:15:00+00:00,14250,51,51,,Orpington Station,Bus Open Data,131583
16091284,2026-05-09T06:09:00+00:00,14250,51,51,,Orpington Bus Station,Bus Open Data,131584
16097519,2026-05-09T06:30:00+00:00,14250,51,51,,Beresford Sq / Woolwich Arsenal Stn,Bus Open Data,131585
16115748,2026-05-09T07:24:00+00:00,14250,51,51,,Woolwich High Street,Bus Open Data,131586
16122246,2026-05-09T07:42:00+00:00,14250,51,51,,Orpington Station,Bus Open Data,131587
16162296,2026-05-09T08:53:00+00:00,14250,51,51,,Orpington Bus Station,Bus Open Data,131588
16162850,2026-05-09T09:10:00+00:00,14250,51,51,,Beresford Sq / Woolwich Arsenal Stn,Bus Open Data,131589
16199050,2026-05-09T10:27:00+00:00,14250,51,51,,Woolwich High Street,Bus Open Data,131590
16201183,2026-05-09T10:51:00+00:00,14250,51,51,,Orpington Station,Bus Open Data,131591
16239977,2026-05-09T12:34:00+00:00,14250,51,51,,Orpington Bus Station,Bus Open Data,131592
16244036,2026-05-09T12:48:00+00:00,14250,51,51,,Beresford Sq / Woolwich Arsenal Stn,Bus Open Data,131593
16282886,2026-05-09T14:13:00+00:00,14250,51,51,,Woolwich High Street,Bus Open Data,131594
16292888,2026-05-09T14:32:00+00:00,14250,51,51,,Orpington Station,Bus Open Data,131595
16327755,2026-05-09T16:04:00+00:00,14250,51,51,,Orpington Bus Station,Bus Open Data,131596
16335222,2026-05-09T16:16:00+00:00,14250,51,51,,Beresford Sq / Woolwich Arsenal Stn,Bus Open Data,131597
16361615,2026-05-09T17:33:00+00:00,14250,51,51,,Woolwich High Street,Bus Open Data,131598
16367880,2026-05-09T17:46:00+00:00,14250,51,51,,Orpington Station,Bus Open Data,131599
16385979,2026-05-09T19:04:00+00:00,14250,51,51,,Orpington Bus Station,Bus Open Data,131600
16390919,2026-05-09T19:15:00+00:00,14250,51,51,,Beresford Sq / Woolwich Arsenal Stn,Bus Open Data,131601
16404507,2026-05-09T20:15:00+00:00,14250,51,51,,Woolwich High Street,Bus Open Data,131602
16404804,2026-05-09T20:30:00+00:00,14250,51,51,,Orpington Station,Bus Open Data,131603
16421761,2026-05-09T21:26:00+00:00,14250,51,51,,Orpington Bus Station,Bus Open Data,131604
16422912,2026-05-09T21:45:00+00:00,14250,51,51,,Beresford Sq / Woolwich Arsenal Stn,Bus Open Data,131605
16434486,2026-05-09T22:35:00+00:00,14250,51,51,,Woolwich High Street,Bus Open Data,131606
16434955,2026-05-09T22:45:00+00:00,14250,51,51,,Orpington Station,Bus Open Data,131607
16441498,2026-05-09T23:38:00+00:00,14250,51,51,,Morden Wharf Road,Bus Open Data,131608
16455781,2026-05-10T05:15:00+00:00,14250,51,51,,Beresford Sq / Woolwich Arsenal Stn,Bus Open Data,209221
16463298,2026-05-10T06:06:00+00:00,14250,51,51,,Woolwich High Street,Bus Open Data,209222
16463861,2026-05-10T06:15:00+00:00,14250,51,51,,Orpington Station,Bus Open Data,209223
16472669,2026-05-10T07:13:00+00:00,14250,51,51,,Orpington Bus Station,Bus Open Data,209224
16476572,2026-05-10T07:35:00+00:00,14250,51,51,,Beresford Sq / Woolwich Arsenal Stn,Bus Open Data,209225
16488892,2026-05-10T08:31:00+00:00,14250,51,51,,Woolwich High Street,Bus Open Data,209226
16492771,2026-05-10T08:45:00+00:00,14250,51,51,,Orpington Station,Bus Open Data,209227
16515266,2026-05-10T09:54:00+00:00,14250,51,51,,Orpington Bus Station,Bus Open Data,209228
16515503,2026-05-10T10:06:00+00:00,14250,51,51,,Beresford Sq / Woolwich Arsenal Stn,Bus Open Data,209229
16534946,2026-05-10T11:18:00+00:00,14250,51,51,,Woolwich High Street,Bus Open Data,209230
16537004,2026-05-10T11:37:00+00:00,14250,51,51,,Orpington Station,Bus Open Data,209231
16558473,2026-05-10T13:02:00+00:00,14250,51,51,,Orpington Bus Station,Bus Open Data,209232
16561200,2026-05-10T13:22:00+00:00,14250,51,51,,Beresford Sq / Woolwich Arsenal Stn,Bus Open Data,209233
16579501,2026-05-10T14:34:00+00:00,14250,51,51,,Woolwich High Street,Bus Open Data,209234
16586239,2026-05-10T14:54:00+00:00,14250,51,51,,Orpington Station,Bus Open Data,209235
16606117,2026-05-10T16:07:00+00:00,14250,51,51,,Orpington Bus Station,Bus Open Data,209236
16606834,2026-05-10T16:23:00+00:00,14250,51,51,,Beresford Sq / Woolwich Arsenal Stn,Bus Open Data,209237
16623826,2026-05-10T17:28:00+00:00,14250,51,51,,Woolwich High Street,Bus Open Data,209238
16627396,2026-05-10T17:42:00+00:00,14250,51,51,,Orpington Station,Bus Open Data,209239
16640729,2026-05-10T18:47:00+00:00,14250,51,51,,Orpington Bus Station,Bus Open Data,209240
16641801,2026-05-10T18:56:00+00:00,14250,51,51,,Beresford Sq / Woolwich Arsenal Stn,Bus Open Data,209241
16652811,2026-05-10T19:52:00+00:00,14250,51,51,,Woolwich High Street,Bus Open Data,209242
16656483,2026-05-10T20:14:00+00:00,14250,51,51,,Orpington Station,Bus Open Data,209243
16666577,2026-05-10T21:10:00+00:00,14250,51,51,,Orpington Bus Station,Bus Open Data,209244
16668643,2026-05-10T21:30:00+00:00,14250,51,51,,Beresford Sq / Woolwich Arsenal Stn,Bus Open Data,209245
16676879,2026-05-10T22:17:00+00:00,14250,51,51,,Woolwich High Street,Bus Open Data,209246
16678695,2026-05-10T22:30:00+00:00,14250,51,51,,Orpington Station,Bus Open Data,209247
16684964,2026-05-10T23:20:00+00:00,14250,51,51,,Morden Wharf Road,Bus Open Data,209248
16712072,2026-05-11T04:57:00+00:00,14250,51,51,,Woolwich High Street,Bus Open Data,268898
16712139,2026-05-11T05:11:00+00:00,14250,51,51,,Orpington Station,Bus Open Data,268899
16740253,2026-05-11T06:19:00+00:00,14250,51,51,,Orpington Bus Station,Bus Open Data,268900
16748491,2026-05-11T06:43:00+00:00,14250,51,51,,Beresford Sq / Woolwich Arsenal Stn,Bus Open Data,268901
16789661,2026-05-11T08:15:00+00:00,14250,51,51,,Woolwich High Street,Bus Open Data,268902
16803479,2026-05-11T08:38:00+00:00,14250,51,51,,Orpington Station,Bus Open Data,268903
17176546,2026-05-12T06:00:00+00:00,14250,51,51,,Woolwich High Street,Bus Open Data,269036
17176770,2026-05-12T06:16:00+00:00,14250,51,51,,Orpington Station,Bus Open Data,269037
17223105,2026-05-12T07:57:00+00:00,14250,51,51,,Orpington Bus Station,Bus Open Data,269038
17224380,2026-05-12T08:14:00+00:00,14250,51,51,,Beresford Sq / Woolwich Arsenal Stn,Bus Open Data,269039
17166699,2026-05-12T08:38:00+00:00,14250,51,51,,Woolwich High Street,Bus Open Data,268903
17263240,2026-05-12T09:34:00+00:00,14250,51,51,,Woolwich High Street,Bus Open Data,269040
17272609,2026-05-12T09:56:00+00:00,14250,51,51,,Orpington Station,Bus Open Data,269041
17311246,2026-05-12T11:21:00+00:00,14250,51,51,,Orpington Bus Station,Bus Open Data,269042
17319934,2026-05-12T11:41:00+00:00,14250,51,51,,Beresford Sq / Woolwich Arsenal Stn,Bus Open Data,269043
17355631,2026-05-12T13:01:00+00:00,14250,51,51,,Woolwich High Street,Bus Open Data,269044
17356467,2026-05-12T13:24:00+00:00,14250,51,51,,Orpington Station,Bus Open Data,269045
17418675,2026-05-12T15:14:00+00:00,14250,51,51,,Beresford Sq / Woolwich Arsenal Stn,Bus Open Data,269047
17433916,2026-05-12T15:54:45+00:00,14250,51,51,,Beresford Sq / Woolwich Arsenal Stn,Bus Open Data,
17455956,2026-05-12T16:48:00+00:00,14250,51,51,,Woolwich High Street,Bus Open Data,269048
17460730,2026-05-12T17:12:00+00:00,14250,51,51,,Orpington Station,Bus Open Data,269049
17496329,2026-05-12T18:41:00+00:00,14250,51,51,,Orpington Bus Station,Bus Open Data,269050
17499327,2026-05-12T18:54:00+00:00,14250,51,51,,Beresford Sq / Woolwich Arsenal Stn,Bus Open Data,269051
17515987,2026-05-12T19:59:00+00:00,14250,51,51,,Woolwich High Street,Bus Open Data,269052
17519268,2026-05-12T20:15:00+00:00,14250,51,51,,Orpington Station,Bus Open Data,269053
17531376,2026-05-12T21:15:00+00:00,14250,51,51,,Orpington Bus Station,Bus Open Data,269054
17534579,2026-05-12T21:30:00+00:00,14250,51,51,,Beresford Sq / Woolwich Arsenal Stn,Bus Open Data,269055
17543825,2026-05-12T22:21:00+00:00,14250,51,51,,Woolwich High Street,Bus Open Data,269056
17545964,2026-05-12T22:30:00+00:00,14250,51,51,,Orpington Station,Bus Open Data,269057
17552444,2026-05-12T23:21:00+00:00,14250,51,51,,Morden Wharf Road,Bus Open Data,269058
17564778,2026-05-13T04:02:00+00:00,14250,51,51,,Woolwich High Street,Bus Open Data,269086
17566516,2026-05-13T04:15:00+00:00,14250,51,51,,Orpington Station,Bus Open Data,269087
17578178,2026-05-13T05:08:00+00:00,14250,51,51,,Orpington Bus Station,Bus Open Data,269088
17581721,2026-05-13T05:18:00+00:00,14250,51,51,,Beresford Sq / Woolwich Arsenal Stn,Bus Open Data,269089
17608583,2026-05-13T06:19:00+00:00,14250,51,51,,Woolwich High Street,Bus Open Data,269090
17619403,2026-05-13T06:39:00+00:00,14250,51,51,,Orpington Station,Bus Open Data,269091
17663319,2026-05-13T08:24:00+00:00,14250,51,51,,Orpington Bus Station,Bus Open Data,269092
17669362,2026-05-13T08:40:00+00:00,14250,51,51,,Beresford Sq / Woolwich Arsenal Stn,Bus Open Data,269093
17706048,2026-05-13T09:58:00+00:00,14250,51,51,,Woolwich High Street,Bus Open Data,269094
17717684,2026-05-13T10:22:00+00:00,14250,51,51,,Orpington Station,Bus Open Data,269095
17756397,2026-05-13T11:48:00+00:00,14250,51,51,,Orpington Bus Station,Bus Open Data,269096
17767400,2026-05-13T12:07:00+00:00,14250,51,51,,Beresford Sq / Woolwich Arsenal Stn,Bus Open Data,269097
17801455,2026-05-13T13:27:00+00:00,14250,51,51,,Woolwich High Street,Bus Open Data,269098
17803134,2026-05-13T13:45:00+00:00,14250,51,51,,Orpington Station,Bus Open Data,269099
17861274,2026-05-13T15:28:00+00:00,14250,51,51,,Orpington Bus Station,Bus Open Data,269100
17862191,2026-05-13T15:40:00+00:00,14250,51,51,,Beresford Sq / Woolwich Arsenal Stn,Bus Open Data,269101
17898631,2026-05-13T17:13:00+00:00,14250,51,51,,Woolwich High Street,Bus Open Data,269102
17900004,2026-05-13T17:38:00+00:00,14250,51,51,,Orpington Station,Bus Open Data,269103
17935321,2026-05-13T18:58:00+00:00,14250,51,51,,Orpington Bus Station,Bus Open Data,269104
17936305,2026-05-13T19:18:00+00:00,14250,51,51,,Beresford Sq / Woolwich Arsenal Stn,Bus Open Data,269105
17953922,2026-05-13T20:21:00+00:00,14250,51,51,,Morden Wharf Road,Bus Open Data,269106
18038486,2026-05-14T05:36:00+00:00,14250,51,51,,Orpington Bus Station,Bus Open Data,268852
18038090,2026-05-14T06:19:00+00:00,14250,51,51,,Beresford Sq / Woolwich Arsenal Stn,Bus Open Data,268853
18082892,2026-05-14T07:49:00+00:00,14250,51,51,,Woolwich High Street,Bus Open Data,268854
18093451,2026-05-14T08:11:00+00:00,14250,51,51,,Orpington Station,Bus Open Data,268855
18133992,2026-05-14T09:39:00+00:00,14250,51,51,,Orpington Bus Station,Bus Open Data,268856
18134445,2026-05-14T09:58:00+00:00,14250,51,51,,Beresford Sq / Woolwich Arsenal Stn,Bus Open Data,268857
18178732,2026-05-14T11:15:00+00:00,14250,51,51,,Woolwich High Street,Bus Open Data,268858
18187691,2026-05-14T11:40:00+00:00,14250,51,51,,Orpington Station,Bus Open Data,268859
18225751,2026-05-14T13:07:00+00:00,14250,51,51,,Orpington Bus Station,Bus Open Data,268860
18229745,2026-05-14T13:22:00+00:00,14250,51,51,,Beresford Sq / Woolwich Arsenal Stn,Bus Open Data,268861
18272449,2026-05-14T14:49:00+00:00,14250,51,51,,Woolwich High Street,Bus Open Data,268862
18276944,2026-05-14T15:15:00+00:00,14250,51,51,,Orpington Station,Bus Open Data,268863
18327624,2026-05-14T16:53:00+00:00,14250,51,51,,Orpington Bus Station,Bus Open Data,268864
18328419,2026-05-14T17:11:00+00:00,14250,51,51,,Beresford Sq / Woolwich Arsenal Stn,Bus Open Data,268865
18359400,2026-05-14T18:36:00+00:00,14250,51,51,,Woolwich High Street,Bus Open Data,268866
18368401,2026-05-14T18:54:00+00:00,14250,51,51,,Orpington Station,Bus Open Data,268867
18386471,2026-05-14T19:57:00+00:00,14250,51,51,,Orpington Bus Station,Bus Open Data,268868
18387650,2026-05-14T20:15:00+00:00,14250,51,51,,Beresford Sq / Woolwich Arsenal Stn,Bus Open Data,268869
18401986,2026-05-14T21:13:00+00:00,14250,51,51,,Woolwich High Street,Bus Open Data,268870
18404429,2026-05-14T21:30:00+00:00,14250,51,51,,Orpington Station,Bus Open Data,268871
18415304,2026-05-14T22:26:00+00:00,14250,51,51,,Orpington Bus Station,Bus Open Data,268872
18417671,2026-05-14T22:45:00+00:00,14250,51,51,,Beresford Sq / Woolwich Arsenal Stn,Bus Open Data,268873
18423652,2026-05-14T23:31:00+00:00,14250,51,51,,Woolwich High Street,Bus Open Data,268874
18424886,2026-05-14T23:45:00+00:00,14250,51,51,,Orpington Station,Bus Open Data,268875
18427483,2026-05-15T00:31:00+00:00,14250,51,51,,Morden Wharf Road,Bus Open Data,268876
18433117,2026-05-15T03:13:00+00:00,14250,51,51,,Orpington Bus Station,Bus Open Data,268779
18433193,2026-05-15T03:45:00+00:00,14250,51,51,,Beresford Sq / Woolwich Arsenal Stn,Bus Open Data,268780
18440368,2026-05-15T04:33:00+00:00,14250,51,51,,Woolwich High Street,Bus Open Data,268781
18442408,2026-05-15T04:42:00+00:00,14250,51,51,,Orpington Station,Bus Open Data,268782
18459383,2026-05-15T05:37:00+00:00,14250,51,51,,Orpington Bus Station,Bus Open Data,268783
18466396,2026-05-15T05:51:00+00:00,14250,51,51,,Beresford Sq / Woolwich Arsenal Stn,Bus Open Data,268784
18498338,2026-05-15T07:06:00+00:00,14250,51,51,,Woolwich High Street,Bus Open Data,268785
18512364,2026-05-15T07:31:00+00:00,14250,51,51,,Orpington Station,Bus Open Data,268786
18552512,2026-05-15T09:03:00+00:00,14250,51,51,,Orpington Bus Station,Bus Open Data,268787
18554257,2026-05-15T09:19:00+00:00,14250,51,51,,Beresford Sq / Woolwich Arsenal Stn,Bus Open Data,268788
18591919,2026-05-15T10:35:00+00:00,14250,51,51,,Woolwich High Street,Bus Open Data,268789
18595275,2026-05-15T11:01:00+00:00,14250,51,51,,Orpington Station,Bus Open Data,268790
18644436,2026-05-15T12:28:00+00:00,14250,51,51,,Orpington Bus Station,Bus Open Data,268791
18648042,2026-05-15T12:45:00+00:00,14250,51,51,,Beresford Sq / Woolwich Arsenal Stn,Bus Open Data,268792
18696566,2026-05-15T14:08:00+00:00,14250,51,51,,Woolwich High Street,Bus Open Data,268793
18701825,2026-05-15T14:36:00+00:00,14250,51,51,,Orpington Station,Bus Open Data,268794
18741172,2026-05-15T16:32:00+00:00,14250,51,51,,Beresford Sq / Woolwich Arsenal Stn,Bus Open Data,268796
18792626,2026-05-15T18:01:00+00:00,14250,51,51,,Woolwich High Street,Bus Open Data,268797
18793310,2026-05-15T18:18:00+00:00,14250,51,51,,Orpington Station,Bus Open Data,268798
18812592,2026-05-15T19:27:00+00:00,14250,51,51,,Orpington Bus Station,Bus Open Data,268799
18814447,2026-05-15T19:45:00+00:00,14250,51,51,,Beresford Sq / Woolwich Arsenal Stn,Bus Open Data,268800
18826847,2026-05-15T20:45:00+00:00,14250,51,51,,Woolwich High Street,Bus Open Data,268801
18830651,2026-05-15T21:00:00+00:00,14250,51,51,,Orpington Station,Bus Open Data,268802
18842811,2026-05-15T21:57:00+00:00,14250,51,51,,Orpington Bus Station,Bus Open Data,268803
18846156,2026-05-15T22:15:00+00:00,14250,51,51,,Beresford Sq / Woolwich Arsenal Stn,Bus Open Data,268804
18853483,2026-05-15T23:05:00+00:00,14250,51,51,,Woolwich High Street,Bus Open Data,268805
18855307,2026-05-15T23:15:00+00:00,14250,51,51,,Orpington Station,Bus Open Data,268806
18859535,2026-05-16T00:02:00+00:00,14250,51,51,,Morden Wharf Road,Bus Open Data,268807
18865877,2026-05-16T03:30:00+00:00,14250,51,51,,Beresford Sq / Woolwich Arsenal Stn,Bus Open Data,131438
18869781,2026-05-16T04:14:00+00:00,14250,51,51,,Woolwich High Street,Bus Open Data,131439
18871450,2026-05-16T04:30:00+00:00,14250,51,51,,Orpington Station,Bus Open Data,131440
18879924,2026-05-16T05:18:00+00:00,14250,51,51,,Orpington Bus Station,Bus Open Data,131441
18882387,2026-05-16T05:30:00+00:00,14250,51,51,,Beresford Sq / Woolwich Arsenal Stn,Bus Open Data,131442
18896888,2026-05-16T06:20:00+00:00,14250,51,51,,Woolwich High Street,Bus Open Data,131443
18897636,2026-05-16T06:30:00+00:00,14250,51,51,,Orpington Station,Bus Open Data,131444
18922545,2026-05-16T07:33:00+00:00,14250,51,51,,Orpington Bus Station,Bus Open Data,131445
18925816,2026-05-16T07:52:00+00:00,14250,51,51,,Beresford Sq / Woolwich Arsenal Stn,Bus Open Data,131446
18956114,2026-05-16T08:58:00+00:00,14250,51,51,,Woolwich High Street,Bus Open Data,131447
18965365,2026-05-16T09:21:00+00:00,14250,51,51,,Orpington Station,Bus Open Data,131448
19004010,2026-05-16T10:57:00+00:00,14250,51,51,,Orpington Bus Station,Bus Open Data,131449
19007906,2026-05-16T11:17:00+00:00,14250,51,51,,Beresford Sq / Woolwich Arsenal Stn,Bus Open Data,131450
19055791,2026-05-16T12:46:00+00:00,14250,51,51,,Woolwich High Street,Bus Open Data,131451
19057844,2026-05-16T13:01:00+00:00,14250,51,51,,Orpington Station,Bus Open Data,131452
19094877,2026-05-16T14:35:00+00:00,14250,51,51,,Orpington Bus Station,Bus Open Data,131453
19103014,2026-05-16T14:58:00+00:00,14250,51,51,,Beresford Sq / Woolwich Arsenal Stn,Bus Open Data,131454
19134100,2026-05-16T16:18:00+00:00,14250,51,51,,Morden Wharf Road,Bus Open Data,131455
19296229,2026-05-17T08:59:00+00:00,14250,51,51,,Orpington Station,Bus Open Data,209265
19320310,2026-05-17T10:11:00+00:00,14250,51,51,,Orpington Bus Station,Bus Open Data,209266
19320639,2026-05-17T10:36:00+00:00,14250,51,51,,Beresford Sq / Woolwich Arsenal Stn,Bus Open Data,209267
19342829,2026-05-17T11:50:00+00:00,14250,51,51,,Woolwich High Street,Bus Open Data,209268
19345500,2026-05-17T12:07:00+00:00,14250,51,51,,Orpington Station,Bus Open Data,209269
19368445,2026-05-17T13:31:00+00:00,14250,51,51,,Orpington Bus Station,Bus Open Data,209270
19370235,2026-05-17T13:52:00+00:00,14250,51,51,,Beresford Sq / Woolwich Arsenal Stn,Bus Open Data,209271
19386347,2026-05-17T15:03:00+00:00,14250,51,51,,Woolwich High Street,Bus Open Data,209272
19395046,2026-05-17T15:24:00+00:00,14250,51,51,,Orpington Station,Bus Open Data,209273
19411726,2026-05-17T16:36:00+00:00,14250,51,51,,Orpington Bus Station,Bus Open Data,209274
19414212,2026-05-17T16:54:00+00:00,14250,51,51,,Beresford Sq / Woolwich Arsenal Stn,Bus Open Data,209275
19429914,2026-05-17T17:56:00+00:00,14250,51,51,,Woolwich High Street,Bus Open Data,209276
19433103,2026-05-17T18:12:00+00:00,14250,51,51,,Orpington Station,Bus Open Data,209277
19445761,2026-05-17T19:16:00+00:00,14250,51,51,,Orpington Bus Station,Bus Open Data,209278
19446187,2026-05-17T19:26:00+00:00,14250,51,51,,Beresford Sq / Woolwich Arsenal Stn,Bus Open Data,209279
19455602,2026-05-17T20:19:00+00:00,14250,51,51,,Woolwich High Street,Bus Open Data,209280
19457583,2026-05-17T20:30:00+00:00,14250,51,51,,Orpington Station,Bus Open Data,209281
19468051,2026-05-17T21:25:00+00:00,14250,51,51,,Orpington Bus Station,Bus Open Data,209282
19471584,2026-05-17T21:44:27+00:00,14250,51,51,,Orpington Bus Station,Bus Open Data,
19471762,2026-05-17T21:45:00+00:00,14250,51,51,,Beresford Sq / Woolwich Arsenal Stn,Bus Open Data,209283
19479097,2026-05-17T22:32:00+00:00,14250,51,51,,Woolwich High Street,Bus Open Data,209284
19480997,2026-05-17T22:45:00+00:00,14250,51,51,,Orpington Station,Bus Open Data,209285
19486632,2026-05-17T23:35:00+00:00,14250,51,51,,Morden Wharf Road,Bus Open Data,209286
19494802,2026-05-18T03:17:00+00:00,14250,51,51,,Woolwich High Street,Bus Open Data,269122
19494750,2026-05-18T03:29:19+00:00,14250,51,51,,Woolwich High Street,Bus Open Data,
19494760,2026-05-18T03:30:00+00:00,14250,51,51,,Orpington Station,Bus Open Data,269123
19499413,2026-05-18T04:19:00+00:00,14250,51,51,,Orpington Bus Station,Bus Open Data,269124
19501665,2026-05-18T04:30:00+00:00,14250,51,51,,Beresford Sq / Woolwich Arsenal Stn,Bus Open Data,269125
19514871,2026-05-18T05:23:00+00:00,14250,51,51,,Woolwich High Street,Bus Open Data,269126
19522202,2026-05-18T05:38:00+00:00,14250,51,51,,Orpington Station,Bus Open Data,269127
19558257,2026-05-18T07:00:00+00:00,14250,51,51,,Orpington Bus Station,Bus Open Data,269128
19565772,2026-05-18T07:22:00+00:00,14250,51,51,,Beresford Sq / Woolwich Arsenal Stn,Bus Open Data,269129
19603159,2026-05-18T08:48:00+00:00,14250,51,51,,Orpington Bus Station,Bus Open Data,269130
19756913,2026-05-18T14:37:00+00:00,14250,51,51,,Beresford Sq / Woolwich Arsenal Stn,Bus Open Data,269131
19802358,2026-05-18T16:10:00+00:00,14250,51,51,,Woolwich High Street,Bus Open Data,269132
19805783,2026-05-18T16:33:00+00:00,14250,51,51,,Orpington Station,Bus Open Data,269133
19852423,2026-05-18T18:07:00+00:00,14250,51,51,,Orpington Bus Station,Bus Open Data,269134
19858235,2026-05-18T18:29:00+00:00,14250,51,51,,Beresford Sq / Woolwich Arsenal Stn,Bus Open Data,269135
19874714,2026-05-18T19:36:00+00:00,14250,51,51,,Morden Wharf Road,Bus Open Data,269136
19967790,2026-05-19T06:19:00+00:00,14250,51,51,,Beresford Sq / Woolwich Arsenal Stn,Bus Open Data,268853
20013843,2026-05-19T07:49:00+00:00,14250,51,51,,Woolwich High Street,Bus Open Data,268854
20024754,2026-05-19T08:11:00+00:00,14250,51,51,,Orpington Station,Bus Open Data,268855
20061192,2026-05-19T09:39:00+00:00,14250,51,51,,Orpington Bus Station,Bus Open Data,268856
20072670,2026-05-19T09:58:00+00:00,14250,51,51,,Beresford Sq / Woolwich Arsenal Stn,Bus Open Data,268857
20105817,2026-05-19T11:15:00+00:00,14250,51,51,,Woolwich High Street,Bus Open Data,268858
20109914,2026-05-19T11:40:00+00:00,14250,51,51,,Orpington Station,Bus Open Data,268859
20153765,2026-05-19T13:07:00+00:00,14250,51,51,,Orpington Bus Station,Bus Open Data,268860
20166951,2026-05-19T13:22:00+00:00,14250,51,51,,Beresford Sq / Woolwich Arsenal Stn,Bus Open Data,268861
20200970,2026-05-19T14:49:00+00:00,14250,51,51,,Woolwich High Street,Bus Open Data,268862
20215717,2026-05-19T15:14:02+00:00,14250,51,51,,Woolwich High Street,Bus Open Data,
20215943,2026-05-19T15:15:00+00:00,14250,51,51,,Orpington Station,Bus Open Data,268863
20250864,2026-05-19T16:53:00+00:00,14250,51,51,,Orpington Bus Station,Bus Open Data,268864
20264281,2026-05-19T17:11:00+00:00,14250,51,51,,Beresford Sq / Woolwich Arsenal Stn,Bus Open Data,268865
20290386,2026-05-19T18:36:00+00:00,14250,51,51,,Woolwich High Street,Bus Open Data,268866
20297081,2026-05-19T18:54:00+00:00,14250,51,51,,Orpington Station,Bus Open Data,268867
20314444,2026-05-19T19:57:00+00:00,14250,51,51,,Orpington Bus Station,Bus Open Data,268868
20318274,2026-05-19T20:15:00+00:00,14250,51,51,,Beresford Sq / Woolwich Arsenal Stn,Bus Open Data,268869
20330148,2026-05-19T21:13:00+00:00,14250,51,51,,Woolwich High Street,Bus Open Data,268870
20334359,2026-05-19T21:30:00+00:00,14250,51,51,,Orpington Station,Bus Open Data,268871
20345507,2026-05-19T22:26:00+00:00,14250,51,51,,Orpington Bus Station,Bus Open Data,268872
20347258,2026-05-19T22:45:00+00:00,14250,51,51,,Beresford Sq / Woolwich Arsenal Stn,Bus Open Data,268873
20352997,2026-05-19T23:31:00+00:00,14250,51,51,,Woolwich High Street,Bus Open Data,268874
20353174,2026-05-19T23:45:00+00:00,14250,51,51,,Orpington Station,Bus Open Data,268875
20356660,2026-05-20T00:31:00+00:00,14250,51,51,,Morden Wharf Road,Bus Open Data,268876
20373919,2026-05-20T04:54:00+00:00,14250,51,51,,Beresford Sq / Woolwich Arsenal Stn,Bus Open Data,269014
20398267,2026-05-20T05:51:00+00:00,14250,51,51,,Woolwich High Street,Bus Open Data,269015
20402753,2026-05-20T06:05:00+00:00,14250,51,51,,Orpington Station,Bus Open Data,269016
20442632,2026-05-20T07:41:00+00:00,14250,51,51,,Orpington Bus Station,Bus Open Data,269017
20453294,2026-05-20T08:01:00+00:00,14250,51,51,,Beresford Sq / Woolwich Arsenal Stn,Bus Open Data,269018
20484885,2026-05-20T09:22:00+00:00,14250,51,51,,Woolwich High Street,Bus Open Data,269019
20499702,2026-05-20T09:43:00+00:00,14250,51,51,,Orpington Station,Bus Open Data,269020
20534749,2026-05-20T11:08:00+00:00,14250,51,51,,Orpington Bus Station,Bus Open Data,269021
20535479,2026-05-20T11:28:00+00:00,14250,51,51,,Beresford Sq / Woolwich Arsenal Stn,Bus Open Data,269022
20579207,2026-05-20T12:48:00+00:00,14250,51,51,,Woolwich High Street,Bus Open Data,269023
20594770,2026-05-20T13:11:00+00:00,14250,51,51,,Orpington Station,Bus Open Data,269024
20632759,2026-05-20T14:45:00+00:00,14250,51,51,,Orpington Bus Station,Bus Open Data,269025
20645016,2026-05-20T15:01:00+00:00,14250,51,51,,Beresford Sq / Woolwich Arsenal Stn,Bus Open Data,269026
20681657,2026-05-20T16:36:00+00:00,14250,51,51,,Woolwich High Street,Bus Open Data,269027
20684559,2026-05-20T16:59:00+00:00,14250,51,51,,Orpington Station,Bus Open Data,269028
20724175,2026-05-20T18:29:00+00:00,14250,51,51,,Orpington Bus Station,Bus Open Data,269029
20729531,2026-05-20T18:42:00+00:00,14250,51,51,,Beresford Sq / Woolwich Arsenal Stn,Bus Open Data,269030
20744694,2026-05-20T19:48:00+00:00,14250,51,51,,Woolwich High Street,Bus Open Data,269031
20747006,2026-05-20T20:00:00+00:00,14250,51,51,,Orpington Station,Bus Open Data,269032
20761280,2026-05-20T21:01:00+00:00,14250,51,51,,Orpington Bus Station,Bus Open Data,269033
20761996,2026-05-20T21:15:00+00:00,14250,51,51,,Beresford Sq / Woolwich Arsenal Stn,Bus Open Data,269034
20773172,2026-05-20T22:07:00+00:00,14250,51,51,,Morden Wharf Road,Bus Open Data,269035
20808790,2026-05-21T04:20:00+00:00,14250,51,51,,Orpington Bus Station,Bus Open Data,269013
20808615,2026-05-21T04:54:00+00:00,14250,51,51,,Beresford Sq / Woolwich Arsenal Stn,Bus Open Data,269014
20828501,2026-05-21T05:51:00+00:00,14250,51,51,,Woolwich High Street,Bus Open Data,269015
20834694,2026-05-21T06:05:00+00:00,14250,51,51,,Orpington Station,Bus Open Data,269016
20873812,2026-05-21T07:41:00+00:00,14250,51,51,,Orpington Bus Station,Bus Open Data,269017
20880829,2026-05-21T08:01:00+00:00,14250,51,51,,Beresford Sq / Woolwich Arsenal Stn,Bus Open Data,269018
20921378,2026-05-21T09:22:00+00:00,14250,51,51,,Woolwich High Street,Bus Open Data,269019
20934043,2026-05-21T09:43:00+00:00,14250,51,51,,Orpington Station,Bus Open Data,269020
20970412,2026-05-21T11:08:00+00:00,14250,51,51,,Orpington Bus Station,Bus Open Data,269021
20980391,2026-05-21T11:28:00+00:00,14250,51,51,,Beresford Sq / Woolwich Arsenal Stn,Bus Open Data,269022
21017371,2026-05-21T12:48:00+00:00,14250,51,51,,Woolwich High Street,Bus Open Data,269023
21028216,2026-05-21T13:11:00+00:00,14250,51,51,,Orpington Station,Bus Open Data,269024
21067065,2026-05-21T14:45:00+00:00,14250,51,51,,Orpington Bus Station,Bus Open Data,269025
21075839,2026-05-21T15:01:00+00:00,14250,51,51,,Beresford Sq / Woolwich Arsenal Stn,Bus Open Data,269026
21111070,2026-05-21T16:36:00+00:00,14250,51,51,,Woolwich High Street,Bus Open Data,269027
21124234,2026-05-21T16:59:00+00:00,14250,51,51,,Orpington Station,Bus Open Data,269028
21152178,2026-05-21T18:29:00+00:00,14250,51,51,,Orpington Bus Station,Bus Open Data,269029
21157494,2026-05-21T18:42:00+00:00,14250,51,51,,Beresford Sq / Woolwich Arsenal Stn,Bus Open Data,269030
21175579,2026-05-21T19:48:00+00:00,14250,51,51,,Woolwich High Street,Bus Open Data,269031
21176019,2026-05-21T20:00:00+00:00,14250,51,51,,Orpington Station,Bus Open Data,269032
21191593,2026-05-21T21:01:00+00:00,14250,51,51,,Orpington Bus Station,Bus Open Data,269033
21192634,2026-05-21T21:15:00+00:00,14250,51,51,,Beresford Sq / Woolwich Arsenal Stn,Bus Open Data,269034
21204625,2026-05-21T22:07:00+00:00,14250,51,51,,Morden Wharf Road,Bus Open Data,269035
21233406,2026-05-22T07:26:00+00:00,14250,51,51,,Orpington Bus Station,Bus Open Data,323587
21233559,2026-05-22T07:34:00+00:00,14250,51,51,,Beresford Sq / Woolwich Arsenal Stn,Bus Open Data,323588
21255782,2026-05-22T08:21:00+00:00,14250,51,51,,Woolwich High Street,Bus Open Data,323589
21264238,2026-05-22T11:54:00+00:00,14250,51,51,,Orpington Station,Bus Open Data,323590
21305767,2026-05-22T12:28:00+00:00,14250,51,51,,Orpington Bus Station,Bus Open Data,323591
21313165,2026-05-22T12:35:00+00:00,14250,51,51,,Beresford Sq / Woolwich Arsenal Stn,Bus Open Data,323592
21348494,2026-05-22T13:12:00+00:00,14250,51,51,,Woolwich High Street,Bus Open Data,323593
21355881,2026-05-22T13:24:00+00:00,14250,51,51,,Orpington Station,Bus Open Data,323594
21396657,2026-05-22T13:59:00+00:00,14250,51,51,,Orpington Bus Station,Bus Open Data,323595
21401873,2026-05-22T14:11:00+00:00,14250,51,51,,Beresford Sq / Woolwich Arsenal Stn,Bus Open Data,323596
21439797,2026-05-22T14:54:00+00:00,14250,51,51,,Woolwich High Street,Bus Open Data,323597
21514010,2026-05-22T15:01:00+00:00,14250,51,51,,Beresford Sq / Woolwich Arsenal Stn,Bus Open Data,323600
21454102,2026-05-22T15:07:00+00:00,14250,51,51,,Orpington Station,Bus Open Data,323598
21488264,2026-05-22T15:48:00+00:00,14250,51,51,,Orpington Bus Station,Bus Open Data,323599
21501171,2026-05-22T15:56:00+00:00,14250,51,51,,Beresford Sq / Woolwich Arsenal Stn,Bus Open Data,323600
21545585,2026-05-22T16:36:00+00:00,14250,51,51,,Woolwich High Street,Bus Open Data,323601
21548919,2026-05-22T16:59:00+00:00,14250,51,51,,Orpington Station,Bus Open Data,323602
21588961,2026-05-22T18:29:00+00:00,14250,51,51,,Orpington Bus Station,Bus Open Data,323603
21589285,2026-05-22T18:42:00+00:00,14250,51,51,,Beresford Sq / Woolwich Arsenal Stn,Bus Open Data,323604
21605916,2026-05-22T19:48:00+00:00,14250,51,51,,Woolwich High Street,Bus Open Data,323605
21607382,2026-05-22T20:00:00+00:00,14250,51,51,,Orpington Station,Bus Open Data,323606
21619940,2026-05-22T21:01:00+00:00,14250,51,51,,Orpington Bus Station,Bus Open Data,323607
21621427,2026-05-22T21:15:00+00:00,14250,51,51,,Beresford Sq / Woolwich Arsenal Stn,Bus Open Data,323608
21633145,2026-05-22T22:07:00+00:00,14250,51,51,,Morden Wharf Road,Bus Open Data,323609
21712292,2026-05-23T07:42:00+00:00,14250,51,51,,Beresford Sq / Woolwich Arsenal Stn,Bus Open Data,141581
21712214,2026-05-23T07:42:21+00:00,14250,51,51,,Orpington Bus Station,Bus Open Data,
21736682,2026-05-23T08:45:00+00:00,14250,51,51,,Woolwich High Street,Bus Open Data,141582
21743949,2026-05-23T09:08:00+00:00,14250,51,51,,Orpington Station,Bus Open Data,141583
21788162,2026-05-23T10:40:00+00:00,14250,51,51,,Orpington Bus Station,Bus Open Data,141584
21795405,2026-05-23T11:04:00+00:00,14250,51,51,,Beresford Sq / Woolwich Arsenal Stn,Bus Open Data,141585
21829275,2026-05-23T12:33:00+00:00,14250,51,51,,Woolwich High Street,Bus Open Data,141586
21831055,2026-05-23T12:48:00+00:00,14250,51,51,,Orpington Station,Bus Open Data,141587
21872362,2026-05-23T14:22:00+00:00,14250,51,51,,Orpington Bus Station,Bus Open Data,141588
21887837,2026-05-23T14:45:00+00:00,14250,51,51,,Beresford Sq / Woolwich Arsenal Stn,Bus Open Data,141589
21920057,2026-05-23T16:04:39+00:00,14250,51,51,,Beresford Sq / Woolwich Arsenal Stn,Bus Open Data,
21934710,2026-05-23T16:29:00+00:00,14250,51,51,,Orpington Station,Bus Open Data,141591
21944228,2026-05-23T17:08:36+00:00,14250,51,51,,Woolwich High Street,Bus Open Data,
21960761,2026-05-23T17:54:00+00:00,14250,51,51,,Orpington Bus Station,Bus Open Data,141592
21962987,2026-05-23T18:10:00+00:00,14250,51,51,,Beresford Sq / Woolwich Arsenal Stn,Bus Open Data,141593
22054373,2026-05-24T06:35:00+00:00,14250,51,51,,Orpington Station,Bus Open Data,204660
22054356,2026-05-24T06:35:38+00:00,14250,51,51,,Orpington Station,Bus Open Data,
22064431,2026-05-24T07:34:00+00:00,14250,51,51,,Orpington Bus Station,Bus Open Data,204661
22064749,2026-05-24T07:55:00+00:00,14250,51,51,,Beresford Sq / Woolwich Arsenal Stn,Bus Open Data,204662
22083740,2026-05-24T08:54:00+00:00,14250,51,51,,Woolwich High Street,Bus Open Data,204663
22089388,2026-05-24T09:13:00+00:00,14250,51,51,,Orpington Station,Bus Open Data,204664
22108403,2026-05-24T10:27:00+00:00,14250,51,51,,Orpington Bus Station,Bus Open Data,204665
22113425,2026-05-24T10:51:00+00:00,14250,51,51,,Beresford Sq / Woolwich Arsenal Stn,Bus Open Data,204666
22133860,2026-05-24T12:06:00+00:00,14250,51,51,,Woolwich High Street,Bus Open Data,204667
22136065,2026-05-24T12:22:00+00:00,14250,51,51,,Orpington Station,Bus Open Data,204668
22155333,2026-05-24T13:45:00+00:00,14250,51,51,,Orpington Bus Station,Bus Open Data,204669
22158274,2026-05-24T14:07:00+00:00,14250,51,51,,Beresford Sq / Woolwich Arsenal Stn,Bus Open Data,204670
22178657,2026-05-24T15:17:00+00:00,14250,51,51,,Woolwich High Street,Bus Open Data,204671
22179714,2026-05-24T15:40:00+00:00,14250,51,51,,Orpington Station,Bus Open Data,204672
22205019,2026-05-24T16:51:00+00:00,14250,51,51,,Orpington Bus Station,Bus Open Data,204673
22205246,2026-05-24T17:09:00+00:00,14250,51,51,,Beresford Sq / Woolwich Arsenal Stn,Bus Open Data,204674
22250452,2026-05-24T20:45:00+00:00,14250,51,51,,Orpington Station,Bus Open Data,204680
22250429,2026-05-24T20:54:08+00:00,14250,51,51,,Orpington Station,Bus Open Data,
22259643,2026-05-24T21:40:00+00:00,14250,51,51,,Orpington Bus Station,Bus Open Data,204681
22260658,2026-05-24T22:00:00+00:00,14250,51,51,,Beresford Sq / Woolwich Arsenal Stn,Bus Open Data,204682
22268146,2026-05-24T22:47:00+00:00,14250,51,51,,Woolwich High Street,Bus Open Data,204683
22269649,2026-05-24T23:00:00+00:00,14250,51,51,,Orpington Station,Bus Open Data,204684
22274805,2026-05-24T23:50:00+00:00,14250,51,51,,Morden Wharf Road,Bus Open Data,204685
22285835,2026-05-25T04:41:00+00:00,14250,51,51,,Orpington Bus Station,Bus Open Data,204592
22288835,2026-05-25T05:15:00+00:00,14250,51,51,,Beresford Sq / Woolwich Arsenal Stn,Bus Open Data,204593
22295531,2026-05-25T06:06:00+00:00,14250,51,51,,Woolwich High Street,Bus Open Data,204594
22297258,2026-05-25T06:15:00+00:00,14250,51,51,,Orpington Station,Bus Open Data,204595
22308051,2026-05-25T07:13:00+00:00,14250,51,51,,Orpington Bus Station,Bus Open Data,204596
22308345,2026-05-25T07:35:00+00:00,14250,51,51,,Beresford Sq / Woolwich Arsenal Stn,Bus Open Data,204597
22324030,2026-05-25T08:31:00+00:00,14250,51,51,,Woolwich High Street,Bus Open Data,204598
22324478,2026-05-25T08:45:00+00:00,14250,51,51,,Orpington Station,Bus Open Data,204599
22346071,2026-05-25T09:54:00+00:00,14250,51,51,,Orpington Bus Station,Bus Open Data,204600
22346542,2026-05-25T10:06:00+00:00,14250,51,51,,Beresford Sq / Woolwich Arsenal Stn,Bus Open Data,204601
22366704,2026-05-25T11:18:00+00:00,14250,51,51,,Woolwich High Street,Bus Open Data,204602
22373247,2026-05-25T11:37:00+00:00,14250,51,51,,Orpington Station,Bus Open Data,204603
22392925,2026-05-25T13:02:00+00:00,14250,51,51,,Orpington Bus Station,Bus Open Data,204604
22396268,2026-05-25T13:22:00+00:00,14250,51,51,,Beresford Sq / Woolwich Arsenal Stn,Bus Open Data,204605
22418937,2026-05-25T14:34:00+00:00,14250,51,51,,Woolwich High Street,Bus Open Data,204606
22419434,2026-05-25T14:54:00+00:00,14250,51,51,,Orpington Station,Bus Open Data,204607
22442354,2026-05-25T16:07:00+00:00,14250,51,51,,Orpington Bus Station,Bus Open Data,204608
22444906,2026-05-25T16:23:00+00:00,14250,51,51,,Beresford Sq / Woolwich Arsenal Stn,Bus Open Data,204609
22461336,2026-05-25T17:28:00+00:00,14250,51,51,,Woolwich High Street,Bus Open Data,204610
22463578,2026-05-25T17:42:00+00:00,14250,51,51,,Orpington Station,Bus Open Data,204611
22478173,2026-05-25T18:47:00+00:00,14250,51,51,,Orpington Bus Station,Bus Open Data,204612
22480547,2026-05-25T18:56:00+00:00,14250,51,51,,Beresford Sq / Woolwich Arsenal Stn,Bus Open Data,204613
22490816,2026-05-25T19:52:00+00:00,14250,51,51,,Woolwich High Street,Bus Open Data,204614
22494729,2026-05-25T20:14:00+00:00,14250,51,51,,Orpington Station,Bus Open Data,204615
22504798,2026-05-25T21:10:00+00:00,14250,51,51,,Orpington Bus Station,Bus Open Data,204616
22506849,2026-05-25T21:30:00+00:00,14250,51,51,,Beresford Sq / Woolwich Arsenal Stn,Bus Open Data,204617
22515605,2026-05-25T22:17:00+00:00,14250,51,51,,Woolwich High Street,Bus Open Data,204618
22516263,2026-05-25T22:30:00+00:00,14250,51,51,,Orpington Station,Bus Open Data,204619
22523251,2026-05-25T23:20:00+00:00,14250,51,51,,Morden Wharf Road,Bus Open Data,204620
22532799,2026-05-26T03:13:00+00:00,14250,51,51,,Orpington Bus Station,Bus Open Data,323353
22534417,2026-05-26T03:45:00+00:00,14250,51,51,,Beresford Sq / Woolwich Arsenal Stn,Bus Open Data,323354
22540766,2026-05-26T04:33:00+00:00,14250,51,51,,Woolwich High Street,Bus Open Data,323355
22542648,2026-05-26T04:42:00+00:00,14250,51,51,,Orpington Station,Bus Open Data,323356
22560649,2026-05-26T05:37:00+00:00,14250,51,51,,Orpington Bus Station,Bus Open Data,323357
22565377,2026-05-26T05:51:00+00:00,14250,51,51,,Beresford Sq / Woolwich Arsenal Stn,Bus Open Data,323358
22617042,2026-05-26T07:31:00+00:00,14250,51,51,,Orpington Station,Bus Open Data,323360
22616940,2026-05-26T07:48:35+00:00,14250,51,51,,Orpington Station,Bus Open Data,
22646193,2026-05-26T09:03:00+00:00,14250,51,51,,Orpington Bus Station,Bus Open Data,323361
22650543,2026-05-26T09:19:00+00:00,14250,51,51,,Beresford Sq / Woolwich Arsenal Stn,Bus Open Data,323362
22690071,2026-05-26T10:35:00+00:00,14250,51,51,,Woolwich High Street,Bus Open Data,323363
22701589,2026-05-26T11:01:00+00:00,14250,51,51,,Orpington Station,Bus Open Data,323364
22744293,2026-05-26T12:28:00+00:00,14250,51,51,,Orpington Bus Station,Bus Open Data,323365
22746606,2026-05-26T12:45:00+00:00,14250,51,51,,Beresford Sq / Woolwich Arsenal Stn,Bus Open Data,323366
22782116,2026-05-26T14:08:00+00:00,14250,51,51,,Woolwich High Street,Bus Open Data,323367
22793949,2026-05-26T14:36:00+00:00,14250,51,51,,Orpington Station,Bus Open Data,323368
22827931,2026-05-26T16:14:00+00:00,14250,51,51,,Orpington Bus Station,Bus Open Data,323369
22828694,2026-05-26T16:32:00+00:00,14250,51,51,,Beresford Sq / Woolwich Arsenal Stn,Bus Open Data,323370
22871362,2026-05-26T18:01:00+00:00,14250,51,51,,Woolwich High Street,Bus Open Data,323371
22872045,2026-05-26T18:18:00+00:00,14250,51,51,,Orpington Station,Bus Open Data,323372
22896341,2026-05-26T19:27:00+00:00,14250,51,51,,Orpington Bus Station,Bus Open Data,323373
22901601,2026-05-26T19:45:00+00:00,14250,51,51,,Beresford Sq / Woolwich Arsenal Stn,Bus Open Data,323374
22913074,2026-05-26T20:45:00+00:00,14250,51,51,,Woolwich High Street,Bus Open Data,323375
22917379,2026-05-26T21:00:00+00:00,14250,51,51,,Orpington Station,Bus Open Data,323376
22930318,2026-05-26T21:57:00+00:00,14250,51,51,,Orpington Bus Station,Bus Open Data,323377
22932221,2026-05-26T22:15:00+00:00,14250,51,51,,Beresford Sq / Woolwich Arsenal Stn,Bus Open Data,323378
22939730,2026-05-26T23:05:00+00:00,14250,51,51,,Woolwich High Street,Bus Open Data,323379
22941167,2026-05-26T23:15:00+00:00,14250,51,51,,Orpington Station,Bus Open Data,323380
22945449,2026-05-27T00:02:00+00:00,14250,51,51,,Morden Wharf Road,Bus Open Data,323381
22955822,2026-05-27T04:15:00+00:00,14250,51,51,,Orpington Station,Bus Open Data,323661
22968132,2026-05-27T05:08:00+00:00,14250,51,51,,Orpington Bus Station,Bus Open Data,323662
22968419,2026-05-27T05:18:00+00:00,14250,51,51,,Beresford Sq / Woolwich Arsenal Stn,Bus Open Data,323663
22994921,2026-05-27T06:19:00+00:00,14250,51,51,,Woolwich High Street,Bus Open Data,323664
23003522,2026-05-27T06:39:00+00:00,14250,51,51,,Orpington Station,Bus Open Data,323665
23046017,2026-05-27T08:24:00+00:00,14250,51,51,,Orpington Bus Station,Bus Open Data,323666
23062155,2026-05-27T08:40:00+00:00,14250,51,51,,Beresford Sq / Woolwich Arsenal Stn,Bus Open Data,323667
23088750,2026-05-27T09:58:00+00:00,14250,51,51,,Woolwich High Street,Bus Open Data,323668
23100359,2026-05-27T10:22:00+00:00,14250,51,51,,Orpington Station,Bus Open Data,323669
23135111,2026-05-27T11:48:00+00:00,14250,51,51,,Orpington Bus Station,Bus Open Data,323670
23146389,2026-05-27T12:07:00+00:00,14250,51,51,,Beresford Sq / Woolwich Arsenal Stn,Bus Open Data,323671
23179936,2026-05-27T13:27:00+00:00,14250,51,51,,Woolwich High Street,Bus Open Data,323672
23190785,2026-05-27T13:45:00+00:00,14250,51,51,,Orpington Station,Bus Open Data,323673
23227011,2026-05-27T15:28:00+00:00,14250,51,51,,Orpington Bus Station,Bus Open Data,323674
23238451,2026-05-27T15:40:00+00:00,14250,51,51,,Beresford Sq / Woolwich Arsenal Stn,Bus Open Data,323675
23275722,2026-05-27T17:13:00+00:00,14250,51,51,,Woolwich High Street,Bus Open Data,323676
23285921,2026-05-27T17:38:00+00:00,14250,51,51,,Orpington Station,Bus Open Data,323677
23308543,2026-05-27T18:58:00+00:00,14250,51,51,,Orpington Bus Station,Bus Open Data,323678
23313996,2026-05-27T19:18:00+00:00,14250,51,51,,Beresford Sq / Woolwich Arsenal Stn,Bus Open Data,323679
23327244,2026-05-27T20:21:00+00:00,14250,51,51,,Morden Wharf Road,Bus Open Data,323680
23379634,2026-05-28T04:20:00+00:00,14250,51,51,,Orpington Bus Station,Bus Open Data,323587
23382726,2026-05-28T04:54:00+00:00,14250,51,51,,Beresford Sq / Woolwich Arsenal Stn,Bus Open Data,323588
23401028,2026-05-28T05:51:00+00:00,14250,51,51,,Woolwich High Street,Bus Open Data,323589
23407766,2026-05-28T06:05:00+00:00,14250,51,51,,Orpington Station,Bus Open Data,323590
23442731,2026-05-28T07:41:00+00:00,14250,51,51,,Orpington Bus Station,Bus Open Data,323591
23457423,2026-05-28T08:01:00+00:00,14250,51,51,,Beresford Sq / Woolwich Arsenal Stn,Bus Open Data,323592
23488611,2026-05-28T09:22:00+00:00,14250,51,51,,Woolwich High Street,Bus Open Data,323593
23491229,2026-05-28T09:43:00+00:00,14250,51,51,,Orpington Station,Bus Open Data,323594
23540589,2026-05-28T11:08:00+00:00,14250,51,51,,Orpington Bus Station,Bus Open Data,323595
23545073,2026-05-28T11:28:00+00:00,14250,51,51,,Beresford Sq / Woolwich Arsenal Stn,Bus Open Data,323596
23582145,2026-05-28T12:48:00+00:00,14250,51,51,,Woolwich High Street,Bus Open Data,323597
23593103,2026-05-28T13:11:00+00:00,14250,51,51,,Orpington Station,Bus Open Data,323598
23628844,2026-05-28T14:45:00+00:00,14250,51,51,,Orpington Bus Station,Bus Open Data,323599
23640579,2026-05-28T15:01:00+00:00,14250,51,51,,Beresford Sq / Woolwich Arsenal Stn,Bus Open Data,323600
23676733,2026-05-28T16:36:00+00:00,14250,51,51,,Woolwich High Street,Bus Open Data,323601
23689220,2026-05-28T16:59:00+00:00,14250,51,51,,Orpington Station,Bus Open Data,323602
23719334,2026-05-28T18:29:00+00:00,14250,51,51,,Orpington Bus Station,Bus Open Data,323603
23723920,2026-05-28T18:42:00+00:00,14250,51,51,,Beresford Sq / Woolwich Arsenal Stn,Bus Open Data,323604
23740093,2026-05-28T19:48:00+00:00,14250,51,51,,Woolwich High Street,Bus Open Data,323605
23742993,2026-05-28T20:00:00+00:00,14250,51,51,,Orpington Station,Bus Open Data,323606
23755748,2026-05-28T21:01:00+00:00,14250,51,51,,Orpington Bus Station,Bus Open Data,323607
23758524,2026-05-28T21:15:00+00:00,14250,51,51,,Beresford Sq / Woolwich Arsenal Stn,Bus Open Data,323608
23768838,2026-05-28T22:07:00+00:00,14250,51,51,,Morden Wharf Road,Bus Open Data,323609
23799161,2026-05-29T04:20:00+00:00,14250,51,51,,Orpington Bus Station,Bus Open Data,323587
23802747,2026-05-29T04:54:00+00:00,14250,51,51,,Beresford Sq / Woolwich Arsenal Stn,Bus Open Data,323588
23823173,2026-05-29T05:51:00+00:00,14250,51,51,,Woolwich High Street,Bus Open Data,323589
23830044,2026-05-29T06:05:00+00:00,14250,51,51,,Orpington Station,Bus Open Data,323590
23860924,2026-05-29T07:41:00+00:00,14250,51,51,,Orpington Bus Station,Bus Open Data,323591
23876239,2026-05-29T07:54:56+00:00,14250,51,51,,Orpington Bus Station,Bus Open Data,
23876332,2026-05-29T08:01:00+00:00,14250,51,51,,Beresford Sq / Woolwich Arsenal Stn,Bus Open Data,323592
23905655,2026-05-29T09:22:00+00:00,14250,51,51,,Woolwich High Street,Bus Open Data,323593
23924863,2026-05-29T09:43:00+00:00,14250,51,51,,Orpington Station,Bus Open Data,323594
23962079,2026-05-29T11:08:00+00:00,14250,51,51,,Orpington Bus Station,Bus Open Data,323595
23966628,2026-05-29T11:28:00+00:00,14250,51,51,,Beresford Sq / Woolwich Arsenal Stn,Bus Open Data,323596
24003758,2026-05-29T12:48:00+00:00,14250,51,51,,Woolwich High Street,Bus Open Data,323597
24019469,2026-05-29T13:11:00+00:00,14250,51,51,,Orpington Station,Bus Open Data,323598
24054098,2026-05-29T14:45:00+00:00,14250,51,51,,Orpington Bus Station,Bus Open Data,323599
24057925,2026-05-29T15:01:00+00:00,14250,51,51,,Beresford Sq / Woolwich Arsenal Stn,Bus Open Data,323600
24100267,2026-05-29T16:36:00+00:00,14250,51,51,,Woolwich High Street,Bus Open Data,323601
24105778,2026-05-29T16:59:00+00:00,14250,51,51,,Orpington Station,Bus Open Data,323602
24139111,2026-05-29T18:29:00+00:00,14250,51,51,,Orpington Bus Station,Bus Open Data,323603
24143017,2026-05-29T18:42:00+00:00,14250,51,51,,Beresford Sq / Woolwich Arsenal Stn,Bus Open Data,323604
24158849,2026-05-29T19:48:00+00:00,14250,51,51,,Woolwich High Street,Bus Open Data,323605
24162228,2026-05-29T20:00:00+00:00,14250,51,51,,Orpington Station,Bus Open Data,323606
24176808,2026-05-29T21:01:00+00:00,14250,51,51,,Orpington Bus Station,Bus Open Data,323607
24176911,2026-05-29T21:15:00+00:00,14250,51,51,,Beresford Sq / Woolwich Arsenal Stn,Bus Open Data,323608
24210544,2026-05-30T03:32:00+00:00,14250,51,51,,Woolwich High Street,Bus Open Data,141421
24211396,2026-05-30T03:45:00+00:00,14250,51,51,,Orpington Station,Bus Open Data,141422
24215901,2026-05-30T04:31:00+00:00,14250,51,51,,Orpington Bus Station,Bus Open Data,141423
24216079,2026-05-30T04:45:00+00:00,14250,51,51,,Beresford Sq / Woolwich Arsenal Stn,Bus Open Data,141424
24226383,2026-05-30T05:32:00+00:00,14250,51,51,,Woolwich High Street,Bus Open Data,141425
24227765,2026-05-30T05:45:00+00:00,14250,51,51,,Orpington Station,Bus Open Data,141426
24250453,2026-05-30T06:43:00+00:00,14250,51,51,,Orpington Bus Station,Bus Open Data,141427
24250933,2026-05-30T06:54:00+00:00,14250,51,51,,Beresford Sq / Woolwich Arsenal Stn,Bus Open Data,141428
24274750,2026-05-30T07:52:00+00:00,14250,51,51,,Woolwich High Street,Bus Open Data,141429
24275786,2026-05-30T08:05:00+00:00,14250,51,51,,Orpington Station,Bus Open Data,141430
24306786,2026-05-30T09:19:00+00:00,14250,51,51,,Orpington Bus Station,Bus Open Data,141431
24312031,2026-05-30T09:35:00+00:00,14250,51,51,,Beresford Sq / Woolwich Arsenal Stn,Bus Open Data,141432
24342656,2026-05-30T10:57:00+00:00,14250,51,51,,Woolwich High Street,Bus Open Data,141433
24357163,2026-05-30T11:17:00+00:00,14250,51,51,,Orpington Station,Bus Open Data,141434
24391366,2026-05-30T12:57:00+00:00,14250,51,51,,Orpington Bus Station,Bus Open Data,141435
24402696,2026-05-30T13:14:00+00:00,14250,51,51,,Beresford Sq / Woolwich Arsenal Stn,Bus Open Data,141436
24436136,2026-05-30T14:37:00+00:00,14250,51,51,,Woolwich High Street,Bus Open Data,141437
24449576,2026-05-30T14:58:00+00:00,14250,51,51,,Orpington Station,Bus Open Data,141438
24486209,2026-05-30T16:28:00+00:00,14250,51,51,,Orpington Bus Station,Bus Open Data,141439
24486806,2026-05-30T16:42:00+00:00,14250,51,51,,Beresford Sq / Woolwich Arsenal Stn,Bus Open Data,141440
24514492,2026-05-30T17:58:00+00:00,14250,51,51,,Woolwich High Street,Bus Open Data,141441
24520227,2026-05-30T18:10:00+00:00,14250,51,51,,Orpington Station,Bus Open Data,141442
24537986,2026-05-30T19:21:00+00:00,14250,51,51,,Morden Wharf Road,Bus Open Data,141443
24848131,2026-06-01T04:39:00+00:00,14250,51,51,,Woolwich High Street,Bus Open Data,323399
24847104,2026-06-01T04:53:00+00:00,14250,51,51,,Orpington Station,Bus Open Data,323400
24871812,2026-06-01T05:51:00+00:00,14250,51,51,,Orpington Bus Station,Bus Open Data,323401
24876058,2026-06-01T06:07:00+00:00,14250,51,51,,Beresford Sq / Woolwich Arsenal Stn,Bus Open Data,323402
24913847,2026-06-01T07:35:00+00:00,14250,51,51,,Woolwich High Street,Bus Open Data,323403
24925476,2026-06-01T07:57:00+00:00,14250,51,51,,Orpington Station,Bus Open Data,323404
24963603,2026-06-01T09:26:00+00:00,14250,51,51,,Orpington Bus Station,Bus Open Data,323405
24973931,2026-06-01T09:45:00+00:00,14250,51,51,,Beresford Sq / Woolwich Arsenal Stn,Bus Open Data,323406
25005102,2026-06-01T11:01:00+00:00,14250,51,51,,Woolwich High Street,Bus Open Data,323407
25020349,2026-06-01T11:27:00+00:00,14250,51,51,,Orpington Station,Bus Open Data,323408
25057033,2026-06-01T13:10:00+00:00,14250,51,51,,Beresford Sq / Woolwich Arsenal Stn,Bus Open Data,323410
25092737,2026-06-01T14:36:00+00:00,14250,51,51,,Woolwich High Street,Bus Open Data,323411
25116194,2026-06-01T15:02:00+00:00,14250,51,51,,Orpington Station,Bus Open Data,323412
25155475,2026-06-01T16:39:00+00:00,14250,51,51,,Orpington Bus Station,Bus Open Data,323413
25164834,2026-06-01T16:58:00+00:00,14250,51,51,,Beresford Sq / Woolwich Arsenal Stn,Bus Open Data,323414
25192890,2026-06-01T18:23:00+00:00,14250,51,51,,Woolwich High Street,Bus Open Data,323415
25201136,2026-06-01T18:42:00+00:00,14250,51,51,,Orpington Station,Bus Open Data,323416
25218380,2026-06-01T19:47:00+00:00,14250,51,51,,Orpington Bus Station,Bus Open Data,323417
25220115,2026-06-01T20:00:00+00:00,14250,51,51,,Beresford Sq / Woolwich Arsenal Stn,Bus Open Data,323418
25234526,2026-06-01T20:58:00+00:00,14250,51,51,,Woolwich High Street,Bus Open Data,323419
25236437,2026-06-01T21:15:00+00:00,14250,51,51,,Orpington Station,Bus Open Data,323420
25247385,2026-06-01T22:12:00+00:00,14250,51,51,,Orpington Bus Station,Bus Open Data,323421
25248433,2026-06-01T22:30:00+00:00,14250,51,51,,Beresford Sq / Woolwich Arsenal Stn,Bus Open Data,323422
25257127,2026-06-01T23:18:00+00:00,14250,51,51,,Woolwich High Street,Bus Open Data,323423
25258466,2026-06-01T23:30:00+00:00,14250,51,51,,Orpington Station,Bus Open Data,323424
25261719,2026-06-02T00:16:00+00:00,14250,51,51,,Morden Wharf Road,Bus Open Data,323425
25321662,2026-06-02T06:22:00+00:00,14231,291,291,,Queen Elizabeth Hospital / West Entrance,Bus Open Data,209611
25321923,2026-06-02T06:35:00+00:00,14231,291,291,,Garland Road Clinic,Bus Open Data,209612
25331499,2026-06-02T06:57:00+00:00,14231,291,291,,Queen Elizabeth Hospital / West Entrance,Bus Open Data,209613
25346860,2026-06-02T07:32:00+00:00,14231,291,291,,Queen Elizabeth Hospital / West Entrance,Bus Open Data,209614
25349428,2026-06-02T07:42:00+00:00,14231,291,291,,Garland Road Clinic,Bus Open Data,209615
25358614,2026-06-02T08:07:00+00:00,14231,291,291,,Queen Elizabeth Hospital / West Entrance,Bus Open Data,209616
25371752,2026-06-02T08:39:00+00:00,14231,291,291,,Queen Elizabeth Hospital / West Entrance,Bus Open Data,209617
25381644,2026-06-02T08:56:00+00:00,14231,291,291,,Garland Road Clinic,Bus Open Data,209618
25393070,2026-06-02T09:19:00+00:00,14231,291,291,,Queen Elizabeth Hospital / West Entrance,Bus Open Data,209619
25407414,2026-06-02T09:49:00+00:00,14231,291,291,,Queen Elizabeth Hospital / West Entrance,Bus Open Data,209620
25414601,2026-06-02T10:08:00+00:00,14231,291,291,,Garland Road Clinic,Bus Open Data,209621
25424408,2026-06-02T10:31:00+00:00,14231,291,291,,Queen Elizabeth Hospital / West Entrance,Bus Open Data,209622
25437019,2026-06-02T11:01:00+00:00,14231,291,291,,Queen Elizabeth Hospital / West Entrance,Bus Open Data,209623
25447151,2026-06-02T11:19:00+00:00,14231,291,291,,Garland Road Clinic,Bus Open Data,209624
25458750,2026-06-02T11:43:00+00:00,14231,291,291,,Queen Elizabeth Hospital / West Entrance,Bus Open Data,209625
25471547,2026-06-02T12:13:00+00:00,14231,291,291,,Queen Elizabeth Hospital / West Entrance,Bus Open Data,209626
25477728,2026-06-02T12:30:00+00:00,14231,291,291,,Garland Road Clinic,Bus Open Data,209627
25486875,2026-06-02T12:55:00+00:00,14231,291,291,,Queen Elizabeth Hospital / West Entrance,Bus Open Data,209628
25500073,2026-06-02T13:25:00+00:00,14231,291,291,,Queen Elizabeth Hospital / West Entrance,Bus Open Data,209629
25509694,2026-06-02T13:40:00+00:00,14231,291,291,,Garland Road Clinic,Bus Open Data,209630
25519777,2026-06-02T14:06:00+00:00,14231,291,291,,Queen Elizabeth Hospital / West Entrance,Bus Open Data,209631
25534274,2026-06-02T14:39:00+00:00,14231,291,291,,Queen Elizabeth Hospital / West Entrance,Bus Open Data,209632
25539378,2026-06-02T14:50:00+00:00,14231,291,291,,Garland Road Clinic,Bus Open Data,209633
25551474,2026-06-02T15:18:00+00:00,14231,291,291,,Queen Elizabeth Hospital / West Entrance,Bus Open Data,209634
25566414,2026-06-02T15:51:00+00:00,14231,291,291,,Queen Elizabeth Hospital / West Entrance,Bus Open Data,209635
25585962,2026-06-02T16:02:00+00:00,14231,291,291,,Garland Road Clinic,Bus Open Data,209636
25585881,2026-06-02T16:38:45+00:00,14231,291,291,,Queen Elizabeth Hospital / West Entrance,Bus Open Data,
25600197,2026-06-02T17:03:00+00:00,14231,291,291,,Queen Elizabeth Hospital / West Entrance,Bus Open Data,209638
25599824,2026-06-02T17:15:00+00:00,14231,291,291,,Garland Road Clinic,Bus Open Data,209639
25609831,2026-06-02T17:42:00+00:00,14231,291,291,,Queen Elizabeth Hospital / West Entrance,Bus Open Data,209640
25618863,2026-06-02T18:13:00+00:00,14231,291,291,,Queen Elizabeth Hospital / West Entrance,Bus Open Data,209641
25624909,2026-06-02T18:29:00+00:00,14231,291,291,,Queen Elizabeth Hospital / West Entrance,Bus Open Data,209642
25630954,2026-06-02T18:55:00+00:00,14231,291,291,,Morden Wharf Road,Bus Open Data,209643
25757321,2026-06-03T06:35:00+00:00,14250,51,51,,Woolwich High Street,Bus Open Data,323681
25756742,2026-06-03T06:52:00+00:00,14250,51,51,,Orpington Station,Bus Open Data,323682
25798450,2026-06-03T08:34:00+00:00,14250,51,51,,Orpington Bus Station,Bus Open Data,323683
25805295,2026-06-03T08:53:00+00:00,14250,51,51,,Beresford Sq / Woolwich Arsenal Stn,Bus Open Data,323684
25841713,2026-06-03T10:10:00+00:00,14250,51,51,,Woolwich High Street,Bus Open Data,323685
25856368,2026-06-03T10:35:00+00:00,14250,51,51,,Orpington Station,Bus Open Data,323686
25897612,2026-06-03T12:02:00+00:00,14250,51,51,,Orpington Bus Station,Bus Open Data,323687
25898434,2026-06-03T12:20:00+00:00,14250,51,51,,Beresford Sq / Woolwich Arsenal Stn,Bus Open Data,323688
25939311,2026-06-03T13:40:00+00:00,14250,51,51,,Woolwich High Street,Bus Open Data,323689
25947024,2026-06-03T13:57:00+00:00,14250,51,51,,Orpington Station,Bus Open Data,323690
26140195,2026-06-04T04:53:00+00:00,14250,51,51,,Orpington Station,Bus Open Data,323400
26161431,2026-06-04T05:51:00+00:00,14250,51,51,,Orpington Bus Station,Bus Open Data,323401
26164144,2026-06-04T06:07:00+00:00,14250,51,51,,Beresford Sq / Woolwich Arsenal Stn,Bus Open Data,323402
26206929,2026-06-04T07:35:00+00:00,14250,51,51,,Woolwich High Street,Bus Open Data,323403
26216814,2026-06-04T07:57:00+00:00,14250,51,51,,Orpington Station,Bus Open Data,323404
26255601,2026-06-04T09:26:00+00:00,14250,51,51,,Orpington Bus Station,Bus Open Data,323405
26256461,2026-06-04T09:45:00+00:00,14250,51,51,,Beresford Sq / Woolwich Arsenal Stn,Bus Open Data,323406
26303193,2026-06-04T11:01:00+00:00,14250,51,51,,Woolwich High Street,Bus Open Data,323407
26311081,2026-06-04T11:27:00+00:00,14250,51,51,,Orpington Station,Bus Open Data,323408
26344244,2026-06-04T12:54:00+00:00,14250,51,51,,Orpington Bus Station,Bus Open Data,323409
26356531,2026-06-04T13:10:00+00:00,14250,51,51,,Beresford Sq / Woolwich Arsenal Stn,Bus Open Data,323410
26392968,2026-06-04T14:36:00+00:00,14250,51,51,,Woolwich High Street,Bus Open Data,323411
26407052,2026-06-04T15:02:00+00:00,14250,51,51,,Orpington Station,Bus Open Data,323412
26448328,2026-06-04T16:39:00+00:00,14250,51,51,,Orpington Bus Station,Bus Open Data,323413
26456115,2026-06-04T16:58:00+00:00,14250,51,51,,Beresford Sq / Woolwich Arsenal Stn,Bus Open Data,323414
26481783,2026-06-04T18:23:00+00:00,14250,51,51,,Woolwich High Street,Bus Open Data,323415
26490719,2026-06-04T18:42:00+00:00,14250,51,51,,Orpington Station,Bus Open Data,323416
26527862,2026-06-04T21:15:00+00:00,14250,51,51,,Orpington Station,Bus Open Data,323420
26527833,2026-06-04T21:24:00+00:00,14250,51,51,,Orpington Station,Bus Open Data,
26537110,2026-06-04T22:12:00+00:00,14250,51,51,,Orpington Bus Station,Bus Open Data,323421
26539093,2026-06-04T22:30:00+00:00,14250,51,51,,Beresford Sq / Woolwich Arsenal Stn,Bus Open Data,323422
26546117,2026-06-04T23:18:00+00:00,14250,51,51,,Woolwich High Street,Bus Open Data,323423
26547586,2026-06-04T23:30:00+00:00,14250,51,51,,Orpington Station,Bus Open Data,323424
26550951,2026-06-05T00:16:00+00:00,14250,51,51,,Morden Wharf Road,Bus Open Data,323425
26556746,2026-06-05T03:17:00+00:00,14250,51,51,,Woolwich High Street,Bus Open Data,323696
26556766,2026-06-05T03:30:00+00:00,14250,51,51,,Orpington Station,Bus Open Data,323697
26561573,2026-06-05T04:19:00+00:00,14250,51,51,,Orpington Bus Station,Bus Open Data,323698
26562246,2026-06-05T04:30:00+00:00,14250,51,51,,Beresford Sq / Woolwich Arsenal Stn,Bus Open Data,323699
26581505,2026-06-05T05:23:00+00:00,14250,51,51,,Woolwich High Street,Bus Open Data,323700
26584292,2026-06-05T05:38:00+00:00,14250,51,51,,Orpington Station,Bus Open Data,323701
26622486,2026-06-05T07:00:00+00:00,14250,51,51,,Orpington Bus Station,Bus Open Data,323702
26631934,2026-06-05T07:22:00+00:00,14250,51,51,,Beresford Sq / Woolwich Arsenal Stn,Bus Open Data,323703
26667319,2026-06-05T08:48:00+00:00,14250,51,51,,Orpington Bus Station,Bus Open Data,323704
26761883,2026-06-05T12:02:00+00:00,14250,51,51,,Orpington Station,Bus Open Data,323687
26784844,2026-06-05T12:20:00+00:00,14250,51,51,,Beresford Sq / Woolwich Arsenal Stn,Bus Open Data,323688
26783208,2026-06-05T12:58:45+00:00,14250,51,51,,Orpington Station,Bus Open Data,
26802541,2026-06-05T13:40:00+00:00,14250,51,51,,Woolwich High Street,Bus Open Data,323689
26808773,2026-06-05T13:57:00+00:00,14250,51,51,,Orpington Station,Bus Open Data,323690
26856837,2026-06-05T15:41:00+00:00,14250,51,51,,Orpington Bus Station,Bus Open Data,323691
26859084,2026-06-05T15:53:00+00:00,14250,51,51,,Beresford Sq / Woolwich Arsenal Stn,Bus Open Data,323692
26895200,2026-06-05T17:26:00+00:00,14250,51,51,,Woolwich High Street,Bus Open Data,323693
26906892,2026-06-05T17:50:00+00:00,14250,51,51,,Orpington Station,Bus Open Data,323694
26929022,2026-06-05T19:08:00+00:00,14250,51,51,,Morden Wharf Road,Bus Open Data,323695
27013207,2026-06-06T06:29:00+00:00,14250,51,51,,Woolwich High Street,Bus Open Data,158502
27021396,2026-06-06T06:42:00+00:00,14250,51,51,,Orpington Station,Bus Open Data,158503
27038848,2026-06-06T07:47:00+00:00,14250,51,51,,Orpington Bus Station,Bus Open Data,158504
27050817,2026-06-06T08:04:00+00:00,14250,51,51,,Beresford Sq / Woolwich Arsenal Stn,Bus Open Data,158505
27074860,2026-06-06T09:10:00+00:00,14250,51,51,,Woolwich High Street,Bus Open Data,158506
27087353,2026-06-06T09:34:00+00:00,14250,51,51,,Orpington Station,Bus Open Data,158507
27121055,2026-06-06T11:13:00+00:00,14250,51,51,,Orpington Bus Station,Bus Open Data,158508
27131941,2026-06-06T11:30:00+00:00,14250,51,51,,Beresford Sq / Woolwich Arsenal Stn,Bus Open Data,158509
27167194,2026-06-06T12:59:00+00:00,14250,51,51,,Woolwich High Street,Bus Open Data,158510
27168981,2026-06-06T13:14:00+00:00,14250,51,51,,Orpington Station,Bus Open Data,158511
27209974,2026-06-06T14:47:00+00:00,14250,51,51,,Orpington Bus Station,Bus Open Data,158512
27221445,2026-06-06T15:11:00+00:00,14250,51,51,,Beresford Sq / Woolwich Arsenal Stn,Bus Open Data,158513
27250910,2026-06-06T16:31:00+00:00,14250,51,51,,Woolwich High Street,Bus Open Data,158514
27261591,2026-06-06T16:42:00+00:00,14250,51,51,,Orpington Station,Bus Open Data,158515
27283801,2026-06-06T18:07:00+00:00,14250,51,51,,Orpington Bus Station,Bus Open Data,158516
27287983,2026-06-06T18:22:00+00:00,14250,51,51,,Beresford Sq / Woolwich Arsenal Stn,Bus Open Data,158517
27306182,2026-06-06T19:26:00+00:00,14250,51,51,,Woolwich High Street,Bus Open Data,158518
27307532,2026-06-06T19:45:00+00:00,14250,51,51,,Orpington Station,Bus Open Data,158519
27320751,2026-06-06T20:46:00+00:00,14250,51,51,,Orpington Bus Station,Bus Open Data,158520
27325729,2026-06-06T21:00:00+00:00,14250,51,51,,Beresford Sq / Woolwich Arsenal Stn,Bus Open Data,158521
27335433,2026-06-06T21:51:00+00:00,14250,51,51,,Morden Wharf Road,Bus Open Data,158522
27399115,2026-06-07T08:45:00+00:00,14250,51,51,,Orpington Bus Station,Bus Open Data,215858
27408593,2026-06-07T09:25:00+00:00,14250,51,51,,Beresford Sq / Woolwich Arsenal Stn,Bus Open Data,215859
27424556,2026-06-07T10:33:00+00:00,14250,51,51,,Woolwich High Street,Bus Open Data,215860
27430423,2026-06-07T10:53:00+00:00,14250,51,51,,Orpington Station,Bus Open Data,215861
27449091,2026-06-07T12:15:00+00:00,14250,51,51,,Orpington Bus Station,Bus Open Data,215862
27455549,2026-06-07T12:36:00+00:00,14250,51,51,,Beresford Sq / Woolwich Arsenal Stn,Bus Open Data,215863
27472906,2026-06-07T13:49:00+00:00,14250,51,51,,Woolwich High Street,Bus Open Data,215864
27478401,2026-06-07T14:08:00+00:00,14250,51,51,,Orpington Station,Bus Open Data,215865
27497538,2026-06-07T15:25:00+00:00,14250,51,51,,Orpington Bus Station,Bus Open Data,215866
27502058,2026-06-07T15:38:00+00:00,14250,51,51,,Beresford Sq / Woolwich Arsenal Stn,Bus Open Data,215867
27516410,2026-06-07T16:44:00+00:00,14250,51,51,,Woolwich High Street,Bus Open Data,215868
27518868,2026-06-07T16:56:00+00:00,14250,51,51,,Orpington Station,Bus Open Data,215869
27532679,2026-06-07T18:04:00+00:00,14250,51,51,,Orpington Bus Station,Bus Open Data,215870
27537674,2026-06-07T18:25:00+00:00,14250,51,51,,Beresford Sq / Woolwich Arsenal Stn,Bus Open Data,215871
27547211,2026-06-07T19:23:00+00:00,14250,51,51,,Woolwich High Street,Bus Open Data,215872
27551663,2026-06-07T19:44:00+00:00,14250,51,51,,Orpington Station,Bus Open Data,215873
27562235,2026-06-07T20:41:00+00:00,14250,51,51,,Orpington Bus Station,Bus Open Data,215874
27564288,2026-06-07T20:59:00+00:00,14250,51,51,,Beresford Sq / Woolwich Arsenal Stn,Bus Open Data,215875
27573330,2026-06-07T21:48:00+00:00,14250,51,51,,Woolwich High Street,Bus Open Data,215876
27574340,2026-06-07T22:00:00+00:00,14250,51,51,,Orpington Station,Bus Open Data,215877
27581437,2026-06-07T22:51:00+00:00,14250,51,51,,Orpington Bus Station,Bus Open Data,215878
27582391,2026-06-07T23:00:00+00:00,14250,51,51,,Beresford Sq / Woolwich Arsenal Stn,Bus Open Data,215879
27586561,2026-06-07T23:45:00+00:00,14250,51,51,,Woolwich High Street,Bus Open Data,215880
27587416,2026-06-08T00:00:00+00:00,14250,51,51,,Orpington Station,Bus Open Data,215881
27588946,2026-06-08T00:46:00+00:00,14250,51,51,,Morden Wharf Road,Bus Open Data,215882
27596892,2026-06-08T04:15:00+00:00,14231,291,291,,Garland Road Clinic,Bus Open Data,220411
27600241,2026-06-08T04:30:00+00:00,14231,291,291,,Queen Elizabeth Hospital / West Entrance,Bus Open Data,220412
27606244,2026-06-08T04:52:00+00:00,14231,291,291,,Queen Elizabeth Hospital / West Entrance,Bus Open Data,220413
27607288,2026-06-08T05:05:00+00:00,14231,291,291,,Garland Road Clinic,Bus Open Data,220414
27613589,2026-06-08T05:21:00+00:00,14231,291,291,,Queen Elizabeth Hospital / West Entrance,Bus Open Data,220415
27624075,2026-06-08T05:50:00+00:00,14231,291,291,,Queen Elizabeth Hospital / West Entrance,Bus Open Data,220416
27629550,2026-06-08T06:02:00+00:00,14231,291,291,,Garland Road Clinic,Bus Open Data,220417
27637974,2026-06-08T06:21:00+00:00,14231,291,291,,Queen Elizabeth Hospital / West Entrance,Bus Open Data,220418
27653233,2026-06-08T06:55:00+00:00,14231,291,291,,Queen Elizabeth Hospital / West Entrance,Bus Open Data,220419
27658640,2026-06-08T07:06:00+00:00,14231,291,291,,Garland Road Clinic,Bus Open Data,220420
27668889,2026-06-08T07:31:00+00:00,14231,291,291,,Queen Elizabeth Hospital / West Entrance,Bus Open Data,220421
27684133,2026-06-08T08:07:00+00:00,14231,291,291,,Queen Elizabeth Hospital / West Entrance,Bus Open Data,220422
27689531,2026-06-08T08:20:00+00:00,14231,291,291,,Garland Road Clinic,Bus Open Data,220423
27699711,2026-06-08T08:43:00+00:00,14231,291,291,,Queen Elizabeth Hospital / West Entrance,Bus Open Data,220424
27715722,2026-06-08T09:14:00+00:00,14231,291,291,,Queen Elizabeth Hospital / West Entrance,Bus Open Data,220425
27722518,2026-06-08T09:32:00+00:00,14231,291,291,,Garland Road Clinic,Bus Open Data,220426
27732265,2026-06-08T09:55:00+00:00,14231,291,291,,Queen Elizabeth Hospital / West Entrance,Bus Open Data,220427
27746203,2026-06-08T10:25:00+00:00,14231,291,291,,Queen Elizabeth Hospital / West Entrance,Bus Open Data,220428
27754575,2026-06-08T10:43:00+00:00,14231,291,291,,Garland Road Clinic,Bus Open Data,220429
27763941,2026-06-08T11:07:00+00:00,14231,291,291,,Queen Elizabeth Hospital / West Entrance,Bus Open Data,220430
27777205,2026-06-08T11:37:00+00:00,14231,291,291,,Queen Elizabeth Hospital / West Entrance,Bus Open Data,220431
27786452,2026-06-08T11:55:00+00:00,14231,291,291,,Garland Road Clinic,Bus Open Data,220432
27796818,2026-06-08T12:19:00+00:00,14231,291,291,,Queen Elizabeth Hospital / West Entrance,Bus Open Data,220433
27810705,2026-06-08T12:49:00+00:00,14231,291,291,,Queen Elizabeth Hospital / West Entrance,Bus Open Data,220434
27818137,2026-06-08T13:06:00+00:00,14231,291,291,,Garland Road Clinic,Bus Open Data,220435
27830005,2026-06-08T13:31:00+00:00,14231,291,291,,Queen Elizabeth Hospital / West Entrance,Bus Open Data,220436
27843736,2026-06-08T14:03:00+00:00,14231,291,291,,Queen Elizabeth Hospital / West Entrance,Bus Open Data,220437
27850482,2026-06-08T14:14:00+00:00,14231,291,291,,Garland Road Clinic,Bus Open Data,220438
27862317,2026-06-08T14:42:00+00:00,14231,291,291,,Queen Elizabeth Hospital / West Entrance,Bus Open Data,220439
27876498,2026-06-08T15:15:00+00:00,14231,291,291,,Queen Elizabeth Hospital / West Entrance,Bus Open Data,220440
27879209,2026-06-08T15:26:00+00:00,14231,291,291,,Garland Road Clinic,Bus Open Data,220441
27892043,2026-06-08T15:54:00+00:00,14231,291,291,,Queen Elizabeth Hospital / West Entrance,Bus Open Data,220442
27906989,2026-06-08T16:27:00+00:00,14231,291,291,,Queen Elizabeth Hospital / West Entrance,Bus Open Data,220443
27912857,2026-06-08T16:39:00+00:00,14231,291,291,,Garland Road Clinic,Bus Open Data,220444
27924644,2026-06-08T17:06:00+00:00,14231,291,291,,Queen Elizabeth Hospital / West Entrance,Bus Open Data,220445
27936718,2026-06-08T17:39:00+00:00,14231,291,291,,Queen Elizabeth Hospital / West Entrance,Bus Open Data,220446
27940357,2026-06-08T17:52:00+00:00,14231,291,291,,Garland Road Clinic,Bus Open Data,220447
27947238,2026-06-08T18:18:00+00:00,14231,291,291,,Queen Elizabeth Hospital / West Entrance,Bus Open Data,220448
27955376,2026-06-08T18:48:00+00:00,14231,291,291,,Queen Elizabeth Hospital / West Entrance,Bus Open Data,220449
27962098,2026-06-08T19:06:00+00:00,14231,291,291,,Garland Road Clinic,Bus Open Data,220450
27966505,2026-06-08T19:31:00+00:00,14231,291,291,,Queen Elizabeth Hospital / West Entrance,Bus Open Data,220451
27972077,2026-06-08T19:56:00+00:00,14231,291,291,,Morden Wharf Road,Bus Open Data,220452
28034295,2026-06-09T04:39:00+00:00,14250,51,51,,Woolwich High Street,Bus Open Data,273807
28034151,2026-06-09T04:53:00+00:00,14250,51,51,,Orpington Station,Bus Open Data,273808
28056398,2026-06-09T05:51:00+00:00,14250,51,51,,Orpington Bus Station,Bus Open Data,273809
28063252,2026-06-09T06:07:00+00:00,14250,51,51,,Beresford Sq / Woolwich Arsenal Stn,Bus Open Data,273810
28103784,2026-06-09T07:35:00+00:00,14250,51,51,,Woolwich High Street,Bus Open Data,273811
28106659,2026-06-09T07:57:00+00:00,14250,51,51,,Orpington Station,Bus Open Data,273812
28147756,2026-06-09T09:26:00+00:00,14250,51,51,,Orpington Bus Station,Bus Open Data,273813
28149750,2026-06-09T09:45:00+00:00,14250,51,51,,Beresford Sq / Woolwich Arsenal Stn,Bus Open Data,273814
28192179,2026-06-09T11:01:00+00:00,14250,51,51,,Woolwich High Street,Bus Open Data,273815
28205972,2026-06-09T11:27:00+00:00,14250,51,51,,Orpington Station,Bus Open Data,273816
28241647,2026-06-09T12:54:00+00:00,14250,51,51,,Orpington Bus Station,Bus Open Data,273817
28253126,2026-06-09T13:10:00+00:00,14250,51,51,,Beresford Sq / Woolwich Arsenal Stn,Bus Open Data,273818
28286765,2026-06-09T14:36:00+00:00,14250,51,51,,Woolwich High Street,Bus Open Data,273819
28296085,2026-06-09T15:02:00+00:00,14250,51,51,,Orpington Station,Bus Open Data,273820
28341070,2026-06-09T16:39:00+00:00,14250,51,51,,Orpington Bus Station,Bus Open Data,273821
28351042,2026-06-09T16:58:00+00:00,14250,51,51,,Beresford Sq / Woolwich Arsenal Stn,Bus Open Data,273822
28379595,2026-06-09T18:23:00+00:00,14250,51,51,,Woolwich High Street,Bus Open Data,273823
28386929,2026-06-09T18:42:00+00:00,14250,51,51,,Orpington Station,Bus Open Data,273824
28404432,2026-06-09T19:47:00+00:00,14250,51,51,,Orpington Bus Station,Bus Open Data,273825
28404862,2026-06-09T20:00:00+00:00,14250,51,51,,Beresford Sq / Woolwich Arsenal Stn,Bus Open Data,273826
28419959,2026-06-09T20:58:00+00:00,14250,51,51,,Woolwich High Street,Bus Open Data,273827
28422272,2026-06-09T21:15:00+00:00,14250,51,51,,Orpington Station,Bus Open Data,273828
28434093,2026-06-09T22:12:00+00:00,14250,51,51,,Orpington Bus Station,Bus Open Data,273829
28434266,2026-06-09T22:30:00+00:00,14250,51,51,,Beresford Sq / Woolwich Arsenal Stn,Bus Open Data,273830
28443379,2026-06-09T23:18:00+00:00,14250,51,51,,Woolwich High Street,Bus Open Data,273831
28444323,2026-06-09T23:30:00+00:00,14250,51,51,,Orpington Station,Bus Open Data,273832
28448231,2026-06-10T00:16:00+00:00,14250,51,51,,Morden Wharf Road,Bus Open Data,273833
28462861,2026-06-10T04:35:00+00:00,14250,51,51,,Orpington Station,Bus Open Data,273978
28462816,2026-06-10T04:40:13+00:00,14250,51,51,,Orpington Station,Bus Open Data,
28462892,2026-06-10T04:42:00+00:00,14250,51,51,,Beresford Sq / Woolwich Arsenal Stn,Bus Open Data,273979
28479649,2026-06-10T05:37:00+00:00,14250,51,51,,Woolwich High Street,Bus Open Data,273980
28481552,2026-06-10T05:55:00+00:00,14250,51,51,,Orpington Station,Bus Open Data,273981
28530151,2026-06-10T07:26:00+00:00,14250,51,51,,Orpington Bus Station,Bus Open Data,273982
28530594,2026-06-10T07:48:00+00:00,14250,51,51,,Beresford Sq / Woolwich Arsenal Stn,Bus Open Data,273983
28569963,2026-06-10T09:10:00+00:00,14250,51,51,,Woolwich High Street,Bus Open Data,273984
28585657,2026-06-10T09:30:00+00:00,14250,51,51,,Orpington Station,Bus Open Data,273985
28620531,2026-06-10T10:55:00+00:00,14250,51,51,,Orpington Bus Station,Bus Open Data,273986
28621633,2026-06-10T11:16:00+00:00,14250,51,51,,Beresford Sq / Woolwich Arsenal Stn,Bus Open Data,273987
28663711,2026-06-10T12:34:00+00:00,14250,51,51,,Woolwich High Street,Bus Open Data,273988
28667977,2026-06-10T12:58:00+00:00,14250,51,51,,Orpington Station,Bus Open Data,273989
28716528,2026-06-10T14:29:00+00:00,14250,51,51,,Orpington Bus Station,Bus Open Data,273990
28723826,2026-06-10T14:50:00+00:00,14250,51,51,,Beresford Sq / Woolwich Arsenal Stn,Bus Open Data,273991
28773028,2026-06-10T16:23:00+00:00,14250,51,51,,Woolwich High Street,Bus Open Data,273992
28777603,2026-06-10T16:46:00+00:00,14250,51,51,,Orpington Station,Bus Open Data,273993
28807350,2026-06-10T18:19:00+00:00,14250,51,51,,Morden Wharf Road,Bus Open Data,273994
28950685,2026-06-11T06:00:00+00:00,14250,51,51,,Woolwich High Street,Bus Open Data,274018
28950368,2026-06-11T06:16:00+00:00,14250,51,51,,Orpington Station,Bus Open Data,274019
28988225,2026-06-11T07:57:00+00:00,14250,51,51,,Orpington Bus Station,Bus Open Data,274020
28993774,2026-06-11T08:14:00+00:00,14250,51,51,,Beresford Sq / Woolwich Arsenal Stn,Bus Open Data,274021
29020728,2026-06-11T09:34:00+00:00,14250,51,51,,Woolwich High Street,Bus Open Data,274022
29027895,2026-06-11T09:56:00+00:00,14250,51,51,,Orpington Station,Bus Open Data,274023
29067952,2026-06-11T11:21:00+00:00,14250,51,51,,Orpington Bus Station,Bus Open Data,274024
29072052,2026-06-11T11:41:00+00:00,14250,51,51,,Beresford Sq / Woolwich Arsenal Stn,Bus Open Data,274025
29111774,2026-06-11T13:01:00+00:00,14250,51,51,,Woolwich High Street,Bus Open Data,274026
29123618,2026-06-11T13:24:00+00:00,14250,51,51,,Orpington Station,Bus Open Data,274027
29172290,2026-06-11T14:59:00+00:00,14250,51,51,,Orpington Bus Station,Bus Open Data,274028
29174180,2026-06-11T15:14:00+00:00,14250,51,51,,Beresford Sq / Woolwich Arsenal Stn,Bus Open Data,274029
29212849,2026-06-11T16:48:00+00:00,14250,51,51,,Woolwich High Street,Bus Open Data,274030
29215905,2026-06-11T17:12:00+00:00,14250,51,51,,Orpington Station,Bus Open Data,274031
29249631,2026-06-11T18:41:00+00:00,14250,51,51,,Orpington Bus Station,Bus Open Data,274032
29253634,2026-06-11T18:54:00+00:00,14250,51,51,,Beresford Sq / Woolwich Arsenal Stn,Bus Open Data,274033
29268368,2026-06-11T19:59:00+00:00,14250,51,51,,Woolwich High Street,Bus Open Data,274034
29273281,2026-06-11T20:15:00+00:00,14250,51,51,,Orpington Station,Bus Open Data,274035
29285758,2026-06-11T21:15:00+00:00,14250,51,51,,Orpington Bus Station,Bus Open Data,274036
29287086,2026-06-11T21:30:00+00:00,14250,51,51,,Beresford Sq / Woolwich Arsenal Stn,Bus Open Data,274037
29298123,2026-06-11T22:21:00+00:00,14250,51,51,,Woolwich High Street,Bus Open Data,274038
29299761,2026-06-11T22:30:00+00:00,14250,51,51,,Orpington Station,Bus Open Data,274039
29306883,2026-06-11T23:21:00+00:00,14250,51,51,,Morden Wharf Road,Bus Open Data,274040
29330062,2026-06-12T04:54:00+00:00,14250,51,51,,Beresford Sq / Woolwich Arsenal Stn,Bus Open Data,273996
29350079,2026-06-12T05:51:00+00:00,14250,51,51,,Woolwich High Street,Bus Open Data,273997
29360113,2026-06-12T06:05:00+00:00,14250,51,51,,Orpington Station,Bus Open Data,273998
29401043,2026-06-12T07:41:00+00:00,14250,51,51,,Orpington Bus Station,Bus Open Data,273999
29408319,2026-06-12T08:01:00+00:00,14250,51,51,,Beresford Sq / Woolwich Arsenal Stn,Bus Open Data,274000
29443429,2026-06-12T09:22:00+00:00,14250,51,51,,Woolwich High Street,Bus Open Data,274001
29452817,2026-06-12T09:43:00+00:00,14250,51,51,,Orpington Station,Bus Open Data,274002
29489708,2026-06-12T11:08:00+00:00,14250,51,51,,Orpington Bus Station,Bus Open Data,274003
29502870,2026-06-12T11:28:00+00:00,14250,51,51,,Beresford Sq / Woolwich Arsenal Stn,Bus Open Data,274004
29534550,2026-06-12T12:48:00+00:00,14250,51,51,,Woolwich High Street,Bus Open Data,274005
29549387,2026-06-12T13:11:00+00:00,14250,51,51,,Orpington Station,Bus Open Data,274006
29588539,2026-06-12T14:45:00+00:00,14250,51,51,,Orpington Bus Station,Bus Open Data,274007
29597065,2026-06-12T15:01:00+00:00,14250,51,51,,Beresford Sq / Woolwich Arsenal Stn,Bus Open Data,274008
29638399,2026-06-12T16:36:00+00:00,14250,51,51,,Woolwich High Street,Bus Open Data,274009
29647227,2026-06-12T16:59:00+00:00,14250,51,51,,Orpington Station,Bus Open Data,274010
29676180,2026-06-12T18:29:00+00:00,14250,51,51,,Orpington Bus Station,Bus Open Data,274011
29683055,2026-06-12T18:42:00+00:00,14250,51,51,,Beresford Sq / Woolwich Arsenal Stn,Bus Open Data,274012
29696953,2026-06-12T19:48:00+00:00,14250,51,51,,Woolwich High Street,Bus Open Data,274013
29701849,2026-06-12T20:00:00+00:00,14250,51,51,,Orpington Station,Bus Open Data,274014
29714491,2026-06-12T21:01:00+00:00,14250,51,51,,Orpington Bus Station,Bus Open Data,274015
29717575,2026-06-12T21:15:00+00:00,14250,51,51,,Beresford Sq / Woolwich Arsenal Stn,Bus Open Data,274016
29726929,2026-06-12T22:07:00+00:00,14250,51,51,,Morden Wharf Road,Bus Open Data,274017
29764270,2026-06-13T05:38:00+00:00,14250,51,51,,Orpington Bus Station,Bus Open Data,158596
29770752,2026-06-13T06:15:00+00:00,14250,51,51,,Beresford Sq / Woolwich Arsenal Stn,Bus Open Data,158597
29794673,2026-06-13T07:08:00+00:00,14250,51,51,,Woolwich High Street,Bus Open Data,158598
29795580,2026-06-13T07:18:00+00:00,14250,51,51,,Orpington Station,Bus Open Data,158599
29825413,2026-06-13T08:26:00+00:00,14250,51,51,,Orpington Bus Station,Bus Open Data,158600
29829693,2026-06-13T08:46:00+00:00,14250,51,51,,Beresford Sq / Woolwich Arsenal Stn,Bus Open Data,158601
29862339,2026-06-13T09:58:00+00:00,14250,51,51,,Woolwich High Street,Bus Open Data,158602
29864952,2026-06-13T10:25:00+00:00,14250,51,51,,Orpington Station,Bus Open Data,158603
29911703,2026-06-13T12:07:00+00:00,14250,51,51,,Orpington Bus Station,Bus Open Data,158604
29913729,2026-06-13T12:22:00+00:00,14250,51,51,,Beresford Sq / Woolwich Arsenal Stn,Bus Open Data,158605
29958966,2026-06-13T13:49:00+00:00,14250,51,51,,Woolwich High Street,Bus Open Data,158606
29961250,2026-06-13T14:06:00+00:00,14250,51,51,,Orpington Station,Bus Open Data,158607
30004024,2026-06-13T15:38:00+00:00,14250,51,51,,Morden Wharf Road,Bus Open Data,158608
30361024,2026-06-14T22:03:38+00:00,14292,265,265,,Tolworth / King Charles Road,Bus Open Data,
30368103,2026-06-14T22:53:13+00:00,14111,129,129,,Magellan Boulevard,Bus Open Data,
30383598,2026-06-15T04:00:00+00:00,14250,51,51,,Orpington Station,Bus Open Data,274042
30383578,2026-06-15T04:00:58+00:00,14250,51,51,,Orpington Station,Bus Open Data,
30392588,2026-06-15T04:51:00+00:00,14250,51,51,,Orpington Bus Station,Bus Open Data,274043
30397375,2026-06-15T05:06:00+00:00,14250,51,51,,Beresford Sq / Woolwich Arsenal Stn,Bus Open Data,274044
30420549,2026-06-15T06:04:00+00:00,14250,51,51,,Woolwich High Street,Bus Open Data,274045
30422416,2026-06-15T06:27:00+00:00,14250,51,51,,Orpington Station,Bus Open Data,274046
30473603,2026-06-15T08:11:00+00:00,14250,51,51,,Orpington Bus Station,Bus Open Data,274047
30475696,2026-06-15T08:27:00+00:00,14250,51,51,,Beresford Sq / Woolwich Arsenal Stn,Bus Open Data,274048
30517019,2026-06-15T09:46:00+00:00,14250,51,51,,Woolwich High Street,Bus Open Data,274049
30531708,2026-06-15T10:09:00+00:00,14250,51,51,,Orpington Station,Bus Open Data,274050
30570468,2026-06-15T11:35:00+00:00,14250,51,51,,Orpington Bus Station,Bus Open Data,274051
30578417,2026-06-15T11:54:00+00:00,14250,51,51,,Beresford Sq / Woolwich Arsenal Stn,Bus Open Data,274052
30614417,2026-06-15T13:14:00+00:00,14250,51,51,,Woolwich High Street,Bus Open Data,274053
30623570,2026-06-15T13:35:00+00:00,14250,51,51,,Orpington Station,Bus Open Data,274054
30663864,2026-06-15T15:14:00+00:00,14250,51,51,,Orpington Bus Station,Bus Open Data,274055
30672231,2026-06-15T15:27:00+00:00,14250,51,51,,Beresford Sq / Woolwich Arsenal Stn,Bus Open Data,274056
30707227,2026-06-15T17:00:00+00:00,14250,51,51,,Woolwich High Street,Bus Open Data,274057
30717484,2026-06-15T17:25:00+00:00,14250,51,51,,Orpington Station,Bus Open Data,274058
30747698,2026-06-15T18:52:00+00:00,14250,51,51,,Orpington Bus Station,Bus Open Data,274059
30750367,2026-06-15T19:06:00+00:00,14250,51,51,,Beresford Sq / Woolwich Arsenal Stn,Bus Open Data,274060
30767362,2026-06-15T20:10:00+00:00,14250,51,51,,Woolwich High Street,Bus Open Data,274061
30771673,2026-06-15T20:30:00+00:00,14250,51,51,,Orpington Station,Bus Open Data,274062
30783595,2026-06-15T21:29:00+00:00,14250,51,51,,Orpington Bus Station,Bus Open Data,274063
30786537,2026-06-15T21:45:00+00:00,14250,51,51,,Beresford Sq / Woolwich Arsenal Stn,Bus Open Data,274064
30794885,2026-06-15T22:36:00+00:00,14250,51,51,,Woolwich High Street,Bus Open Data,274065
30797065,2026-06-15T22:45:00+00:00,14250,51,51,,Orpington Station,Bus Open Data,274066
30802837,2026-06-15T23:35:00+00:00,14250,51,51,,Morden Wharf Road,Bus Open Data,274067
30814168,2026-06-16T03:47:00+00:00,14250,51,51,,Woolwich High Street,Bus Open Data,274041
30814251,2026-06-16T04:00:00+00:00,14250,51,51,,Orpington Station,Bus Open Data,274042
30824007,2026-06-16T04:51:00+00:00,14250,51,51,,Orpington Bus Station,Bus Open Data,274043
30827834,2026-06-16T05:06:00+00:00,14250,51,51,,Beresford Sq / Woolwich Arsenal Stn,Bus Open Data,274044
30854302,2026-06-16T06:04:00+00:00,14250,51,51,,Woolwich High Street,Bus Open Data,274045
30862649,2026-06-16T06:27:00+00:00,14250,51,51,,Orpington Station,Bus Open Data,274046
30905872,2026-06-16T08:11:00+00:00,14250,51,51,,Orpington Bus Station,Bus Open Data,274047
30915401,2026-06-16T08:27:00+00:00,14250,51,51,,Beresford Sq / Woolwich Arsenal Stn,Bus Open Data,274048
30950592,2026-06-16T09:46:00+00:00,14250,51,51,,Woolwich High Street,Bus Open Data,274049
30961894,2026-06-16T10:09:00+00:00,14250,51,51,,Orpington Station,Bus Open Data,274050
30999343,2026-06-16T11:35:00+00:00,14250,51,51,,Orpington Bus Station,Bus Open Data,274051
31007801,2026-06-16T11:54:00+00:00,14250,51,51,,Beresford Sq / Woolwich Arsenal Stn,Bus Open Data,274052
31040796,2026-06-16T13:14:00+00:00,14250,51,51,,Woolwich High Street,Bus Open Data,274053
31055541,2026-06-16T13:35:00+00:00,14250,51,51,,Orpington Station,Bus Open Data,274054
31098536,2026-06-16T15:14:00+00:00,14250,51,51,,Orpington Bus Station,Bus Open Data,274055
31101481,2026-06-16T15:27:00+00:00,14250,51,51,,Beresford Sq / Woolwich Arsenal Stn,Bus Open Data,274056
31139846,2026-06-16T17:00:00+00:00,14250,51,51,,Woolwich High Street,Bus Open Data,274057
31151953,2026-06-16T17:25:00+00:00,14250,51,51,,Orpington Station,Bus Open Data,274058
31175892,2026-06-16T18:52:00+00:00,14250,51,51,,Orpington Bus Station,Bus Open Data,274059
31181782,2026-06-16T19:06:00+00:00,14250,51,51,,Beresford Sq / Woolwich Arsenal Stn,Bus Open Data,274060
31195023,2026-06-16T20:10:00+00:00,14250,51,51,,Woolwich High Street,Bus Open Data,274061
31201950,2026-06-16T20:30:00+00:00,14250,51,51,,Orpington Station,Bus Open Data,274062
31214541,2026-06-16T21:29:00+00:00,14250,51,51,,Orpington Bus Station,Bus Open Data,274063
31217013,2026-06-16T21:45:00+00:00,14250,51,51,,Beresford Sq / Woolwich Arsenal Stn,Bus Open Data,274064
31226030,2026-06-16T22:36:00+00:00,14250,51,51,,Woolwich High Street,Bus Open Data,274065
31227257,2026-06-16T22:45:00+00:00,14250,51,51,,Orpington Station,Bus Open Data,274066
31233404,2026-06-16T23:35:00+00:00,14250,51,51,,Morden Wharf Road,Bus Open Data,274067
31242741,2026-06-17T03:45:00+00:00,14250,51,51,,Beresford Sq / Woolwich Arsenal Stn,Bus Open Data,273762
31249488,2026-06-17T04:33:00+00:00,14250,51,51,,Woolwich High Street,Bus Open Data,273763
31251341,2026-06-17T04:42:00+00:00,14250,51,51,,Orpington Station,Bus Open Data,273764
31269308,2026-06-17T05:37:00+00:00,14250,51,51,,Orpington Bus Station,Bus Open Data,273765
31274274,2026-06-17T05:51:00+00:00,14250,51,51,,Beresford Sq / Woolwich Arsenal Stn,Bus Open Data,273766
31310161,2026-06-17T07:06:00+00:00,14250,51,51,,Woolwich High Street,Bus Open Data,273767
31319846,2026-06-17T07:31:00+00:00,14250,51,51,,Orpington Station,Bus Open Data,273768
31357800,2026-06-17T09:03:00+00:00,14250,51,51,,Orpington Bus Station,Bus Open Data,273769
31364153,2026-06-17T09:19:00+00:00,14250,51,51,,Beresford Sq / Woolwich Arsenal Stn,Bus Open Data,273770
31398508,2026-06-17T10:35:00+00:00,14250,51,51,,Woolwich High Street,Bus Open Data,273771
31403504,2026-06-17T11:01:00+00:00,14250,51,51,,Orpington Station,Bus Open Data,273772
31451584,2026-06-17T12:28:00+00:00,14250,51,51,,Orpington Bus Station,Bus Open Data,273773
31458761,2026-06-17T12:45:00+00:00,14250,51,51,,Beresford Sq / Woolwich Arsenal Stn,Bus Open Data,273774
31495596,2026-06-17T14:08:00+00:00,14250,51,51,,Woolwich High Street,Bus Open Data,273775
31497039,2026-06-17T14:36:00+00:00,14250,51,51,,Orpington Station,Bus Open Data,273776
31551852,2026-06-17T16:14:00+00:00,14250,51,51,,Orpington Bus Station,Bus Open Data,273777
31552783,2026-06-17T16:32:00+00:00,14250,51,51,,Beresford Sq / Woolwich Arsenal Stn,Bus Open Data,273778
31589129,2026-06-17T18:01:00+00:00,14250,51,51,,Woolwich High Street,Bus Open Data,273779
31598462,2026-06-17T18:18:00+00:00,14250,51,51,,Orpington Station,Bus Open Data,273780
31619340,2026-06-17T19:27:00+00:00,14250,51,51,,Orpington Bus Station,Bus Open Data,273781
31621606,2026-06-17T19:45:00+00:00,14250,51,51,,Beresford Sq / Woolwich Arsenal Stn,Bus Open Data,273782
31633067,2026-06-17T20:45:00+00:00,14250,51,51,,Woolwich High Street,Bus Open Data,273783
31637955,2026-06-17T21:00:00+00:00,14250,51,51,,Orpington Station,Bus Open Data,273784
31650548,2026-06-17T21:57:00+00:00,14250,51,51,,Orpington Bus Station,Bus Open Data,273785
31652387,2026-06-17T22:15:00+00:00,14250,51,51,,Beresford Sq / Woolwich Arsenal Stn,Bus Open Data,273786
31660473,2026-06-17T23:05:00+00:00,14250,51,51,,Woolwich High Street,Bus Open Data,273787
31662352,2026-06-17T23:15:00+00:00,14250,51,51,,Orpington Station,Bus Open Data,273788
31672634,2026-06-18T03:47:00+00:00,14250,51,51,,Woolwich High Street,Bus Open Data,274041
31673490,2026-06-18T04:00:00+00:00,14250,51,51,,Orpington Station,Bus Open Data,274042
31683082,2026-06-18T04:51:00+00:00,14250,51,51,,Orpington Bus Station,Bus Open Data,274043
31684852,2026-06-18T05:06:00+00:00,14250,51,51,,Beresford Sq / Woolwich Arsenal Stn,Bus Open Data,274044
31712568,2026-06-18T06:04:00+00:00,14250,51,51,,Woolwich High Street,Bus Open Data,274045
31722694,2026-06-18T06:27:00+00:00,14250,51,51,,Orpington Station,Bus Open Data,274046
31762516,2026-06-18T08:11:00+00:00,14250,51,51,,Orpington Bus Station,Bus Open Data,274047
31763741,2026-06-18T08:27:00+00:00,14250,51,51,,Beresford Sq / Woolwich Arsenal Stn,Bus Open Data,274048
31809244,2026-06-18T09:46:00+00:00,14250,51,51,,Woolwich High Street,Bus Open Data,274049
31823379,2026-06-18T10:09:00+00:00,14250,51,51,,Orpington Station,Bus Open Data,274050
31860167,2026-06-18T11:35:00+00:00,14250,51,51,,Orpington Bus Station,Bus Open Data,274051
31864129,2026-06-18T11:54:00+00:00,14250,51,51,,Beresford Sq / Woolwich Arsenal Stn,Bus Open Data,274052
31902365,2026-06-18T13:14:00+00:00,14250,51,51,,Woolwich High Street,Bus Open Data,274053
31908567,2026-06-18T13:35:00+00:00,14250,51,51,,Orpington Station,Bus Open Data,274054
31958104,2026-06-18T15:14:00+00:00,14250,51,51,,Orpington Bus Station,Bus Open Data,274055
31964481,2026-06-18T15:27:00+00:00,14250,51,51,,Beresford Sq / Woolwich Arsenal Stn,Bus Open Data,274056
31999708,2026-06-18T17:00:00+00:00,14250,51,51,,Woolwich High Street,Bus Open Data,274057
32012912,2026-06-18T17:25:00+00:00,14250,51,51,,Orpington Station,Bus Open Data,274058
32037327,2026-06-18T18:52:00+00:00,14250,51,51,,Orpington Bus Station,Bus Open Data,274059
32038645,2026-06-18T19:06:00+00:00,14250,51,51,,Beresford Sq / Woolwich Arsenal Stn,Bus Open Data,274060
32057690,2026-06-18T20:10:00+00:00,14250,51,51,,Woolwich High Street,Bus Open Data,274061
32062880,2026-06-18T20:30:00+00:00,14250,51,51,,Orpington Station,Bus Open Data,274062
32077268,2026-06-18T21:29:00+00:00,14250,51,51,,Orpington Bus Station,Bus Open Data,274063
32078088,2026-06-18T21:45:00+00:00,14250,51,51,,Beresford Sq / Woolwich Arsenal Stn,Bus Open Data,274064
32088142,2026-06-18T22:36:00+00:00,14250,51,51,,Woolwich High Street,Bus Open Data,274065
32088816,2026-06-18T22:45:00+00:00,14250,51,51,,Orpington Station,Bus Open Data,274066
32095417,2026-06-18T23:35:00+00:00,14250,51,51,,Morden Wharf Road,Bus Open Data,274067
32104664,2026-06-19T04:04:00+00:00,14231,291,291,,Queen Elizabeth Hospital / West Entrance,Bus Open Data,207533
32104687,2026-06-19T04:15:00+00:00,14231,291,291,,Garland Road Clinic,Bus Open Data,207534
32108281,2026-06-19T04:30:00+00:00,14231,291,291,,Queen Elizabeth Hospital / West Entrance,Bus Open Data,207535
32112976,2026-06-19T04:52:00+00:00,14231,291,291,,Queen Elizabeth Hospital / West Entrance,Bus Open Data,207536
32143154,2026-06-19T05:50:00+00:00,14231,291,291,,Queen Elizabeth Hospital / West Entrance,Bus Open Data,207539
32139989,2026-06-19T06:02:00+00:00,14231,291,291,,Garland Road Clinic,Bus Open Data,207540
32150934,2026-06-19T06:21:00+00:00,14231,291,291,,Queen Elizabeth Hospital / West Entrance,Bus Open Data,207541
32163997,2026-06-19T06:55:00+00:00,14231,291,291,,Queen Elizabeth Hospital / West Entrance,Bus Open Data,207542
32170212,2026-06-19T07:06:00+00:00,14231,291,291,,Garland Road Clinic,Bus Open Data,207543
32180545,2026-06-19T07:31:00+00:00,14231,291,291,,Queen Elizabeth Hospital / West Entrance,Bus Open Data,207544
32192152,2026-06-19T08:07:00+00:00,14231,291,291,,Queen Elizabeth Hospital / West Entrance,Bus Open Data,207545
32202062,2026-06-19T08:20:00+00:00,14231,291,291,,Garland Road Clinic,Bus Open Data,207546
32211805,2026-06-19T08:43:00+00:00,14231,291,291,,Queen Elizabeth Hospital / West Entrance,Bus Open Data,207547
32225681,2026-06-19T09:14:00+00:00,14231,291,291,,Queen Elizabeth Hospital / West Entrance,Bus Open Data,207548
32234446,2026-06-19T09:32:00+00:00,14231,291,291,,Garland Road Clinic,Bus Open Data,207549
32243295,2026-06-19T09:55:00+00:00,14231,291,291,,Queen Elizabeth Hospital / West Entrance,Bus Open Data,207550
32256063,2026-06-19T10:25:00+00:00,14231,291,291,,Queen Elizabeth Hospital / West Entrance,Bus Open Data,207551
32265756,2026-06-19T10:43:00+00:00,14231,291,291,,Garland Road Clinic,Bus Open Data,207552
32275516,2026-06-19T11:07:00+00:00,14231,291,291,,Queen Elizabeth Hospital / West Entrance,Bus Open Data,207553
32287720,2026-06-19T11:37:00+00:00,14231,291,291,,Queen Elizabeth Hospital / West Entrance,Bus Open Data,207554
32297214,2026-06-19T11:55:00+00:00,14231,291,291,,Garland Road Clinic,Bus Open Data,207555
32307171,2026-06-19T12:19:00+00:00,14231,291,291,,Queen Elizabeth Hospital / West Entrance,Bus Open Data,207556
32319665,2026-06-19T12:49:00+00:00,14231,291,291,,Queen Elizabeth Hospital / West Entrance,Bus Open Data,207557
32328459,2026-06-19T13:06:00+00:00,14231,291,291,,Garland Road Clinic,Bus Open Data,207558
32340122,2026-06-19T13:31:00+00:00,14231,291,291,,Queen Elizabeth Hospital / West Entrance,Bus Open Data,207559
32354260,2026-06-19T14:03:00+00:00,14231,291,291,,Queen Elizabeth Hospital / West Entrance,Bus Open Data,207560
32360664,2026-06-19T14:14:00+00:00,14231,291,291,,Garland Road Clinic,Bus Open Data,207561
32371851,2026-06-19T14:42:00+00:00,14231,291,291,,Queen Elizabeth Hospital / West Entrance,Bus Open Data,207562
32386187,2026-06-19T15:15:00+00:00,14231,291,291,,Queen Elizabeth Hospital / West Entrance,Bus Open Data,207563
32389320,2026-06-19T15:26:00+00:00,14231,291,291,,Garland Road Clinic,Bus Open Data,207564
32400778,2026-06-19T15:54:00+00:00,14231,291,291,,Queen Elizabeth Hospital / West Entrance,Bus Open Data,207565
32413550,2026-06-19T16:27:00+00:00,14231,291,291,,Queen Elizabeth Hospital / West Entrance,Bus Open Data,207566
32420486,2026-06-19T16:39:00+00:00,14231,291,291,,Garland Road Clinic,Bus Open Data,207567
32431068,2026-06-19T17:06:00+00:00,14231,291,291,,Queen Elizabeth Hospital / West Entrance,Bus Open Data,207568
32443694,2026-06-19T17:39:00+00:00,14231,291,291,,Queen Elizabeth Hospital / West Entrance,Bus Open Data,207569
32447631,2026-06-19T17:52:00+00:00,14231,291,291,,Garland Road Clinic,Bus Open Data,207570
32455302,2026-06-19T18:18:00+00:00,14231,291,291,,Queen Elizabeth Hospital / West Entrance,Bus Open Data,207571
32463819,2026-06-19T18:48:00+00:00,14231,291,291,,Queen Elizabeth Hospital / West Entrance,Bus Open Data,207572
32468353,2026-06-19T19:06:00+00:00,14231,291,291,,Garland Road Clinic,Bus Open Data,207573
32473788,2026-06-19T19:31:00+00:00,14231,291,291,,Queen Elizabeth Hospital / West Entrance,Bus Open Data,207574
32479705,2026-06-19T19:56:00+00:00,14231,291,291,,Morden Wharf Road,Bus Open Data,207575
32569918,2026-06-20T06:29:00+00:00,14250,51,51,,Orpington Bus Station,Bus Open Data,149714
32570102,2026-06-20T07:06:00+00:00,14250,51,51,,Beresford Sq / Woolwich Arsenal Stn,Bus Open Data,149715
32597533,2026-06-20T08:05:00+00:00,14250,51,51,,Woolwich High Street,Bus Open Data,149716
32604516,2026-06-20T08:24:00+00:00,14250,51,51,,Orpington Station,Bus Open Data,149717
32641585,2026-06-20T09:46:00+00:00,14250,51,51,,Orpington Bus Station,Bus Open Data,149718
32642058,2026-06-20T09:59:00+00:00,14250,51,51,,Beresford Sq / Woolwich Arsenal Stn,Bus Open Data,149719
32678172,2026-06-20T11:26:00+00:00,14250,51,51,,Woolwich High Street,Bus Open Data,149720
32687754,2026-06-20T11:43:00+00:00,14250,51,51,,Orpington Station,Bus Open Data,149721
32727484,2026-06-20T13:20:00+00:00,14250,51,51,,Orpington Bus Station,Bus Open Data,149722
32727875,2026-06-20T13:40:00+00:00,14250,51,51,,Beresford Sq / Woolwich Arsenal Stn,Bus Open Data,149723
32772453,2026-06-20T15:03:00+00:00,14250,51,51,,Woolwich High Street,Bus Open Data,149724
32779989,2026-06-20T15:24:00+00:00,14250,51,51,,Orpington Station,Bus Open Data,149725
32814035,2026-06-20T16:52:00+00:00,14250,51,51,,Orpington Bus Station,Bus Open Data,149726
32815287,2026-06-20T17:08:00+00:00,14250,51,51,,Beresford Sq / Woolwich Arsenal Stn,Bus Open Data,149727
32841263,2026-06-20T18:22:00+00:00,14250,51,51,,Woolwich High Street,Bus Open Data,149728
32844970,2026-06-20T18:34:00+00:00,14250,51,51,,Orpington Station,Bus Open Data,149729
32862304,2026-06-20T19:42:00+00:00,14250,51,51,,Orpington Bus Station,Bus Open Data,149730
32864799,2026-06-20T20:00:00+00:00,14250,51,51,,Beresford Sq / Woolwich Arsenal Stn,Bus Open Data,149731
32878439,2026-06-20T20:57:00+00:00,14250,51,51,,Woolwich High Street,Bus Open Data,149732
32880653,2026-06-20T21:15:00+00:00,14250,51,51,,Orpington Station,Bus Open Data,149733
32892926,2026-06-20T22:10:00+00:00,14250,51,51,,Orpington Bus Station,Bus Open Data,149734
32893948,2026-06-20T22:30:00+00:00,14250,51,51,,Beresford Sq / Woolwich Arsenal Stn,Bus Open Data,149735
32901307,2026-06-20T23:20:00+00:00,14250,51,51,,Woolwich High Street,Bus Open Data,149736
32902197,2026-06-20T23:30:00+00:00,14250,51,51,,Orpington Station,Bus Open Data,149737
32906798,2026-06-21T00:23:00+00:00,14250,51,51,,Morden Wharf Road,Bus Open Data,149738
32919873,2026-06-21T05:15:00+00:00,14250,51,51,,Orpington Station,Bus Open Data,183753
32919854,2026-06-21T05:16:17+00:00,14250,51,51,,Orpington Station,Bus Open Data,
32926864,2026-06-21T06:12:00+00:00,14250,51,51,,Orpington Bus Station,Bus Open Data,183754
32927399,2026-06-21T06:35:00+00:00,14250,51,51,,Beresford Sq / Woolwich Arsenal Stn,Bus Open Data,183755
32938425,2026-06-21T07:27:00+00:00,14250,51,51,,Woolwich High Street,Bus Open Data,183756
32938673,2026-06-21T07:35:00+00:00,14250,51,51,,Orpington Station,Bus Open Data,183757
32953513,2026-06-21T08:38:00+00:00,14250,51,51,,Orpington Bus Station,Bus Open Data,183758
32953813,2026-06-21T08:59:00+00:00,14250,51,51,,Beresford Sq / Woolwich Arsenal Stn,Bus Open Data,183759
32976067,2026-06-21T10:03:00+00:00,14250,51,51,,Woolwich High Street,Bus Open Data,183760
32981406,2026-06-21T10:23:00+00:00,14250,51,51,,Beresford Sq / Woolwich Arsenal Stn,Bus Open Data,183761
33011710,2026-06-21T12:06:00+00:00,14250,51,51,,Beresford Sq / Woolwich Arsenal Stn,Bus Open Data,183763
33024385,2026-06-21T13:20:00+00:00,14250,51,51,,Woolwich High Street,Bus Open Data,183764
33027161,2026-06-21T13:38:00+00:00,14250,51,51,,Orpington Station,Bus Open Data,183765
33049357,2026-06-21T14:55:00+00:00,14250,51,51,,Morden Wharf Road,Bus Open Data,183766
33183613,2026-06-22T05:15:00+00:00,14250,51,51,,Woolwich High Street,Bus Open Data,255407
33183748,2026-06-22T05:29:00+00:00,14250,51,51,,Orpington Station,Bus Open Data,255408
33217249,2026-06-22T06:47:00+00:00,14250,51,51,,Orpington Bus Station,Bus Open Data,255409
33228576,2026-06-22T07:09:00+00:00,14250,51,51,,Beresford Sq / Woolwich Arsenal Stn,Bus Open Data,255410
33262161,2026-06-22T08:40:00+00:00,14250,51,51,,Woolwich High Street,Bus Open Data,255411
33277287,2026-06-22T08:58:59+00:00,14250,51,51,,Orpington Station,Bus Open Data,
33263846,2026-06-22T09:04:00+00:00,14250,51,51,,Orpington Station,Bus Open Data,255412
33315835,2026-06-22T10:29:00+00:00,14250,51,51,,Orpington Bus Station,Bus Open Data,255413
33327156,2026-06-22T10:50:00+00:00,14250,51,51,,Beresford Sq / Woolwich Arsenal Stn,Bus Open Data,255414
33359743,2026-06-22T12:07:00+00:00,14250,51,51,,Woolwich High Street,Bus Open Data,255415
33361198,2026-06-22T12:32:00+00:00,14250,51,51,,Orpington Station,Bus Open Data,255416
33409979,2026-06-22T14:01:00+00:00,14250,51,51,,Orpington Bus Station,Bus Open Data,255417
33412622,2026-06-22T14:11:00+00:00,14250,51,51,,Beresford Sq / Woolwich Arsenal Stn,Bus Open Data,255418
33452985,2026-06-22T15:43:00+00:00,14250,51,51,,Woolwich High Street,Bus Open Data,255419
33455289,2026-06-22T16:07:00+00:00,14250,51,51,,Orpington Station,Bus Open Data,255420
33503908,2026-06-22T17:44:00+00:00,14250,51,51,,Orpington Bus Station,Bus Open Data,255421
33512071,2026-06-22T18:03:00+00:00,14250,51,51,,Beresford Sq / Woolwich Arsenal Stn,Bus Open Data,255422
33531933,2026-06-22T19:17:00+00:00,14250,51,51,,Woolwich High Street,Bus Open Data,255423
33536131,2026-06-22T19:30:00+00:00,14250,51,51,,Orpington Station,Bus Open Data,255424
33551175,2026-06-22T20:31:00+00:00,14250,51,51,,Orpington Bus Station,Bus Open Data,255425
33552730,2026-06-22T20:45:00+00:00,14250,51,51,,Beresford Sq / Woolwich Arsenal Stn,Bus Open Data,255426
33564722,2026-06-22T21:39:00+00:00,14250,51,51,,Woolwich High Street,Bus Open Data,255427
33568268,2026-06-22T22:00:00+00:00,14250,51,51,,Orpington Station,Bus Open Data,255428
33577071,2026-06-22T22:54:00+00:00,14250,51,51,,Orpington Bus Station,Bus Open Data,255429
33577260,2026-06-22T23:15:00+00:00,14250,51,51,,Beresford Sq / Woolwich Arsenal Stn,Bus Open Data,255430
33583668,2026-06-23T00:00:00+00:00,14250,51,51,,Morden Wharf Road,Bus Open Data,255431
33589442,2026-06-23T03:26:00+00:00,14250,51,51,,Beresford Sq / Woolwich Arsenal Stn,Bus Open Data,255338
33592593,2026-06-23T04:00:00+00:00,14250,51,51,,Beresford Sq / Woolwich Arsenal Stn,Bus Open Data,255339
33600346,2026-06-23T04:49:00+00:00,14250,51,51,,Woolwich High Street,Bus Open Data,255340
33605509,2026-06-23T05:02:00+00:00,14250,51,51,,Orpington Station,Bus Open Data,255341
33629058,2026-06-23T06:05:00+00:00,14250,51,51,,Orpington Bus Station,Bus Open Data,255342
33641653,2026-06-23T06:30:00+00:00,14250,51,51,,Beresford Sq / Woolwich Arsenal Stn,Bus Open Data,255343
33678340,2026-06-23T08:04:00+00:00,14250,51,51,,Woolwich High Street,Bus Open Data,255344
33690338,2026-06-23T08:24:00+00:00,14250,51,51,,Orpington Station,Bus Open Data,255345
33725627,2026-06-23T09:51:00+00:00,14250,51,51,,Orpington Bus Station,Bus Open Data,255346
33733745,2026-06-23T10:11:00+00:00,14250,51,51,,Beresford Sq / Woolwich Arsenal Stn,Bus Open Data,255347
33770456,2026-06-23T11:28:00+00:00,14250,51,51,,Woolwich High Street,Bus Open Data,255348
33771825,2026-06-23T11:53:00+00:00,14250,51,51,,Orpington Station,Bus Open Data,255349
33823649,2026-06-23T13:20:00+00:00,14250,51,51,,Orpington Bus Station,Bus Open Data,255350
33825297,2026-06-23T13:34:00+00:00,14250,51,51,,Beresford Sq / Woolwich Arsenal Stn,Bus Open Data,255351
33865032,2026-06-23T15:02:00+00:00,14250,51,51,,Woolwich High Street,Bus Open Data,255352
33866361,2026-06-23T15:28:00+00:00,14250,51,51,,Orpington Station,Bus Open Data,255353
33922078,2026-06-23T17:06:00+00:00,14250,51,51,,Orpington Bus Station,Bus Open Data,255354
33924561,2026-06-23T17:24:00+00:00,14250,51,51,,Beresford Sq / Woolwich Arsenal Stn,Bus Open Data,255355
33950343,2026-06-23T18:47:00+00:00,14250,51,51,,Woolwich High Street,Bus Open Data,255356
33950911,2026-06-23T19:06:00+00:00,14250,51,51,,Orpington Station,Bus Open Data,255357
33970846,2026-06-23T20:07:00+00:00,14250,51,51,,Morden Wharf Road,Bus Open Data,255358
34039452,2026-06-24T05:36:00+00:00,14250,51,51,,Orpington Bus Station,Bus Open Data,255313
34053797,2026-06-24T06:19:00+00:00,14250,51,51,,Beresford Sq / Woolwich Arsenal Stn,Bus Open Data,255314
34095924,2026-06-24T07:49:00+00:00,14250,51,51,,Woolwich High Street,Bus Open Data,255315
34110492,2026-06-24T08:11:00+00:00,14250,51,51,,Orpington Station,Bus Open Data,255316
34144947,2026-06-24T09:39:00+00:00,14250,51,51,,Orpington Bus Station,Bus Open Data,255317
34148313,2026-06-24T09:58:00+00:00,14250,51,51,,Beresford Sq / Woolwich Arsenal Stn,Bus Open Data,255318
34189634,2026-06-24T11:15:00+00:00,14250,51,51,,Woolwich High Street,Bus Open Data,255319
34204119,2026-06-24T11:40:00+00:00,14250,51,51,,Orpington Station,Bus Open Data,255320
34241464,2026-06-24T13:07:00+00:00,14250,51,51,,Orpington Bus Station,Bus Open Data,255321
34242211,2026-06-24T13:22:00+00:00,14250,51,51,,Beresford Sq / Woolwich Arsenal Stn,Bus Open Data,255322
34280370,2026-06-24T14:49:00+00:00,14250,51,51,,Woolwich High Street,Bus Open Data,255323
34281465,2026-06-24T15:15:00+00:00,14250,51,51,,Orpington Station,Bus Open Data,255324
34337349,2026-06-24T16:53:00+00:00,14250,51,51,,Orpington Bus Station,Bus Open Data,255325
34337758,2026-06-24T17:11:00+00:00,14250,51,51,,Beresford Sq / Woolwich Arsenal Stn,Bus Open Data,255326
34369731,2026-06-24T18:36:00+00:00,14250,51,51,,Woolwich High Street,Bus Open Data,255327
34371905,2026-06-24T18:54:00+00:00,14250,51,51,,Orpington Station,Bus Open Data,255328
34393372,2026-06-24T19:57:00+00:00,14250,51,51,,Orpington Bus Station,Bus Open Data,255329
34395291,2026-06-24T20:15:00+00:00,14250,51,51,,Beresford Sq / Woolwich Arsenal Stn,Bus Open Data,255330
34421728,2026-06-24T21:13:00+00:00,14250,51,51,,Beresford Sq / Woolwich Arsenal Stn,Bus Open Data,255331
34421702,2026-06-24T22:20:43+00:00,14250,51,51,,Beresford Sq / Woolwich Arsenal Stn,Bus Open Data,
34471699,2026-06-25T05:16:00+00:00,14250,51,51,,Orpington Bus Station,Bus Open Data,255269
34471623,2026-06-25T05:59:00+00:00,14250,51,51,,Beresford Sq / Woolwich Arsenal Stn,Bus Open Data,255270
34513112,2026-06-25T07:21:00+00:00,14250,51,51,,Woolwich High Street,Bus Open Data,255271
34514210,2026-06-25T07:44:00+00:00,14250,51,51,,Orpington Station,Bus Open Data,255272
34561206,2026-06-25T09:14:00+00:00,14250,51,51,,Orpington Bus Station,Bus Open Data,255273
34565838,2026-06-25T09:32:00+00:00,14250,51,51,,Beresford Sq / Woolwich Arsenal Stn,Bus Open Data,255274
34599126,2026-06-25T10:48:00+00:00,14250,51,51,,Woolwich High Street,Bus Open Data,255275
34601876,2026-06-25T11:14:00+00:00,14250,51,51,,Orpington Station,Bus Open Data,255276
34651661,2026-06-25T12:41:00+00:00,14250,51,51,,Orpington Bus Station,Bus Open Data,255277
34662047,2026-06-25T12:58:00+00:00,14250,51,51,,Beresford Sq / Woolwich Arsenal Stn,Bus Open Data,255278
34695709,2026-06-25T14:22:00+00:00,14250,51,51,,Woolwich High Street,Bus Open Data,255279
34710700,2026-06-25T14:45:59+00:00,14250,51,51,,Woolwich High Street,Bus Open Data,
34710800,2026-06-25T14:49:00+00:00,14250,51,51,,Orpington Station,Bus Open Data,255280
34751390,2026-06-25T16:26:00+00:00,14250,51,51,,Orpington Bus Station,Bus Open Data,255281
34755671,2026-06-25T16:45:00+00:00,14250,51,51,,Beresford Sq / Woolwich Arsenal Stn,Bus Open Data,255282
34788130,2026-06-25T18:12:00+00:00,14250,51,51,,Woolwich High Street,Bus Open Data,255283
34792299,2026-06-25T18:30:00+00:00,14250,51,51,,Orpington Station,Bus Open Data,255284
34813629,2026-06-25T19:35:00+00:00,14250,51,51,,Morden Wharf Road,Bus Open Data,255285
34874255,2026-06-26T04:31:00+00:00,14231,291,291,,Queen Elizabeth Hospital / West Entrance,Bus Open Data,207631
34874314,2026-06-26T04:42:00+00:00,14231,291,291,,Garland Road Clinic,Bus Open Data,207632
34878556,2026-06-26T04:57:00+00:00,14231,291,291,,Queen Elizabeth Hospital / West Entrance,Bus Open Data,207633
34885885,2026-06-26T05:20:00+00:00,14231,291,291,,Queen Elizabeth Hospital / West Entrance,Bus Open Data,207634
34889034,2026-06-26T05:28:00+00:00,14231,291,291,,Garland Road Clinic,Bus Open Data,207635
34895610,2026-06-26T05:45:00+00:00,14231,291,291,,Queen Elizabeth Hospital / West Entrance,Bus Open Data,207636
34908871,2026-06-26T06:16:00+00:00,14231,291,291,,Queen Elizabeth Hospital / West Entrance,Bus Open Data,207637
34915591,2026-06-26T06:24:00+00:00,14231,291,291,,Garland Road Clinic,Bus Open Data,207638
34925487,2026-06-26T06:45:00+00:00,14231,291,291,,Queen Elizabeth Hospital / West Entrance,Bus Open Data,207639
34938862,2026-06-26T07:20:00+00:00,14231,291,291,,Queen Elizabeth Hospital / West Entrance,Bus Open Data,207640
34944096,2026-06-26T07:30:00+00:00,14231,291,291,,Garland Road Clinic,Bus Open Data,207641
34952951,2026-06-26T07:55:00+00:00,14231,291,291,,Queen Elizabeth Hospital / West Entrance,Bus Open Data,207642
34967849,2026-06-26T08:29:00+00:00,14231,291,291,,Queen Elizabeth Hospital / West Entrance,Bus Open Data,207643
34976717,2026-06-26T08:44:00+00:00,14231,291,291,,Garland Road Clinic,Bus Open Data,207644
34985171,2026-06-26T09:07:00+00:00,14231,291,291,,Queen Elizabeth Hospital / West Entrance,Bus Open Data,207645
34998447,2026-06-26T09:37:00+00:00,14231,291,291,,Queen Elizabeth Hospital / West Entrance,Bus Open Data,207646
35007092,2026-06-26T09:56:00+00:00,14231,291,291,,Garland Road Clinic,Bus Open Data,207647
35016024,2026-06-26T10:19:00+00:00,14231,291,291,,Queen Elizabeth Hospital / West Entrance,Bus Open Data,207648
35029340,2026-06-26T10:49:00+00:00,14231,291,291,,Queen Elizabeth Hospital / West Entrance,Bus Open Data,207649
35038803,2026-06-26T11:07:00+00:00,14231,291,291,,Garland Road Clinic,Bus Open Data,207650
35049206,2026-06-26T11:31:00+00:00,14231,291,291,,Queen Elizabeth Hospital / West Entrance,Bus Open Data,207651
35063264,2026-06-26T12:01:00+00:00,14231,291,291,,Queen Elizabeth Hospital / West Entrance,Bus Open Data,207652
35068952,2026-06-26T12:19:00+00:00,14231,291,291,,Garland Road Clinic,Bus Open Data,207653
35079252,2026-06-26T12:43:00+00:00,14231,291,291,,Queen Elizabeth Hospital / West Entrance,Bus Open Data,207654
35093619,2026-06-26T13:13:00+00:00,14231,291,291,,Queen Elizabeth Hospital / West Entrance,Bus Open Data,207655
35098947,2026-06-26T13:30:00+00:00,14231,291,291,,Garland Road Clinic,Bus Open Data,207656
35109557,2026-06-26T13:54:00+00:00,14231,291,291,,Queen Elizabeth Hospital / West Entrance,Bus Open Data,207657
35125202,2026-06-26T14:27:00+00:00,14231,291,291,,Queen Elizabeth Hospital / West Entrance,Bus Open Data,207658
35129722,2026-06-26T14:38:00+00:00,14231,291,291,,Garland Road Clinic,Bus Open Data,207659
35138546,2026-06-26T15:06:00+00:00,14231,291,291,,Queen Elizabeth Hospital / West Entrance,Bus Open Data,207660
35149398,2026-06-26T15:39:00+00:00,14231,291,291,,Queen Elizabeth Hospital / West Entrance,Bus Open Data,207661
35158576,2026-06-26T15:50:00+00:00,14231,291,291,,Garland Road Clinic,Bus Open Data,207662
35169783,2026-06-26T16:18:00+00:00,14231,291,291,,Queen Elizabeth Hospital / West Entrance,Bus Open Data,207663
35182032,2026-06-26T16:51:00+00:00,14231,291,291,,Queen Elizabeth Hospital / West Entrance,Bus Open Data,207664
35187498,2026-06-26T17:03:00+00:00,14231,291,291,,Garland Road Clinic,Bus Open Data,207665
35195650,2026-06-26T17:30:00+00:00,14231,291,291,,Queen Elizabeth Hospital / West Entrance,Bus Open Data,207666
35205548,2026-06-26T18:02:00+00:00,14231,291,291,,Queen Elizabeth Hospital / West Entrance,Bus Open Data,207667
35211690,2026-06-26T18:17:00+00:00,14231,291,291,,Garland Road Clinic,Bus Open Data,207668
35219110,2026-06-26T18:42:00+00:00,14231,291,291,,Queen Elizabeth Hospital / West Entrance,Bus Open Data,207669
35226625,2026-06-26T19:11:00+00:00,14231,291,291,,Queen Elizabeth Hospital / West Entrance,Bus Open Data,207670
35230546,2026-06-26T19:30:00+00:00,14231,291,291,,Garland Road Clinic,Bus Open Data,207671
35235706,2026-06-26T19:55:00+00:00,14231,291,291,,Queen Elizabeth Hospital / West Entrance,Bus Open Data,207672
35241833,2026-06-26T20:19:00+00:00,14231,291,291,,Queen Elizabeth Hospital / West Entrance,Bus Open Data,207673
35243922,2026-06-26T20:30:00+00:00,14231,291,291,,Garland Road Clinic,Bus Open Data,207674
35249011,2026-06-26T20:50:00+00:00,14231,291,291,,Queen Elizabeth Hospital / West Entrance,Bus Open Data,207675
35254187,2026-06-26T21:12:00+00:00,14231,291,291,,Queen Elizabeth Hospital / West Entrance,Bus Open Data,207676
35256163,2026-06-26T21:30:00+00:00,14231,291,291,,Garland Road Clinic,Bus Open Data,207677
35259525,2026-06-26T21:50:00+00:00,14231,291,291,,Queen Elizabeth Hospital / West Entrance,Bus Open Data,207678
35264502,2026-06-26T22:12:00+00:00,14231,291,291,,Queen Elizabeth Hospital / West Entrance,Bus Open Data,207679
35267074,2026-06-26T22:30:00+00:00,14231,291,291,,Garland Road Clinic,Bus Open Data,207680
35270279,2026-06-26T22:50:00+00:00,14231,291,291,,Queen Elizabeth Hospital / West Entrance,Bus Open Data,207681
35343040,2026-06-27T07:42:00+00:00,14250,51,51,,Beresford Sq / Woolwich Arsenal Stn,Bus Open Data,149828
35342965,2026-06-27T07:42:36+00:00,14250,51,51,,Orpington Bus Station,Bus Open Data,
35369049,2026-06-27T08:45:00+00:00,14250,51,51,,Woolwich High Street,Bus Open Data,149829
35378321,2026-06-27T09:08:00+00:00,14250,51,51,,Orpington Station,Bus Open Data,149830
35671414,2026-06-28T05:32:00+00:00,14250,51,51,,Woolwich High Street,Bus Open Data,183819
35673757,2026-06-28T05:45:00+00:00,14250,51,51,,Orpington Station,Bus Open Data,183820
35682132,2026-06-28T06:42:00+00:00,14250,51,51,,Orpington Bus Station,Bus Open Data,183821
35682368,2026-06-28T06:55:00+00:00,14250,51,51,,Beresford Sq / Woolwich Arsenal Stn,Bus Open Data,183822
35694204,2026-06-28T07:48:00+00:00,14250,51,51,,Woolwich High Street,Bus Open Data,183823
35700440,2026-06-28T08:15:00+00:00,14250,51,51,,Orpington Station,Bus Open Data,183824
35719837,2026-06-28T09:22:00+00:00,14250,51,51,,Orpington Bus Station,Bus Open Data,183825
35720148,2026-06-28T09:38:00+00:00,14250,51,51,,Beresford Sq / Woolwich Arsenal Stn,Bus Open Data,183826
35741149,2026-06-28T10:48:00+00:00,14250,51,51,,Woolwich High Street,Bus Open Data,183827
35743654,2026-06-28T11:08:00+00:00,14250,51,51,,Orpington Station,Bus Open Data,183828
35764172,2026-06-28T12:31:00+00:00,14250,51,51,,Orpington Bus Station,Bus Open Data,183829
35766526,2026-06-28T12:51:00+00:00,14250,51,51,,Beresford Sq / Woolwich Arsenal Stn,Bus Open Data,183830
35785748,2026-06-28T14:04:00+00:00,14250,51,51,,Woolwich High Street,Bus Open Data,183831
35792526,2026-06-28T14:23:00+00:00,14250,51,51,,Orpington Station,Bus Open Data,183832
35811508,2026-06-28T15:39:00+00:00,14250,51,51,,Orpington Bus Station,Bus Open Data,183833
35811822,2026-06-28T15:53:00+00:00,14250,51,51,,Beresford Sq / Woolwich Arsenal Stn,Bus Open Data,183834
35830883,2026-06-28T16:58:00+00:00,14250,51,51,,Woolwich High Street,Bus Open Data,183835
35834266,2026-06-28T17:11:00+00:00,14250,51,51,,Orpington Station,Bus Open Data,183836
35848522,2026-06-28T18:19:00+00:00,14250,51,51,,Orpington Bus Station,Bus Open Data,183837
35849915,2026-06-28T18:40:00+00:00,14250,51,51,,Beresford Sq / Woolwich Arsenal Stn,Bus Open Data,183838
35864790,2026-06-28T19:37:00+00:00,14250,51,51,,Woolwich High Street,Bus Open Data,183839
35867316,2026-06-28T19:59:00+00:00,14250,51,51,,Orpington Station,Bus Open Data,183840
35878771,2026-06-28T20:55:00+00:00,14250,51,51,,Orpington Bus Station,Bus Open Data,183841
35879627,2026-06-28T21:15:00+00:00,14250,51,51,,Beresford Sq / Woolwich Arsenal Stn,Bus Open Data,183842
35888344,2026-06-28T22:03:00+00:00,14250,51,51,,Woolwich High Street,Bus Open Data,183843
35889256,2026-06-28T22:15:00+00:00,14250,51,51,,Orpington Station,Bus Open Data,183844
35898366,2026-06-28T23:05:00+00:00,14250,51,51,,Orpington Bus Station,Bus Open Data,183845
35898513,2026-06-28T23:15:00+00:00,14250,51,51,,Beresford Sq / Woolwich Arsenal Stn,Bus Open Data,183846
35902099,2026-06-29T00:00:00+00:00,14250,51,51,,Morden Wharf Road,Bus Open Data,183847
35920840,2026-06-29T04:39:00+00:00,14250,51,51,,Woolwich High Street,Bus Open Data,255286
35920506,2026-06-29T04:53:00+00:00,14250,51,51,,Orpington Station,Bus Open Data,255287
35944087,2026-06-29T05:51:00+00:00,14250,51,51,,Orpington Bus Station,Bus Open Data,255288
35949905,2026-06-29T06:07:00+00:00,14250,51,51,,Beresford Sq / Woolwich Arsenal Stn,Bus Open Data,255289
35985840,2026-06-29T07:35:00+00:00,14250,51,51,,Woolwich High Street,Bus Open Data,255290
35999907,2026-06-29T07:57:00+00:00,14250,51,51,,Orpington Station,Bus Open Data,255291
36038030,2026-06-29T09:26:00+00:00,14250,51,51,,Orpington Bus Station,Bus Open Data,255292
36047889,2026-06-29T09:45:00+00:00,14250,51,51,,Beresford Sq / Woolwich Arsenal Stn,Bus Open Data,255293
36079917,2026-06-29T11:01:00+00:00,14250,51,51,,Woolwich High Street,Bus Open Data,255294
36090471,2026-06-29T11:27:00+00:00,14250,51,51,,Orpington Station,Bus Open Data,255295
36128290,2026-06-29T12:54:00+00:00,14250,51,51,,Orpington Bus Station,Bus Open Data,255296
36136299,2026-06-29T13:10:00+00:00,14250,51,51,,Beresford Sq / Woolwich Arsenal Stn,Bus Open Data,255297
36173241,2026-06-29T14:36:00+00:00,14250,51,51,,Woolwich High Street,Bus Open Data,255298
36186838,2026-06-29T15:02:00+00:00,14250,51,51,,Orpington Station,Bus Open Data,255299
36226958,2026-06-29T16:39:00+00:00,14250,51,51,,Orpington Bus Station,Bus Open Data,255300
36230945,2026-06-29T16:58:00+00:00,14250,51,51,,Beresford Sq / Woolwich Arsenal Stn,Bus Open Data,255301
36258890,2026-06-29T18:23:00+00:00,14250,51,51,,Woolwich High Street,Bus Open Data,255302
36269861,2026-06-29T18:42:00+00:00,14250,51,51,,Orpington Station,Bus Open Data,255303
36285081,2026-06-29T19:47:00+00:00,14250,51,51,,Orpington Bus Station,Bus Open Data,255304
36286566,2026-06-29T20:00:00+00:00,14250,51,51,,Beresford Sq / Woolwich Arsenal Stn,Bus Open Data,255305
36299620,2026-06-29T20:58:00+00:00,14250,51,51,,Woolwich High Street,Bus Open Data,255306
36302973,2026-06-29T21:15:00+00:00,14250,51,51,,Orpington Station,Bus Open Data,255307
36333758,2026-06-30T03:13:00+00:00,14250,51,51,,Orpington Bus Station,Bus Open Data,255240
36335861,2026-06-30T03:45:00+00:00,14250,51,51,,Beresford Sq / Woolwich Arsenal Stn,Bus Open Data,255241
36343237,2026-06-30T04:33:00+00:00,14250,51,51,,Woolwich High Street,Bus Open Data,255242
36344974,2026-06-30T04:42:00+00:00,14250,51,51,,Orpington Station,Bus Open Data,255243
36364902,2026-06-30T05:37:00+00:00,14250,51,51,,Orpington Bus Station,Bus Open Data,255244
36365297,2026-06-30T05:51:00+00:00,14250,51,51,,Beresford Sq / Woolwich Arsenal Stn,Bus Open Data,255245
36404454,2026-06-30T07:06:00+00:00,14250,51,51,,Woolwich High Street,Bus Open Data,255246
36413167,2026-06-30T07:31:00+00:00,14250,51,51,,Orpington Station,Bus Open Data,255247
36450324,2026-06-30T09:03:00+00:00,14250,51,51,,Orpington Bus Station,Bus Open Data,255248
36460142,2026-06-30T09:19:00+00:00,14250,51,51,,Beresford Sq / Woolwich Arsenal Stn,Bus Open Data,255249
36493333,2026-06-30T10:35:00+00:00,14250,51,51,,Woolwich High Street,Bus Open Data,255250
36505750,2026-06-30T11:01:00+00:00,14250,51,51,,Orpington Station,Bus Open Data,255251
36544128,2026-06-30T12:28:00+00:00,14250,51,51,,Orpington Bus Station,Bus Open Data,255252
36551674,2026-06-30T12:45:00+00:00,14250,51,51,,Beresford Sq / Woolwich Arsenal Stn,Bus Open Data,255253
36588288,2026-06-30T14:08:00+00:00,14250,51,51,,Woolwich High Street,Bus Open Data,255254
36589686,2026-06-30T14:36:00+00:00,14250,51,51,,Orpington Station,Bus Open Data,255255
36641291,2026-06-30T16:14:00+00:00,14250,51,51,,Orpington Bus Station,Bus Open Data,255256
36650083,2026-06-30T16:32:00+00:00,14250,51,51,,Beresford Sq / Woolwich Arsenal Stn,Bus Open Data,255257
36680330,2026-06-30T18:01:00+00:00,14250,51,51,,Woolwich High Street,Bus Open Data,255258
36688023,2026-06-30T18:18:00+00:00,14250,51,51,,Orpington Station,Bus Open Data,255259
36707317,2026-06-30T19:27:00+00:00,14250,51,51,,Orpington Bus Station,Bus Open Data,255260
36709963,2026-06-30T19:45:00+00:00,14250,51,51,,Beresford Sq / Woolwich Arsenal Stn,Bus Open Data,255261
36722291,2026-06-30T20:45:00+00:00,14250,51,51,,Woolwich High Street,Bus Open Data,255262
36726590,2026-06-30T21:00:00+00:00,14250,51,51,,Orpington Station,Bus Open Data,255263
36740722,2026-06-30T21:57:00+00:00,14250,51,51,,Orpington Bus Station,Bus Open Data,255264
36741713,2026-06-30T22:15:00+00:00,14250,51,51,,Beresford Sq / Woolwich Arsenal Stn,Bus Open Data,255265
36749248,2026-06-30T23:05:00+00:00,14250,51,51,,Woolwich High Street,Bus Open Data,255266
36750553,2026-06-30T23:15:00+00:00,14250,51,51,,Orpington Station,Bus Open Data,255267
36755102,2026-07-01T00:02:00+00:00,14250,51,51,,Morden Wharf Road,Bus Open Data,255268
36773347,2026-07-01T04:52:10+00:00,14250,51,51,,Orpington Bus Station,Bus Open Data,
36773400,2026-07-01T04:54:00+00:00,14250,51,51,,Beresford Sq / Woolwich Arsenal Stn,Bus Open Data,255475
36795409,2026-07-01T05:51:00+00:00,14250,51,51,,Woolwich High Street,Bus Open Data,255476
36800365,2026-07-01T06:05:00+00:00,14250,51,51,,Orpington Station,Bus Open Data,255477
36847243,2026-07-01T08:01:00+00:00,14250,51,51,,Beresford Sq / Woolwich Arsenal Stn,Bus Open Data,255479
36883262,2026-07-01T09:22:00+00:00,14250,51,51,,Woolwich High Street,Bus Open Data,255480
36884833,2026-07-01T09:43:00+00:00,14250,51,51,,Orpington Station,Bus Open Data,255481
36932493,2026-07-01T11:08:00+00:00,14250,51,51,,Orpington Bus Station,Bus Open Data,255482
36944187,2026-07-01T11:28:00+00:00,14250,51,51,,Beresford Sq / Woolwich Arsenal Stn,Bus Open Data,255483
36978754,2026-07-01T12:48:00+00:00,14250,51,51,,Woolwich High Street,Bus Open Data,255484
36989695,2026-07-01T13:11:00+00:00,14250,51,51,,Orpington Station,Bus Open Data,255485
37030408,2026-07-01T14:45:00+00:00,14250,51,51,,Orpington Bus Station,Bus Open Data,255486
37039509,2026-07-01T15:01:00+00:00,14250,51,51,,Beresford Sq / Woolwich Arsenal Stn,Bus Open Data,255487
37083112,2026-07-01T16:36:00+00:00,14250,51,51,,Woolwich High Street,Bus Open Data,255488
37087014,2026-07-01T16:59:00+00:00,14250,51,51,,Orpington Station,Bus Open Data,255489
37135458,2026-07-01T18:29:00+00:00,14250,51,51,,Orpington Station,Bus Open Data,255490
37135423,2026-07-01T19:36:54+00:00,14250,51,51,,Orpington Station,Bus Open Data,
37142728,2026-07-01T20:09:29+00:00,14250,51,51,,Orpington Station,Bus Open Data,
37242016,2026-07-02T06:35:00+00:00,14231,291,291,,Garland Road Clinic,Bus Open Data,207684
37252512,2026-07-02T06:57:00+00:00,14231,291,291,,Queen Elizabeth Hospital / West Entrance,Bus Open Data,207685
37267613,2026-07-02T07:32:00+00:00,14231,291,291,,Queen Elizabeth Hospital / West Entrance,Bus Open Data,207686
37270594,2026-07-02T07:42:00+00:00,14231,291,291,,Garland Road Clinic,Bus Open Data,207687
37282412,2026-07-02T08:07:00+00:00,14231,291,291,,Queen Elizabeth Hospital / West Entrance,Bus Open Data,207688
37298209,2026-07-02T08:39:00+00:00,14231,291,291,,Queen Elizabeth Hospital / West Entrance,Bus Open Data,207689
37303326,2026-07-02T08:56:00+00:00,14231,291,291,,Garland Road Clinic,Bus Open Data,207690
37313596,2026-07-02T09:19:00+00:00,14231,291,291,,Queen Elizabeth Hospital / West Entrance,Bus Open Data,207691
37326455,2026-07-02T09:49:00+00:00,14231,291,291,,Queen Elizabeth Hospital / West Entrance,Bus Open Data,207692
37335687,2026-07-02T10:08:00+00:00,14231,291,291,,Garland Road Clinic,Bus Open Data,207693
37346346,2026-07-02T10:31:00+00:00,14231,291,291,,Queen Elizabeth Hospital / West Entrance,Bus Open Data,207694
37359931,2026-07-02T11:01:00+00:00,14231,291,291,,Queen Elizabeth Hospital / West Entrance,Bus Open Data,207695
37366676,2026-07-02T11:19:00+00:00,14231,291,291,,Garland Road Clinic,Bus Open Data,207696
37378882,2026-07-02T11:43:00+00:00,14231,291,291,,Queen Elizabeth Hospital / West Entrance,Bus Open Data,207697
37392598,2026-07-02T12:13:00+00:00,14231,291,291,,Queen Elizabeth Hospital / West Entrance,Bus Open Data,207698
37397951,2026-07-02T12:30:00+00:00,14231,291,291,,Garland Road Clinic,Bus Open Data,207699
37408454,2026-07-02T12:55:00+00:00,14231,291,291,,Queen Elizabeth Hospital / West Entrance,Bus Open Data,207700
37422819,2026-07-02T13:25:00+00:00,14231,291,291,,Queen Elizabeth Hospital / West Entrance,Bus Open Data,207701
37428692,2026-07-02T13:40:00+00:00,14231,291,291,,Garland Road Clinic,Bus Open Data,207702
37442329,2026-07-02T14:06:00+00:00,14231,291,291,,Queen Elizabeth Hospital / West Entrance,Bus Open Data,207703
37463941,2026-07-02T14:39:00+00:00,14231,291,291,,Queen Elizabeth Hospital / West Entrance,Bus Open Data,207704
37466103,2026-07-02T14:50:00+00:00,14231,291,291,,Garland Road Clinic,Bus Open Data,207705
37480496,2026-07-02T15:18:00+00:00,14231,291,291,,Queen Elizabeth Hospital / West Entrance,Bus Open Data,207706
37490203,2026-07-02T15:51:00+00:00,14231,291,291,,Queen Elizabeth Hospital / West Entrance,Bus Open Data,207707
37493997,2026-07-02T16:02:00+00:00,14231,291,291,,Garland Road Clinic,Bus Open Data,207708
37504672,2026-07-02T16:30:00+00:00,14231,291,291,,Queen Elizabeth Hospital / West Entrance,Bus Open Data,207709
37517413,2026-07-02T17:03:00+00:00,14231,291,291,,Queen Elizabeth Hospital / West Entrance,Bus Open Data,207710
37520829,2026-07-02T17:15:00+00:00,14231,291,291,,Garland Road Clinic,Bus Open Data,207711
37530147,2026-07-02T17:42:00+00:00,14231,291,291,,Queen Elizabeth Hospital / West Entrance,Bus Open Data,207712
37540021,2026-07-02T18:13:00+00:00,14231,291,291,,Queen Elizabeth Hospital / West Entrance,Bus Open Data,207713
37545001,2026-07-02T18:29:00+00:00,14231,291,291,,Garland Road Clinic,Bus Open Data,207714
37552084,2026-07-02T18:55:00+00:00,14231,291,291,,Queen Elizabeth Hospital / West Entrance,Bus Open Data,207715
37559324,2026-07-02T19:23:00+00:00,14231,291,291,,Morden Wharf Road,Bus Open Data,207716
37617378,2026-07-03T04:20:00+00:00,14250,51,51,,Orpington Bus Station,Bus Open Data,332932
37630061,2026-07-03T04:54:00+00:00,14250,51,51,,Beresford Sq / Woolwich Arsenal Stn,Bus Open Data,332933
37642259,2026-07-03T05:51:00+00:00,14250,51,51,,Woolwich High Street,Bus Open Data,332934
37645613,2026-07-03T06:05:00+00:00,14250,51,51,,Orpington Station,Bus Open Data,332935
37686585,2026-07-03T07:41:00+00:00,14250,51,51,,Orpington Bus Station,Bus Open Data,332936
37687212,2026-07-03T08:01:00+00:00,14250,51,51,,Beresford Sq / Woolwich Arsenal Stn,Bus Open Data,332937
37741076,2026-07-03T09:22:00+00:00,14250,51,51,,Woolwich High Street,Bus Open Data,332938
37743354,2026-07-03T09:43:00+00:00,14250,51,51,,Orpington Station,Bus Open Data,332939
37786630,2026-07-03T11:08:00+00:00,14250,51,51,,Orpington Bus Station,Bus Open Data,332940
37792418,2026-07-03T11:28:00+00:00,14250,51,51,,Beresford Sq / Woolwich Arsenal Stn,Bus Open Data,332941
37828783,2026-07-03T12:48:00+00:00,14250,51,51,,Woolwich High Street,Bus Open Data,332942
37840230,2026-07-03T13:11:00+00:00,14250,51,51,,Orpington Station,Bus Open Data,332943
37878377,2026-07-03T14:45:00+00:00,14250,51,51,,Orpington Bus Station,Bus Open Data,332944
37882474,2026-07-03T15:01:00+00:00,14250,51,51,,Beresford Sq / Woolwich Arsenal Stn,Bus Open Data,332945
37922932,2026-07-03T16:36:00+00:00,14250,51,51,,Woolwich High Street,Bus Open Data,332946
37935014,2026-07-03T16:59:00+00:00,14250,51,51,,Orpington Station,Bus Open Data,332947
37967826,2026-07-03T18:42:00+00:00,14250,51,51,,Beresford Sq / Woolwich Arsenal Stn,Bus Open Data,332949
37984102,2026-07-03T19:48:00+00:00,14250,51,51,,Woolwich High Street,Bus Open Data,332950
37987868,2026-07-03T20:00:00+00:00,14250,51,51,,Orpington Station,Bus Open Data,332951
38002093,2026-07-03T21:01:00+00:00,14250,51,51,,Orpington Bus Station,Bus Open Data,332952
38004321,2026-07-03T21:15:00+00:00,14250,51,51,,Beresford Sq / Woolwich Arsenal Stn,Bus Open Data,332953
38013875,2026-07-03T22:07:00+00:00,14250,51,51,,Morden Wharf Road,Bus Open Data,332954
38077185,2026-07-04T06:29:00+00:00,14250,51,51,,Orpington Bus Station,Bus Open Data,162243
38077456,2026-07-04T07:06:00+00:00,14250,51,51,,Beresford Sq / Woolwich Arsenal Stn,Bus Open Data,162244
38102020,2026-07-04T08:05:00+00:00,14250,51,51,,Woolwich High Street,Bus Open Data,162245
38111111,2026-07-04T08:24:00+00:00,14250,51,51,,Orpington Station,Bus Open Data,162246
38145433,2026-07-04T09:46:00+00:00,14250,51,51,,Orpington Bus Station,Bus Open Data,162247
38146051,2026-07-04T09:59:00+00:00,14250,51,51,,Beresford Sq / Woolwich Arsenal Stn,Bus Open Data,162248
38186723,2026-07-04T11:26:00+00:00,14250,51,51,,Woolwich High Street,Bus Open Data,162249
38192700,2026-07-04T11:43:00+00:00,14250,51,51,,Orpington Station,Bus Open Data,162250
38229537,2026-07-04T13:20:00+00:00,14250,51,51,,Orpington Bus Station,Bus Open Data,162251
38233580,2026-07-04T13:40:00+00:00,14250,51,51,,Beresford Sq / Woolwich Arsenal Stn,Bus Open Data,162252
38275714,2026-07-04T15:03:00+00:00,14250,51,51,,Woolwich High Street,Bus Open Data,162253
38279539,2026-07-04T15:24:00+00:00,14250,51,51,,Orpington Station,Bus Open Data,162254
38318842,2026-07-04T16:52:00+00:00,14250,51,51,,Orpington Bus Station,Bus Open Data,162255
38319809,2026-07-04T17:08:00+00:00,14250,51,51,,Beresford Sq / Woolwich Arsenal Stn,Bus Open Data,162256
38349658,2026-07-04T18:22:00+00:00,14250,51,51,,Woolwich High Street,Bus Open Data,162257
38350406,2026-07-04T18:34:00+00:00,14250,51,51,,Orpington Station,Bus Open Data,162258
38367625,2026-07-04T19:42:00+00:00,14250,51,51,,Orpington Bus Station,Bus Open Data,162259
38368365,2026-07-04T20:00:00+00:00,14250,51,51,,Beresford Sq / Woolwich Arsenal Stn,Bus Open Data,162260
38385062,2026-07-04T20:57:00+00:00,14250,51,51,,Woolwich High Street,Bus Open Data,162261
38386124,2026-07-04T21:15:00+00:00,14250,51,51,,Orpington Station,Bus Open Data,162262
38398848,2026-07-04T22:10:00+00:00,14250,51,51,,Orpington Bus Station,Bus Open Data,162263
38399057,2026-07-04T22:30:00+00:00,14250,51,51,,Beresford Sq / Woolwich Arsenal Stn,Bus Open Data,162264
38407691,2026-07-04T23:20:00+00:00,14250,51,51,,Woolwich High Street,Bus Open Data,162265
38408240,2026-07-04T23:30:00+00:00,14250,51,51,,Orpington Station,Bus Open Data,162266
38412632,2026-07-05T00:23:00+00:00,14250,51,51,,Morden Wharf Road,Bus Open Data,162267
38425072,2026-07-05T05:15:00+00:00,14250,51,51,,Orpington Station,Bus Open Data,239904
38431947,2026-07-05T06:12:00+00:00,14250,51,51,,Orpington Bus Station,Bus Open Data,239905
38433614,2026-07-05T06:35:00+00:00,14250,51,51,,Beresford Sq / Woolwich Arsenal Stn,Bus Open Data,239906
38443205,2026-07-05T07:27:00+00:00,14250,51,51,,Woolwich High Street,Bus Open Data,239907
38445449,2026-07-05T07:35:00+00:00,14250,51,51,,Orpington Station,Bus Open Data,239908
38461353,2026-07-05T08:38:00+00:00,14250,51,51,,Orpington Bus Station,Bus Open Data,239909
38463995,2026-07-05T08:59:00+00:00,14250,51,51,,Beresford Sq / Woolwich Arsenal Stn,Bus Open Data,239910
38482965,2026-07-05T10:03:00+00:00,14250,51,51,,Woolwich High Street,Bus Open Data,239911
38486927,2026-07-05T10:23:00+00:00,14250,51,51,,Orpington Station,Bus Open Data,239912
38508162,2026-07-05T11:44:00+00:00,14250,51,51,,Orpington Bus Station,Bus Open Data,239913
38512641,2026-07-05T12:06:00+00:00,14250,51,51,,Beresford Sq / Woolwich Arsenal Stn,Bus Open Data,239914
38532555,2026-07-05T13:20:00+00:00,14250,51,51,,Woolwich High Street,Bus Open Data,239915
38537187,2026-07-05T13:38:00+00:00,14250,51,51,,Orpington Station,Bus Open Data,239916
38557958,2026-07-05T14:55:00+00:00,14250,51,51,,Morden Wharf Road,Bus Open Data,239917
38673449,2026-07-06T04:31:00+00:00,14231,291,291,,Queen Elizabeth Hospital / West Entrance,Bus Open Data,232028
38673196,2026-07-06T04:42:00+00:00,14231,291,291,,Garland Road Clinic,Bus Open Data,232029
38677740,2026-07-06T04:57:00+00:00,14231,291,291,,Queen Elizabeth Hospital / West Entrance,Bus Open Data,232030
38685869,2026-07-06T05:20:00+00:00,14231,291,291,,Queen Elizabeth Hospital / West Entrance,Bus Open Data,232031
38687137,2026-07-06T05:28:00+00:00,14231,291,291,,Garland Road Clinic,Bus Open Data,232032
38693608,2026-07-06T05:45:00+00:00,14231,291,291,,Queen Elizabeth Hospital / West Entrance,Bus Open Data,232033
38706814,2026-07-06T06:16:00+00:00,14231,291,291,,Queen Elizabeth Hospital / West Entrance,Bus Open Data,232034
38713453,2026-07-06T06:24:00+00:00,14231,291,291,,Garland Road Clinic,Bus Open Data,232035
38722257,2026-07-06T06:45:00+00:00,14231,291,291,,Queen Elizabeth Hospital / West Entrance,Bus Open Data,232036
38735224,2026-07-06T07:20:00+00:00,14231,291,291,,Queen Elizabeth Hospital / West Entrance,Bus Open Data,232037
38742263,2026-07-06T07:30:00+00:00,14231,291,291,,Garland Road Clinic,Bus Open Data,232038
38751268,2026-07-06T07:55:00+00:00,14231,291,291,,Queen Elizabeth Hospital / West Entrance,Bus Open Data,232039
38766655,2026-07-06T08:29:00+00:00,14231,291,291,,Queen Elizabeth Hospital / West Entrance,Bus Open Data,232040
38774408,2026-07-06T08:44:00+00:00,14231,291,291,,Garland Road Clinic,Bus Open Data,232041
38784254,2026-07-06T09:07:00+00:00,14231,291,291,,Queen Elizabeth Hospital / West Entrance,Bus Open Data,232042
38796384,2026-07-06T09:37:00+00:00,14231,291,291,,Queen Elizabeth Hospital / West Entrance,Bus Open Data,232043
38807112,2026-07-06T09:56:00+00:00,14231,291,291,,Garland Road Clinic,Bus Open Data,232044
38816922,2026-07-06T10:19:00+00:00,14231,291,291,,Queen Elizabeth Hospital / West Entrance,Bus Open Data,232045
38828832,2026-07-06T10:49:00+00:00,14231,291,291,,Queen Elizabeth Hospital / West Entrance,Bus Open Data,232046
38838820,2026-07-06T11:07:00+00:00,14231,291,291,,Garland Road Clinic,Bus Open Data,232047
38847565,2026-07-06T11:31:00+00:00,14231,291,291,,Queen Elizabeth Hospital / West Entrance,Bus Open Data,232048
38861480,2026-07-06T12:01:00+00:00,14231,291,291,,Queen Elizabeth Hospital / West Entrance,Bus Open Data,232049
38871153,2026-07-06T12:19:00+00:00,14231,291,291,,Garland Road Clinic,Bus Open Data,232050
38880795,2026-07-06T12:43:00+00:00,14231,291,291,,Queen Elizabeth Hospital / West Entrance,Bus Open Data,232051
38893680,2026-07-06T13:13:00+00:00,14231,291,291,,Queen Elizabeth Hospital / West Entrance,Bus Open Data,232052
38902417,2026-07-06T13:30:00+00:00,14231,291,291,,Garland Road Clinic,Bus Open Data,232053
38913545,2026-07-06T13:54:00+00:00,14231,291,291,,Queen Elizabeth Hospital / West Entrance,Bus Open Data,232054
38928873,2026-07-06T14:27:00+00:00,14231,291,291,,Queen Elizabeth Hospital / West Entrance,Bus Open Data,232055
38933791,2026-07-06T14:38:00+00:00,14231,291,291,,Garland Road Clinic,Bus Open Data,232056
38946525,2026-07-06T15:06:00+00:00,14231,291,291,,Queen Elizabeth Hospital / West Entrance,Bus Open Data,232057
38960387,2026-07-06T15:39:00+00:00,14231,291,291,,Queen Elizabeth Hospital / West Entrance,Bus Open Data,232058
38963524,2026-07-06T15:50:00+00:00,14231,291,291,,Garland Road Clinic,Bus Open Data,232059
38973844,2026-07-06T16:18:00+00:00,14231,291,291,,Queen Elizabeth Hospital / West Entrance,Bus Open Data,232060
38989501,2026-07-06T16:51:00+00:00,14231,291,291,,Queen Elizabeth Hospital / West Entrance,Bus Open Data,232061
38994008,2026-07-06T17:03:00+00:00,14231,291,291,,Garland Road Clinic,Bus Open Data,232062
39004061,2026-07-06T17:30:00+00:00,14231,291,291,,Queen Elizabeth Hospital / West Entrance,Bus Open Data,232063
39014231,2026-07-06T18:02:00+00:00,14231,291,291,,Queen Elizabeth Hospital / West Entrance,Bus Open Data,232064
39018174,2026-07-06T18:17:00+00:00,14231,291,291,,Garland Road Clinic,Bus Open Data,232065
39025314,2026-07-06T18:42:00+00:00,14231,291,291,,Queen Elizabeth Hospital / West Entrance,Bus Open Data,232066
39032171,2026-07-06T19:11:00+00:00,14231,291,291,,Queen Elizabeth Hospital / West Entrance,Bus Open Data,232067
39037482,2026-07-06T19:30:00+00:00,14231,291,291,,Garland Road Clinic,Bus Open Data,232068
39042807,2026-07-06T19:55:00+00:00,14231,291,291,,Queen Elizabeth Hospital / West Entrance,Bus Open Data,232069
39048087,2026-07-06T20:19:00+00:00,14231,291,291,,Queen Elizabeth Hospital / West Entrance,Bus Open Data,232070
39051001,2026-07-06T20:30:00+00:00,14231,291,291,,Garland Road Clinic,Bus Open Data,232071
39054770,2026-07-06T20:50:00+00:00,14231,291,291,,Queen Elizabeth Hospital / West Entrance,Bus Open Data,232072
39059714,2026-07-06T21:12:00+00:00,14231,291,291,,Queen Elizabeth Hospital / West Entrance,Bus Open Data,232073
39063331,2026-07-06T21:30:00+00:00,14231,291,291,,Garland Road Clinic,Bus Open Data,232074
39066832,2026-07-06T21:50:00+00:00,14231,291,291,,Queen Elizabeth Hospital / West Entrance,Bus Open Data,232075
39071810,2026-07-06T22:12:00+00:00,14231,291,291,,Queen Elizabeth Hospital / West Entrance,Bus Open Data,232076
39074230,2026-07-06T22:30:00+00:00,14231,291,291,,Garland Road Clinic,Bus Open Data,232077
39076966,2026-07-06T22:50:00+00:00,14231,291,291,,Queen Elizabeth Hospital / West Entrance,Bus Open Data,232078
39079874,2026-07-06T23:11:00+00:00,14231,291,291,,Morden Wharf Road,Bus Open Data,232079
39106585,2026-07-07T05:15:00+00:00,14250,51,51,,Woolwich High Street,Bus Open Data,332865
39115200,2026-07-07T05:29:00+00:00,14250,51,51,,Orpington Station,Bus Open Data,332866
39151218,2026-07-07T06:47:00+00:00,14250,51,51,,Orpington Bus Station,Bus Open Data,332867
39159957,2026-07-07T07:09:00+00:00,14250,51,51,,Beresford Sq / Woolwich Arsenal Stn,Bus Open Data,332868
39198822,2026-07-07T08:40:00+00:00,14250,51,51,,Woolwich High Street,Bus Open Data,332869
39209622,2026-07-07T09:04:00+00:00,14250,51,51,,Orpington Station,Bus Open Data,332870
39245158,2026-07-07T10:29:00+00:00,14250,51,51,,Orpington Bus Station,Bus Open Data,332871
39253450,2026-07-07T10:50:00+00:00,14250,51,51,,Beresford Sq / Woolwich Arsenal Stn,Bus Open Data,332872
39287268,2026-07-07T12:07:00+00:00,14250,51,51,,Woolwich High Street,Bus Open Data,332873
39289058,2026-07-07T12:32:00+00:00,14250,51,51,,Orpington Station,Bus Open Data,332874
39339148,2026-07-07T14:01:00+00:00,14250,51,51,,Orpington Bus Station,Bus Open Data,332875
39344286,2026-07-07T14:11:00+00:00,14250,51,51,,Beresford Sq / Woolwich Arsenal Stn,Bus Open Data,332876
39379979,2026-07-07T15:43:00+00:00,14250,51,51,,Woolwich High Street,Bus Open Data,332877
39381046,2026-07-07T16:07:00+00:00,14250,51,51,,Orpington Station,Bus Open Data,332878
39428371,2026-07-07T17:44:00+00:00,14250,51,51,,Orpington Bus Station,Bus Open Data,332879
39432284,2026-07-07T18:03:00+00:00,14250,51,51,,Beresford Sq / Woolwich Arsenal Stn,Bus Open Data,332880
39455510,2026-07-07T19:17:00+00:00,14250,51,51,,Woolwich High Street,Bus Open Data,332881
39459000,2026-07-07T19:30:00+00:00,14250,51,51,,Orpington Station,Bus Open Data,332882
39472282,2026-07-07T20:31:00+00:00,14250,51,51,,Beresford Sq / Woolwich Arsenal Stn,Bus Open Data,332883
39476120,2026-07-07T20:45:00+00:00,14250,51,51,,Beresford Sq / Woolwich Arsenal Stn,Bus Open Data,332884
39485952,2026-07-07T21:39:00+00:00,14250,51,51,,Woolwich High Street,Bus Open Data,332885
39490471,2026-07-07T22:00:00+00:00,14250,51,51,,Orpington Station,Bus Open Data,332886
39499301,2026-07-07T22:54:00+00:00,14250,51,51,,Orpington Bus Station,Bus Open Data,332887
39502053,2026-07-07T23:15:00+00:00,14250,51,51,,Beresford Sq / Woolwich Arsenal Stn,Bus Open Data,332888
39506282,2026-07-08T00:00:00+00:00,14250,51,51,,Morden Wharf Road,Bus Open Data,332889
39513046,2026-07-08T03:17:00+00:00,14250,51,51,,Woolwich High Street,Bus Open Data,333041
39512929,2026-07-08T03:30:00+00:00,14250,51,51,,Orpington Station,Bus Open Data,333042
39517136,2026-07-08T04:19:00+00:00,14250,51,51,,Orpington Bus Station,Bus Open Data,333043
39519908,2026-07-08T04:30:00+00:00,14250,51,51,,Beresford Sq / Woolwich Arsenal Stn,Bus Open Data,333044
39533959,2026-07-08T05:23:00+00:00,14250,51,51,,Woolwich High Street,Bus Open Data,333045
39535903,2026-07-08T05:38:00+00:00,14250,51,51,,Orpington Station,Bus Open Data,333046
39578312,2026-07-08T07:00:00+00:00,14250,51,51,,Orpington Bus Station,Bus Open Data,333047
39586859,2026-07-08T07:22:00+00:00,14250,51,51,,Beresford Sq / Woolwich Arsenal Stn,Bus Open Data,333048
39618458,2026-07-08T08:48:00+00:00,14250,51,51,,Orpington Bus Station,Bus Open Data,333049
39776956,2026-07-08T14:37:00+00:00,14250,51,51,,Beresford Sq / Woolwich Arsenal Stn,Bus Open Data,333050
39815921,2026-07-08T16:10:00+00:00,14250,51,51,,Woolwich High Street,Bus Open Data,333051
39827537,2026-07-08T16:33:00+00:00,14250,51,51,,Orpington Station,Bus Open Data,333052
39860955,2026-07-08T18:07:00+00:00,14250,51,51,,Orpington Bus Station,Bus Open Data,333053
39865631,2026-07-08T18:29:00+00:00,14250,51,51,,Beresford Sq / Woolwich Arsenal Stn,Bus Open Data,333054
39886139,2026-07-08T19:36:00+00:00,14250,51,51,,Morden Wharf Road,Bus Open Data,333055
39937743,2026-07-09T03:13:00+00:00,14250,51,51,,Orpington Bus Station,Bus Open Data,332698
39938270,2026-07-09T03:45:00+00:00,14250,51,51,,Beresford Sq / Woolwich Arsenal Stn,Bus Open Data,332699
39944804,2026-07-09T04:33:00+00:00,14250,51,51,,Woolwich High Street,Bus Open Data,332700
39947065,2026-07-09T04:42:00+00:00,14250,51,51,,Orpington Station,Bus Open Data,332701
39964668,2026-07-09T05:37:00+00:00,14250,51,51,,Orpington Bus Station,Bus Open Data,332702
39971114,2026-07-09T05:51:00+00:00,14250,51,51,,Beresford Sq / Woolwich Arsenal Stn,Bus Open Data,332703
40005513,2026-07-09T07:06:00+00:00,14250,51,51,,Woolwich High Street,Bus Open Data,332704
40016510,2026-07-09T07:31:00+00:00,14250,51,51,,Orpington Station,Bus Open Data,332705
40056387,2026-07-09T09:03:00+00:00,14250,51,51,,Orpington Bus Station,Bus Open Data,332706
40062608,2026-07-09T09:19:00+00:00,14250,51,51,,Beresford Sq / Woolwich Arsenal Stn,Bus Open Data,332707
40095812,2026-07-09T10:35:00+00:00,14250,51,51,,Woolwich High Street,Bus Open Data,332708
40104849,2026-07-09T11:01:00+00:00,14250,51,51,,Orpington Station,Bus Open Data,332709
40389992,2026-07-10T05:39:00+00:00,14231,291,291,,Garland Road Clinic,Bus Open Data,232115
40389902,2026-07-10T05:40:10+00:00,14231,291,291,,Garland Road Clinic,Bus Open Data,
40396606,2026-07-10T05:57:00+00:00,14231,291,291,,Queen Elizabeth Hospital / West Entrance,Bus Open Data,232116
40410063,2026-07-10T06:29:00+00:00,14231,291,291,,Queen Elizabeth Hospital / West Entrance,Bus Open Data,232117
40420226,2026-07-10T06:44:00+00:00,14231,291,291,,Garland Road Clinic,Bus Open Data,232118
40430123,2026-07-10T07:08:00+00:00,14231,291,291,,Queen Elizabeth Hospital / West Entrance,Bus Open Data,232119
40444834,2026-07-10T07:44:00+00:00,14231,291,291,,Queen Elizabeth Hospital / West Entrance,Bus Open Data,232120
40449441,2026-07-10T07:54:00+00:00,14231,291,291,,Garland Road Clinic,Bus Open Data,232121
40460651,2026-07-10T08:19:00+00:00,14231,291,291,,Queen Elizabeth Hospital / West Entrance,Bus Open Data,232122
40474498,2026-07-10T08:51:00+00:00,14231,291,291,,Queen Elizabeth Hospital / West Entrance,Bus Open Data,232123
40482823,2026-07-10T09:08:00+00:00,14231,291,291,,Garland Road Clinic,Bus Open Data,232124
40492016,2026-07-10T09:31:00+00:00,14231,291,291,,Queen Elizabeth Hospital / West Entrance,Bus Open Data,232125
40507864,2026-07-10T10:01:00+00:00,14231,291,291,,Queen Elizabeth Hospital / West Entrance,Bus Open Data,232126
40513423,2026-07-10T10:20:00+00:00,14231,291,291,,Garland Road Clinic,Bus Open Data,232127
40524430,2026-07-10T10:43:00+00:00,14231,291,291,,Queen Elizabeth Hospital / West Entrance,Bus Open Data,232128
40537746,2026-07-10T11:13:00+00:00,14231,291,291,,Queen Elizabeth Hospital / West Entrance,Bus Open Data,232129
40545319,2026-07-10T11:31:00+00:00,14231,291,291,,Garland Road Clinic,Bus Open Data,232130
40555254,2026-07-10T11:55:00+00:00,14231,291,291,,Queen Elizabeth Hospital / West Entrance,Bus Open Data,232131
40568325,2026-07-10T12:25:00+00:00,14231,291,291,,Queen Elizabeth Hospital / West Entrance,Bus Open Data,232132
40576282,2026-07-10T12:42:00+00:00,14231,291,291,,Garland Road Clinic,Bus Open Data,232133
40587543,2026-07-10T13:07:00+00:00,14231,291,291,,Queen Elizabeth Hospital / West Entrance,Bus Open Data,232134
40602640,2026-07-10T13:38:00+00:00,14231,291,291,,Queen Elizabeth Hospital / West Entrance,Bus Open Data,232135
40607060,2026-07-10T13:52:00+00:00,14231,291,291,,Garland Road Clinic,Bus Open Data,232136
40620585,2026-07-10T14:18:00+00:00,14231,291,291,,Queen Elizabeth Hospital / West Entrance,Bus Open Data,232137
40636397,2026-07-10T14:51:00+00:00,14231,291,291,,Queen Elizabeth Hospital / West Entrance,Bus Open Data,232138
40638330,2026-07-10T15:02:00+00:00,14231,291,291,,Garland Road Clinic,Bus Open Data,232139
40649470,2026-07-10T15:30:00+00:00,14231,291,291,,Queen Elizabeth Hospital / West Entrance,Bus Open Data,232140
40665774,2026-07-10T16:03:00+00:00,14231,291,291,,Queen Elizabeth Hospital / West Entrance,Bus Open Data,232141
40668270,2026-07-10T16:14:00+00:00,14231,291,291,,Garland Road Clinic,Bus Open Data,232142
40678806,2026-07-10T16:42:00+00:00,14231,291,291,,Queen Elizabeth Hospital / West Entrance,Bus Open Data,232143
40692186,2026-07-10T17:15:00+00:00,14231,291,291,,Queen Elizabeth Hospital / West Entrance,Bus Open Data,232144
40697875,2026-07-10T17:28:00+00:00,14231,291,291,,Garland Road Clinic,Bus Open Data,232145
40705890,2026-07-10T17:54:00+00:00,14231,291,291,,Queen Elizabeth Hospital / West Entrance,Bus Open Data,232146
40715704,2026-07-10T18:25:00+00:00,14231,291,291,,Queen Elizabeth Hospital / West Entrance,Bus Open Data,232147
40719686,2026-07-10T18:42:00+00:00,14231,291,291,,Garland Road Clinic,Bus Open Data,232148
40729258,2026-07-10T19:07:00+00:00,14231,291,291,,Queen Elizabeth Hospital / West Entrance,Bus Open Data,232149
40735242,2026-07-10T19:34:00+00:00,14231,291,291,,Queen Elizabeth Hospital / West Entrance,Bus Open Data,232150
40736914,2026-07-10T19:45:00+00:00,14231,291,291,,Garland Road Clinic,Bus Open Data,232151
40741720,2026-07-10T20:08:00+00:00,14231,291,291,,Queen Elizabeth Hospital / West Entrance,Bus Open Data,232152
40747378,2026-07-10T20:31:00+00:00,14231,291,291,,Queen Elizabeth Hospital / West Entrance,Bus Open Data,232153
40749648,2026-07-10T20:45:00+00:00,14231,291,291,,Garland Road Clinic,Bus Open Data,232154
40753757,2026-07-10T21:05:00+00:00,14231,291,291,,Queen Elizabeth Hospital / West Entrance,Bus Open Data,232155
40758219,2026-07-10T21:27:00+00:00,14231,291,291,,Queen Elizabeth Hospital / West Entrance,Bus Open Data,232156
40761851,2026-07-10T21:45:00+00:00,14231,291,291,,Garland Road Clinic,Bus Open Data,232157
40765782,2026-07-10T22:05:00+00:00,14231,291,291,,Queen Elizabeth Hospital / West Entrance,Bus Open Data,232158
40769372,2026-07-10T22:27:00+00:00,14231,291,291,,Queen Elizabeth Hospital / West Entrance,Bus Open Data,232159
40771762,2026-07-10T22:45:00+00:00,14231,291,291,,Garland Road Clinic,Bus Open Data,232160
40774209,2026-07-10T23:05:00+00:00,14231,291,291,,Queen Elizabeth Hospital / West Entrance,Bus Open Data,232161
40777174,2026-07-10T23:26:00+00:00,14231,291,291,,Morden Wharf Road,Bus Open Data,232162
40786929,2026-07-11T02:58:00+00:00,14250,51,51,,Orpington Bus Station,Bus Open Data,161994
40786937,2026-07-11T03:30:00+00:00,14250,51,51,,Beresford Sq / Woolwich Arsenal Stn,Bus Open Data,161995
40790816,2026-07-11T04:14:00+00:00,14250,51,51,,Woolwich High Street,Bus Open Data,161996
40791110,2026-07-11T04:30:00+00:00,14250,51,51,,Orpington Station,Bus Open Data,161997
40800210,2026-07-11T05:18:00+00:00,14250,51,51,,Orpington Bus Station,Bus Open Data,161998
40803035,2026-07-11T05:30:00+00:00,14250,51,51,,Beresford Sq / Woolwich Arsenal Stn,Bus Open Data,161999
40817007,2026-07-11T06:20:00+00:00,14250,51,51,,Woolwich High Street,Bus Open Data,162000
40819778,2026-07-11T06:30:00+00:00,14250,51,51,,Orpington Station,Bus Open Data,162001
40843211,2026-07-11T07:33:00+00:00,14250,51,51,,Orpington Bus Station,Bus Open Data,162002
40845807,2026-07-11T07:52:00+00:00,14250,51,51,,Beresford Sq / Woolwich Arsenal Stn,Bus Open Data,162003
40876904,2026-07-11T08:58:00+00:00,14250,51,51,,Woolwich High Street,Bus Open Data,162004
40887236,2026-07-11T09:21:00+00:00,14250,51,51,,Orpington Station,Bus Open Data,162005
40926034,2026-07-11T10:57:00+00:00,14250,51,51,,Orpington Bus Station,Bus Open Data,162006
40929880,2026-07-11T11:17:00+00:00,14250,51,51,,Beresford Sq / Woolwich Arsenal Stn,Bus Open Data,162007
40966583,2026-07-11T12:46:00+00:00,14250,51,51,,Woolwich High Street,Bus Open Data,162008
40977166,2026-07-11T13:01:00+00:00,14250,51,51,,Orpington Station,Bus Open Data,162009
41013054,2026-07-11T14:35:00+00:00,14250,51,51,,Orpington Bus Station,Bus Open Data,162010
41013798,2026-07-11T14:58:00+00:00,14250,51,51,,Beresford Sq / Woolwich Arsenal Stn,Bus Open Data,162011
41054709,2026-07-11T16:18:00+00:00,14250,51,51,,Morden Wharf Road,Bus Open Data,162012
41413850,2026-07-13T03:17:00+00:00,14250,51,51,,Woolwich High Street,Bus Open Data,333041
41414816,2026-07-13T03:30:00+00:00,14250,51,51,,Orpington Station,Bus Open Data,333042
41419424,2026-07-13T04:19:00+00:00,14250,51,51,,Orpington Bus Station,Bus Open Data,333043
41419661,2026-07-13T04:30:00+00:00,14250,51,51,,Beresford Sq / Woolwich Arsenal Stn,Bus Open Data,333044
41438251,2026-07-13T05:23:00+00:00,14250,51,51,,Woolwich High Street,Bus Open Data,333045
41442234,2026-07-13T05:38:00+00:00,14250,51,51,,Orpington Station,Bus Open Data,333046
41479550,2026-07-13T07:00:00+00:00,14250,51,51,,Orpington Bus Station,Bus Open Data,333047
41489370,2026-07-13T07:22:00+00:00,14250,51,51,,Beresford Sq / Woolwich Arsenal Stn,Bus Open Data,333048
41527241,2026-07-13T08:48:00+00:00,14250,51,51,,Orpington Bus Station,Bus Open Data,333049
41672247,2026-07-13T14:37:00+00:00,14250,51,51,,Beresford Sq / Woolwich Arsenal Stn,Bus Open Data,333050
41718739,2026-07-13T16:10:00+00:00,14250,51,51,,Woolwich High Street,Bus Open Data,333051
41720442,2026-07-13T16:33:00+00:00,14250,51,51,,Orpington Station,Bus Open Data,333052
41761874,2026-07-13T18:07:00+00:00,14250,51,51,,Orpington Bus Station,Bus Open Data,333053
41764916,2026-07-13T18:29:00+00:00,14250,51,51,,Beresford Sq / Woolwich Arsenal Stn,Bus Open Data,333054
41787639,2026-07-13T19:36:00+00:00,14250,51,51,,Morden Wharf Road,Bus Open Data,333055
41843694,2026-07-14T03:26:00+00:00,14250,51,51,,Orpington Bus Station,Bus Open Data,332796
41843666,2026-07-14T03:59:30+00:00,14250,51,51,,Orpington Bus Station,Bus Open Data,
41843721,2026-07-14T04:00:00+00:00,14250,51,51,,Beresford Sq / Woolwich Arsenal Stn,Bus Open Data,332797
41851727,2026-07-14T04:49:00+00:00,14250,51,51,,Woolwich High Street,Bus Open Data,332798
41856227,2026-07-14T05:02:00+00:00,14250,51,51,,Orpington Station,Bus Open Data,332799
41880864,2026-07-14T06:05:00+00:00,14250,51,51,,Orpington Bus Station,Bus Open Data,332800
41882136,2026-07-14T06:30:00+00:00,14250,51,51,,Beresford Sq / Woolwich Arsenal Stn,Bus Open Data,332801
41930789,2026-07-14T08:04:00+00:00,14250,51,51,,Woolwich High Street,Bus Open Data,332802
41942361,2026-07-14T08:24:00+00:00,14250,51,51,,Orpington Station,Bus Open Data,332803
41979443,2026-07-14T09:51:00+00:00,14250,51,51,,Orpington Bus Station,Bus Open Data,332804
41987431,2026-07-14T10:11:00+00:00,14250,51,51,,Beresford Sq / Woolwich Arsenal Stn,Bus Open Data,332805
42019657,2026-07-14T11:28:00+00:00,14250,51,51,,Woolwich High Street,Bus Open Data,332806
42020444,2026-07-14T11:53:00+00:00,14250,51,51,,Orpington Station,Bus Open Data,332807
42068454,2026-07-14T13:20:00+00:00,14250,51,51,,Orpington Bus Station,Bus Open Data,332808
42069576,2026-07-14T13:34:00+00:00,14250,51,51,,Beresford Sq / Woolwich Arsenal Stn,Bus Open Data,332809
42115349,2026-07-14T15:02:00+00:00,14250,51,51,,Woolwich High Street,Bus Open Data,332810
42129904,2026-07-14T15:28:00+00:00,14250,51,51,,Orpington Station,Bus Open Data,332811
42171558,2026-07-14T17:06:00+00:00,14250,51,51,,Orpington Bus Station,Bus Open Data,332812
42173907,2026-07-14T17:24:00+00:00,14250,51,51,,Beresford Sq / Woolwich Arsenal Stn,Bus Open Data,332813
42201784,2026-07-14T18:47:00+00:00,14250,51,51,,Woolwich High Street,Bus Open Data,332814
42202321,2026-07-14T19:06:00+00:00,14250,51,51,,Orpington Station,Bus Open Data,332815
42223705,2026-07-14T20:07:00+00:00,14250,51,51,,Morden Wharf Road,Bus Open Data,332816
42268222,2026-07-15T02:58:00+00:00,14250,51,51,,Orpington Bus Station,Bus Open Data,332679
42268254,2026-07-15T03:30:00+00:00,14250,51,51,,Beresford Sq / Woolwich Arsenal Stn,Bus Open Data,332680
42273356,2026-07-15T04:18:00+00:00,14250,51,51,,Woolwich High Street,Bus Open Data,332681
42273571,2026-07-15T04:30:00+00:00,14250,51,51,,Orpington Station,Bus Open Data,332682
42291503,2026-07-15T05:24:00+00:00,14250,51,51,,Orpington Bus Station,Bus Open Data,332683
42291910,2026-07-15T05:42:00+00:00,14250,51,51,,Beresford Sq / Woolwich Arsenal Stn,Bus Open Data,332684
42333301,2026-07-15T06:51:00+00:00,14250,51,51,,Woolwich High Street,Bus Open Data,332685
42341217,2026-07-15T07:18:00+00:00,14250,51,51,,Orpington Station,Bus Open Data,332686
42378217,2026-07-15T08:50:00+00:00,14250,51,51,,Orpington Bus Station,Bus Open Data,332687
42388208,2026-07-15T09:06:00+00:00,14250,51,51,,Beresford Sq / Woolwich Arsenal Stn,Bus Open Data,332688
42422696,2026-07-15T10:22:00+00:00,14250,51,51,,Woolwich High Street,Bus Open Data,332689
42433877,2026-07-15T10:48:00+00:00,14250,51,51,,Orpington Station,Bus Open Data,332690
42478862,2026-07-15T12:32:00+00:00,14250,51,51,,Beresford Sq / Woolwich Arsenal Stn,Bus Open Data,332692
42512052,2026-07-15T13:54:00+00:00,14250,51,51,,Woolwich High Street,Bus Open Data,332693
42513957,2026-07-15T14:23:00+00:00,14250,51,51,,Orpington Station,Bus Open Data,332694
42570064,2026-07-15T16:03:00+00:00,14250,51,51,,Orpington Bus Station,Bus Open Data,332695
42570581,2026-07-15T16:19:00+00:00,14250,51,51,,Beresford Sq / Woolwich Arsenal Stn,Bus Open Data,332696
42737233,2026-07-16T06:19:00+00:00,14250,51,51,,Beresford Sq / Woolwich Arsenal Stn,Bus Open Data,332772
42779135,2026-07-16T07:49:00+00:00,14250,51,51,,Woolwich High Street,Bus Open Data,332773
42790195,2026-07-16T08:11:00+00:00,14250,51,51,,Orpington Station,Bus Open Data,332774
42825688,2026-07-16T09:39:00+00:00,14250,51,51,,Orpington Bus Station,Bus Open Data,332775
42840250,2026-07-16T09:58:00+00:00,14250,51,51,,Beresford Sq / Woolwich Arsenal Stn,Bus Open Data,332776
42872530,2026-07-16T11:15:00+00:00,14250,51,51,,Woolwich High Street,Bus Open Data,332777
42874087,2026-07-16T11:40:00+00:00,14250,51,51,,Orpington Station,Bus Open Data,332778
42921073,2026-07-16T13:07:00+00:00,14250,51,51,,Orpington Bus Station,Bus Open Data,332779
42928296,2026-07-16T13:22:00+00:00,14250,51,51,,Beresford Sq / Woolwich Arsenal Stn,Bus Open Data,332780
42967211,2026-07-16T14:49:00+00:00,14250,51,51,,Woolwich High Street,Bus Open Data,332781
42978258,2026-07-16T15:15:00+00:00,14250,51,51,,Orpington Station,Bus Open Data,332782
43016829,2026-07-16T16:53:00+00:00,14250,51,51,,Orpington Bus Station,Bus Open Data,332783
43021658,2026-07-16T17:11:00+00:00,14250,51,51,,Beresford Sq / Woolwich Arsenal Stn,Bus Open Data,332784
43051683,2026-07-16T18:36:00+00:00,14250,51,51,,Woolwich High Street,Bus Open Data,332785
43058199,2026-07-16T18:54:00+00:00,14250,51,51,,Orpington Station,Bus Open Data,332786
43060682,2026-07-16T18:59:54+00:00,14250,51,51,,Orpington Station,Bus Open Data,
43075872,2026-07-16T20:15:00+00:00,14250,51,51,,Beresford Sq / Woolwich Arsenal Stn,Bus Open Data,332788
43090317,2026-07-16T21:13:00+00:00,14250,51,51,,Woolwich High Street,Bus Open Data,332789
43093230,2026-07-16T21:30:00+00:00,14250,51,51,,Orpington Station,Bus Open Data,332790
43104072,2026-07-16T22:26:00+00:00,14250,51,51,,Orpington Bus Station,Bus Open Data,332791
43107113,2026-07-16T22:45:00+00:00,14250,51,51,,Beresford Sq / Woolwich Arsenal Stn,Bus Open Data,332792
43113173,2026-07-16T23:31:00+00:00,14250,51,51,,Woolwich High Street,Bus Open Data,332793
43114412,2026-07-16T23:45:00+00:00,14250,51,51,,Orpington Station,Bus Open Data,332794
43131269,2026-07-17T04:52:00+00:00,14250,51,51,,Orpington Bus Station,Bus Open Data,324610
43144789,2026-07-17T05:30:00+00:00,14250,51,51,,Beresford Sq / Woolwich Arsenal Stn,Bus Open Data,324611
43173864,2026-07-17T06:35:00+00:00,14250,51,51,,Woolwich High Street,Bus Open Data,324612
43187948,2026-07-17T07:05:00+00:00,14250,51,51,,Orpington Station,Bus Open Data,324613
43225832,2026-07-17T08:45:00+00:00,14250,51,51,,Woolwich High Street,Bus Open Data,324614
43367287,2026-07-17T14:10:00+00:00,14250,51,51,,Orpington Station,Bus Open Data,324615
43412129,2026-07-17T15:53:00+00:00,14250,51,51,,Orpington Bus Station,Bus Open Data,324616
43415713,2026-07-17T16:06:00+00:00,14250,51,51,,Beresford Sq / Woolwich Arsenal Stn,Bus Open Data,324617
43459137,2026-07-17T17:38:00+00:00,14250,51,51,,Woolwich High Street,Bus Open Data,324618
43460519,2026-07-17T18:04:00+00:00,14250,51,51,,Orpington Station,Bus Open Data,324619
43488011,2026-07-17T19:19:00+00:00,14250,51,51,,Orpington Bus Station,Bus Open Data,324620
43488639,2026-07-17T19:30:00+00:00,14250,51,51,,Beresford Sq / Woolwich Arsenal Stn,Bus Open Data,324621
43502384,2026-07-17T20:32:00+00:00,14250,51,51,,Woolwich High Street,Bus Open Data,324622
43505661,2026-07-17T20:45:00+00:00,14250,51,51,,Orpington Station,Bus Open Data,324623
43519421,2026-07-17T21:43:00+00:00,14250,51,51,,Orpington Bus Station,Bus Open Data,324624
43520414,2026-07-17T22:00:00+00:00,14250,51,51,,Beresford Sq / Woolwich Arsenal Stn,Bus Open Data,324625
43529183,2026-07-17T22:51:00+00:00,14250,51,51,,Woolwich High Street,Bus Open Data,324626
43529822,2026-07-17T23:00:00+00:00,14250,51,51,,Orpington Station,Bus Open Data,324627
43535524,2026-07-17T23:49:00+00:00,14250,51,51,,Morden Wharf Road,Bus Open Data,324628
43545401,2026-07-18T04:02:00+00:00,14250,51,51,,Woolwich High Street,Bus Open Data,139321
43546992,2026-07-18T04:15:00+00:00,14250,51,51,,Orpington Station,Bus Open Data,139322
43554363,2026-07-18T05:02:00+00:00,14250,51,51,,Orpington Bus Station,Bus Open Data,139323
43556715,2026-07-18T05:15:00+00:00,14250,51,51,,Beresford Sq / Woolwich Arsenal Stn,Bus Open Data,139324
43568880,2026-07-18T06:04:00+00:00,14250,51,51,,Woolwich High Street,Bus Open Data,139325
43571580,2026-07-18T06:15:00+00:00,14250,51,51,,Orpington Station,Bus Open Data,139326
43591708,2026-07-18T07:17:00+00:00,14250,51,51,,Orpington Bus Station,Bus Open Data,139327
43594401,2026-07-18T07:30:00+00:00,14250,51,51,,Beresford Sq / Woolwich Arsenal Stn,Bus Open Data,139328
43622292,2026-07-18T08:31:00+00:00,14250,51,51,,Woolwich High Street,Bus Open Data,139329
43626883,2026-07-18T08:44:00+00:00,14250,51,51,,Orpington Station,Bus Open Data,139330
43660148,2026-07-18T10:12:00+00:00,14250,51,51,,Orpington Bus Station,Bus Open Data,139331
43673411,2026-07-18T10:38:00+00:00,14250,51,51,,Beresford Sq / Woolwich Arsenal Stn,Bus Open Data,139332
43706399,2026-07-18T12:07:00+00:00,14250,51,51,,Woolwich High Street,Bus Open Data,139333
43708765,2026-07-18T12:22:00+00:00,14250,51,51,,Orpington Station,Bus Open Data,139334
43754154,2026-07-18T13:57:00+00:00,14250,51,51,,Orpington Bus Station,Bus Open Data,139335
43761439,2026-07-18T14:19:00+00:00,14250,51,51,,Beresford Sq / Woolwich Arsenal Stn,Bus Open Data,139336
43800427,2026-07-18T15:39:00+00:00,14250,51,51,,Woolwich High Street,Bus Open Data,139337
43805172,2026-07-18T16:03:00+00:00,14250,51,51,,Orpington Station,Bus Open Data,139338
43837942,2026-07-18T17:29:00+00:00,14250,51,51,,Orpington Bus Station,Bus Open Data,139339
43845636,2026-07-18T17:46:00+00:00,14250,51,51,,Beresford Sq / Woolwich Arsenal Stn,Bus Open Data,139340
43863921,2026-07-18T18:54:00+00:00,14250,51,51,,Morden Wharf Road,Bus Open Data,139341
43958252,2026-07-19T07:42:00+00:00,14250,51,51,,Woolwich High Street,Bus Open Data,224421
43957664,2026-07-19T07:53:20+00:00,14250,51,51,,Woolwich High Street,Bus Open Data,
43957719,2026-07-19T07:55:00+00:00,14250,51,51,,Orpington Station,Bus Open Data,224422
43974413,2026-07-19T09:00:00+00:00,14250,51,51,,Orpington Bus Station,Bus Open Data,224423
43976341,2026-07-19T09:12:00+00:00,14250,51,51,,Beresford Sq / Woolwich Arsenal Stn,Bus Open Data,224424
43992386,2026-07-19T10:18:00+00:00,14250,51,51,,Woolwich High Street,Bus Open Data,224425
43998826,2026-07-19T10:38:00+00:00,14250,51,51,,Orpington Station,Bus Open Data,224426
44019493,2026-07-19T11:59:00+00:00,14250,51,51,,Orpington Bus Station,Bus Open Data,224427
44025041,2026-07-19T12:21:00+00:00,14250,51,51,,Beresford Sq / Woolwich Arsenal Stn,Bus Open Data,224428
44045155,2026-07-19T13:34:00+00:00,14250,51,51,,Woolwich High Street,Bus Open Data,224429
44049003,2026-07-19T13:53:00+00:00,14250,51,51,,Orpington Station,Bus Open Data,224430
44068723,2026-07-19T15:10:00+00:00,14250,51,51,,Orpington Bus Station,Bus Open Data,224431
44068953,2026-07-19T15:23:00+00:00,14250,51,51,,Beresford Sq / Woolwich Arsenal Stn,Bus Open Data,224432
44088363,2026-07-19T16:29:00+00:00,14250,51,51,,Woolwich High Street,Bus Open Data,224433
44091220,2026-07-19T16:41:00+00:00,14250,51,51,,Orpington Station,Bus Open Data,224434
44108305,2026-07-19T17:49:00+00:00,14250,51,51,,Orpington Bus Station,Bus Open Data,224435
44108644,2026-07-19T18:10:00+00:00,14250,51,51,,Beresford Sq / Woolwich Arsenal Stn,Bus Open Data,224436
44123168,2026-07-19T19:08:00+00:00,14250,51,51,,Woolwich High Street,Bus Open Data,224437
44126398,2026-07-19T19:29:00+00:00,14250,51,51,,Orpington Station,Bus Open Data,224438
44138062,2026-07-19T20:26:00+00:00,14250,51,51,,Orpington Bus Station,Bus Open Data,224439
44138370,2026-07-19T20:43:00+00:00,14250,51,51,,Beresford Sq / Woolwich Arsenal Stn,Bus Open Data,224440
44148509,2026-07-19T21:33:00+00:00,14250,51,51,,Woolwich High Street,Bus Open Data,224441
44149931,2026-07-19T21:45:00+00:00,14250,51,51,,Orpington Station,Bus Open Data,224442
44159884,2026-07-19T22:36:00+00:00,14250,51,51,,Orpington Bus Station,Bus Open Data,224443
44159997,2026-07-19T22:45:00+00:00,14250,51,51,,Beresford Sq / Woolwich Arsenal Stn,Bus Open Data,224444
44165324,2026-07-19T23:45:00+00:00,14250,51,51,,Orpington Station,Bus Open Data,224446
44167986,2026-07-20T00:31:00+00:00,14250,51,51,,Morden Wharf Road,Bus Open Data,224447
44178185,2026-07-20T04:19:00+00:00,14231,291,291,,Queen Elizabeth Hospital / West Entrance,Bus Open Data,228820
44179851,2026-07-20T04:30:00+00:00,14231,291,291,,Garland Road Clinic,Bus Open Data,228821
44182689,2026-07-20T04:45:00+00:00,14231,291,291,,Queen Elizabeth Hospital / West Entrance,Bus Open Data,228822
44188481,2026-07-20T05:07:00+00:00,14231,291,291,,Queen Elizabeth Hospital / West Entrance,Bus Open Data,228823
44192262,2026-07-20T05:16:00+00:00,14231,291,291,,Garland Road Clinic,Bus Open Data,228824
44197262,2026-07-20T05:33:00+00:00,14231,291,291,,Queen Elizabeth Hospital / West Entrance,Bus Open Data,228825
44208166,2026-07-20T06:03:00+00:00,14231,291,291,,Queen Elizabeth Hospital / West Entrance,Bus Open Data,228826
44215396,2026-07-20T06:13:00+00:00,14231,291,291,,Garland Road Clinic,Bus Open Data,228827
44223860,2026-07-20T06:33:00+00:00,14231,291,291,,Queen Elizabeth Hospital / West Entrance,Bus Open Data,228828
44235923,2026-07-20T07:08:00+00:00,14231,291,291,,Queen Elizabeth Hospital / West Entrance,Bus Open Data,228829
44244393,2026-07-20T07:18:00+00:00,14231,291,291,,Garland Road Clinic,Bus Open Data,228830
44252146,2026-07-20T07:43:00+00:00,14231,291,291,,Queen Elizabeth Hospital / West Entrance,Bus Open Data,228831
44265530,2026-07-20T08:19:00+00:00,14231,291,291,,Queen Elizabeth Hospital / West Entrance,Bus Open Data,228832
44274371,2026-07-20T08:32:00+00:00,14231,291,291,,Garland Road Clinic,Bus Open Data,228833
44283845,2026-07-20T08:55:00+00:00,14231,291,291,,Queen Elizabeth Hospital / West Entrance,Bus Open Data,228834
44297339,2026-07-20T09:25:00+00:00,14231,291,291,,Queen Elizabeth Hospital / West Entrance,Bus Open Data,228835
44306249,2026-07-20T09:44:00+00:00,14231,291,291,,Garland Road Clinic,Bus Open Data,228836
44315748,2026-07-20T10:07:00+00:00,14231,291,291,,Queen Elizabeth Hospital / West Entrance,Bus Open Data,228837
44328797,2026-07-20T10:37:00+00:00,14231,291,291,,Queen Elizabeth Hospital / West Entrance,Bus Open Data,228838
44336747,2026-07-20T10:55:00+00:00,14231,291,291,,Garland Road Clinic,Bus Open Data,228839
44346680,2026-07-20T11:19:00+00:00,14231,291,291,,Queen Elizabeth Hospital / West Entrance,Bus Open Data,228840
44361090,2026-07-20T11:49:00+00:00,14231,291,291,,Queen Elizabeth Hospital / West Entrance,Bus Open Data,228841
44367992,2026-07-20T12:07:00+00:00,14231,291,291,,Garland Road Clinic,Bus Open Data,228842
44378519,2026-07-20T12:31:00+00:00,14231,291,291,,Queen Elizabeth Hospital / West Entrance,Bus Open Data,228843
44391588,2026-07-20T13:01:00+00:00,14231,291,291,,Queen Elizabeth Hospital / West Entrance,Bus Open Data,228844
44398569,2026-07-20T13:18:00+00:00,14231,291,291,,Garland Road Clinic,Bus Open Data,228845
44408717,2026-07-20T13:42:00+00:00,14231,291,291,,Queen Elizabeth Hospital / West Entrance,Bus Open Data,228846
44422176,2026-07-20T14:15:00+00:00,14231,291,291,,Queen Elizabeth Hospital / West Entrance,Bus Open Data,228847
44428096,2026-07-20T14:26:00+00:00,14231,291,291,,Garland Road Clinic,Bus Open Data,228848
44438684,2026-07-20T14:54:00+00:00,14231,291,291,,Queen Elizabeth Hospital / West Entrance,Bus Open Data,228849
44451544,2026-07-20T15:27:00+00:00,14231,291,291,,Queen Elizabeth Hospital / West Entrance,Bus Open Data,228850
44459245,2026-07-20T15:38:00+00:00,14231,291,291,,Garland Road Clinic,Bus Open Data,228851
44468789,2026-07-20T16:06:00+00:00,14231,291,291,,Queen Elizabeth Hospital / West Entrance,Bus Open Data,228852
44480992,2026-07-20T16:39:00+00:00,14231,291,291,,Queen Elizabeth Hospital / West Entrance,Bus Open Data,228853
44488897,2026-07-20T16:51:00+00:00,14231,291,291,,Garland Road Clinic,Bus Open Data,228854
44498926,2026-07-20T17:18:00+00:00,14231,291,291,,Queen Elizabeth Hospital / West Entrance,Bus Open Data,228855
44508458,2026-07-20T17:50:00+00:00,14231,291,291,,Queen Elizabeth Hospital / West Entrance,Bus Open Data,228856
44514610,2026-07-20T18:05:00+00:00,14231,291,291,,Garland Road Clinic,Bus Open Data,228857
44520983,2026-07-20T18:30:00+00:00,14231,291,291,,Queen Elizabeth Hospital / West Entrance,Bus Open Data,228858
44528635,2026-07-20T19:00:00+00:00,14231,291,291,,Queen Elizabeth Hospital / West Entrance,Bus Open Data,228859
44533450,2026-07-20T19:18:00+00:00,14231,291,291,,Garland Road Clinic,Bus Open Data,228860
44538733,2026-07-20T19:43:00+00:00,14231,291,291,,Queen Elizabeth Hospital / West Entrance,Bus Open Data,228861
44543474,2026-07-20T20:08:00+00:00,14231,291,291,,Queen Elizabeth Hospital / West Entrance,Bus Open Data,228862
44545932,2026-07-20T20:15:00+00:00,14231,291,291,,Garland Road Clinic,Bus Open Data,228863
44549813,2026-07-20T20:35:00+00:00,14231,291,291,,Queen Elizabeth Hospital / West Entrance,Bus Open Data,228864
44554272,2026-07-20T20:57:00+00:00,14231,291,291,,Queen Elizabeth Hospital / West Entrance,Bus Open Data,228865
44558133,2026-07-20T21:15:00+00:00,14231,291,291,,Garland Road Clinic,Bus Open Data,228866
44561476,2026-07-20T21:35:00+00:00,14231,291,291,,Queen Elizabeth Hospital / West Entrance,Bus Open Data,228867
44565082,2026-07-20T21:57:00+00:00,14231,291,291,,Queen Elizabeth Hospital / West Entrance,Bus Open Data,228868
44569156,2026-07-20T22:15:00+00:00,14231,291,291,,Garland Road Clinic,Bus Open Data,228869
44572002,2026-07-20T22:35:00+00:00,14231,291,291,,Queen Elizabeth Hospital / West Entrance,Bus Open Data,228870
44574828,2026-07-20T22:56:00+00:00,14231,291,291,,Queen Elizabeth Hospital / West Entrance,Bus Open Data,228871
44577607,2026-07-20T23:15:00+00:00,14231,291,291,,Queen Elizabeth Hospital / West Entrance,Bus Open Data,228872
44579557,2026-07-20T23:35:00+00:00,14231,291,291,,Queen Elizabeth Hospital / West Entrance,Bus Open Data,228873
44589595,2026-07-21T03:13:00+00:00,14250,51,51,,Orpington Bus Station,Bus Open Data,324252
44589616,2026-07-21T03:45:00+00:00,14250,51,51,,Beresford Sq / Woolwich Arsenal Stn,Bus Open Data,324253
45051975,2026-07-22T05:51:00+00:00,14250,51,51,,Orpington Station,Bus Open Data,324300
45051866,2026-07-22T06:08:20+00:00,14250,51,51,,Orpington Station,Bus Open Data,
47531406,2026-07-28T11:41:00+00:00,14250,51,51,,Beresford Sq / Woolwich Arsenal Stn,Bus Open Data,324516
47558328,2026-07-28T13:01:00+00:00,14250,51,51,,Woolwich High Street,Bus Open Data,324517
47559699,2026-07-28T13:24:00+00:00,14250,51,51,,Orpington Station,Bus Open Data,324518
47597266,2026-07-28T14:59:00+00:00,14250,51,51,,Orpington Bus Station,Bus Open Data,324519
47601472,2026-07-28T15:14:00+00:00,14250,51,51,,Beresford Sq / Woolwich Arsenal Stn,Bus Open Data,324520
47643094,2026-07-28T16:48:00+00:00,14250,51,51,,Woolwich High Street,Bus Open Data,324521
47645395,2026-07-28T17:12:00+00:00,14250,51,51,,Orpington Station,Bus Open Data,324522
47681387,2026-07-28T18:41:00+00:00,14250,51,51,,Orpington Bus Station,Bus Open Data,324523
47681902,2026-07-28T18:54:00+00:00,14250,51,51,,Beresford Sq / Woolwich Arsenal Stn,Bus Open Data,324524
47701061,2026-07-28T19:59:00+00:00,14250,51,51,,Woolwich High Street,Bus Open Data,324525
47706161,2026-07-28T20:15:00+00:00,14250,51,51,,Orpington Station,Bus Open Data,324526
47719087,2026-07-28T21:15:00+00:00,14250,51,51,,Orpington Bus Station,Bus Open Data,324527
47721772,2026-07-28T21:30:00+00:00,14250,51,51,,Beresford Sq / Woolwich Arsenal Stn,Bus Open Data,324528
47731460,2026-07-28T22:21:00+00:00,14250,51,51,,Woolwich High Street,Bus Open Data,324529
47731775,2026-07-28T22:30:00+00:00,14250,51,51,,Orpington Station,Bus Open Data,324530
47739487,2026-07-28T23:21:00+00:00,14250,51,51,,Morden Wharf Road,Bus Open Data,324531
47765775,2026-07-29T05:16:00+00:00,14250,51,51,,Orpington Bus Station,Bus Open Data,324281
47782427,2026-07-29T05:59:00+00:00,14250,51,51,,Beresford Sq / Woolwich Arsenal Stn,Bus Open Data,324282
47815145,2026-07-29T07:21:00+00:00,14250,51,51,,Woolwich High Street,Bus Open Data,324283
47829420,2026-07-29T07:44:00+00:00,14250,51,51,,Orpington Station,Bus Open Data,324284
47868931,2026-07-29T09:14:00+00:00,14250,51,51,,Orpington Bus Station,Bus Open Data,324285
47872825,2026-07-29T09:32:00+00:00,14250,51,51,,Beresford Sq / Woolwich Arsenal Stn,Bus Open Data,324286
47908879,2026-07-29T10:48:00+00:00,14250,51,51,,Woolwich High Street,Bus Open Data,324287
47913412,2026-07-29T11:14:00+00:00,14250,51,51,,Orpington Station,Bus Open Data,324288
47960797,2026-07-29T12:41:00+00:00,14250,51,51,,Orpington Bus Station,Bus Open Data,324289
47962902,2026-07-29T12:58:00+00:00,14250,51,51,,Beresford Sq / Woolwich Arsenal Stn,Bus Open Data,324290
48000372,2026-07-29T14:22:00+00:00,14250,51,51,,Woolwich High Street,Bus Open Data,324291
48015480,2026-07-29T14:47:28+00:00,14250,51,51,,Woolwich High Street,Bus Open Data,
48015577,2026-07-29T14:49:00+00:00,14250,51,51,,Orpington Station,Bus Open Data,324292
48049723,2026-07-29T16:26:00+00:00,14250,51,51,,Orpington Bus Station,Bus Open Data,324293
48057644,2026-07-29T16:45:00+00:00,14250,51,51,,Beresford Sq / Woolwich Arsenal Stn,Bus Open Data,324294
48091309,2026-07-29T18:12:00+00:00,14250,51,51,,Woolwich High Street,Bus Open Data,324295
48098877,2026-07-29T18:30:00+00:00,14250,51,51,,Orpington Station,Bus Open Data,324296
48116688,2026-07-29T19:35:00+00:00,14250,51,51,,Morden Wharf Road,Bus Open Data,324297
48167844,2026-07-30T03:17:00+00:00,14250,51,51,,Woolwich High Street,Bus Open Data,324595
48167855,2026-07-30T03:30:00+00:00,14250,51,51,,Orpington Station,Bus Open Data,324596
48172578,2026-07-30T04:19:00+00:00,14250,51,51,,Orpington Bus Station,Bus Open Data,324597
48173497,2026-07-30T04:30:00+00:00,14250,51,51,,Beresford Sq / Woolwich Arsenal Stn,Bus Open Data,324598
50521165,2026-08-05T06:35:00+00:00,14250,51,51,,Woolwich High Street,Bus Open Data,125231
50527329,2026-08-05T06:52:00+00:00,14250,51,51,,Orpington Station,Bus Open Data,125232
50561711,2026-08-05T08:34:00+00:00,14250,51,51,,Orpington Bus Station,Bus Open Data,125233
50576750,2026-08-05T08:53:00+00:00,14250,51,51,,Beresford Sq / Woolwich Arsenal Stn,Bus Open Data,125234
50607561,2026-08-05T10:10:00+00:00,14250,51,51,,Woolwich High Street,Bus Open Data,125235
50623920,2026-08-05T10:35:00+00:00,14250,51,51,,Orpington Station,Bus Open Data,125236
50665131,2026-08-05T12:02:00+00:00,14250,51,51,,Orpington Bus Station,Bus Open Data,125237
50666036,2026-08-05T12:20:00+00:00,14250,51,51,,Beresford Sq / Woolwich Arsenal Stn,Bus Open Data,125238
50703019,2026-08-05T13:40:00+00:00,14250,51,51,,Woolwich High Street,Bus Open Data,125239
50712668,2026-08-05T13:57:00+00:00,14250,51,51,,Orpington Station,Bus Open Data,125240
50755166,2026-08-05T15:41:00+00:00,14250,51,51,,Orpington Bus Station,Bus Open Data,125241
50761305,2026-08-05T15:53:00+00:00,14250,51,51,,Beresford Sq / Woolwich Arsenal Stn,Bus Open Data,125242
50798333,2026-08-05T17:26:00+00:00,14250,51,51,,Woolwich High Street,Bus Open Data,125243
50809242,2026-08-05T17:50:00+00:00,14250,51,51,,Orpington Station,Bus Open Data,125244
50833017,2026-08-05T19:06:00+00:00,14250,51,51,,Beresford Sq / Woolwich Arsenal Stn,Bus Open Data,125202
50831793,2026-08-05T19:08:00+00:00,14250,51,51,,Morden Wharf Road,Bus Open Data,125245
50850468,2026-08-05T20:10:00+00:00,14250,51,51,,Woolwich High Street,Bus Open Data,125203
50851126,2026-08-05T20:30:00+00:00,14250,51,51,,Orpington Station,Bus Open Data,125204
50900876,2026-08-06T04:53:02+00:00,14250,51,51,,Beresford Sq / Woolwich Arsenal Stn,Bus Open Data,
50900930,2026-08-06T04:54:00+00:00,14250,51,51,,Beresford Sq / Woolwich Arsenal Stn,Bus Open Data,125138
50920490,2026-08-06T05:51:00+00:00,14250,51,51,,Woolwich High Street,Bus Open Data,125139
50926478,2026-08-06T06:05:00+00:00,14250,51,51,,Orpington Station,Bus Open Data,125140
50958641,2026-08-06T07:41:00+00:00,14250,51,51,,Orpington Bus Station,Bus Open Data,125141
50971255,2026-08-06T08:01:00+00:00,14250,51,51,,Beresford Sq / Woolwich Arsenal Stn,Bus Open Data,125142
51016712,2026-08-06T09:22:00+00:00,14250,51,51,,Woolwich High Street,Bus Open Data,125143
51020600,2026-08-06T09:43:00+00:00,14250,51,51,,Orpington Station,Bus Open Data,125144
51068012,2026-08-06T11:28:00+00:00,14250,51,51,,Beresford Sq / Woolwich Arsenal Stn,Bus Open Data,125146
51107709,2026-08-06T12:48:00+00:00,14250,51,51,,Woolwich High Street,Bus Open Data,125147
51110759,2026-08-06T13:11:00+00:00,14250,51,51,,Orpington Station,Bus Open Data,125148
51156377,2026-08-06T15:01:00+00:00,14250,51,51,,Beresford Sq / Woolwich Arsenal Stn,Bus Open Data,125150
51208706,2026-08-06T16:59:00+00:00,14250,51,51,,Orpington Station,Bus Open Data,125152
51242372,2026-08-06T18:29:00+00:00,14250,51,51,,Orpington Bus Station,Bus Open Data,125153
51243168,2026-08-06T18:42:00+00:00,14250,51,51,,Beresford Sq / Woolwich Arsenal Stn,Bus Open Data,125154
51260877,2026-08-06T19:48:00+00:00,14250,51,51,,Woolwich High Street,Bus Open Data,125155
51262292,2026-08-06T20:00:00+00:00,14250,51,51,,Orpington Station,Bus Open Data,125156
51275626,2026-08-06T21:01:00+00:00,14250,51,51,,Orpington Bus Station,Bus Open Data,125157
51276723,2026-08-06T21:15:00+00:00,14250,51,51,,Beresford Sq / Woolwich Arsenal Stn,Bus Open Data,125158
51289031,2026-08-06T22:07:00+00:00,14250,51,51,,Morden Wharf Road,Bus Open Data,125159
51308217,2026-08-07T03:26:00+00:00,14250,51,51,,Orpington Bus Station,Bus Open Data,125001
51311208,2026-08-07T04:00:00+00:00,14250,51,51,,Beresford Sq / Woolwich Arsenal Stn,Bus Open Data,125002
51319134,2026-08-07T04:49:00+00:00,14250,51,51,,Woolwich High Street,Bus Open Data,125003
51323852,2026-08-07T05:02:00+00:00,14250,51,51,,Orpington Station,Bus Open Data,125004
51348515,2026-08-07T06:05:00+00:00,14250,51,51,,Orpington Bus Station,Bus Open Data,125005
51357869,2026-08-07T06:30:00+00:00,14250,51,51,,Beresford Sq / Woolwich Arsenal Stn,Bus Open Data,125006
51391383,2026-08-07T08:04:00+00:00,14250,51,51,,Woolwich High Street,Bus Open Data,125007
51407736,2026-08-07T08:24:00+00:00,14250,51,51,,Orpington Station,Bus Open Data,125008
51453341,2026-08-07T09:51:00+00:00,14250,51,51,,Orpington Bus Station,Bus Open Data,125009
51456966,2026-08-07T10:11:00+00:00,14250,51,51,,Beresford Sq / Woolwich Arsenal Stn,Bus Open Data,125010
51493379,2026-08-07T11:28:00+00:00,14250,51,51,,Woolwich High Street,Bus Open Data,125011
51500911,2026-08-07T11:53:00+00:00,14250,51,51,,Orpington Station,Bus Open Data,125012
51542051,2026-08-07T13:34:00+00:00,14250,51,51,,Beresford Sq / Woolwich Arsenal Stn,Bus Open Data,125014
51581825,2026-08-07T15:02:00+00:00,14250,51,51,,Woolwich High Street,Bus Open Data,125015
51592331,2026-08-07T15:28:00+00:00,14250,51,51,,Orpington Station,Bus Open Data,125016
51632632,2026-08-07T17:06:00+00:00,14250,51,51,,Orpington Bus Station,Bus Open Data,125017
51636164,2026-08-07T17:24:00+00:00,14250,51,51,,Beresford Sq / Woolwich Arsenal Stn,Bus Open Data,125018
51663295,2026-08-07T18:47:00+00:00,14250,51,51,,Woolwich High Street,Bus Open Data,125019
51670848,2026-08-07T19:06:00+00:00,14250,51,51,,Orpington Station,Bus Open Data,125020
51687124,2026-08-07T20:07:00+00:00,14250,51,51,,Morden Wharf Road,Bus Open Data,125021
51730065,2026-08-08T03:17:00+00:00,14250,51,51,,Woolwich High Street,Bus Open Data,70720
51730653,2026-08-08T03:30:00+00:00,14250,51,51,,Orpington Station,Bus Open Data,70721
51734299,2026-08-08T04:16:00+00:00,14250,51,51,,Orpington Bus Station,Bus Open Data,70722
51736138,2026-08-08T04:30:00+00:00,14250,51,51,,Beresford Sq / Woolwich Arsenal Stn,Bus Open Data,70723
51743890,2026-08-08T05:15:00+00:00,14250,51,51,,Woolwich High Street,Bus Open Data,70724
51747849,2026-08-08T05:30:00+00:00,14250,51,51,,Orpington Station,Bus Open Data,70725
51763647,2026-08-08T06:26:00+00:00,14250,51,51,,Orpington Bus Station,Bus Open Data,70726
51767019,2026-08-08T06:42:00+00:00,14250,51,51,,Beresford Sq / Woolwich Arsenal Stn,Bus Open Data,70727
51789174,2026-08-08T07:38:00+00:00,14250,51,51,,Woolwich High Street,Bus Open Data,70728
51792427,2026-08-08T07:53:00+00:00,14250,51,51,,Orpington Station,Bus Open Data,70729
51830849,2026-08-08T09:06:00+00:00,14250,51,51,,Orpington Bus Station,Bus Open Data,70730
51834714,2026-08-08T09:23:00+00:00,14250,51,51,,Beresford Sq / Woolwich Arsenal Stn,Bus Open Data,70731
51872578,2026-08-08T10:43:00+00:00,14250,51,51,,Woolwich High Street,Bus Open Data,70732
51873489,2026-08-08T11:04:00+00:00,14250,51,51,,Orpington Station,Bus Open Data,70733
51909710,2026-08-08T12:46:00+00:00,14250,51,51,,Orpington Bus Station,Bus Open Data,70734
51914209,2026-08-08T13:01:00+00:00,14250,51,51,,Beresford Sq / Woolwich Arsenal Stn,Bus Open Data,70735
51954158,2026-08-08T14:24:00+00:00,14250,51,51,,Woolwich High Street,Bus Open Data,70736
51955101,2026-08-08T14:45:00+00:00,14250,51,51,,Orpington Station,Bus Open Data,70737
52001328,2026-08-08T16:16:00+00:00,14250,51,51,,Orpington Bus Station,Bus Open Data,70738
52002407,2026-08-08T16:29:00+00:00,14250,51,51,,Beresford Sq / Woolwich Arsenal Stn,Bus Open Data,70739
52032546,2026-08-08T17:46:00+00:00,14250,51,51,,Woolwich High Street,Bus Open Data,70740
52036103,2026-08-08T17:58:00+00:00,14250,51,51,,Orpington Station,Bus Open Data,70741
52055422,2026-08-08T19:12:00+00:00,14250,51,51,,Orpington Bus Station,Bus Open Data,70742
52055911,2026-08-08T19:30:00+00:00,14250,51,51,,Beresford Sq / Woolwich Arsenal Stn,Bus Open Data,70743
52072162,2026-08-08T20:30:00+00:00,14250,51,51,,Woolwich High Street,Bus Open Data,70744
52073416,2026-08-08T20:45:00+00:00,14250,51,51,,Orpington Station,Bus Open Data,70745
52089493,2026-08-08T21:41:00+00:00,14250,51,51,,Orpington Bus Station,Bus Open Data,70746
52090267,2026-08-08T22:00:00+00:00,14250,51,51,,Beresford Sq / Woolwich Arsenal Stn,Bus Open Data,70747
52100088,2026-08-08T22:50:00+00:00,14250,51,51,,Woolwich High Street,Bus Open Data,70748
52100767,2026-08-08T23:00:00+00:00,14250,51,51,,Orpington Station,Bus Open Data,70749
52106833,2026-08-08T23:53:00+00:00,14250,51,51,,Morden Wharf Road,Bus Open Data,70750
52294848,2026-08-09T17:39:00+00:00,14231,291,291,,Queen Elizabeth Hospital / West Entrance,Bus Open Data,58725
52298589,2026-08-09T18:06:00+00:00,14231,291,291,,Queen Elizabeth Hospital / West Entrance,Bus Open Data,58726
52299097,2026-08-09T18:15:00+00:00,14231,291,291,,Queen Elizabeth Hospital / West Entrance,Bus Open Data,58727
52303771,2026-08-09T18:39:00+00:00,14231,291,291,,Queen Elizabeth Hospital / West Entrance,Bus Open Data,58728
52308462,2026-08-09T19:05:00+00:00,14231,291,291,,Queen Elizabeth Hospital / West Entrance,Bus Open Data,58729
52310494,2026-08-09T19:15:00+00:00,14231,291,291,,Garland Road Clinic,Bus Open Data,58730
52314659,2026-08-09T19:38:00+00:00,14231,291,291,,Queen Elizabeth Hospital / West Entrance,Bus Open Data,58731
52319037,2026-08-09T20:02:00+00:00,14231,291,291,,Queen Elizabeth Hospital / West Entrance,Bus Open Data,58732
52321676,2026-08-09T20:15:00+00:00,14231,291,291,,Garland Road Clinic,Bus Open Data,58733
52325353,2026-08-09T20:35:00+00:00,14231,291,291,,Queen Elizabeth Hospital / West Entrance,Bus Open Data,58734
52329287,2026-08-09T20:57:00+00:00,14231,291,291,,Garland Road Clinic,Bus Open Data,58735
52331496,2026-08-09T21:15:00+00:00,14231,291,291,,Queen Elizabeth Hospital / West Entrance,Bus Open Data,58736
52335106,2026-08-09T21:35:00+00:00,14231,291,291,,Queen Elizabeth Hospital / West Entrance,Bus Open Data,58737
52338171,2026-08-09T21:57:00+00:00,14231,291,291,,Queen Elizabeth Hospital / West Entrance,Bus Open Data,58738
52341857,2026-08-09T22:15:00+00:00,14231,291,291,,Garland Road Clinic,Bus Open Data,58739
52344401,2026-08-09T22:35:00+00:00,14231,291,291,,Queen Elizabeth Hospital / West Entrance,Bus Open Data,58740
52347326,2026-08-09T22:56:00+00:00,14231,291,291,,Queen Elizabeth Hospital / West Entrance,Bus Open Data,58741
52349494,2026-08-09T23:15:00+00:00,14231,291,291,,Garland Road Clinic,Bus Open Data,58742
52351266,2026-08-09T23:35:00+00:00,14231,291,291,,Queen Elizabeth Hospital / West Entrance,Bus Open Data,58743
52353143,2026-08-09T23:56:00+00:00,14231,291,291,,Morden Wharf Road,Bus Open Data,58744
52376061,2026-08-10T05:06:00+00:00,14250,51,51,,Beresford Sq / Woolwich Arsenal Stn,Bus Open Data,125186
52376002,2026-08-10T05:06:06+00:00,14250,51,51,,Orpington Bus Station,Bus Open Data,
52398859,2026-08-10T06:04:00+00:00,14250,51,51,,Woolwich High Street,Bus Open Data,125187
52409104,2026-08-10T06:27:00+00:00,14250,51,51,,Orpington Station,Bus Open Data,125188
52444452,2026-08-10T08:11:00+00:00,14250,51,51,,Orpington Bus Station,Bus Open Data,125189
52459358,2026-08-10T08:27:00+00:00,14250,51,51,,Beresford Sq / Woolwich Arsenal Stn,Bus Open Data,125190
52491039,2026-08-10T09:46:00+00:00,14250,51,51,,Woolwich High Street,Bus Open Data,125191
52491824,2026-08-10T10:09:00+00:00,14250,51,51,,Orpington Station,Bus Open Data,125192
52543395,2026-08-10T11:35:00+00:00,14250,51,51,,Orpington Bus Station,Bus Open Data,125193
52550097,2026-08-10T11:54:00+00:00,14250,51,51,,Beresford Sq / Woolwich Arsenal Stn,Bus Open Data,125194
52588965,2026-08-10T13:14:00+00:00,14250,51,51,,Woolwich High Street,Bus Open Data,125195
52595735,2026-08-10T13:35:00+00:00,14250,51,51,,Orpington Station,Bus Open Data,125196
52632137,2026-08-10T15:14:00+00:00,14250,51,51,,Orpington Bus Station,Bus Open Data,125197
52643551,2026-08-10T15:27:00+00:00,14250,51,51,,Beresford Sq / Woolwich Arsenal Stn,Bus Open Data,125198
52676354,2026-08-10T17:00:00+00:00,14250,51,51,,Woolwich High Street,Bus Open Data,125199
52680010,2026-08-10T17:25:00+00:00,14250,51,51,,Orpington Station,Bus Open Data,125200
52715657,2026-08-10T18:52:00+00:00,14250,51,51,,Orpington Bus Station,Bus Open Data,125201
52717813,2026-08-10T19:06:00+00:00,14250,51,51,,Beresford Sq / Woolwich Arsenal Stn,Bus Open Data,125202
52736365,2026-08-10T20:10:00+00:00,14250,51,51,,Woolwich High Street,Bus Open Data,125203
52736865,2026-08-10T20:30:00+00:00,14250,51,51,,Orpington Station,Bus Open Data,125204
52755092,2026-08-10T21:29:00+00:00,14250,51,51,,Orpington Bus Station,Bus Open Data,125205
52755747,2026-08-10T21:45:00+00:00,14250,51,51,,Beresford Sq / Woolwich Arsenal Stn,Bus Open Data,125206
52767164,2026-08-10T22:36:00+00:00,14250,51,51,,Woolwich High Street,Bus Open Data,125207
52767649,2026-08-10T22:45:00+00:00,14250,51,51,,Orpington Station,Bus Open Data,125208
52774614,2026-08-10T23:35:00+00:00,14250,51,51,,Morden Wharf Road,Bus Open Data,125209
52784142,2026-08-11T04:00:00+00:00,14250,51,51,,Orpington Station,Bus Open Data,125184
52793275,2026-08-11T04:51:00+00:00,14250,51,51,,Orpington Bus Station,Bus Open Data,125185
52794647,2026-08-11T05:06:00+00:00,14250,51,51,,Beresford Sq / Woolwich Arsenal Stn,Bus Open Data,125186
52820916,2026-08-11T06:04:00+00:00,14250,51,51,,Woolwich High Street,Bus Open Data,125187
52830816,2026-08-11T06:27:00+00:00,14250,51,51,,Orpington Station,Bus Open Data,125188
52869376,2026-08-11T08:11:00+00:00,14250,51,51,,Orpington Bus Station,Bus Open Data,125189
52880151,2026-08-11T08:27:00+00:00,14250,51,51,,Beresford Sq / Woolwich Arsenal Stn,Bus Open Data,125190
52919217,2026-08-11T09:46:00+00:00,14250,51,51,,Woolwich High Street,Bus Open Data,125191
52927786,2026-08-11T10:09:00+00:00,14250,51,51,,Orpington Station,Bus Open Data,125192
52964135,2026-08-11T11:35:00+00:00,14250,51,51,,Orpington Bus Station,Bus Open Data,125193
52969895,2026-08-11T11:54:00+00:00,14250,51,51,,Beresford Sq / Woolwich Arsenal Stn,Bus Open Data,125194
53006948,2026-08-11T13:14:00+00:00,14250,51,51,,Woolwich High Street,Bus Open Data,125195
53017491,2026-08-11T13:35:00+00:00,14250,51,51,,Orpington Station,Bus Open Data,125196
53059076,2026-08-11T15:14:00+00:00,14250,51,51,,Orpington Bus Station,Bus Open Data,125197
53061315,2026-08-11T15:27:00+00:00,14250,51,51,,Beresford Sq / Woolwich Arsenal Stn,Bus Open Data,125198
53101648,2026-08-11T17:00:00+00:00,14250,51,51,,Woolwich High Street,Bus Open Data,125199
53114648,2026-08-11T17:25:00+00:00,14250,51,51,,Orpington Station,Bus Open Data,125200
53139889,2026-08-11T18:52:00+00:00,14250,51,51,,Orpington Bus Station,Bus Open Data,125201
53141846,2026-08-11T19:06:00+00:00,14250,51,51,,Beresford Sq / Woolwich Arsenal Stn,Bus Open Data,125202
53156468,2026-08-11T20:10:00+00:00,14250,51,51,,Woolwich High Street,Bus Open Data,125203
53159067,2026-08-11T20:30:00+00:00,14250,51,51,,Orpington Station,Bus Open Data,125204
53175959,2026-08-11T21:29:00+00:00,14250,51,51,,Orpington Bus Station,Bus Open Data,125205
53176767,2026-08-11T21:45:00+00:00,14250,51,51,,Beresford Sq / Woolwich Arsenal Stn,Bus Open Data,125206
53187205,2026-08-11T22:36:00+00:00,14250,51,51,,Woolwich High Street,Bus Open Data,125207
53188110,2026-08-11T22:45:00+00:00,14250,51,51,,Orpington Station,Bus Open Data,125208
53194257,2026-08-11T23:35:00+00:00,14250,51,51,,Morden Wharf Road,Bus Open Data,125209
53639593,2026-08-13T05:16:00+00:00,14250,51,51,,Orpington Bus Station,Bus Open Data,124932
53656140,2026-08-13T05:59:00+00:00,14250,51,51,,Beresford Sq / Woolwich Arsenal Stn,Bus Open Data,124933
53687083,2026-08-13T07:21:00+00:00,14250,51,51,,Woolwich High Street,Bus Open Data,124934
53703496,2026-08-13T07:44:00+00:00,14250,51,51,,Orpington Station,Bus Open Data,124935
53714718,2026-08-13T08:08:07+00:00,14250,51,51,,Beresford Sq / Woolwich Arsenal Stn,Bus Open Data,
53740593,2026-08-13T09:14:00+00:00,14250,51,51,,Orpington Bus Station,Bus Open Data,124936
53749141,2026-08-13T09:32:00+00:00,14250,51,51,,Beresford Sq / Woolwich Arsenal Stn,Bus Open Data,124937
53789287,2026-08-13T10:48:00+00:00,14250,51,51,,Woolwich High Street,Bus Open Data,124938
53796399,2026-08-13T11:14:00+00:00,14250,51,51,,Orpington Station,Bus Open Data,124939
53838615,2026-08-13T12:41:00+00:00,14250,51,51,,Orpington Bus Station,Bus Open Data,124940
53839029,2026-08-13T12:58:00+00:00,14250,51,51,,Beresford Sq / Woolwich Arsenal Stn,Bus Open Data,124941
53874368,2026-08-13T14:22:00+00:00,14250,51,51,,Woolwich High Street,Bus Open Data,124942
53889091,2026-08-13T14:49:00+00:00,14250,51,51,,Orpington Station,Bus Open Data,124943
53925572,2026-08-13T16:26:00+00:00,14250,51,51,,Orpington Bus Station,Bus Open Data,124944
53932923,2026-08-13T16:45:00+00:00,14250,51,51,,Beresford Sq / Woolwich Arsenal Stn,Bus Open Data,124945
53966722,2026-08-13T18:12:00+00:00,14250,51,51,,Woolwich High Street,Bus Open Data,124946
53968862,2026-08-13T18:30:00+00:00,14250,51,51,,Orpington Station,Bus Open Data,124947
53989080,2026-08-13T19:35:00+00:00,14250,51,51,,Morden Wharf Road,Bus Open Data,124948
54100375,2026-08-14T06:35:00+00:00,14250,51,51,,Woolwich High Street,Bus Open Data,125231
54100477,2026-08-14T06:52:00+00:00,14250,51,51,,Orpington Station,Bus Open Data,125232
54143876,2026-08-14T08:34:00+00:00,14250,51,51,,Orpington Bus Station,Bus Open Data,125233
54146063,2026-08-14T08:40:00+00:00,14250,51,51,,Beresford Sq / Woolwich Arsenal Stn,Bus Open Data,125217
54183156,2026-08-14T09:58:00+00:00,14250,51,51,,Woolwich High Street,Bus Open Data,125218
54188951,2026-08-14T10:22:00+00:00,14250,51,51,,Orpington Station,Bus Open Data,125219
54225681,2026-08-14T11:48:00+00:00,14250,51,51,,Orpington Bus Station,Bus Open Data,125220
54234009,2026-08-14T12:07:00+00:00,14250,51,51,,Beresford Sq / Woolwich Arsenal Stn,Bus Open Data,125221
54275123,2026-08-14T13:27:00+00:00,14250,51,51,,Woolwich High Street,Bus Open Data,125222
54276036,2026-08-14T13:45:00+00:00,14250,51,51,,Orpington Station,Bus Open Data,125223
54309712,2026-08-14T15:28:00+00:00,14250,51,51,,Orpington Bus Station,Bus Open Data,125224
54310610,2026-08-14T15:40:00+00:00,14250,51,51,,Beresford Sq / Woolwich Arsenal Stn,Bus Open Data,125225
54356063,2026-08-14T17:13:00+00:00,14250,51,51,,Woolwich High Street,Bus Open Data,125226
54357369,2026-08-14T17:38:00+00:00,14250,51,51,,Orpington Station,Bus Open Data,125227
54387584,2026-08-14T18:58:00+00:00,14250,51,51,,Orpington Bus Station,Bus Open Data,125228
54387942,2026-08-14T19:18:00+00:00,14250,51,51,,Morden Wharf Road,Bus Open Data,125229
54406693,2026-08-14T20:21:00+00:00,14250,51,51,,Morden Wharf Road,Bus Open Data,125230
54502934,2026-08-15T07:05:00+00:00,14250,51,51,,Orpington Bus Station,Bus Open Data,148810
54502228,2026-08-15T07:42:00+00:00,14250,51,51,,Beresford Sq / Woolwich Arsenal Stn,Bus Open Data,148811
54529443,2026-08-15T08:45:00+00:00,14250,51,51,,Woolwich High Street,Bus Open Data,148812
54531968,2026-08-15T09:08:00+00:00,14250,51,51,,Orpington Station,Bus Open Data,148813
54576241,2026-08-15T10:40:00+00:00,14250,51,51,,Orpington Bus Station,Bus Open Data,148814
54576769,2026-08-15T11:04:00+00:00,14250,51,51,,Beresford Sq / Woolwich Arsenal Stn,Bus Open Data,148815
54618068,2026-08-15T12:33:00+00:00,14250,51,51,,Woolwich High Street,Bus Open Data,148816
54628119,2026-08-15T12:48:00+00:00,14250,51,51,,Orpington Station,Bus Open Data,148817
54667010,2026-08-15T14:22:00+00:00,14250,51,51,,Orpington Bus Station,Bus Open Data,148818
54672292,2026-08-15T14:45:00+00:00,14250,51,51,,Beresford Sq / Woolwich Arsenal Stn,Bus Open Data,148819
54706328,2026-08-15T16:05:00+00:00,14250,51,51,,Woolwich High Street,Bus Open Data,148820
54713779,2026-08-15T16:29:00+00:00,14250,51,51,,Orpington Station,Bus Open Data,148821
54747519,2026-08-15T17:54:00+00:00,14250,51,51,,Orpington Bus Station,Bus Open Data,148822
54748504,2026-08-15T18:10:00+00:00,14250,51,51,,Beresford Sq / Woolwich Arsenal Stn,Bus Open Data,148823
54768346,2026-08-15T19:15:00+00:00,14250,51,51,,Woolwich High Street,Bus Open Data,148824
54771111,2026-08-15T19:30:00+00:00,14250,51,51,,Orpington Station,Bus Open Data,148825
54786479,2026-08-15T20:32:00+00:00,14250,51,51,,Orpington Bus Station,Bus Open Data,148826
54787252,2026-08-15T20:45:00+00:00,14250,51,51,,Beresford Sq / Woolwich Arsenal Stn,Bus Open Data,148827
54798084,2026-08-15T21:37:00+00:00,14250,51,51,,Woolwich High Street,Bus Open Data,148828
54801159,2026-08-15T22:00:00+00:00,14250,51,51,,Orpington Station,Bus Open Data,148829
54810573,2026-08-15T22:54:00+00:00,14250,51,51,,Orpington Bus Station,Bus Open Data,148830
54811095,2026-08-15T23:15:00+00:00,14250,51,51,,Beresford Sq / Woolwich Arsenal Stn,Bus Open Data,148831
54817771,2026-08-16T00:05:00+00:00,14250,51,51,,Morden Wharf Road,Bus Open Data,148832
54834075,2026-08-16T05:45:00+00:00,14250,51,51,,Orpington Station,Bus Open Data,203885
54843060,2026-08-16T06:42:00+00:00,14250,51,51,,Orpington Bus Station,Bus Open Data,203886
54843183,2026-08-16T06:55:00+00:00,14250,51,51,,Beresford Sq / Woolwich Arsenal Stn,Bus Open Data,203887
54855839,2026-08-16T07:48:00+00:00,14250,51,51,,Woolwich High Street,Bus Open Data,203888
54856341,2026-08-16T08:15:00+00:00,14250,51,51,,Orpington Station,Bus Open Data,203889
54881590,2026-08-16T09:22:00+00:00,14250,51,51,,Orpington Bus Station,Bus Open Data,203890
54881983,2026-08-16T09:38:00+00:00,14250,51,51,,Beresford Sq / Woolwich Arsenal Stn,Bus Open Data,203891
54900696,2026-08-16T10:48:00+00:00,14250,51,51,,Woolwich High Street,Bus Open Data,203892
54904132,2026-08-16T11:08:00+00:00,14250,51,51,,Orpington Station,Bus Open Data,203893
54926018,2026-08-16T12:31:00+00:00,14250,51,51,,Orpington Bus Station,Bus Open Data,203894
54931154,2026-08-16T12:51:00+00:00,14250,51,51,,Beresford Sq / Woolwich Arsenal Stn,Bus Open Data,203895
54948674,2026-08-16T14:04:00+00:00,14250,51,51,,Woolwich High Street,Bus Open Data,203896
54950097,2026-08-16T14:23:00+00:00,14250,51,51,,Orpington Station,Bus Open Data,203897
54975290,2026-08-16T15:39:00+00:00,14250,51,51,,Orpington Bus Station,Bus Open Data,203898
54978015,2026-08-16T15:53:00+00:00,14250,51,51,,Beresford Sq / Woolwich Arsenal Stn,Bus Open Data,203899
54995119,2026-08-16T16:58:00+00:00,14250,51,51,,Woolwich High Street,Bus Open Data,203900
54996679,2026-08-16T17:11:00+00:00,14250,51,51,,Orpington Station,Bus Open Data,203901
55010921,2026-08-16T18:19:00+00:00,14250,51,51,,Orpington Bus Station,Bus Open Data,203902
55013193,2026-08-16T18:40:00+00:00,14250,51,51,,Beresford Sq / Woolwich Arsenal Stn,Bus Open Data,203903
55026936,2026-08-16T19:37:00+00:00,14250,51,51,,Woolwich High Street,Bus Open Data,203904
55027291,2026-08-16T19:59:00+00:00,14250,51,51,,Orpington Station,Bus Open Data,203905
55041665,2026-08-16T20:55:00+00:00,14250,51,51,,Orpington Bus Station,Bus Open Data,203906
55041800,2026-08-16T21:15:00+00:00,14250,51,51,,Beresford Sq / Woolwich Arsenal Stn,Bus Open Data,203907
55051708,2026-08-16T22:03:00+00:00,14250,51,51,,Woolwich High Street,Bus Open Data,203908
55051887,2026-08-16T22:15:00+00:00,14250,51,51,,Orpington Station,Bus Open Data,203909
55061328,2026-08-16T23:05:00+00:00,14250,51,51,,Orpington Bus Station,Bus Open Data,203910
55061912,2026-08-16T23:15:00+00:00,14250,51,51,,Beresford Sq / Woolwich Arsenal Stn,Bus Open Data,203911
55065721,2026-08-17T00:00:00+00:00,14250,51,51,,Morden Wharf Road,Bus Open Data,203912
55084809,2026-08-17T04:57:00+00:00,14250,51,51,,Woolwich High Street,Bus Open Data,311634
55089710,2026-08-17T05:11:00+00:00,14250,51,51,,Orpington Station,Bus Open Data,311635
55115957,2026-08-17T06:19:00+00:00,14250,51,51,,Orpington Bus Station,Bus Open Data,311636
55122062,2026-08-17T06:43:00+00:00,14250,51,51,,Beresford Sq / Woolwich Arsenal Stn,Bus Open Data,311637
56013752,2026-08-19T08:38:00+00:00,14250,51,51,,Orpington Station,Bus Open Data,311639
56063842,2026-08-19T10:24:00+00:00,14250,51,51,,Beresford Sq / Woolwich Arsenal Stn,Bus Open Data,311641
56090985,2026-08-19T11:41:00+00:00,14250,51,51,,Woolwich High Street,Bus Open Data,311642
56096424,2026-08-19T12:06:00+00:00,14250,51,51,,Orpington Station,Bus Open Data,311643
56134404,2026-08-19T13:34:00+00:00,14250,51,51,,Orpington Bus Station,Bus Open Data,311644
56139435,2026-08-19T13:46:00+00:00,14250,51,51,,Beresford Sq / Woolwich Arsenal Stn,Bus Open Data,311645
56174787,2026-08-19T15:17:00+00:00,14250,51,51,,Woolwich High Street,Bus Open Data,311646
56181905,2026-08-19T15:41:00+00:00,14250,51,51,,Orpington Station,Bus Open Data,311647
56224585,2026-08-19T17:19:00+00:00,14250,51,51,,Orpington Bus Station,Bus Open Data,311648
56232505,2026-08-19T17:37:00+00:00,14250,51,51,,Beresford Sq / Woolwich Arsenal Stn,Bus Open Data,311649
56254243,2026-08-19T18:56:00+00:00,14250,51,51,,Morden Wharf Road,Bus Open Data,311650
57820129,2026-08-24T05:16:00+00:00,14250,51,51,,Orpington Bus Station,Bus Open Data,162274
57817672,2026-08-24T05:54:09+00:00,14250,51,51,,Orpington Bus Station,Bus Open Data,
57817754,2026-08-24T05:59:00+00:00,14250,51,51,,Beresford Sq / Woolwich Arsenal Stn,Bus Open Data,162275
57847871,2026-08-24T07:21:00+00:00,14250,51,51,,Woolwich High Street,Bus Open Data,162276
57859396,2026-08-24T07:44:00+00:00,14250,51,51,,Orpington Station,Bus Open Data,162277
57898839,2026-08-24T09:14:00+00:00,14250,51,51,,Orpington Bus Station,Bus Open Data,162278
57906428,2026-08-24T09:32:00+00:00,14250,51,51,,Beresford Sq / Woolwich Arsenal Stn,Bus Open Data,162279
57942492,2026-08-24T10:48:00+00:00,14250,51,51,,Woolwich High Street,Bus Open Data,162280
57955764,2026-08-24T11:14:00+00:00,14250,51,51,,Orpington Station,Bus Open Data,162281
57996485,2026-08-24T12:41:00+00:00,14250,51,51,,Orpington Bus Station,Bus Open Data,162282
58001620,2026-08-24T12:58:00+00:00,14250,51,51,,Beresford Sq / Woolwich Arsenal Stn,Bus Open Data,162283
58034587,2026-08-24T14:22:00+00:00,14250,51,51,,Woolwich High Street,Bus Open Data,162284
58049747,2026-08-24T14:49:00+00:00,14250,51,51,,Orpington Station,Bus Open Data,162285
58084330,2026-08-24T16:26:00+00:00,14250,51,51,,Orpington Bus Station,Bus Open Data,162286
58089044,2026-08-24T16:45:00+00:00,14250,51,51,,Beresford Sq / Woolwich Arsenal Stn,Bus Open Data,162287
58124540,2026-08-24T18:12:00+00:00,14250,51,51,,Woolwich High Street,Bus Open Data,162288
58133812,2026-08-24T18:30:00+00:00,14250,51,51,,Orpington Station,Bus Open Data,162289
58149710,2026-08-24T19:35:00+00:00,14250,51,51,,Morden Wharf Road,Bus Open Data,162290
58237654,2026-08-25T05:51:00+00:00,14250,51,51,,Orpington Bus Station,Bus Open Data,162293
58237528,2026-08-25T05:57:08+00:00,14250,51,51,,Orpington Station,Bus Open Data,
58240291,2026-08-25T06:07:00+00:00,14250,51,51,,Beresford Sq / Woolwich Arsenal Stn,Bus Open Data,162294
58270356,2026-08-25T07:35:00+00:00,14250,51,51,,Woolwich High Street,Bus Open Data,162295
58284425,2026-08-25T07:49:36+00:00,14250,51,51,,Woolwich High Street,Bus Open Data,
58284557,2026-08-25T07:57:00+00:00,14250,51,51,,Orpington Station,Bus Open Data,162296
58320838,2026-08-25T09:26:00+00:00,14250,51,51,,Orpington Bus Station,Bus Open Data,162297
58331460,2026-08-25T09:45:00+00:00,14250,51,51,,Beresford Sq / Woolwich Arsenal Stn,Bus Open Data,162298
58364306,2026-08-25T11:01:00+00:00,14250,51,51,,Woolwich High Street,Bus Open Data,162299
58368358,2026-08-25T11:27:00+00:00,14250,51,51,,Orpington Station,Bus Open Data,162300
58413627,2026-08-25T12:54:00+00:00,14250,51,51,,Orpington Bus Station,Bus Open Data,162301
58416662,2026-08-25T13:10:00+00:00,14250,51,51,,Beresford Sq / Woolwich Arsenal Stn,Bus Open Data,162302
58452305,2026-08-25T14:36:00+00:00,14250,51,51,,Woolwich High Street,Bus Open Data,162303
58463183,2026-08-25T15:02:00+00:00,14250,51,51,,Orpington Station,Bus Open Data,162304
58500566,2026-08-25T16:39:00+00:00,14250,51,51,,Orpington Bus Station,Bus Open Data,162305
58509758,2026-08-25T16:58:00+00:00,14250,51,51,,Beresford Sq / Woolwich Arsenal Stn,Bus Open Data,162306
58539938,2026-08-25T18:23:00+00:00,14250,51,51,,Woolwich High Street,Bus Open Data,162307
58547917,2026-08-25T18:42:00+00:00,14250,51,51,,Orpington Station,Bus Open Data,162308
58563647,2026-08-25T19:47:00+00:00,14250,51,51,,Orpington Bus Station,Bus Open Data,162309
58564347,2026-08-25T20:00:00+00:00,14250,51,51,,Beresford Sq / Woolwich Arsenal Stn,Bus Open Data,162310
58577476,2026-08-25T20:58:00+00:00,14250,51,51,,Woolwich High Street,Bus Open Data,162311
58581839,2026-08-25T21:15:00+00:00,14250,51,51,,Orpington Station,Bus Open Data,162312
58593367,2026-08-25T22:12:00+00:00,14250,51,51,,Orpington Bus Station,Bus Open Data,162313
58593873,2026-08-25T22:30:00+00:00,14250,51,51,,Beresford Sq / Woolwich Arsenal Stn,Bus Open Data,162314
58602250,2026-08-25T23:18:00+00:00,14250,51,51,,Woolwich High Street,Bus Open Data,162315
58603510,2026-08-25T23:30:00+00:00,14250,51,51,,Orpington Station,Bus Open Data,162316
58606498,2026-08-26T00:16:00+00:00,14250,51,51,,Morden Wharf Road,Bus Open Data,162317
58623816,2026-08-26T04:54:00+00:00,14250,51,51,,Beresford Sq / Woolwich Arsenal Stn,Bus Open Data,162480
58641354,2026-08-26T05:51:00+00:00,14250,51,51,,Woolwich High Street,Bus Open Data,162481
58642441,2026-08-26T06:05:00+00:00,14250,51,51,,Orpington Station,Bus Open Data,162482
58682904,2026-08-26T07:41:00+00:00,14250,51,51,,Orpington Bus Station,Bus Open Data,162483
58696977,2026-08-26T08:01:00+00:00,14250,51,51,,Beresford Sq / Woolwich Arsenal Stn,Bus Open Data,162484
58725192,2026-08-26T09:22:00+00:00,14250,51,51,,Woolwich High Street,Bus Open Data,162485
58729976,2026-08-26T09:43:00+00:00,14250,51,51,,Orpington Station,Bus Open Data,162486
58805567,2026-08-26T11:08:00+00:00,14250,51,51,,Orpington Bus Station,Bus Open Data,162487
58806227,2026-08-26T11:28:00+00:00,14250,51,51,,Beresford Sq / Woolwich Arsenal Stn,Bus Open Data,162488
58840642,2026-08-26T12:48:00+00:00,14250,51,51,,Woolwich High Street,Bus Open Data,162489
58838828,2026-08-26T13:11:00+00:00,14250,51,51,,Orpington Station,Bus Open Data,162490
58867169,2026-08-26T14:45:00+00:00,14250,51,51,,Orpington Bus Station,Bus Open Data,162491
58875655,2026-08-26T15:01:00+00:00,14250,51,51,,Beresford Sq / Woolwich Arsenal Stn,Bus Open Data,162492
58907898,2026-08-26T16:36:00+00:00,14250,51,51,,Woolwich High Street,Bus Open Data,162493
58923069,2026-08-26T16:59:00+00:00,14250,51,51,,Orpington Station,Bus Open Data,162494
58950000,2026-08-26T18:29:00+00:00,14250,51,51,,Orpington Bus Station,Bus Open Data,162495
58954443,2026-08-26T18:42:00+00:00,14250,51,51,,Beresford Sq / Woolwich Arsenal Stn,Bus Open Data,162496
58970141,2026-08-26T19:48:00+00:00,14250,51,51,,Woolwich High Street,Bus Open Data,162497
58975370,2026-08-26T20:00:00+00:00,14250,51,51,,Orpington Station,Bus Open Data,162498
58990482,2026-08-26T21:15:00+00:00,14250,51,51,,Beresford Sq / Woolwich Arsenal Stn,Bus Open Data,162500
59002618,2026-08-26T22:07:00+00:00,14250,51,51,,Morden Wharf Road,Bus Open Data,162501
59003395,2026-08-26T22:21:00+00:00,14250,51,51,,Woolwich High Street,Bus Open Data,162522
59003477,2026-08-26T22:30:00+00:00,14250,51,51,,Orpington Station,Bus Open Data,162523
59011215,2026-08-26T23:21:00+00:00,14250,51,51,,Morden Wharf Road,Bus Open Data,162524
59019789,2026-08-27T03:47:00+00:00,14250,51,51,,Woolwich High Street,Bus Open Data,162525
59021869,2026-08-27T04:00:00+00:00,14250,51,51,,Orpington Station,Bus Open Data,162526
59032563,2026-08-27T04:51:00+00:00,14250,51,51,,Orpington Bus Station,Bus Open Data,162527
59035162,2026-08-27T05:06:00+00:00,14250,51,51,,Beresford Sq / Woolwich Arsenal Stn,Bus Open Data,162528
59058902,2026-08-27T06:04:00+00:00,14250,51,51,,Woolwich High Street,Bus Open Data,162529
59062398,2026-08-27T06:27:00+00:00,14250,51,51,,Orpington Station,Bus Open Data,162530
59105263,2026-08-27T08:11:00+00:00,14250,51,51,,Orpington Bus Station,Bus Open Data,162531
59112471,2026-08-27T08:27:00+00:00,14250,51,51,,Beresford Sq / Woolwich Arsenal Stn,Bus Open Data,162532
59147054,2026-08-27T09:46:00+00:00,14250,51,51,,Woolwich High Street,Bus Open Data,162533
59161705,2026-08-27T10:09:00+00:00,14250,51,51,,Orpington Station,Bus Open Data,162534
59197459,2026-08-27T11:35:00+00:00,14250,51,51,,Orpington Bus Station,Bus Open Data,162535
59200993,2026-08-27T11:54:00+00:00,14250,51,51,,Beresford Sq / Woolwich Arsenal Stn,Bus Open Data,162536
59238114,2026-08-27T13:14:00+00:00,14250,51,51,,Woolwich High Street,Bus Open Data,162537
59247961,2026-08-27T13:35:00+00:00,14250,51,51,,Orpington Station,Bus Open Data,162538
59281281,2026-08-27T15:14:00+00:00,14250,51,51,,Orpington Bus Station,Bus Open Data,162539
59251223,2026-08-27T15:27:00+00:00,14250,51,51,,Beresford Sq / Woolwich Arsenal Stn,Bus Open Data,162540
59326689,2026-08-27T17:00:00+00:00,14250,51,51,,Woolwich High Street,Bus Open Data,162541
59331125,2026-08-27T17:25:00+00:00,14250,51,51,,Orpington Station,Bus Open Data,162542
59386870,2026-08-27T20:10:00+00:00,14250,51,51,,Woolwich High Street,Bus Open Data,162545
59383955,2026-08-27T20:30:00+00:00,14250,51,51,,Orpington Station,Bus Open Data,162546
59401048,2026-08-27T21:29:00+00:00,14250,51,51,,Orpington Bus Station,Bus Open Data,162547
59401369,2026-08-27T21:45:00+00:00,14250,51,51,,Beresford Sq / Woolwich Arsenal Stn,Bus Open Data,162548
59411461,2026-08-27T22:36:00+00:00,14250,51,51,,Woolwich High Street,Bus Open Data,162549
59412860,2026-08-27T22:45:00+00:00,14250,51,51,,Orpington Station,Bus Open Data,162550
59418758,2026-08-27T23:35:00+00:00,14250,51,51,,Morden Wharf Road,Bus Open Data,162551
59426309,2026-08-28T03:26:00+00:00,14250,51,51,,Orpington Bus Station,Bus Open Data,162343
59428180,2026-08-28T04:00:00+00:00,14250,51,51,,Beresford Sq / Woolwich Arsenal Stn,Bus Open Data,162344
59437478,2026-08-28T04:49:00+00:00,14250,51,51,,Woolwich High Street,Bus Open Data,162345
59438047,2026-08-28T05:02:00+00:00,14250,51,51,,Orpington Station,Bus Open Data,162346
59465358,2026-08-28T06:05:00+00:00,14250,51,51,,Orpington Bus Station,Bus Open Data,162347
59478384,2026-08-28T06:30:00+00:00,14250,51,51,,Beresford Sq / Woolwich Arsenal Stn,Bus Open Data,162348
59508928,2026-08-28T08:04:00+00:00,14250,51,51,,Woolwich High Street,Bus Open Data,162349
59525861,2026-08-28T08:24:00+00:00,14250,51,51,,Orpington Station,Bus Open Data,162350
59561262,2026-08-28T09:51:00+00:00,14250,51,51,,Orpington Bus Station,Bus Open Data,162351
59571721,2026-08-28T10:11:00+00:00,14250,51,51,,Beresford Sq / Woolwich Arsenal Stn,Bus Open Data,162352
59605491,2026-08-28T11:28:00+00:00,14250,51,51,,Woolwich High Street,Bus Open Data,162353
59606995,2026-08-28T11:53:00+00:00,14250,51,51,,Orpington Station,Bus Open Data,162354
59657469,2026-08-28T13:20:00+00:00,14250,51,51,,Orpington Bus Station,Bus Open Data,162355
59659394,2026-08-28T13:34:00+00:00,14250,51,51,,Beresford Sq / Woolwich Arsenal Stn,Bus Open Data,162356
59691898,2026-08-28T15:02:00+00:00,14250,51,51,,Woolwich High Street,Bus Open Data,162357
59706957,2026-08-28T15:28:00+00:00,14250,51,51,,Orpington Station,Bus Open Data,162358
59751235,2026-08-28T17:06:00+00:00,14250,51,51,,Orpington Bus Station,Bus Open Data,162359
59754691,2026-08-28T17:24:00+00:00,14250,51,51,,Beresford Sq / Woolwich Arsenal Stn,Bus Open Data,162360
59777318,2026-08-28T18:47:00+00:00,14250,51,51,,Woolwich High Street,Bus Open Data,162361
59784743,2026-08-28T19:06:00+00:00,14250,51,51,,Orpington Station,Bus Open Data,162362
59805721,2026-08-28T20:07:00+00:00,14250,51,51,,Morden Wharf Road,Bus Open Data,162363
60751110,2026-09-01T05:31:00+00:00,14250,51,51,,Woolwich High Street,Bus Open Data,162437
60758847,2026-09-01T05:47:00+00:00,14250,51,51,,Orpington Station,Bus Open Data,162438
60800034,2026-09-01T07:13:00+00:00,14250,51,51,,Orpington Bus Station,Bus Open Data,162439
60800383,2026-09-01T07:35:00+00:00,14250,51,51,,Beresford Sq / Woolwich Arsenal Stn,Bus Open Data,162440
60844787,2026-09-01T08:58:00+00:00,14250,51,51,,Woolwich High Street,Bus Open Data,162441
60846080,2026-09-01T09:17:00+00:00,14250,51,51,,Orpington Station,Bus Open Data,162442
61155789,2026-09-02T04:39:00+00:00,14250,51,51,,Woolwich High Street,Bus Open Data,162291
61155915,2026-09-02T04:53:00+00:00,14250,51,51,,Orpington Station,Bus Open Data,162292
61183550,2026-09-02T05:51:00+00:00,14250,51,51,,Orpington Bus Station,Bus Open Data,162293
61184384,2026-09-02T06:07:00+00:00,14250,51,51,,Beresford Sq / Woolwich Arsenal Stn,Bus Open Data,162294
61223330,2026-09-02T07:35:00+00:00,14250,51,51,,Woolwich High Street,Bus Open Data,162295
61234102,2026-09-02T07:57:00+00:00,14250,51,51,,Orpington Station,Bus Open Data,162296
61273387,2026-09-02T09:26:00+00:00,14250,51,51,,Orpington Bus Station,Bus Open Data,162297
61281487,2026-09-02T09:45:00+00:00,14250,51,51,,Beresford Sq / Woolwich Arsenal Stn,Bus Open Data,162298
61316525,2026-09-02T11:01:00+00:00,14250,51,51,,Woolwich High Street,Bus Open Data,162299
61325369,2026-09-02T11:27:00+00:00,14250,51,51,,Orpington Station,Bus Open Data,162300
61365398,2026-09-02T12:54:00+00:00,14250,51,51,,Orpington Bus Station,Bus Open Data,162301
61366598,2026-09-02T13:10:00+00:00,14250,51,51,,Beresford Sq / Woolwich Arsenal Stn,Bus Open Data,162302
61411122,2026-09-02T14:36:00+00:00,14250,51,51,,Woolwich High Street,Bus Open Data,162303
61419801,2026-09-02T15:02:00+00:00,14250,51,51,,Orpington Station,Bus Open Data,162304
61465147,2026-09-02T16:39:00+00:00,14250,51,51,,Orpington Bus Station,Bus Open Data,162305
61465857,2026-09-02T16:58:00+00:00,14250,51,51,,Beresford Sq / Woolwich Arsenal Stn,Bus Open Data,162306
61497508,2026-09-02T18:23:00+00:00,14250,51,51,,Woolwich High Street,Bus Open Data,162307
61503041,2026-09-02T18:42:00+00:00,14250,51,51,,Orpington Station,Bus Open Data,162308
61521257,2026-09-02T19:47:00+00:00,14250,51,51,,Orpington Bus Station,Bus Open Data,162309
61522008,2026-09-02T20:00:00+00:00,14250,51,51,,Beresford Sq / Woolwich Arsenal Stn,Bus Open Data,162310
61535403,2026-09-02T20:58:00+00:00,14250,51,51,,Woolwich High Street,Bus Open Data,162311
61538493,2026-09-02T21:15:00+00:00,14250,51,51,,Orpington Station,Bus Open Data,162312
61550229,2026-09-02T22:12:00+00:00,14250,51,51,,Orpington Bus Station,Bus Open Data,162313
61551614,2026-09-02T22:30:00+00:00,14250,51,51,,Beresford Sq / Woolwich Arsenal Stn,Bus Open Data,162314
61558829,2026-09-02T23:18:00+00:00,14250,51,51,,Woolwich High Street,Bus Open Data,162315
61559608,2026-09-02T23:30:00+00:00,14250,51,51,,Orpington Station,Bus Open Data,162316
61563273,2026-09-03T00:16:00+00:00,14250,51,51,,Morden Wharf Road,Bus Open Data,162317
61577347,2026-09-03T04:39:00+00:00,14250,51,51,,Woolwich High Street,Bus Open Data,162291
61581797,2026-09-03T04:53:00+00:00,14250,51,51,,Orpington Station,Bus Open Data,162292
61581727,2026-09-03T04:53:57+00:00,14250,51,51,,Woolwich High Street,Bus Open Data,
61601340,2026-09-03T05:51:00+00:00,14250,51,51,,Orpington Bus Station,Bus Open Data,162293
61606837,2026-09-03T06:07:00+00:00,14250,51,51,,Beresford Sq / Woolwich Arsenal Stn,Bus Open Data,162294
61648134,2026-09-03T07:35:00+00:00,14250,51,51,,Woolwich High Street,Bus Open Data,162295
61657286,2026-09-03T07:57:00+00:00,14250,51,51,,Orpington Station,Bus Open Data,162296
61702627,2026-09-03T09:26:00+00:00,14250,51,51,,Orpington Bus Station,Bus Open Data,162297
61705029,2026-09-03T09:45:00+00:00,14250,51,51,,Beresford Sq / Woolwich Arsenal Stn,Bus Open Data,162298
61739273,2026-09-03T11:01:00+00:00,14250,51,51,,Woolwich High Street,Bus Open Data,162299
61748893,2026-09-03T11:27:00+00:00,14250,51,51,,Orpington Station,Bus Open Data,162300
61790131,2026-09-03T12:54:00+00:00,14250,51,51,,Orpington Bus Station,Bus Open Data,162301
61795131,2026-09-03T13:10:00+00:00,14250,51,51,,Beresford Sq / Woolwich Arsenal Stn,Bus Open Data,162302
61833297,2026-09-03T14:36:00+00:00,14250,51,51,,Woolwich High Street,Bus Open Data,162303
61844503,2026-09-03T15:02:00+00:00,14250,51,51,,Orpington Station,Bus Open Data,162304
61886774,2026-09-03T16:39:00+00:00,14250,51,51,,Orpington Bus Station,Bus Open Data,162305
61894324,2026-09-03T16:58:00+00:00,14250,51,51,,Beresford Sq / Woolwich Arsenal Stn,Bus Open Data,162306
61919945,2026-09-03T18:23:00+00:00,14250,51,51,,Woolwich High Street,Bus Open Data,162307
61941238,2026-09-03T18:36:00+00:00,14250,51,51,,Woolwich High Street,Bus Open Data,162332
61940998,2026-09-03T18:54:00+00:00,14250,51,51,,Orpington Station,Bus Open Data,162333
61940948,2026-09-03T19:35:18+00:00,14250,51,51,,Woolwich High Street,Bus Open Data,
61955869,2026-09-03T20:15:00+00:00,14250,51,51,,Beresford Sq / Woolwich Arsenal Stn,Bus Open Data,162335
61962064,2026-09-03T21:13:00+00:00,14250,51,51,,Woolwich High Street,Bus Open Data,162336
61962390,2026-09-03T21:30:00+00:00,14250,51,51,,Orpington Station,Bus Open Data,162337
61977606,2026-09-03T22:26:00+00:00,14250,51,51,,Orpington Bus Station,Bus Open Data,162338
61979258,2026-09-03T22:45:00+00:00,14250,51,51,,Beresford Sq / Woolwich Arsenal Stn,Bus Open Data,162339
61985353,2026-09-03T23:31:00+00:00,14250,51,51,,Woolwich High Street,Bus Open Data,162340
61986406,2026-09-03T23:45:00+00:00,14250,51,51,,Orpington Station,Bus Open Data,162341
61988905,2026-09-04T00:31:00+00:00,14250,51,51,,Morden Wharf Road,Bus Open Data,162342
61997259,2026-09-04T04:04:00+00:00,14231,291,291,,Queen Elizabeth Hospital / West Entrance,Bus Open Data,124882
61997294,2026-09-04T04:15:00+00:00,14231,291,291,,Garland Road Clinic,Bus Open Data,124883
62001122,2026-09-04T04:30:00+00:00,14231,291,291,,Queen Elizabeth Hospital / West Entrance,Bus Open Data,124884
62006557,2026-09-04T04:52:00+00:00,14231,291,291,,Queen Elizabeth Hospital / West Entrance,Bus Open Data,124885
62009550,2026-09-04T05:05:00+00:00,14231,291,291,,Garland Road Clinic,Bus Open Data,124886
62015145,2026-09-04T05:21:00+00:00,14231,291,291,,Queen Elizabeth Hospital / West Entrance,Bus Open Data,124887
62025295,2026-09-04T05:50:00+00:00,14231,291,291,,Queen Elizabeth Hospital / West Entrance,Bus Open Data,124888
62032522,2026-09-04T06:02:00+00:00,14231,291,291,,Garland Road Clinic,Bus Open Data,124889
62041736,2026-09-04T06:21:00+00:00,14231,291,291,,Queen Elizabeth Hospital / West Entrance,Bus Open Data,124890
62057259,2026-09-04T06:55:00+00:00,14231,291,291,,Queen Elizabeth Hospital / West Entrance,Bus Open Data,124891
62062455,2026-09-04T07:06:00+00:00,14231,291,291,,Garland Road Clinic,Bus Open Data,124892
62072431,2026-09-04T07:31:00+00:00,14231,291,291,,Queen Elizabeth Hospital / West Entrance,Bus Open Data,124893
62088911,2026-09-04T08:07:00+00:00,14231,291,291,,Queen Elizabeth Hospital / West Entrance,Bus Open Data,124894
62092415,2026-09-04T08:20:00+00:00,14231,291,291,,Garland Road Clinic,Bus Open Data,124895
62103073,2026-09-04T08:43:00+00:00,14231,291,291,,Queen Elizabeth Hospital / West Entrance,Bus Open Data,124896
62116985,2026-09-04T09:14:00+00:00,14231,291,291,,Queen Elizabeth Hospital / West Entrance,Bus Open Data,124897
62124869,2026-09-04T09:32:00+00:00,14231,291,291,,Garland Road Clinic,Bus Open Data,124898
62133903,2026-09-04T09:55:00+00:00,14231,291,291,,Queen Elizabeth Hospital / West Entrance,Bus Open Data,124899
62147804,2026-09-04T10:25:00+00:00,14231,291,291,,Queen Elizabeth Hospital / West Entrance,Bus Open Data,124900
62155600,2026-09-04T10:43:00+00:00,14231,291,291,,Garland Road Clinic,Bus Open Data,124901
62165990,2026-09-04T11:07:00+00:00,14231,291,291,,Queen Elizabeth Hospital / West Entrance,Bus Open Data,124902
62180088,2026-09-04T11:37:00+00:00,14231,291,291,,Queen Elizabeth Hospital / West Entrance,Bus Open Data,124903
62186900,2026-09-04T11:55:00+00:00,14231,291,291,,Garland Road Clinic,Bus Open Data,124904
62196993,2026-09-04T12:19:00+00:00,14231,291,291,,Queen Elizabeth Hospital / West Entrance,Bus Open Data,124905
62209691,2026-09-04T12:49:00+00:00,14231,291,291,,Queen Elizabeth Hospital / West Entrance,Bus Open Data,124906
62217757,2026-09-04T13:06:00+00:00,14231,291,291,,Garland Road Clinic,Bus Open Data,124907
62228982,2026-09-04T13:31:00+00:00,14231,291,291,,Queen Elizabeth Hospital / West Entrance,Bus Open Data,124908
62243473,2026-09-04T14:03:00+00:00,14231,291,291,,Queen Elizabeth Hospital / West Entrance,Bus Open Data,124909
62248501,2026-09-04T14:14:00+00:00,14231,291,291,,Garland Road Clinic,Bus Open Data,124910
62261326,2026-09-04T14:42:00+00:00,14231,291,291,,Queen Elizabeth Hospital / West Entrance,Bus Open Data,124911
62276574,2026-09-04T15:15:00+00:00,14231,291,291,,Queen Elizabeth Hospital / West Entrance,Bus Open Data,124912
62278026,2026-09-04T15:26:00+00:00,14231,291,291,,Garland Road Clinic,Bus Open Data,124913
62292243,2026-09-04T15:54:00+00:00,14231,291,291,,Queen Elizabeth Hospital / West Entrance,Bus Open Data,124914
62303433,2026-09-04T16:27:00+00:00,14231,291,291,,Queen Elizabeth Hospital / West Entrance,Bus Open Data,124915
62308525,2026-09-04T16:39:00+00:00,14231,291,291,,Garland Road Clinic,Bus Open Data,124916
62318695,2026-09-04T17:06:00+00:00,14231,291,291,,Queen Elizabeth Hospital / West Entrance,Bus Open Data,124917
62330521,2026-09-04T17:39:00+00:00,14231,291,291,,Queen Elizabeth Hospital / West Entrance,Bus Open Data,124918
62335980,2026-09-04T17:52:00+00:00,14231,291,291,,Garland Road Clinic,Bus Open Data,124919
62342822,2026-09-04T18:18:00+00:00,14231,291,291,,Queen Elizabeth Hospital / West Entrance,Bus Open Data,124920
62350986,2026-09-04T18:48:00+00:00,14231,291,291,,Queen Elizabeth Hospital / West Entrance,Bus Open Data,124921
62356813,2026-09-04T19:06:00+00:00,14231,291,291,,Garland Road Clinic,Bus Open Data,124922
62362515,2026-09-04T19:31:00+00:00,14231,291,291,,Queen Elizabeth Hospital / West Entrance,Bus Open Data,124923
62369573,2026-09-04T19:56:00+00:00,14231,291,291,,Morden Wharf Road,Bus Open Data,124924
62532208,2026-09-05T10:04:00+00:00,14231,291,291,,Garland Road Clinic,Bus Open Data,347815
62541218,2026-09-05T10:26:00+00:00,14231,291,291,,Queen Elizabeth Hospital / West Entrance,Bus Open Data,347816
62553361,2026-09-05T10:55:00+00:00,14231,291,291,,Queen Elizabeth Hospital / West Entrance,Bus Open Data,347817
62560455,2026-09-05T11:15:00+00:00,14231,291,291,,Garland Road Clinic,Bus Open Data,347818
62571257,2026-09-05T11:38:00+00:00,14231,291,291,,Queen Elizabeth Hospital / West Entrance,Bus Open Data,347819
62585815,2026-09-05T12:08:00+00:00,14231,291,291,,Queen Elizabeth Hospital / West Entrance,Bus Open Data,347820
62590089,2026-09-05T12:27:00+00:00,14231,291,291,,Garland Road Clinic,Bus Open Data,347821
62600814,2026-09-05T12:50:00+00:00,14231,291,291,,Queen Elizabeth Hospital / West Entrance,Bus Open Data,347822
62624641,2026-09-05T13:39:00+00:00,14231,291,291,,Garland Road Clinic,Bus Open Data,347824
62623360,2026-09-05T13:52:46+00:00,14231,291,291,,Garland Road Clinic,Bus Open Data,
62628863,2026-09-05T14:02:00+00:00,14231,291,291,,Queen Elizabeth Hospital / West Entrance,Bus Open Data,347825
62641063,2026-09-05T14:31:00+00:00,14231,291,291,,Queen Elizabeth Hospital / West Entrance,Bus Open Data,347826
62648139,2026-09-05T14:51:00+00:00,14231,291,291,,Garland Road Clinic,Bus Open Data,347827
62659202,2026-09-05T15:14:00+00:00,14231,291,291,,Queen Elizabeth Hospital / West Entrance,Bus Open Data,347828
62671228,2026-09-05T15:43:00+00:00,14231,291,291,,Queen Elizabeth Hospital / West Entrance,Bus Open Data,347829
62677217,2026-09-05T16:03:00+00:00,14231,291,291,,Garland Road Clinic,Bus Open Data,347830
62685479,2026-09-05T16:26:00+00:00,14231,291,291,,Queen Elizabeth Hospital / West Entrance,Bus Open Data,347831
62696200,2026-09-05T16:55:00+00:00,14231,291,291,,Queen Elizabeth Hospital / West Entrance,Bus Open Data,347832
62703424,2026-09-05T17:15:00+00:00,14231,291,291,,Garland Road Clinic,Bus Open Data,347833
62711599,2026-09-05T17:38:00+00:00,14231,291,291,,Queen Elizabeth Hospital / West Entrance,Bus Open Data,347834
62719489,2026-09-05T18:07:00+00:00,14231,291,291,,Queen Elizabeth Hospital / West Entrance,Bus Open Data,347835
62724487,2026-09-05T18:27:00+00:00,14231,291,291,,Garland Road Clinic,Bus Open Data,347836
62730374,2026-09-05T18:50:00+00:00,14231,291,291,,Queen Elizabeth Hospital / West Entrance,Bus Open Data,347837
62736997,2026-09-05T19:17:00+00:00,14231,291,291,,Queen Elizabeth Hospital / West Entrance,Bus Open Data,347838
62738547,2026-09-05T19:27:00+00:00,14231,291,291,,Garland Road Clinic,Bus Open Data,347839
62752193,2026-09-05T20:16:00+00:00,14231,291,291,,Queen Elizabeth Hospital / West Entrance,Bus Open Data,347841
62750357,2026-09-05T20:30:00+00:00,14231,291,291,,Garland Road Clinic,Bus Open Data,347842
62756260,2026-09-05T20:50:00+00:00,14231,291,291,,Queen Elizabeth Hospital / West Entrance,Bus Open Data,347843
62761388,2026-09-05T21:15:00+00:00,14231,291,291,,Queen Elizabeth Hospital / West Entrance,Bus Open Data,347844
62764481,2026-09-05T21:30:00+00:00,14231,291,291,,Garland Road Clinic,Bus Open Data,347845
62768038,2026-09-05T21:50:00+00:00,14231,291,291,,Queen Elizabeth Hospital / West Entrance,Bus Open Data,347846
62772353,2026-09-05T22:13:00+00:00,14231,291,291,,Queen Elizabeth Hospital / West Entrance,Bus Open Data,347847
62775357,2026-09-05T22:30:00+00:00,14231,291,291,,Garland Road Clinic,Bus Open Data,347848
62778095,2026-09-05T22:50:00+00:00,14231,291,291,,Queen Elizabeth Hospital / West Entrance,Bus Open Data,347849
62780935,2026-09-05T23:11:00+00:00,14231,291,291,,Morden Wharf Road,Bus Open Data,347850
63025120,2026-09-06T23:02:00+00:00,14250,51,51,,Woolwich High Street,Bus Open Data,132034
63022544,2026-09-06T23:15:00+00:00,14250,51,51,,Orpington Station,Bus Open Data,132035
63056943,2026-09-07T05:36:00+00:00,14250,51,51,,Orpington Bus Station,Bus Open Data,194053
63073411,2026-09-07T06:19:00+00:00,14250,51,51,,Beresford Sq / Woolwich Arsenal Stn,Bus Open Data,194054
63115306,2026-09-07T07:49:00+00:00,14250,51,51,,Woolwich High Street,Bus Open Data,194055
63116486,2026-09-07T08:11:00+00:00,14250,51,51,,Orpington Station,Bus Open Data,194056
63163647,2026-09-07T09:39:00+00:00,14250,51,51,,Orpington Bus Station,Bus Open Data,194057
63172525,2026-09-07T09:58:00+00:00,14250,51,51,,Beresford Sq / Woolwich Arsenal Stn,Bus Open Data,194058
63206129,2026-09-07T11:15:00+00:00,14250,51,51,,Woolwich High Street,Bus Open Data,194059
63216823,2026-09-07T11:40:00+00:00,14250,51,51,,Orpington Station,Bus Open Data,194060
63266713,2026-09-15T15:12:00+00:00,14253,658,658,,Morden Wharf Road,Bus Open Data,84424
63310625,2026-09-16T04:19:00+00:00,14231,291,291,,Queen Elizabeth Hospital / West Entrance,Bus Open Data,134609
63310680,2026-09-16T04:30:00+00:00,14231,291,291,,Garland Road Clinic,Bus Open Data,134610
63313679,2026-09-16T04:45:00+00:00,14231,291,291,,Queen Elizabeth Hospital / West Entrance,Bus Open Data,134611
63320230,2026-09-16T05:07:00+00:00,14231,291,291,,Queen Elizabeth Hospital / West Entrance,Bus Open Data,134612
63322959,2026-09-16T05:16:00+00:00,14231,291,291,,Garland Road Clinic,Bus Open Data,134613
63329352,2026-09-16T05:33:00+00:00,14231,291,291,,Queen Elizabeth Hospital / West Entrance,Bus Open Data,134614
63385894,2026-09-16T06:03:00+00:00,14231,291,291,,Queen Elizabeth Hospital / West Entrance,Bus Open Data,134615
63384301,2026-09-16T06:13:00+00:00,14231,291,291,,Queen Elizabeth Hospital / West Entrance,Bus Open Data,134616
63386558,2026-09-16T07:18:00+00:00,14231,291,291,,Garland Road Clinic,Bus Open Data,134619
63386228,2026-09-16T07:43:00+00:00,14231,291,291,,Queen Elizabeth Hospital / West Entrance,Bus Open Data,134620
63405781,2026-09-16T08:19:00+00:00,14231,291,291,,Queen Elizabeth Hospital / West Entrance,Bus Open Data,134621
63408502,2026-09-16T08:32:00+00:00,14231,291,291,,Garland Road Clinic,Bus Open Data,134622
63419768,2026-09-16T08:55:00+00:00,14231,291,291,,Queen Elizabeth Hospital / West Entrance,Bus Open Data,134623
63432046,2026-09-16T09:25:00+00:00,14231,291,291,,Queen Elizabeth Hospital / West Entrance,Bus Open Data,134624
63438795,2026-09-16T09:44:00+00:00,14231,291,291,,Garland Road Clinic,Bus Open Data,134625
63448592,2026-09-16T10:07:00+00:00,14231,291,291,,Queen Elizabeth Hospital / West Entrance,Bus Open Data,134626
63461303,2026-09-16T10:37:00+00:00,14231,291,291,,Queen Elizabeth Hospital / West Entrance,Bus Open Data,134627
63471674,2026-09-16T10:55:00+00:00,14231,291,291,,Garland Road Clinic,Bus Open Data,134628
63481395,2026-09-16T11:19:00+00:00,14231,291,291,,Queen Elizabeth Hospital / West Entrance,Bus Open Data,134629
63492383,2026-09-16T11:49:00+00:00,14231,291,291,,Queen Elizabeth Hospital / West Entrance,Bus Open Data,134630
63502052,2026-09-16T12:07:00+00:00,14231,291,291,,Garland Road Clinic,Bus Open Data,134631
63512680,2026-09-16T12:31:00+00:00,14231,291,291,,Queen Elizabeth Hospital / West Entrance,Bus Open Data,134632
63525997,2026-09-16T13:01:00+00:00,14231,291,291,,Queen Elizabeth Hospital / West Entrance,Bus Open Data,134633
63532935,2026-09-16T13:18:00+00:00,14231,291,291,,Queen Elizabeth Hospital / West Entrance,Bus Open Data,134634
63547770,2026-09-16T13:42:00+00:00,14231,291,291,,Queen Elizabeth Hospital / West Entrance,Bus Open Data,134635
63563209,2026-09-16T14:15:00+00:00,14231,291,291,,Queen Elizabeth Hospital / West Entrance,Bus Open Data,134636
63565393,2026-09-16T14:26:00+00:00,14231,291,291,,Garland Road Clinic,Bus Open Data,134637
63577088,2026-09-16T14:54:00+00:00,14231,291,291,,Queen Elizabeth Hospital / West Entrance,Bus Open Data,134638
63591377,2026-09-16T15:27:00+00:00,14231,291,291,,Queen Elizabeth Hospital / West Entrance,Bus Open Data,134639
63595728,2026-09-16T15:38:00+00:00,14231,291,291,,Garland Road Clinic,Bus Open Data,134640
63606928,2026-09-16T16:06:00+00:00,14231,291,291,,Queen Elizabeth Hospital / West Entrance,Bus Open Data,134641
63620608,2026-09-16T16:39:00+00:00,14231,291,291,,Queen Elizabeth Hospital / West Entrance,Bus Open Data,134642
63626373,2026-09-16T16:51:00+00:00,14231,291,291,,Garland Road Clinic,Bus Open Data,134643
63636676,2026-09-16T17:18:00+00:00,14231,291,291,,Queen Elizabeth Hospital / West Entrance,Bus Open Data,134644
63647762,2026-09-16T17:50:00+00:00,14231,291,291,,Queen Elizabeth Hospital / West Entrance,Bus Open Data,134645
63653109,2026-09-16T18:05:00+00:00,14231,291,291,,Garland Road Clinic,Bus Open Data,134646
63660278,2026-09-16T18:30:00+00:00,14231,291,291,,Queen Elizabeth Hospital / West Entrance,Bus Open Data,134647
63667670,2026-09-16T19:00:00+00:00,14231,291,291,,Queen Elizabeth Hospital / West Entrance,Bus Open Data,134648
63672969,2026-09-16T19:18:00+00:00,14231,291,291,,Garland Road Clinic,Bus Open Data,134649
63679428,2026-09-16T19:43:00+00:00,14231,291,291,,Queen Elizabeth Hospital / West Entrance,Bus Open Data,134650
63684757,2026-09-16T20:08:00+00:00,14231,291,291,,Queen Elizabeth Hospital / West Entrance,Bus Open Data,134651
63686726,2026-09-16T20:15:00+00:00,14231,291,291,,Garland Road Clinic,Bus Open Data,134652
63690839,2026-09-16T20:35:00+00:00,14231,291,291,,Queen Elizabeth Hospital / West Entrance,Bus Open Data,134653
63695955,2026-09-16T20:57:00+00:00,14231,291,291,,Queen Elizabeth Hospital / West Entrance,Bus Open Data,134654
63699309,2026-09-16T21:15:00+00:00,14231,291,291,,Garland Road Clinic,Bus Open Data,134655
63702961,2026-09-16T21:35:00+00:00,14231,291,291,,Queen Elizabeth Hospital / West Entrance,Bus Open Data,134656
63707202,2026-09-16T21:57:00+00:00,14231,291,291,,Queen Elizabeth Hospital / West Entrance,Bus Open Data,134657
63711002,2026-09-16T22:15:00+00:00,14231,291,291,,Garland Road Clinic,Bus Open Data,134658
63714401,2026-09-16T22:35:00+00:00,14231,291,291,,Queen Elizabeth Hospital / West Entrance,Bus Open Data,134659
63717605,2026-09-16T22:56:00+00:00,14231,291,291,,Queen Elizabeth Hospital / West Entrance,Bus Open Data,134660
63720223,2026-09-16T23:15:00+00:00,14231,291,291,,Garland Road Clinic,Bus Open Data,134661
63721831,2026-09-16T23:35:00+00:00,14231,291,291,,Queen Elizabeth Hospital / West Entrance,Bus Open Data,134662
63723521,2026-09-16T23:56:00+00:00,14231,291,291,,Morden Wharf Road,Bus Open Data,134663
63730112,2026-09-17T03:26:00+00:00,14250,51,51,,Orpington Bus Station,Bus Open Data,194078
63732895,2026-09-17T04:00:00+00:00,14250,51,51,,Beresford Sq / Woolwich Arsenal Stn,Bus Open Data,194079
63743369,2026-09-17T04:49:00+00:00,14250,51,51,,Woolwich High Street,Bus Open Data,194080
63746037,2026-09-17T05:02:00+00:00,14250,51,51,,Orpington Station,Bus Open Data,194081
63774772,2026-09-17T06:05:00+00:00,14250,51,51,,Orpington Bus Station,Bus Open Data,194082
63782473,2026-09-17T06:30:00+00:00,14250,51,51,,Beresford Sq / Woolwich Arsenal Stn,Bus Open Data,194083
63827518,2026-09-17T08:04:00+00:00,14250,51,51,,Woolwich High Street,Bus Open Data,194084
63831141,2026-09-17T08:24:00+00:00,14250,51,51,,Orpington Station,Bus Open Data,194085
63858549,2026-09-17T09:25:26+00:00,14250,51,51,,Orpington Station,Bus Open Data,
63858735,2026-09-17T09:51:00+00:00,14250,51,51,,Orpington Bus Station,Bus Open Data,194086
63878160,2026-09-17T10:11:00+00:00,14250,51,51,,Beresford Sq / Woolwich Arsenal Stn,Bus Open Data,194087
63922818,2026-09-17T11:53:00+00:00,14250,51,51,,Orpington Station,Bus Open Data,194089
63955131,2026-09-17T13:20:00+00:00,14250,51,51,,Orpington Bus Station,Bus Open Data,194090
63956012,2026-09-17T13:34:00+00:00,14250,51,51,,Beresford Sq / Woolwich Arsenal Stn,Bus Open Data,194091
64007752,2026-09-17T15:02:00+00:00,14250,51,51,,Woolwich High Street,Bus Open Data,194092
64017487,2026-09-17T15:28:00+00:00,14250,51,51,,Orpington Station,Bus Open Data,194093
64057549,2026-09-17T17:06:00+00:00,14250,51,51,,Orpington Bus Station,Bus Open Data,194094
64063342,2026-09-17T17:24:00+00:00,14250,51,51,,Beresford Sq / Woolwich Arsenal Stn,Bus Open Data,194095
64088851,2026-09-17T18:47:00+00:00,14250,51,51,,Woolwich High Street,Bus Open Data,194096
64098116,2026-09-17T19:06:00+00:00,14250,51,51,,Orpington Station,Bus Open Data,194097
64123014,2026-09-17T20:07:00+00:00,14250,51,51,,Morden Wharf Road,Bus Open Data,194098
64171885,2026-09-18T03:47:00+00:00,14250,51,51,,Woolwich High Street,Bus Open Data,160761
64171896,2026-09-18T04:00:00+00:00,14250,51,51,,Orpington Station,Bus Open Data,160762
64181732,2026-09-18T04:51:00+00:00,14250,51,51,,Orpington Bus Station,Bus Open Data,160763
64185558,2026-09-18T05:06:00+00:00,14250,51,51,,Beresford Sq / Woolwich Arsenal Stn,Bus Open Data,160764
64208727,2026-09-18T06:04:00+00:00,14250,51,51,,Woolwich High Street,Bus Open Data,160765
64221489,2026-09-18T06:27:00+00:00,14250,51,51,,Orpington Station,Bus Open Data,160766
64259762,2026-09-18T08:11:00+00:00,14250,51,51,,Orpington Bus Station,Bus Open Data,160767
64260307,2026-09-18T08:27:00+00:00,14250,51,51,,Beresford Sq / Woolwich Arsenal Stn,Bus Open Data,160768
64301602,2026-09-18T09:46:00+00:00,14250,51,51,,Woolwich High Street,Bus Open Data,160769
64302738,2026-09-18T10:09:00+00:00,14250,51,51,,Orpington Station,Bus Open Data,160770
64355007,2026-09-18T11:35:00+00:00,14250,51,51,,Orpington Bus Station,Bus Open Data,160771
64360166,2026-09-18T11:54:00+00:00,14250,51,51,,Beresford Sq / Woolwich Arsenal Stn,Bus Open Data,160772
64394185,2026-09-18T13:14:00+00:00,14250,51,51,,Woolwich High Street,Bus Open Data,160773
64406437,2026-09-18T13:35:00+00:00,14250,51,51,,Orpington Station,Bus Open Data,160774
64449605,2026-09-18T15:14:00+00:00,14250,51,51,,Orpington Bus Station,Bus Open Data,160775
64455073,2026-09-18T15:27:00+00:00,14250,51,51,,Beresford Sq / Woolwich Arsenal Stn,Bus Open Data,160776
64490419,2026-09-18T17:00:00+00:00,14250,51,51,,Woolwich High Street,Bus Open Data,160777
64501401,2026-09-18T17:25:00+00:00,14250,51,51,,Orpington Station,Bus Open Data,160778
64529054,2026-09-18T18:52:00+00:00,14250,51,51,,Orpington Bus Station,Bus Open Data,160779
64534669,2026-09-18T19:06:00+00:00,14250,51,51,,Beresford Sq / Woolwich Arsenal Stn,Bus Open Data,160780
64550350,2026-09-18T20:10:00+00:00,14250,51,51,,Woolwich High Street,Bus Open Data,160781
64551345,2026-09-18T20:30:00+00:00,14250,51,51,,Orpington Station,Bus Open Data,160782
64564449,2026-09-18T21:29:00+00:00,14250,51,51,,Orpington Bus Station,Bus Open Data,160783
64566498,2026-09-18T21:45:00+00:00,14250,51,51,,Beresford Sq / Woolwich Arsenal Stn,Bus Open Data,160784
64575989,2026-09-18T22:36:00+00:00,14250,51,51,,Woolwich High Street,Bus Open Data,160785
64577718,2026-09-18T22:45:00+00:00,14250,51,51,,Orpington Station,Bus Open Data,160786
64583918,2026-09-18T23:35:00+00:00,14250,51,51,,Morden Wharf Road,Bus Open Data,160787
64593395,2026-09-19T03:29:48+00:00,14250,51,51,,Orpington Station,Bus Open Data,
64593411,2026-09-19T03:30:00+00:00,14250,51,51,,Orpington Station,Bus Open Data,84557
64596596,2026-09-19T04:16:00+00:00,14250,51,51,,Orpington Bus Station,Bus Open Data,84558
64598919,2026-09-19T04:30:00+00:00,14250,51,51,,Beresford Sq / Woolwich Arsenal Stn,Bus Open Data,84559
64606123,2026-09-19T05:15:00+00:00,14250,51,51,,Woolwich High Street,Bus Open Data,84560
64607419,2026-09-19T05:30:00+00:00,14250,51,51,,Orpington Station,Bus Open Data,84561
64625413,2026-09-19T06:26:00+00:00,14250,51,51,,Orpington Bus Station,Bus Open Data,84562
64629627,2026-09-19T06:42:00+00:00,14250,51,51,,Beresford Sq / Woolwich Arsenal Stn,Bus Open Data,84563
64647924,2026-09-19T07:38:00+00:00,14250,51,51,,Woolwich High Street,Bus Open Data,84564
64654836,2026-09-19T07:53:00+00:00,14250,51,51,,Orpington Station,Bus Open Data,84565
64686812,2026-09-19T09:06:00+00:00,14250,51,51,,Orpington Bus Station,Bus Open Data,84566
64689314,2026-09-19T09:23:00+00:00,14250,51,51,,Beresford Sq / Woolwich Arsenal Stn,Bus Open Data,84567
64724063,2026-09-19T10:43:00+00:00,14250,51,51,,Woolwich High Street,Bus Open Data,84568
64729669,2026-09-19T11:04:00+00:00,14250,51,51,,Orpington Station,Bus Open Data,84569
64771317,2026-09-19T12:46:00+00:00,14250,51,51,,Orpington Bus Station,Bus Open Data,84570
64771996,2026-09-19T13:01:00+00:00,14250,51,51,,Beresford Sq / Woolwich Arsenal Stn,Bus Open Data,84571
64812341,2026-09-19T14:24:00+00:00,14250,51,51,,Woolwich High Street,Bus Open Data,84572
64824727,2026-09-19T14:45:00+00:00,14250,51,51,,Orpington Station,Bus Open Data,84573
64855749,2026-09-19T16:16:00+00:00,14250,51,51,,Orpington Bus Station,Bus Open Data,84574
64864827,2026-09-19T16:29:00+00:00,14250,51,51,,Beresford Sq / Woolwich Arsenal Stn,Bus Open Data,84575
64889929,2026-09-19T17:46:00+00:00,14250,51,51,,Woolwich High Street,Bus Open Data,84576
64895994,2026-09-19T17:58:00+00:00,14250,51,51,,Orpington Station,Bus Open Data,84577
64912548,2026-09-19T19:12:00+00:00,14250,51,51,,Orpington Bus Station,Bus Open Data,84578
64918045,2026-09-19T19:30:00+00:00,14250,51,51,,Beresford Sq / Woolwich Arsenal Stn,Bus Open Data,84579
64930972,2026-09-19T20:30:00+00:00,14250,51,51,,Woolwich High Street,Bus Open Data,84580
64934866,2026-09-19T20:45:00+00:00,14250,51,51,,Orpington Station,Bus Open Data,84581
64945739,2026-09-19T21:41:00+00:00,14250,51,51,,Orpington Bus Station,Bus Open Data,84582
64950277,2026-09-19T22:00:00+00:00,14250,51,51,,Beresford Sq / Woolwich Arsenal Stn,Bus Open Data,84583
64958780,2026-09-19T22:50:00+00:00,14250,51,51,,Woolwich High Street,Bus Open Data,84584
64959733,2026-09-19T23:00:00+00:00,14250,51,51,,Orpington Station,Bus Open Data,84585
64991721,2026-09-20T06:40:21+00:00,14250,51,51,,Orpington Station,Bus Open Data,
64991745,2026-09-20T06:42:00+00:00,14250,51,51,,Orpington Station,Bus Open Data,123095
64994055,2026-09-20T06:55:00+00:00,14250,51,51,,Beresford Sq / Woolwich Arsenal Stn,Bus Open Data,123096
65003725,2026-09-20T07:48:00+00:00,14250,51,51,,Woolwich High Street,Bus Open Data,123097
65009787,2026-09-20T08:15:00+00:00,14250,51,51,,Orpington Station,Bus Open Data,123098
65027050,2026-09-20T09:22:00+00:00,14250,51,51,,Orpington Bus Station,Bus Open Data,123099
65027847,2026-09-20T09:38:00+00:00,14250,51,51,,Beresford Sq / Woolwich Arsenal Stn,Bus Open Data,123100
65046743,2026-09-20T10:48:00+00:00,14250,51,51,,Woolwich High Street,Bus Open Data,123101
65049740,2026-09-20T11:08:00+00:00,14250,51,51,,Orpington Station,Bus Open Data,123102
65074352,2026-09-20T12:31:00+00:00,14250,51,51,,Orpington Bus Station,Bus Open Data,123103
65078027,2026-09-20T12:51:00+00:00,14250,51,51,,Beresford Sq / Woolwich Arsenal Stn,Bus Open Data,123104
65096162,2026-09-20T14:04:00+00:00,14250,51,51,,Woolwich High Street,Bus Open Data,123105
65101432,2026-09-20T14:23:00+00:00,14250,51,51,,Orpington Station,Bus Open Data,123106
65120827,2026-09-20T15:39:00+00:00,14250,51,51,,Orpington Bus Station,Bus Open Data,123107
65124647,2026-09-20T15:53:00+00:00,14250,51,51,,Beresford Sq / Woolwich Arsenal Stn,Bus Open Data,123108
65140223,2026-09-20T16:58:00+00:00,14250,51,51,,Woolwich High Street,Bus Open Data,123109
65143471,2026-09-20T17:11:00+00:00,14250,51,51,,Orpington Station,Bus Open Data,123110
65157557,2026-09-20T18:19:00+00:00,14250,51,51,,Orpington Bus Station,Bus Open Data,123111
65161918,2026-09-20T18:40:00+00:00,14250,51,51,,Beresford Sq / Woolwich Arsenal Stn,Bus Open Data,123112
65172797,2026-09-20T19:37:00+00:00,14250,51,51,,Woolwich High Street,Bus Open Data,123113
65175636,2026-09-20T19:59:00+00:00,14250,51,51,,Orpington Station,Bus Open Data,123114
65187002,2026-09-20T20:55:00+00:00,14250,51,51,,Orpington Bus Station,Bus Open Data,123115
65189515,2026-09-20T21:15:00+00:00,14250,51,51,,Beresford Sq / Woolwich Arsenal Stn,Bus Open Data,123116
65198175,2026-09-20T22:03:00+00:00,14250,51,51,,Woolwich High Street,Bus Open Data,123117
65200061,2026-09-20T22:15:00+00:00,14250,51,51,,Orpington Station,Bus Open Data,123118
65206631,2026-09-20T23:05:00+00:00,14250,51,51,,Orpington Bus Station,Bus Open Data,123119
65208108,2026-09-20T23:15:00+00:00,14250,51,51,,Beresford Sq / Woolwich Arsenal Stn,Bus Open Data,123120
65211554,2026-09-21T00:00:00+00:00,14250,51,51,,Morden Wharf Road,Bus Open Data,123121
65217914,2026-09-21T03:45:00+00:00,14250,51,51,,Beresford Sq / Woolwich Arsenal Stn,Bus Open Data,160482
65225280,2026-09-21T04:33:00+00:00,14250,51,51,,Woolwich High Street,Bus Open Data,160483
65227573,2026-09-21T04:42:00+00:00,14250,51,51,,Orpington Station,Bus Open Data,160484
65245520,2026-09-21T05:37:00+00:00,14250,51,51,,Orpington Bus Station,Bus Open Data,160485
65250944,2026-09-21T05:51:00+00:00,14250,51,51,,Beresford Sq / Woolwich Arsenal Stn,Bus Open Data,160486
65288241,2026-09-21T07:06:00+00:00,14250,51,51,,Woolwich High Street,Bus Open Data,160487
65295855,2026-09-21T07:31:00+00:00,14250,51,51,,Orpington Station,Bus Open Data,160488
65332858,2026-09-21T09:03:00+00:00,14250,51,51,,Orpington Bus Station,Bus Open Data,160489
65337926,2026-09-21T09:19:00+00:00,14250,51,51,,Beresford Sq / Woolwich Arsenal Stn,Bus Open Data,160490
65375731,2026-09-21T10:35:00+00:00,14250,51,51,,Woolwich High Street,Bus Open Data,160491
65376552,2026-09-21T11:01:00+00:00,14250,51,51,,Orpington Station,Bus Open Data,160492
65422508,2026-09-21T12:28:00+00:00,14250,51,51,,Orpington Bus Station,Bus Open Data,160493
65423517,2026-09-21T12:45:00+00:00,14250,51,51,,Beresford Sq / Woolwich Arsenal Stn,Bus Open Data,160494
65468322,2026-09-21T14:08:00+00:00,14250,51,51,,Woolwich High Street,Bus Open Data,160495
65470615,2026-09-21T14:36:00+00:00,14250,51,51,,Orpington Station,Bus Open Data,160496
65523237,2026-09-21T16:14:00+00:00,14250,51,51,,Orpington Bus Station,Bus Open Data,160497
65532723,2026-09-21T16:32:00+00:00,14250,51,51,,Beresford Sq / Woolwich Arsenal Stn,Bus Open Data,160498
65561471,2026-09-21T18:01:00+00:00,14250,51,51,,Woolwich High Street,Bus Open Data,160499
65571368,2026-09-21T18:18:00+00:00,14250,51,51,,Orpington Station,Bus Open Data,160500
65599414,2026-09-21T19:27:00+00:00,14250,51,51,,Orpington Bus Station,Bus Open Data,160501
65599945,2026-09-21T19:45:00+00:00,14250,51,51,,Beresford Sq / Woolwich Arsenal Stn,Bus Open Data,160502
65610520,2026-09-21T20:45:00+00:00,14250,51,51,,Woolwich High Street,Bus Open Data,160503
65610985,2026-09-21T21:00:00+00:00,14250,51,51,,Orpington Station,Bus Open Data,160504
65622267,2026-09-21T21:57:00+00:00,14250,51,51,,Orpington Bus Station,Bus Open Data,160505
65624796,2026-09-21T22:15:00+00:00,14250,51,51,,Beresford Sq / Woolwich Arsenal Stn,Bus Open Data,160506
65631766,2026-09-21T23:05:00+00:00,14250,51,51,,Woolwich High Street,Bus Open Data,160507
65633880,2026-09-21T23:15:00+00:00,14250,51,51,,Orpington Station,Bus Open Data,160508
65637901,2026-09-22T00:02:00+00:00,14250,51,51,,Morden Wharf Road,Bus Open Data,160509
65645958,2026-09-22T04:00:00+00:00,14250,51,51,,Beresford Sq / Woolwich Arsenal Stn,Bus Open Data,160580
65655418,2026-09-22T04:49:00+00:00,14250,51,51,,Woolwich High Street,Bus Open Data,160581
65659177,2026-09-22T05:02:00+00:00,14250,51,51,,Orpington Station,Bus Open Data,160582
65684363,2026-09-22T06:05:00+00:00,14250,51,51,,Orpington Bus Station,Bus Open Data,160583
65696650,2026-09-22T06:30:00+00:00,14250,51,51,,Beresford Sq / Woolwich Arsenal Stn,Bus Open Data,160584
65739781,2026-09-22T08:04:00+00:00,14250,51,51,,Woolwich High Street,Bus Open Data,160585
65744743,2026-09-22T08:24:00+00:00,14250,51,51,,Orpington Station,Bus Open Data,160586
65783973,2026-09-22T09:51:00+00:00,14250,51,51,,Orpington Bus Station,Bus Open Data,160587
65791813,2026-09-22T10:11:00+00:00,14250,51,51,,Beresford Sq / Woolwich Arsenal Stn,Bus Open Data,160588
65825352,2026-09-22T11:28:00+00:00,14250,51,51,,Woolwich High Street,Bus Open Data,160589
65836760,2026-09-22T11:53:00+00:00,14250,51,51,,Orpington Station,Bus Open Data,160590
65872339,2026-09-22T13:20:00+00:00,14250,51,51,,Orpington Bus Station,Bus Open Data,160591
65875695,2026-09-22T13:34:00+00:00,14250,51,51,,Beresford Sq / Woolwich Arsenal Stn,Bus Open Data,160592
65924805,2026-09-22T15:02:00+00:00,14250,51,51,,Woolwich High Street,Bus Open Data,160593
65932331,2026-09-22T15:28:00+00:00,14250,51,51,,Orpington Station,Bus Open Data,160594
65966933,2026-09-22T17:06:00+00:00,14250,51,51,,Orpington Bus Station,Bus Open Data,160595
65975031,2026-09-22T17:24:00+00:00,14250,51,51,,Beresford Sq / Woolwich Arsenal Stn,Bus Open Data,160596
66003146,2026-09-22T18:47:00+00:00,14250,51,51,,Woolwich High Street,Bus Open Data,160597
66009632,2026-09-22T19:06:00+00:00,14250,51,51,,Orpington Station,Bus Open Data,160598
66024853,2026-09-22T20:07:00+00:00,14250,51,51,,Morden Wharf Road,Bus Open Data,160599
66089435,2026-09-23T05:16:00+00:00,14250,51,51,,Orpington Bus Station,Bus Open Data,160510
66104940,2026-09-23T05:59:00+00:00,14250,51,51,,Beresford Sq / Woolwich Arsenal Stn,Bus Open Data,160511
66146667,2026-09-23T07:21:00+00:00,14250,51,51,,Woolwich High Street,Bus Open Data,160512
66148407,2026-09-23T07:44:00+00:00,14250,51,51,,Orpington Station,Bus Open Data,160513
66191735,2026-09-23T09:14:00+00:00,14250,51,51,,Orpington Bus Station,Bus Open Data,160514
66192204,2026-09-23T09:32:00+00:00,14250,51,51,,Beresford Sq / Woolwich Arsenal Stn,Bus Open Data,160515
66234659,2026-09-23T10:48:00+00:00,14250,51,51,,Woolwich High Street,Bus Open Data,160516
66237544,2026-09-23T11:14:00+00:00,14250,51,51,,Orpington Station,Bus Open Data,160517
66280495,2026-09-23T12:41:00+00:00,14250,51,51,,Orpington Bus Station,Bus Open Data,160518
66287190,2026-09-23T12:58:00+00:00,14250,51,51,,Beresford Sq / Woolwich Arsenal Stn,Bus Open Data,160519
66330133,2026-09-23T14:22:00+00:00,14250,51,51,,Woolwich High Street,Bus Open Data,160520
66342374,2026-09-23T14:49:00+00:00,14250,51,51,,Orpington Station,Bus Open Data,160521
66380752,2026-09-23T16:26:00+00:00,14250,51,51,,Orpington Bus Station,Bus Open Data,160522
66391658,2026-09-23T16:45:00+00:00,14250,51,51,,Beresford Sq / Woolwich Arsenal Stn,Bus Open Data,160523
66420781,2026-09-23T18:12:00+00:00,14250,51,51,,Woolwich High Street,Bus Open Data,160524
66430455,2026-09-23T18:30:00+00:00,14250,51,51,,Orpington Station,Bus Open Data,160525
66443047,2026-09-23T19:35:00+00:00,14250,51,51,,Morden Wharf Road,Bus Open Data,160526
66522864,2026-09-24T05:36:00+00:00,14250,51,51,,Orpington Bus Station,Bus Open Data,160554
66538797,2026-09-24T06:19:00+00:00,14250,51,51,,Beresford Sq / Woolwich Arsenal Stn,Bus Open Data,160555
66592066,2026-09-24T07:49:00+00:00,14250,51,51,,Woolwich High Street,Bus Open Data,160556
66594364,2026-09-24T08:11:00+00:00,14250,51,51,,Orpington Station,Bus Open Data,160557
66634775,2026-09-24T09:39:00+00:00,14250,51,51,,Orpington Bus Station,Bus Open Data,160558
66635149,2026-09-24T09:58:00+00:00,14250,51,51,,Beresford Sq / Woolwich Arsenal Stn,Bus Open Data,160559
66674353,2026-09-24T11:15:00+00:00,14250,51,51,,Woolwich High Street,Bus Open Data,160560
66675326,2026-09-24T11:40:00+00:00,14250,51,51,,Orpington Station,Bus Open Data,160561
66717185,2026-09-24T12:54:09+00:00,14250,51,51,,Orpington Station,Bus Open Data,
66717410,2026-09-24T13:07:00+00:00,14250,51,51,,Orpington Station,Bus Open Data,160562
66781504,2026-09-24T15:24:18+00:00,14250,51,51,,Orpington Station,Bus Open Data,
67164431,2026-09-25T08:45:00+00:00,14250,51,51,,Woolwich High Street,Bus Open Data,160843
67160951,2026-09-25T14:10:00+00:00,14250,51,51,,Orpington Station,Bus Open Data,160844
67214170,2026-09-25T15:53:00+00:00,14250,51,51,,Orpington Bus Station,Bus Open Data,160845
67214630,2026-09-25T16:06:00+00:00,14250,51,51,,Beresford Sq / Woolwich Arsenal Stn,Bus Open Data,160846
67254960,2026-09-25T17:38:00+00:00,14250,51,51,,Woolwich High Street,Bus Open Data,160847
67262216,2026-09-25T18:04:00+00:00,14250,51,51,,Orpington Station,Bus Open Data,160848
67282621,2026-09-25T19:19:00+00:00,14250,51,51,,Orpington Bus Station,Bus Open Data,160849
67285636,2026-09-25T19:30:00+00:00,14250,51,51,,Beresford Sq / Woolwich Arsenal Stn,Bus Open Data,160850
67298659,2026-09-25T20:32:00+00:00,14250,51,51,,Woolwich High Street,Bus Open Data,160851
67301627,2026-09-25T20:45:00+00:00,14250,51,51,,Orpington Station,Bus Open Data,160852
67314624,2026-09-25T21:43:00+00:00,14250,51,51,,Orpington Bus Station,Bus Open Data,160853
67316380,2026-09-25T22:00:00+00:00,14250,51,51,,Beresford Sq / Woolwich Arsenal Stn,Bus Open Data,160854
67325635,2026-09-25T22:51:00+00:00,14250,51,51,,Woolwich High Street,Bus Open Data,160855
67326410,2026-09-25T23:00:00+00:00,14250,51,51,,Orpington Station,Bus Open Data,160856
67332940,2026-09-25T23:49:00+00:00,14250,51,51,,Morden Wharf Road,Bus Open Data,160857
67355994,2026-09-26T05:31:00+00:00,14231,291,291,,Queen Elizabeth Hospital / West Entrance,Bus Open Data,264963
67359450,2026-09-26T05:42:00+00:00,14231,291,291,,Garland Road Clinic,Bus Open Data,264964
67362646,2026-09-26T06:00:00+00:00,14231,291,291,,Queen Elizabeth Hospital / West Entrance,Bus Open Data,264965
67369500,2026-09-26T06:23:00+00:00,14231,291,291,,Queen Elizabeth Hospital / West Entrance,Bus Open Data,264966
67376755,2026-09-26T06:41:00+00:00,14231,291,291,,Garland Road Clinic,Bus Open Data,264967
67382417,2026-09-26T07:00:00+00:00,14231,291,291,,Queen Elizabeth Hospital / West Entrance,Bus Open Data,264968
67390186,2026-09-26T07:24:00+00:00,14231,291,291,,Queen Elizabeth Hospital / West Entrance,Bus Open Data,264969
67394145,2026-09-26T07:31:00+00:00,14231,291,291,,Garland Road Clinic,Bus Open Data,264970
67400639,2026-09-26T07:51:00+00:00,14231,291,291,,Queen Elizabeth Hospital / West Entrance,Bus Open Data,264971
67410221,2026-09-26T08:17:00+00:00,14231,291,291,,Queen Elizabeth Hospital / West Entrance,Bus Open Data,264972
67416180,2026-09-26T08:29:00+00:00,14231,291,291,,Garland Road Clinic,Bus Open Data,264973
67422988,2026-09-26T08:50:00+00:00,14231,291,291,,Queen Elizabeth Hospital / West Entrance,Bus Open Data,264974
67433957,2026-09-26T09:18:00+00:00,14231,291,291,,Queen Elizabeth Hospital / West Entrance,Bus Open Data,264975
67440604,2026-09-26T09:28:00+00:00,14231,291,291,,Garland Road Clinic,Bus Open Data,264976
67447877,2026-09-26T09:50:00+00:00,14231,291,291,,Queen Elizabeth Hospital / West Entrance,Bus Open Data,264977
67458765,2026-09-26T10:18:00+00:00,14231,291,291,,Queen Elizabeth Hospital / West Entrance,Bus Open Data,264978
67468760,2026-09-26T10:39:00+00:00,14231,291,291,,Garland Road Clinic,Bus Open Data,264979
67480290,2026-09-26T11:02:00+00:00,14231,291,291,,Queen Elizabeth Hospital / West Entrance,Bus Open Data,264980
67494316,2026-09-26T11:31:00+00:00,14231,291,291,,Queen Elizabeth Hospital / West Entrance,Bus Open Data,264981
67496665,2026-09-26T11:51:00+00:00,14231,291,291,,Garland Road Clinic,Bus Open Data,264982
67504855,2026-09-26T12:14:00+00:00,14231,291,291,,Queen Elizabeth Hospital / West Entrance,Bus Open Data,264983
67516046,2026-09-26T12:44:00+00:00,14231,291,291,,Queen Elizabeth Hospital / West Entrance,Bus Open Data,264984
67524417,2026-09-26T13:03:00+00:00,14231,291,291,,Garland Road Clinic,Bus Open Data,264985
67534781,2026-09-26T13:26:00+00:00,14231,291,291,,Queen Elizabeth Hospital / West Entrance,Bus Open Data,264986
67546301,2026-09-26T13:55:00+00:00,14231,291,291,,Queen Elizabeth Hospital / West Entrance,Bus Open Data,264987
67551505,2026-09-26T14:15:00+00:00,14231,291,291,,Garland Road Clinic,Bus Open Data,264988
67561870,2026-09-26T14:38:00+00:00,14231,291,291,,Queen Elizabeth Hospital / West Entrance,Bus Open Data,264989
67574059,2026-09-26T15:07:00+00:00,14231,291,291,,Queen Elizabeth Hospital / West Entrance,Bus Open Data,264990
