id,datetime,route_name,direction,destination,line_name,description
2452,2026-03-27 17:45:00+01,60,"",Gedling,60,Nottingham - Gedling
88768,2026-03-28 11:03:00+01,60,"",Nottingham,60,Nottingham - Gedling
95817,2026-03-28 11:35:00+01,60,"",Gedling,60,Nottingham - Gedling
105970,2026-03-28 12:13:00+01,60,"",Nottingham,60,Nottingham - Gedling
112613,2026-03-28 12:45:00+01,60,"",Gedling,60,Nottingham - Gedling
121612,2026-03-28 13:23:00+01,60,"",Nottingham,60,Nottingham - Gedling
135748,2026-03-28 13:55:00+01,60,"",Gedling,60,Nottingham - Gedling
143753,2026-03-28 14:33:00+01,60,"",Nottingham,60,Nottingham - Gedling
153567,2026-03-28 15:05:00+01,60,"",Gedling,60,Nottingham - Gedling
162104,2026-03-28 15:43:00+01,60,"",Nottingham,60,Nottingham - Gedling
171707,2026-03-28 16:15:00+01,60,"",Gedling,60,Nottingham - Gedling
182364,2026-03-28 16:53:00+01,60,"",Nottingham,60,Nottingham - Gedling
196925,2026-03-28 17:25:00+01,60,"",Gedling,60,Nottingham - Gedling
211044,2026-03-28 18:03:00+01,60,"",Nottingham,60,Nottingham - Gedling
224807,2026-03-28 18:35:00+01,60,"",Gedling,60,Nottingham - Gedling
239858,2026-03-28 19:13:00+01,60,"",Nottingham,60,Nottingham - Gedling
248475,2026-03-28 19:45:00+01,60,"",Gedling,60,Nottingham - Gedling
258582,2026-03-28 20:13:00+01,60,"",Nottingham,60,Nottingham - Gedling
265320,2026-03-28 20:45:00+01,60,"",Gedling,60,Nottingham - Gedling
273732,2026-03-28 21:13:00+01,60,"",Nottingham,60,Nottingham - Gedling
279467,2026-03-28 21:45:00+01,60,"",Gedling,60,Nottingham - Gedling
287569,2026-03-28 22:13:00+01,60,"",Nottingham,60,Nottingham - Gedling
292568,2026-03-28 22:45:00+01,60,"",Gedling,60,Nottingham - Gedling
299608,2026-03-28 23:13:00+01,60,"",Nottingham,60,Nottingham - Gedling
304692,2026-03-28 23:45:00+01,60,"",Gedling,60,Nottingham - Gedling
311039,2026-03-29 00:10:00+01,60,"",Nottingham,60,Nottingham - Gedling
590132,2026-03-30 07:14:00+02,60,"",Nottingham,60,Nottingham - Gedling
599922,2026-03-30 07:45:00+02,60,"",Gedling,60,Nottingham - Gedling
613521,2026-03-30 08:11:00+02,60,"",Nottingham,60,Nottingham - Gedling
626314,2026-03-30 08:48:00+02,60,"",Gedling,60,Nottingham - Gedling
641293,2026-03-30 09:21:00+02,60,"",Nottingham,60,Nottingham - Gedling
659182,2026-03-30 09:58:00+02,60,"",Gedling,60,Nottingham - Gedling
676918,2026-03-30 10:33:00+02,60,"",Nottingham,60,Nottingham - Gedling
690475,2026-03-30 11:05:00+02,60,"",Gedling,60,Nottingham - Gedling
706057,2026-03-30 11:43:00+02,60,"",Nottingham,60,Nottingham - Gedling
721053,2026-03-30 12:15:00+02,60,"",Gedling,60,Nottingham - Gedling
736757,2026-03-30 12:53:00+02,60,"",Nottingham,60,Nottingham - Gedling
753998,2026-03-30 13:25:00+02,60,"",Gedling,60,Nottingham - Gedling
771208,2026-03-30 14:03:00+02,60,"",Nottingham,60,Nottingham - Gedling
784170,2026-03-30 14:35:00+02,60,"",Gedling,60,Nottingham - Gedling
798647,2026-03-30 15:13:00+02,60,"",Nottingham,60,Nottingham - Gedling
816212,2026-03-30 15:45:00+02,60,"",Gedling,60,Nottingham - Gedling
832614,2026-03-30 16:21:00+02,60,"",Nottingham,60,Nottingham - Gedling
844062,2026-03-30 16:55:00+02,60,"",Gedling,60,Nottingham - Gedling
858939,2026-03-30 17:33:00+02,60,"",Nottingham,60,Nottingham - Gedling
874259,2026-03-30 18:05:00+02,60,"",Gedling,60,Nottingham - Gedling
888866,2026-03-30 18:43:00+02,60,"",Nottingham,60,Nottingham - Gedling
902325,2026-03-30 19:15:00+02,60,"",Gedling,60,Nottingham - Gedling
914792,2026-03-30 19:43:00+02,60,"",Nottingham,60,Nottingham - Gedling
922812,2026-03-30 20:15:00+02,60,"",Gedling,60,Nottingham - Gedling
932682,2026-03-30 20:43:00+02,60,"",Nottingham,60,Nottingham - Gedling
940114,2026-03-30 21:15:00+02,60,"",Gedling,60,Nottingham - Gedling
947997,2026-03-30 21:43:00+02,60,"",Nottingham,60,Nottingham - Gedling
1016314,2026-03-31 07:14:00+02,60,"",Nottingham,60,Nottingham - Gedling
1022807,2026-03-31 07:45:00+02,60,"",Gedling,60,Nottingham - Gedling
1039193,2026-03-31 08:11:00+02,60,"",Nottingham,60,Nottingham - Gedling
1055245,2026-03-31 08:48:00+02,60,"",Gedling,60,Nottingham - Gedling
1068299,2026-03-31 09:21:00+02,60,"",Nottingham,60,Nottingham - Gedling
1084541,2026-03-31 09:58:00+02,60,"",Gedling,60,Nottingham - Gedling
1101404,2026-03-31 10:33:00+02,60,"",Nottingham,60,Nottingham - Gedling
1118082,2026-03-31 11:05:00+02,60,"",Gedling,60,Nottingham - Gedling
1130517,2026-03-31 11:43:00+02,60,"",Nottingham,60,Nottingham - Gedling
1150049,2026-03-31 12:15:00+02,60,"",Gedling,60,Nottingham - Gedling
1164266,2026-03-31 12:53:00+02,60,"",Nottingham,60,Nottingham - Gedling
1177326,2026-03-31 13:25:00+02,60,"",Gedling,60,Nottingham - Gedling
1191369,2026-03-31 14:03:00+02,60,"",Nottingham,60,Nottingham - Gedling
1207742,2026-03-31 14:35:00+02,60,"",Gedling,60,Nottingham - Gedling
1226237,2026-03-31 15:13:00+02,60,"",Nottingham,60,Nottingham - Gedling
1239418,2026-03-31 15:45:00+02,60,"",Gedling,60,Nottingham - Gedling
1254148,2026-03-31 16:21:00+02,60,"",Nottingham,60,Nottingham - Gedling
1268813,2026-03-31 16:55:00+02,60,"",Gedling,60,Nottingham - Gedling
1285317,2026-03-31 17:33:00+02,60,"",Nottingham,60,Nottingham - Gedling
1298969,2026-03-31 18:05:00+02,60,"",Gedling,60,Nottingham - Gedling
1313856,2026-03-31 18:43:00+02,60,"",Nottingham,60,Nottingham - Gedling
1329017,2026-03-31 19:15:00+02,60,"",Gedling,60,Nottingham - Gedling
1339760,2026-03-31 19:43:00+02,60,"",Nottingham,60,Nottingham - Gedling
1348529,2026-03-31 20:15:00+02,60,"",Gedling,60,Nottingham - Gedling
1359144,2026-03-31 20:43:00+02,60,"",Nottingham,60,Nottingham - Gedling
1365471,2026-03-31 21:15:00+02,60,"",Gedling,60,Nottingham - Gedling
1373042,2026-03-31 21:43:00+02,60,"",Nottingham,60,Nottingham - Gedling
1443276,2026-04-01 07:14:00+02,60,"",Nottingham,60,Nottingham - Gedling
1451359,2026-04-01 07:45:00+02,60,"",Gedling,60,Nottingham - Gedling
1466013,2026-04-01 08:11:00+02,60,"",Nottingham,60,Nottingham - Gedling
1480135,2026-04-01 08:48:00+02,60,"",Gedling,60,Nottingham - Gedling
1498544,2026-04-01 09:21:00+02,60,"",Nottingham,60,Nottingham - Gedling
1510571,2026-04-01 09:58:00+02,60,"",Gedling,60,Nottingham - Gedling
1526139,2026-04-01 10:33:00+02,60,"",Nottingham,60,Nottingham - Gedling
1543171,2026-04-01 11:05:00+02,60,"",Gedling,60,Nottingham - Gedling
1558271,2026-04-01 11:43:00+02,60,"",Nottingham,60,Nottingham - Gedling
1572975,2026-04-01 12:15:00+02,60,"",Gedling,60,Nottingham - Gedling
1587946,2026-04-01 12:53:00+02,60,"",Nottingham,60,Nottingham - Gedling
1603672,2026-04-01 13:25:00+02,60,"",Gedling,60,Nottingham - Gedling
1621692,2026-04-01 14:03:00+02,60,"",Nottingham,60,Nottingham - Gedling
1639658,2026-04-01 14:35:00+02,60,"",Gedling,60,Nottingham - Gedling
1654169,2026-04-01 15:13:00+02,60,"",Nottingham,60,Nottingham - Gedling
1667852,2026-04-01 15:45:00+02,60,"",Gedling,60,Nottingham - Gedling
1684005,2026-04-01 16:21:00+02,60,"",Nottingham,60,Nottingham - Gedling
1696527,2026-04-01 16:55:00+02,60,"",Gedling,60,Nottingham - Gedling
1712941,2026-04-01 17:33:00+02,60,"",Nottingham,60,Nottingham - Gedling
1729179,2026-04-01 18:05:00+02,60,"",Gedling,60,Nottingham - Gedling
1742786,2026-04-01 18:43:00+02,60,"",Nottingham,60,Nottingham - Gedling
1755641,2026-04-01 19:15:00+02,60,"",Gedling,60,Nottingham - Gedling
1768149,2026-04-01 19:43:00+02,60,"",Nottingham,60,Nottingham - Gedling
1776978,2026-04-01 20:15:00+02,60,"",Gedling,60,Nottingham - Gedling
1786049,2026-04-01 20:43:00+02,60,"",Nottingham,60,Nottingham - Gedling
1792875,2026-04-01 21:15:00+02,60,"",Gedling,60,Nottingham - Gedling
1801109,2026-04-01 21:43:00+02,60,"",Nottingham,60,Nottingham - Gedling
1881223,2026-04-02 07:41:00+02,60,"",Nottingham,60,Nottingham - Gedling
1896452,2026-04-02 08:15:00+02,60,"",Gedling,60,Nottingham - Gedling
1911322,2026-04-02 08:41:00+02,60,"",Nottingham,60,Nottingham - Gedling
1922252,2026-04-02 09:18:00+02,60,"",Gedling,60,Nottingham - Gedling
1936683,2026-04-02 09:52:00+02,60,"",Nottingham,60,Nottingham - Gedling
1950743,2026-04-02 10:25:00+02,60,"",Gedling,60,Nottingham - Gedling
1970351,2026-04-02 11:03:00+02,60,"",Nottingham,60,Nottingham - Gedling
1983425,2026-04-02 11:35:00+02,60,"",Gedling,60,Nottingham - Gedling
2001729,2026-04-02 12:13:00+02,60,"",Nottingham,60,Nottingham - Gedling
2015113,2026-04-02 12:45:00+02,60,"",Gedling,60,Nottingham - Gedling
2032664,2026-04-02 13:23:00+02,60,"",Nottingham,60,Nottingham - Gedling
2045364,2026-04-02 13:55:00+02,60,"",Gedling,60,Nottingham - Gedling
2063515,2026-04-02 14:33:00+02,60,"",Nottingham,60,Nottingham - Gedling
2075421,2026-04-02 15:05:00+02,60,"",Gedling,60,Nottingham - Gedling
2091780,2026-04-02 15:43:00+02,60,"",Nottingham,60,Nottingham - Gedling
2106003,2026-04-02 16:15:00+02,60,"",Gedling,60,Nottingham - Gedling
2120407,2026-04-02 16:51:00+02,60,"",Nottingham,60,Nottingham - Gedling
2137098,2026-04-02 17:25:00+02,60,"",Gedling,60,Nottingham - Gedling
2153542,2026-04-02 18:03:00+02,60,"",Nottingham,60,Nottingham - Gedling
2166617,2026-04-02 18:35:00+02,60,"",Gedling,60,Nottingham - Gedling
2180873,2026-04-02 19:13:00+02,60,"",Nottingham,60,Nottingham - Gedling
2193594,2026-04-02 19:45:00+02,60,"",Gedling,60,Nottingham - Gedling
2204001,2026-04-02 20:13:00+02,60,"",Nottingham,60,Nottingham - Gedling
2211687,2026-04-02 20:45:00+02,60,"",Gedling,60,Nottingham - Gedling
2220049,2026-04-02 21:13:00+02,60,"",Nottingham,60,Nottingham - Gedling
2226315,2026-04-02 21:45:00+02,60,"",Gedling,60,Nottingham - Gedling
2234555,2026-04-02 22:13:00+02,60,"",Nottingham,60,Nottingham - Gedling
2239489,2026-04-02 22:45:00+02,60,"",Gedling,60,Nottingham - Gedling
2246925,2026-04-02 23:13:00+02,60,"",Nottingham,60,Nottingham - Gedling
2251758,2026-04-02 23:45:00+02,60,"",Gedling,60,Nottingham - Gedling
2258108,2026-04-03 00:10:00+02,60,"",Nottingham,60,Nottingham - Gedling
2694065,2026-04-04 10:53:00+02,60,"",Nottingham,60,Nottingham - Gedling
2705733,2026-04-04 11:25:00+02,60,"",Gedling,60,Nottingham - Gedling
2719737,2026-04-04 12:03:00+02,60,"",Nottingham,60,Nottingham - Gedling
2735581,2026-04-04 12:35:00+02,60,"",Gedling,60,Nottingham - Gedling
2751767,2026-04-04 13:13:00+02,60,"",Nottingham,60,Nottingham - Gedling
2765789,2026-04-04 13:45:00+02,60,"",Gedling,60,Nottingham - Gedling
2778509,2026-04-04 14:23:00+02,60,"",Nottingham,60,Nottingham - Gedling
2798814,2026-04-04 14:55:00+02,60,"",Gedling,60,Nottingham - Gedling
2810359,2026-04-04 15:33:00+02,60,"",Nottingham,60,Nottingham - Gedling
2825879,2026-04-04 16:05:00+02,60,"",Gedling,60,Nottingham - Gedling
2836497,2026-04-04 16:43:00+02,60,"",Nottingham,60,Nottingham - Gedling
2853954,2026-04-04 17:15:00+02,60,"",Gedling,60,Nottingham - Gedling
2869053,2026-04-04 17:53:00+02,60,"",Nottingham,60,Nottingham - Gedling
2882001,2026-04-04 18:25:00+02,60,"",Gedling,60,Nottingham - Gedling
2896170,2026-04-04 18:58:00+02,60,"",Nottingham,60,Nottingham - Gedling
2904826,2026-04-04 19:30:00+02,60,"",Gedling,60,Nottingham - Gedling
2915305,2026-04-04 19:58:00+02,60,"",Nottingham,60,Nottingham - Gedling
2924158,2026-04-04 20:30:00+02,60,"",Gedling,60,Nottingham - Gedling
2931560,2026-04-04 20:58:00+02,60,"",Nottingham,60,Nottingham - Gedling
3499437,2026-04-07 06:31:00+02,60,"",Nottingham,60,Nottingham - Gedling
3504936,2026-04-07 07:02:00+02,60,"",Gedling,60,Nottingham - Gedling
3516248,2026-04-07 07:29:00+02,60,"",Nottingham,60,Nottingham - Gedling
3524590,2026-04-07 08:00:00+02,60,"",Gedling,60,Nottingham - Gedling
3541120,2026-04-07 08:31:00+02,60,"",Nottingham,60,Nottingham - Gedling
3554334,2026-04-07 09:08:00+02,60,"",Gedling,60,Nottingham - Gedling
3571789,2026-04-07 09:42:00+02,60,"",Nottingham,60,Nottingham - Gedling
3583644,2026-04-07 10:16:00+02,60,"",Gedling,60,Nottingham - Gedling
3603356,2026-04-07 10:53:00+02,60,"",Nottingham,60,Nottingham - Gedling
3617152,2026-04-07 11:25:00+02,60,"",Gedling,60,Nottingham - Gedling
3635120,2026-04-07 12:03:00+02,60,"",Nottingham,60,Nottingham - Gedling
3645398,2026-04-07 12:35:00+02,60,"",Gedling,60,Nottingham - Gedling
3665765,2026-04-07 13:13:00+02,60,"",Nottingham,60,Nottingham - Gedling
3679221,2026-04-07 13:45:00+02,60,"",Gedling,60,Nottingham - Gedling
3696747,2026-04-07 14:23:00+02,60,"",Nottingham,60,Nottingham - Gedling
3707217,2026-04-07 14:55:00+02,60,"",Gedling,60,Nottingham - Gedling
3725697,2026-04-07 15:33:00+02,60,"",Nottingham,60,Nottingham - Gedling
3740110,2026-04-07 16:05:00+02,60,"",Gedling,60,Nottingham - Gedling
3753716,2026-04-07 16:41:00+02,60,"",Nottingham,60,Nottingham - Gedling
3768175,2026-04-07 17:15:00+02,60,"",Gedling,60,Nottingham - Gedling
3785038,2026-04-07 17:53:00+02,60,"",Nottingham,60,Nottingham - Gedling
3799135,2026-04-07 18:25:00+02,60,"",Gedling,60,Nottingham - Gedling
3811710,2026-04-07 19:03:00+02,60,"",Nottingham,60,Nottingham - Gedling
3825670,2026-04-07 19:35:00+02,60,"",Gedling,60,Nottingham - Gedling
3971890,2026-04-08 08:51:00+02,60,"",Nottingham,60,Nottingham - Gedling
3984796,2026-04-08 09:28:00+02,60,"",Gedling,60,Nottingham - Gedling
4003363,2026-04-08 10:03:00+02,60,"",Nottingham,60,Nottingham - Gedling
4015651,2026-04-08 10:35:00+02,60,"",Gedling,60,Nottingham - Gedling
4035210,2026-04-08 11:13:00+02,60,"",Nottingham,60,Nottingham - Gedling
4048733,2026-04-08 11:45:00+02,60,"",Gedling,60,Nottingham - Gedling
4062235,2026-04-08 12:23:00+02,60,"",Nottingham,60,Nottingham - Gedling
4078084,2026-04-08 12:55:00+02,60,"",Gedling,60,Nottingham - Gedling
4092788,2026-04-08 13:33:00+02,60,"",Nottingham,60,Nottingham - Gedling
4107796,2026-04-08 14:05:00+02,60,"",Gedling,60,Nottingham - Gedling
4128357,2026-04-08 14:43:00+02,60,"",Nottingham,60,Nottingham - Gedling
4139430,2026-04-08 15:15:00+02,60,"",Gedling,60,Nottingham - Gedling
4156332,2026-04-08 15:53:00+02,60,"",Nottingham,60,Nottingham - Gedling
4169619,2026-04-08 16:25:00+02,60,"",Gedling,60,Nottingham - Gedling
4184890,2026-04-08 17:01:00+02,60,"",Nottingham,60,Nottingham - Gedling
4197097,2026-04-08 17:35:00+02,60,"",Gedling,60,Nottingham - Gedling
4213836,2026-04-08 18:13:00+02,60,"",Nottingham,60,Nottingham - Gedling
4228637,2026-04-08 18:45:00+02,60,"",Gedling,60,Nottingham - Gedling
4243042,2026-04-08 19:28:00+02,60,"",Nottingham,60,Nottingham - Gedling
4254061,2026-04-08 20:00:00+02,60,"",Gedling,60,Nottingham - Gedling
4263214,2026-04-08 20:28:00+02,60,"",Nottingham,60,Nottingham - Gedling
4335274,2026-04-09 06:01:00+02,60,"",Nottingham,60,Nottingham - Gedling
4338588,2026-04-09 06:32:00+02,60,"",Gedling,60,Nottingham - Gedling
4346322,2026-04-09 06:59:00+02,60,"",Nottingham,60,Nottingham - Gedling
4354360,2026-04-09 07:30:00+02,60,"",Gedling,60,Nottingham - Gedling
4370246,2026-04-09 08:01:00+02,60,"",Nottingham,60,Nottingham - Gedling
4381349,2026-04-09 08:38:00+02,60,"",Gedling,60,Nottingham - Gedling
4401168,2026-04-09 09:11:00+02,60,"",Nottingham,60,Nottingham - Gedling
4412327,2026-04-09 09:48:00+02,60,"",Gedling,60,Nottingham - Gedling
4430937,2026-04-09 10:23:00+02,60,"",Nottingham,60,Nottingham - Gedling
4443409,2026-04-09 10:55:00+02,60,"",Gedling,60,Nottingham - Gedling
4461675,2026-04-09 11:33:00+02,60,"",Nottingham,60,Nottingham - Gedling
4475508,2026-04-09 12:05:00+02,60,"",Gedling,60,Nottingham - Gedling
4492126,2026-04-09 12:43:00+02,60,"",Nottingham,60,Nottingham - Gedling
4506556,2026-04-09 13:15:00+02,60,"",Gedling,60,Nottingham - Gedling
4522181,2026-04-09 13:53:00+02,60,"",Nottingham,60,Nottingham - Gedling
4537954,2026-04-09 14:25:00+02,60,"",Gedling,60,Nottingham - Gedling
4552293,2026-04-09 15:03:00+02,60,"",Nottingham,60,Nottingham - Gedling
4568908,2026-04-09 15:35:00+02,60,"",Gedling,60,Nottingham - Gedling
4586143,2026-04-09 16:11:00+02,60,"",Nottingham,60,Nottingham - Gedling
4597161,2026-04-09 16:45:00+02,60,"",Gedling,60,Nottingham - Gedling
4616726,2026-04-09 17:23:00+02,60,"",Nottingham,60,Nottingham - Gedling
4628618,2026-04-09 17:55:00+02,60,"",Gedling,60,Nottingham - Gedling
4646102,2026-04-09 18:33:00+02,60,"",Nottingham,60,Nottingham - Gedling
4655837,2026-04-09 19:05:00+02,60,"",Gedling,60,Nottingham - Gedling
4763804,2026-04-10 06:31:00+02,60,"",Nottingham,60,Nottingham - Gedling
4769193,2026-04-10 07:02:00+02,60,"",Gedling,60,Nottingham - Gedling
4779321,2026-04-10 07:29:00+02,60,"",Nottingham,60,Nottingham - Gedling
4785586,2026-04-10 08:00:00+02,60,"",Gedling,60,Nottingham - Gedling
4807012,2026-04-10 08:31:00+02,60,"",Nottingham,60,Nottingham - Gedling
4818298,2026-04-10 09:08:00+02,60,"",Gedling,60,Nottingham - Gedling
4834110,2026-04-10 09:42:00+02,60,"",Nottingham,60,Nottingham - Gedling
4849403,2026-04-10 10:16:00+02,60,"",Gedling,60,Nottingham - Gedling
4867109,2026-04-10 10:53:00+02,60,"",Nottingham,60,Nottingham - Gedling
4881751,2026-04-10 11:25:00+02,60,"",Gedling,60,Nottingham - Gedling
4899360,2026-04-10 12:03:00+02,60,"",Nottingham,60,Nottingham - Gedling
4911304,2026-04-10 12:35:00+02,60,"",Gedling,60,Nottingham - Gedling
4927992,2026-04-10 13:13:00+02,60,"",Nottingham,60,Nottingham - Gedling
4945933,2026-04-10 13:45:00+02,60,"",Gedling,60,Nottingham - Gedling
4961642,2026-04-10 14:23:00+02,60,"",Nottingham,60,Nottingham - Gedling
4976368,2026-04-10 14:55:00+02,60,"",Gedling,60,Nottingham - Gedling
4990287,2026-04-10 15:33:00+02,60,"",Nottingham,60,Nottingham - Gedling
5003442,2026-04-10 16:05:00+02,60,"",Gedling,60,Nottingham - Gedling
5019060,2026-04-10 16:41:00+02,60,"",Nottingham,60,Nottingham - Gedling
5033689,2026-04-10 17:15:00+02,60,"",Gedling,60,Nottingham - Gedling
5048623,2026-04-10 17:53:00+02,60,"",Nottingham,60,Nottingham - Gedling
5064359,2026-04-10 18:25:00+02,60,"",Gedling,60,Nottingham - Gedling
5077887,2026-04-10 19:03:00+02,60,"",Nottingham,60,Nottingham - Gedling
5090953,2026-04-10 19:35:00+02,60,"",Gedling,60,Nottingham - Gedling
5193512,2026-04-11 07:14:00+02,60,"",Nottingham,60,Nottingham - Gedling
5197663,2026-04-11 07:45:00+02,60,"",Gedling,60,Nottingham - Gedling
5206047,2026-04-11 08:12:00+02,60,"",Nottingham,60,Nottingham - Gedling
5214055,2026-04-11 08:45:00+02,60,"",Gedling,60,Nottingham - Gedling
5224891,2026-04-11 09:11:00+02,60,"",Nottingham,60,Nottingham - Gedling
5235498,2026-04-11 09:45:00+02,60,"",Gedling,60,Nottingham - Gedling
5247818,2026-04-11 10:11:00+02,60,"",Nottingham,60,Nottingham - Gedling
5260559,2026-04-11 10:45:00+02,60,"",Gedling,60,Nottingham - Gedling
5275791,2026-04-11 11:23:00+02,60,"",Nottingham,60,Nottingham - Gedling
5291152,2026-04-11 11:55:00+02,60,"",Gedling,60,Nottingham - Gedling
5306247,2026-04-11 12:33:00+02,60,"",Nottingham,60,Nottingham - Gedling
5320794,2026-04-11 13:05:00+02,60,"",Gedling,60,Nottingham - Gedling
5332639,2026-04-11 13:43:00+02,60,"",Nottingham,60,Nottingham - Gedling
5350161,2026-04-11 14:15:00+02,60,"",Gedling,60,Nottingham - Gedling
5368897,2026-04-11 14:53:00+02,60,"",Nottingham,60,Nottingham - Gedling
5380518,2026-04-11 15:25:00+02,60,"",Gedling,60,Nottingham - Gedling
5391478,2026-04-11 16:03:00+02,60,"",Nottingham,60,Nottingham - Gedling
5408086,2026-04-11 16:35:00+02,60,"",Gedling,60,Nottingham - Gedling
5421818,2026-04-11 17:13:00+02,60,"",Nottingham,60,Nottingham - Gedling
5438347,2026-04-11 17:45:00+02,60,"",Gedling,60,Nottingham - Gedling
5451630,2026-04-11 18:28:00+02,60,"",Nottingham,60,Nottingham - Gedling
5467847,2026-04-11 19:00:00+02,60,"",Gedling,60,Nottingham - Gedling
5571066,2026-04-12 07:01:00+02,60,"",Nottingham,60,Nottingham - Gedling
5573507,2026-04-12 07:32:00+02,60,"",Gedling,60,Nottingham - Gedling
5577204,2026-04-12 08:01:00+02,60,"",Nottingham,60,Nottingham - Gedling
5580771,2026-04-12 08:32:00+02,60,"",Gedling,60,Nottingham - Gedling
5585942,2026-04-12 09:01:00+02,60,"",Nottingham,60,Nottingham - Gedling
5590399,2026-04-12 09:32:00+02,60,"",Gedling,60,Nottingham - Gedling
5596817,2026-04-12 10:01:00+02,60,"",Nottingham,60,Nottingham - Gedling
5603246,2026-04-12 10:30:00+02,60,"",Gedling,60,Nottingham - Gedling
5614004,2026-04-12 11:06:00+02,60,"",Nottingham,60,Nottingham - Gedling
5620056,2026-04-12 11:35:00+02,60,"",Gedling,60,Nottingham - Gedling
5628757,2026-04-12 12:06:00+02,60,"",Nottingham,60,Nottingham - Gedling
5635725,2026-04-12 12:35:00+02,60,"",Gedling,60,Nottingham - Gedling
5644233,2026-04-12 13:06:00+02,60,"",Nottingham,60,Nottingham - Gedling
5650455,2026-04-12 13:35:00+02,60,"",Gedling,60,Nottingham - Gedling
5658295,2026-04-12 14:06:00+02,60,"",Nottingham,60,Nottingham - Gedling
5666303,2026-04-12 14:35:00+02,60,"",Gedling,60,Nottingham - Gedling
5674651,2026-04-12 15:06:00+02,60,"",Nottingham,60,Nottingham - Gedling
5681225,2026-04-12 15:35:00+02,60,"",Gedling,60,Nottingham - Gedling
5687480,2026-04-12 16:06:00+02,60,"",Nottingham,60,Nottingham - Gedling
5695048,2026-04-12 16:35:00+02,60,"",Gedling,60,Nottingham - Gedling
5702659,2026-04-12 17:06:00+02,60,"",Nottingham,60,Nottingham - Gedling
5710636,2026-04-12 17:35:00+02,60,"",Gedling,60,Nottingham - Gedling
5722131,2026-04-12 18:16:00+02,60,"",Nottingham,60,Nottingham - Gedling
5727937,2026-04-12 18:45:00+02,60,"",Gedling,60,Nottingham - Gedling
5735681,2026-04-12 19:16:00+02,60,"",Nottingham,60,Nottingham - Gedling
5741007,2026-04-12 19:45:00+02,60,"",Gedling,60,Nottingham - Gedling
5746637,2026-04-12 20:16:00+02,60,"",Nottingham,60,Nottingham - Gedling
5752940,2026-04-12 20:45:00+02,60,"",Gedling,60,Nottingham - Gedling
5759110,2026-04-12 21:16:00+02,60,"",Nottingham,60,Nottingham - Gedling
5763479,2026-04-12 21:45:00+02,60,"",Gedling,60,Nottingham - Gedling
5770189,2026-04-12 22:16:00+02,60,"",Nottingham,60,Nottingham - Gedling
5774356,2026-04-12 22:45:00+02,60,"",Gedling,60,Nottingham - Gedling
5841130,2026-04-13 07:51:00+02,60,"",Nottingham,60,Nottingham - Gedling
5852108,2026-04-13 08:28:00+02,60,"",Gedling,60,Nottingham - Gedling
5874225,2026-04-13 09:01:00+02,60,"",Nottingham,60,Nottingham - Gedling
5885411,2026-04-13 09:38:00+02,60,"",Gedling,60,Nottingham - Gedling
5905528,2026-04-13 10:13:00+02,60,"",Nottingham,60,Nottingham - Gedling
5917033,2026-04-13 10:45:00+02,60,outbound,Gedling,60,Nottingham - Gedling
5931479,2026-04-13 11:23:00+02,60,"",Nottingham,60,Nottingham - Gedling
5948108,2026-04-13 11:55:00+02,60,"",Gedling,60,Nottingham - Gedling
5965021,2026-04-13 12:33:00+02,60,"",Nottingham,60,Nottingham - Gedling
5978924,2026-04-13 13:05:00+02,60,"",Gedling,60,Nottingham - Gedling
5998717,2026-04-13 13:43:00+02,60,"",Nottingham,60,Nottingham - Gedling
6010829,2026-04-13 14:15:00+02,60,"",Gedling,60,Nottingham - Gedling
6029955,2026-04-13 14:53:00+02,60,"",Nottingham,60,Nottingham - Gedling
6043195,2026-04-13 15:25:00+02,60,"",Gedling,60,Nottingham - Gedling
6060477,2026-04-13 16:01:00+02,60,"",Nottingham,60,Nottingham - Gedling
6074860,2026-04-13 16:35:00+02,60,"",Gedling,60,Nottingham - Gedling
6089377,2026-04-13 17:12:00+02,60,"",Nottingham,60,Nottingham - Gedling
6104731,2026-04-13 17:45:00+02,60,"",Gedling,60,Nottingham - Gedling
6120792,2026-04-13 18:23:00+02,60,"",Nottingham,60,Nottingham - Gedling
6133720,2026-04-13 18:55:00+02,60,"",Gedling,60,Nottingham - Gedling
6246457,2026-04-14 06:31:00+02,60,"",Nottingham,60,Nottingham - Gedling
6252266,2026-04-14 07:02:00+02,60,"",Gedling,60,Nottingham - Gedling
6263433,2026-04-14 07:29:00+02,60,"",Nottingham,60,Nottingham - Gedling
6273649,2026-04-14 08:00:00+02,60,"",Gedling,60,Nottingham - Gedling
6288915,2026-04-14 08:31:00+02,60,"",Nottingham,60,Nottingham - Gedling
6302754,2026-04-14 09:08:00+02,60,"",Gedling,60,Nottingham - Gedling
6317550,2026-04-14 09:42:00+02,60,"",Nottingham,60,Nottingham - Gedling
6337909,2026-04-14 10:16:00+02,60,"",Gedling,60,Nottingham - Gedling
6347899,2026-04-14 10:53:00+02,60,"",Nottingham,60,Nottingham - Gedling
6363892,2026-04-14 11:25:00+02,60,"",Gedling,60,Nottingham - Gedling
6386347,2026-04-14 12:03:00+02,60,"",Nottingham,60,Nottingham - Gedling
6397860,2026-04-14 12:35:00+02,60,"",Gedling,60,Nottingham - Gedling
6415138,2026-04-14 13:13:00+02,60,"",Nottingham,60,Nottingham - Gedling
6427561,2026-04-14 13:45:00+02,60,"",Gedling,60,Nottingham - Gedling
6447134,2026-04-14 14:23:00+02,60,"",Nottingham,60,Nottingham - Gedling
6460145,2026-04-14 14:55:00+02,60,"",Gedling,60,Nottingham - Gedling
6478175,2026-04-14 15:33:00+02,60,"",Nottingham,60,Nottingham - Gedling
6491457,2026-04-14 16:05:00+02,60,"",Gedling,60,Nottingham - Gedling
6509375,2026-04-14 16:41:00+02,60,"",Nottingham,60,Nottingham - Gedling
6521121,2026-04-14 17:15:00+02,60,"",Gedling,60,Nottingham - Gedling
6540701,2026-04-14 17:53:00+02,60,"",Nottingham,60,Nottingham - Gedling
6553298,2026-04-14 18:25:00+02,60,"",Gedling,60,Nottingham - Gedling
6569574,2026-04-14 19:03:00+02,60,"",Nottingham,60,Nottingham - Gedling
6580039,2026-04-14 19:35:00+02,60,"",Gedling,60,Nottingham - Gedling
6670568,2026-04-15 06:01:00+02,60,"",Nottingham,60,Nottingham - Gedling
6675829,2026-04-15 06:32:00+02,60,"",Gedling,60,Nottingham - Gedling
6681912,2026-04-15 06:59:00+02,60,"",Nottingham,60,Nottingham - Gedling
6691686,2026-04-15 07:30:00+02,60,"",Gedling,60,Nottingham - Gedling
6707004,2026-04-15 08:01:00+02,60,"",Nottingham,60,Nottingham - Gedling
6719497,2026-04-15 08:38:00+02,60,"",Gedling,60,Nottingham - Gedling
6738881,2026-04-15 09:11:00+02,60,"",Nottingham,60,Nottingham - Gedling
6750939,2026-04-15 09:48:00+02,60,"",Gedling,60,Nottingham - Gedling
6771460,2026-04-15 10:23:00+02,60,"",Nottingham,60,Nottingham - Gedling
6784759,2026-04-15 10:55:00+02,60,"",Gedling,60,Nottingham - Gedling
6801619,2026-04-15 11:33:00+02,60,"",Nottingham,60,Nottingham - Gedling
6817064,2026-04-15 12:05:00+02,60,"",Gedling,60,Nottingham - Gedling
6833080,2026-04-15 12:43:00+02,60,"",Nottingham,60,Nottingham - Gedling
6846616,2026-04-15 13:15:00+02,60,"",Gedling,60,Nottingham - Gedling
6866169,2026-04-15 13:53:00+02,60,"",Nottingham,60,Nottingham - Gedling
6878623,2026-04-15 14:25:00+02,60,"",Gedling,60,Nottingham - Gedling
6893293,2026-04-15 15:03:00+02,60,"",Nottingham,60,Nottingham - Gedling
6908091,2026-04-15 15:35:00+02,60,"",Gedling,60,Nottingham - Gedling
6925481,2026-04-15 16:11:00+02,60,"",Nottingham,60,Nottingham - Gedling
6940798,2026-04-15 16:45:00+02,60,"",Gedling,60,Nottingham - Gedling
6955604,2026-04-15 17:23:00+02,60,"",Nottingham,60,Nottingham - Gedling
6970808,2026-04-15 17:55:00+02,60,"",Gedling,60,Nottingham - Gedling
6987263,2026-04-15 18:33:00+02,60,"",Nottingham,60,Nottingham - Gedling
7000001,2026-04-15 19:05:00+02,60,"",Gedling,60,Nottingham - Gedling
7181355,2026-04-16 09:15:00+02,45,"",Netherfield,45,Nottingham - Victoria Retail Park
7297362,2026-04-16 14:15:00+02,60,"",Gedling,60,Nottingham - Gedling
7307047,2026-04-16 14:53:00+02,60,"",Nottingham,60,Nottingham - Gedling
7314250,2026-04-16 15:25:00+02,60,"",Gedling,60,Nottingham - Gedling
7324737,2026-04-16 16:01:00+02,60,"",Nottingham,60,Nottingham - Gedling
7335068,2026-04-16 16:35:00+02,60,"",Gedling,60,Nottingham - Gedling
7355009,2026-04-16 17:12:00+02,60,"",Nottingham,60,Nottingham - Gedling
7367207,2026-04-16 17:45:00+02,60,"",Gedling,60,Nottingham - Gedling
7385579,2026-04-16 18:23:00+02,60,"",Nottingham,60,Nottingham - Gedling
7397552,2026-04-16 18:55:00+02,60,"",Gedling,60,Nottingham - Gedling
7554036,2026-04-17 08:38:00+02,60,"",Gedling,60,Nottingham - Gedling
7571877,2026-04-17 09:11:00+02,60,"",Nottingham,60,Nottingham - Gedling
7584915,2026-04-17 09:48:00+02,60,"",Gedling,60,Nottingham - Gedling
7599765,2026-04-17 10:23:00+02,60,"",Nottingham,60,Nottingham - Gedling
7617702,2026-04-17 10:55:00+02,60,"",Gedling,60,Nottingham - Gedling
7632741,2026-04-17 11:33:00+02,60,"",Nottingham,60,Nottingham - Gedling
7647700,2026-04-17 12:05:00+02,60,"",Gedling,60,Nottingham - Gedling
7664015,2026-04-17 12:43:00+02,60,"",Nottingham,60,Nottingham - Gedling
7677754,2026-04-17 13:15:00+02,60,"",Gedling,60,Nottingham - Gedling
7692097,2026-04-17 13:53:00+02,60,"",Nottingham,60,Nottingham - Gedling
7708432,2026-04-17 14:25:00+02,60,"",Gedling,60,Nottingham - Gedling
7729199,2026-04-17 15:03:00+02,60,"",Nottingham,60,Nottingham - Gedling
7740005,2026-04-17 15:35:00+02,60,"",Gedling,60,Nottingham - Gedling
7756160,2026-04-17 16:11:00+02,60,"",Nottingham,60,Nottingham - Gedling
7773002,2026-04-17 16:45:00+02,60,"",Gedling,60,Nottingham - Gedling
7789681,2026-04-17 17:23:00+02,60,"",Nottingham,60,Nottingham - Gedling
7801310,2026-04-17 17:55:00+02,60,"",Gedling,60,Nottingham - Gedling
7817603,2026-04-17 18:33:00+02,60,"",Nottingham,60,Nottingham - Gedling
7831624,2026-04-17 19:05:00+02,60,"",Gedling,60,Nottingham - Gedling
7949267,2026-04-18 07:44:00+02,60,"",Nottingham,60,Nottingham - Gedling
7958105,2026-04-18 08:15:00+02,60,"",Gedling,60,Nottingham - Gedling
7966878,2026-04-18 08:41:00+02,60,"",Nottingham,60,Nottingham - Gedling
7977011,2026-04-18 09:15:00+02,60,"",Gedling,60,Nottingham - Gedling
7987916,2026-04-18 09:41:00+02,60,"",Nottingham,60,Nottingham - Gedling
7999881,2026-04-18 10:15:00+02,60,"",Gedling,60,Nottingham - Gedling
8013194,2026-04-18 10:41:00+02,60,"",Nottingham,60,Nottingham - Gedling
8025154,2026-04-18 11:15:00+02,60,"",Gedling,60,Nottingham - Gedling
8043117,2026-04-18 11:53:00+02,60,"",Nottingham,60,Nottingham - Gedling
8055996,2026-04-18 12:25:00+02,60,"",Gedling,60,Nottingham - Gedling
8071020,2026-04-18 13:03:00+02,60,"",Nottingham,60,Nottingham - Gedling
8085729,2026-04-18 13:35:00+02,60,"",Gedling,60,Nottingham - Gedling
8099384,2026-04-18 14:13:00+02,60,"",Nottingham,60,Nottingham - Gedling
8114563,2026-04-18 14:45:00+02,60,"",Gedling,60,Nottingham - Gedling
8132641,2026-04-18 15:23:00+02,60,"",Nottingham,60,Nottingham - Gedling
8143703,2026-04-18 15:55:00+02,60,"",Gedling,60,Nottingham - Gedling
8159322,2026-04-18 16:33:00+02,60,"",Nottingham,60,Nottingham - Gedling
8172398,2026-04-18 17:05:00+02,60,"",Gedling,60,Nottingham - Gedling
8186600,2026-04-18 17:43:00+02,60,"",Nottingham,60,Nottingham - Gedling
8200530,2026-04-18 18:15:00+02,60,"",Gedling,60,Nottingham - Gedling
8322616,2026-04-19 07:01:00+02,60,"",Nottingham,60,Nottingham - Gedling
8325171,2026-04-19 07:32:00+02,60,"",Gedling,60,Nottingham - Gedling
8328346,2026-04-19 08:01:00+02,60,"",Nottingham,60,Nottingham - Gedling
8332287,2026-04-19 08:32:00+02,60,"",Gedling,60,Nottingham - Gedling
8336920,2026-04-19 09:01:00+02,60,"",Nottingham,60,Nottingham - Gedling
8342274,2026-04-19 09:32:00+02,60,"",Gedling,60,Nottingham - Gedling
8348806,2026-04-19 10:01:00+02,60,"",Nottingham,60,Nottingham - Gedling
8355448,2026-04-19 10:30:00+02,60,"",Gedling,60,Nottingham - Gedling
8362425,2026-04-19 11:06:00+02,60,"",Nottingham,60,Nottingham - Gedling
8372888,2026-04-19 11:35:00+02,60,"",Gedling,60,Nottingham - Gedling
8380835,2026-04-19 12:06:00+02,60,"",Nottingham,60,Nottingham - Gedling
8388825,2026-04-19 12:35:00+02,60,"",Gedling,60,Nottingham - Gedling
8395718,2026-04-19 13:06:00+02,60,"",Nottingham,60,Nottingham - Gedling
8404143,2026-04-19 13:35:00+02,60,"",Gedling,60,Nottingham - Gedling
8411422,2026-04-19 14:06:00+02,60,"",Nottingham,60,Nottingham - Gedling
8418660,2026-04-19 14:35:00+02,60,"",Gedling,60,Nottingham - Gedling
8425690,2026-04-19 15:06:00+02,60,"",Nottingham,60,Nottingham - Gedling
8432803,2026-04-19 15:35:00+02,60,"",Gedling,60,Nottingham - Gedling
8441225,2026-04-19 16:06:00+02,60,"",Nottingham,60,Nottingham - Gedling
8447864,2026-04-19 16:35:00+02,60,outbound,Gedling,60,Nottingham - Gedling
8456895,2026-04-19 17:06:00+02,60,"",Nottingham,60,Nottingham - Gedling
8462877,2026-04-19 17:35:00+02,60,"",Gedling,60,Nottingham - Gedling
8471711,2026-04-19 18:16:00+02,60,"",Nottingham,60,Nottingham - Gedling
8481144,2026-04-19 18:45:00+02,60,"",Gedling,60,Nottingham - Gedling
8487528,2026-04-19 19:16:00+02,60,"",Nottingham,60,Nottingham - Gedling
8494650,2026-04-19 19:45:00+02,60,"",Gedling,60,Nottingham - Gedling
8499743,2026-04-19 20:16:00+02,60,"",Nottingham,60,Nottingham - Gedling
8505971,2026-04-19 20:45:00+02,60,"",Gedling,60,Nottingham - Gedling
8511857,2026-04-19 21:16:00+02,60,"",Nottingham,60,Nottingham - Gedling
8517255,2026-04-19 21:45:00+02,60,"",Gedling,60,Nottingham - Gedling
8522398,2026-04-19 22:16:00+02,60,"",Nottingham,60,Nottingham - Gedling
8527938,2026-04-19 22:45:00+02,60,"",Gedling,60,Nottingham - Gedling
8595265,2026-04-20 07:51:00+02,60,"",Nottingham,60,Nottingham - Gedling
8606808,2026-04-20 08:28:00+02,60,"",Gedling,60,Nottingham - Gedling
8627795,2026-04-20 09:01:00+02,60,"",Nottingham,60,Nottingham - Gedling
8640718,2026-04-20 09:38:00+02,60,"",Gedling,60,Nottingham - Gedling
8654076,2026-04-20 10:13:00+02,60,"",Nottingham,60,Nottingham - Gedling
8670715,2026-04-20 10:45:00+02,60,"",Gedling,60,Nottingham - Gedling
8688585,2026-04-20 11:23:00+02,60,"",Nottingham,60,Nottingham - Gedling
8702452,2026-04-20 11:55:00+02,60,"",Gedling,60,Nottingham - Gedling
8720898,2026-04-20 12:33:00+02,60,"",Nottingham,60,Nottingham - Gedling
8734611,2026-04-20 13:05:00+02,60,"",Gedling,60,Nottingham - Gedling
8751420,2026-04-20 13:43:00+02,60,"",Nottingham,60,Nottingham - Gedling
8764329,2026-04-20 14:15:00+02,60,"",Gedling,60,Nottingham - Gedling
8783467,2026-04-20 14:53:00+02,60,"",Nottingham,60,Nottingham - Gedling
8795337,2026-04-20 15:25:00+02,60,"",Gedling,60,Nottingham - Gedling
8815583,2026-04-20 16:01:00+02,60,"",Nottingham,60,Nottingham - Gedling
8827335,2026-04-20 16:35:00+02,60,"",Gedling,60,Nottingham - Gedling
8844091,2026-04-20 17:12:00+02,60,"",Nottingham,60,Nottingham - Gedling
8859551,2026-04-20 17:45:00+02,60,"",Gedling,60,Nottingham - Gedling
8879116,2026-04-20 18:23:00+02,60,"",Nottingham,60,Nottingham - Gedling
8890150,2026-04-20 18:55:00+02,60,"",Gedling,60,Nottingham - Gedling
8999849,2026-04-21 06:31:00+02,60,"",Nottingham,60,Nottingham - Gedling
9005734,2026-04-21 07:02:00+02,60,"",Gedling,60,Nottingham - Gedling
9018238,2026-04-21 07:29:00+02,60,"",Nottingham,60,Nottingham - Gedling
9026715,2026-04-21 08:00:00+02,60,"",Gedling,60,Nottingham - Gedling
9046817,2026-04-21 08:31:00+02,60,"",Nottingham,60,Nottingham - Gedling
9059086,2026-04-21 09:08:00+02,60,"",Gedling,60,Nottingham - Gedling
9074034,2026-04-21 09:42:00+02,60,"",Nottingham,60,Nottingham - Gedling
9088880,2026-04-21 10:16:00+02,60,"",Gedling,60,Nottingham - Gedling
9105472,2026-04-21 10:53:00+02,60,"",Nottingham,60,Nottingham - Gedling
9120099,2026-04-21 11:25:00+02,60,"",Gedling,60,Nottingham - Gedling
9137817,2026-04-21 12:03:00+02,60,"",Nottingham,60,Nottingham - Gedling
9151460,2026-04-21 12:35:00+02,60,"",Gedling,60,Nottingham - Gedling
9171800,2026-04-21 13:13:00+02,60,"",Nottingham,60,Nottingham - Gedling
9184571,2026-04-21 13:45:00+02,60,"",Gedling,60,Nottingham - Gedling
9200826,2026-04-21 14:23:00+02,60,"",Nottingham,60,Nottingham - Gedling
9214951,2026-04-21 14:55:00+02,60,"",Gedling,60,Nottingham - Gedling
9231052,2026-04-21 15:33:00+02,60,"",Nottingham,60,Nottingham - Gedling
9248300,2026-04-21 16:05:00+02,60,"",Gedling,60,Nottingham - Gedling
9264111,2026-04-21 16:41:00+02,60,"",Nottingham,60,Nottingham - Gedling
9277280,2026-04-21 17:15:00+02,60,"",Gedling,60,Nottingham - Gedling
9293453,2026-04-21 17:53:00+02,60,"",Nottingham,60,Nottingham - Gedling
9306235,2026-04-21 18:25:00+02,60,"",Gedling,60,Nottingham - Gedling
9322681,2026-04-21 19:03:00+02,60,"",Nottingham,60,Nottingham - Gedling
9331884,2026-04-21 19:35:00+02,60,"",Gedling,60,Nottingham - Gedling
9428820,2026-04-22 06:31:00+02,60,"",Nottingham,60,Nottingham - Gedling
9434573,2026-04-22 07:02:00+02,60,"",Gedling,60,Nottingham - Gedling
9443742,2026-04-22 07:29:00+02,60,"",Nottingham,60,Nottingham - Gedling
9454988,2026-04-22 08:00:00+02,60,"",Gedling,60,Nottingham - Gedling
9471823,2026-04-22 08:31:00+02,60,"",Nottingham,60,Nottingham - Gedling
9486673,2026-04-22 09:08:00+02,60,"",Gedling,60,Nottingham - Gedling
9503397,2026-04-22 09:42:00+02,60,"",Nottingham,60,Nottingham - Gedling
9515946,2026-04-22 10:16:00+02,60,"",Gedling,60,Nottingham - Gedling
9534692,2026-04-22 10:53:00+02,60,"",Nottingham,60,Nottingham - Gedling
9547536,2026-04-22 11:25:00+02,60,"",Gedling,60,Nottingham - Gedling
9566569,2026-04-22 12:03:00+02,60,"",Nottingham,60,Nottingham - Gedling
9579027,2026-04-22 12:35:00+02,60,"",Gedling,60,Nottingham - Gedling
9595988,2026-04-22 13:13:00+02,60,"",Nottingham,60,Nottingham - Gedling
9609601,2026-04-22 13:45:00+02,60,"",Gedling,60,Nottingham - Gedling
9626063,2026-04-22 14:23:00+02,60,"",Nottingham,60,Nottingham - Gedling
9641769,2026-04-22 14:55:00+02,60,"",Gedling,60,Nottingham - Gedling
9658550,2026-04-22 15:33:00+02,60,"",Nottingham,60,Nottingham - Gedling
9673824,2026-04-22 16:05:00+02,60,"",Gedling,60,Nottingham - Gedling
9691803,2026-04-22 16:41:00+02,60,"",Nottingham,60,Nottingham - Gedling
9703472,2026-04-22 17:15:00+02,60,"",Gedling,60,Nottingham - Gedling
9721115,2026-04-22 17:53:00+02,60,"",Nottingham,60,Nottingham - Gedling
9733965,2026-04-22 18:25:00+02,60,"",Gedling,60,Nottingham - Gedling
9748366,2026-04-22 19:03:00+02,60,"",Nottingham,60,Nottingham - Gedling
9758723,2026-04-22 19:35:00+02,60,"",Gedling,60,Nottingham - Gedling
9852167,2026-04-23 06:01:00+02,60,"",Nottingham,60,Nottingham - Gedling
9856085,2026-04-23 06:32:00+02,60,"",Gedling,60,Nottingham - Gedling
9862229,2026-04-23 06:59:00+02,60,"",Nottingham,60,Nottingham - Gedling
9871141,2026-04-23 07:30:00+02,60,"",Gedling,60,Nottingham - Gedling
9883259,2026-04-23 08:01:00+02,60,"",Nottingham,60,Nottingham - Gedling
9899610,2026-04-23 08:38:00+02,60,"",Gedling,60,Nottingham - Gedling
9920404,2026-04-23 09:11:00+02,60,"",Nottingham,60,Nottingham - Gedling
9931083,2026-04-23 09:48:00+02,60,"",Gedling,60,Nottingham - Gedling
9950812,2026-04-23 10:23:00+02,60,"",Nottingham,60,Nottingham - Gedling
9963059,2026-04-23 10:55:00+02,60,"",Gedling,60,Nottingham - Gedling
9978864,2026-04-23 11:33:00+02,60,"",Nottingham,60,Nottingham - Gedling
9994057,2026-04-23 12:05:00+02,60,"",Gedling,60,Nottingham - Gedling
10011476,2026-04-23 12:43:00+02,60,"",Nottingham,60,Nottingham - Gedling
10026256,2026-04-23 13:15:00+02,60,"",Gedling,60,Nottingham - Gedling
10044939,2026-04-23 13:53:00+02,60,"",Nottingham,60,Nottingham - Gedling
10059985,2026-04-23 14:25:00+02,60,"",Gedling,60,Nottingham - Gedling
10077615,2026-04-23 15:03:00+02,60,"",Nottingham,60,Nottingham - Gedling
10089796,2026-04-23 15:35:00+02,60,"",Gedling,60,Nottingham - Gedling
10105082,2026-04-23 16:11:00+02,60,"",Nottingham,60,Nottingham - Gedling
10123418,2026-04-23 16:45:00+02,60,"",Gedling,60,Nottingham - Gedling
10137087,2026-04-23 17:23:00+02,60,"",Nottingham,60,Nottingham - Gedling
10151628,2026-04-23 17:55:00+02,60,"",Gedling,60,Nottingham - Gedling
10167832,2026-04-23 18:33:00+02,60,"",Nottingham,60,Nottingham - Gedling
10178222,2026-04-23 19:05:00+02,60,"",Gedling,60,Nottingham - Gedling
10284672,2026-04-24 06:31:00+02,60,"",Nottingham,60,Nottingham - Gedling
10290847,2026-04-24 07:02:00+02,60,"",Gedling,60,Nottingham - Gedling
10300461,2026-04-24 07:29:00+02,60,"",Nottingham,60,Nottingham - Gedling
10311261,2026-04-24 08:00:00+02,60,"",Gedling,60,Nottingham - Gedling
10328395,2026-04-24 08:31:00+02,60,"",Nottingham,60,Nottingham - Gedling
10343012,2026-04-24 09:08:00+02,60,"",Gedling,60,Nottingham - Gedling
10360385,2026-04-24 09:42:00+02,60,"",Nottingham,60,Nottingham - Gedling
10374022,2026-04-24 10:16:00+02,60,"",Gedling,60,Nottingham - Gedling
10390717,2026-04-24 10:53:00+02,60,"",Nottingham,60,Nottingham - Gedling
10403838,2026-04-24 11:25:00+02,60,"",Gedling,60,Nottingham - Gedling
10423377,2026-04-24 12:03:00+02,60,"",Nottingham,60,Nottingham - Gedling
10435145,2026-04-24 12:35:00+02,60,"",Gedling,60,Nottingham - Gedling
10454945,2026-04-24 13:13:00+02,60,"",Nottingham,60,Nottingham - Gedling
10466758,2026-04-24 13:45:00+02,60,"",Gedling,60,Nottingham - Gedling
10479105,2026-04-24 14:23:00+02,60,"",Nottingham,60,Nottingham - Gedling
10495923,2026-04-24 14:55:00+02,60,"",Gedling,60,Nottingham - Gedling
10805363,2026-04-25 11:33:00+02,60,"",Nottingham,60,Nottingham - Gedling
10818323,2026-04-25 12:05:00+02,60,"",Gedling,60,Nottingham - Gedling
10834218,2026-04-25 12:43:00+02,60,"",Nottingham,60,Nottingham - Gedling
10845095,2026-04-25 13:15:00+02,60,"",Gedling,60,Nottingham - Gedling
10857571,2026-04-25 13:53:00+02,60,"",Nottingham,60,Nottingham - Gedling
10873383,2026-04-25 14:25:00+02,60,"",Gedling,60,Nottingham - Gedling
10888975,2026-04-25 15:03:00+02,60,"",Nottingham,60,Nottingham - Gedling
10902466,2026-04-25 15:35:00+02,60,"",Gedling,60,Nottingham - Gedling
10918343,2026-04-25 16:13:00+02,60,"",Nottingham,60,Nottingham - Gedling
10934178,2026-04-25 16:45:00+02,60,"",Gedling,60,Nottingham - Gedling
10946358,2026-04-25 17:23:00+02,60,"",Nottingham,60,Nottingham - Gedling
10960275,2026-04-25 17:55:00+02,60,"",Gedling,60,Nottingham - Gedling
11367608,2026-04-27 08:21:00+02,60,"",Nottingham,60,Nottingham - Gedling
11384610,2026-04-27 08:58:00+02,60,"",Gedling,60,Nottingham - Gedling
11401300,2026-04-27 09:31:00+02,60,"",Nottingham,60,Nottingham - Gedling
11417349,2026-04-27 10:07:00+02,60,"",Gedling,60,Nottingham - Gedling
11431781,2026-04-27 10:43:00+02,60,"",Nottingham,60,Nottingham - Gedling
11448067,2026-04-27 11:15:00+02,60,"",Gedling,60,Nottingham - Gedling
11464902,2026-04-27 11:53:00+02,60,"",Nottingham,60,Nottingham - Gedling
11478817,2026-04-27 12:25:00+02,60,"",Gedling,60,Nottingham - Gedling
11495594,2026-04-27 13:03:00+02,60,"",Nottingham,60,Nottingham - Gedling
11503083,2026-04-27 13:35:00+02,60,"",Gedling,60,Nottingham - Gedling
11514780,2026-04-27 14:13:00+02,60,"",Nottingham,60,Nottingham - Gedling
11530741,2026-04-27 14:45:00+02,60,"",Gedling,60,Nottingham - Gedling
11547881,2026-04-27 15:23:00+02,60,"",Nottingham,60,Nottingham - Gedling
11561207,2026-04-27 15:55:00+02,60,"",Gedling,60,Nottingham - Gedling
11580249,2026-04-27 16:31:00+02,60,"",Nottingham,60,Nottingham - Gedling
11594607,2026-04-27 17:05:00+02,60,"",Gedling,60,Nottingham - Gedling
11609404,2026-04-27 17:43:00+02,60,"",Nottingham,60,Nottingham - Gedling
11624060,2026-04-27 18:15:00+02,60,"",Gedling,60,Nottingham - Gedling
11640200,2026-04-27 18:53:00+02,60,"",Nottingham,60,Nottingham - Gedling
11650011,2026-04-27 19:25:00+02,60,"",Gedling,60,Nottingham - Gedling
11663793,2026-04-27 19:58:00+02,60,"",Nottingham,60,Nottingham - Gedling
11672618,2026-04-27 20:30:00+02,60,"",Gedling,60,Nottingham - Gedling
11681509,2026-04-27 20:58:00+02,60,"",Nottingham,60,Nottingham - Gedling
11752398,2026-04-28 06:31:00+02,60,"",Nottingham,60,Nottingham - Gedling
11757705,2026-04-28 07:02:00+02,60,"",Gedling,60,Nottingham - Gedling
11767069,2026-04-28 07:29:00+02,60,"",Nottingham,60,Nottingham - Gedling
11778804,2026-04-28 08:00:00+02,60,"",Gedling,60,Nottingham - Gedling
11796038,2026-04-28 08:31:00+02,60,"",Nottingham,60,Nottingham - Gedling
11809933,2026-04-28 09:08:00+02,60,"",Gedling,60,Nottingham - Gedling
11825710,2026-04-28 09:42:00+02,60,"",Nottingham,60,Nottingham - Gedling
11840926,2026-04-28 10:16:00+02,60,"",Gedling,60,Nottingham - Gedling
11857657,2026-04-28 10:53:00+02,60,"",Nottingham,60,Nottingham - Gedling
11872841,2026-04-28 11:25:00+02,60,"",Gedling,60,Nottingham - Gedling
11888709,2026-04-28 12:03:00+02,60,"",Nottingham,60,Nottingham - Gedling
11905168,2026-04-28 12:35:00+02,60,"",Gedling,60,Nottingham - Gedling
11924366,2026-04-28 13:13:00+02,60,"",Nottingham,60,Nottingham - Gedling
11936213,2026-04-28 13:45:00+02,60,"",Gedling,60,Nottingham - Gedling
11955493,2026-04-28 14:23:00+02,60,"",Nottingham,60,Nottingham - Gedling
11966310,2026-04-28 14:55:00+02,60,"",Gedling,60,Nottingham - Gedling
11983153,2026-04-28 15:33:00+02,60,"",Nottingham,60,Nottingham - Gedling
12000741,2026-04-28 16:05:00+02,60,"",Gedling,60,Nottingham - Gedling
12014666,2026-04-28 16:41:00+02,60,"",Nottingham,60,Nottingham - Gedling
12029138,2026-04-28 17:15:00+02,60,"",Gedling,60,Nottingham - Gedling
12046897,2026-04-28 17:53:00+02,60,"",Nottingham,60,Nottingham - Gedling
12060676,2026-04-28 18:25:00+02,60,"",Gedling,60,Nottingham - Gedling
12074991,2026-04-28 19:03:00+02,60,"",Nottingham,60,Nottingham - Gedling
12087224,2026-04-28 19:35:00+02,60,"",Gedling,60,Nottingham - Gedling
12216679,2026-04-29 08:51:00+02,60,"",Nottingham,60,Nottingham - Gedling
12231028,2026-04-29 09:28:00+02,60,"",Gedling,60,Nottingham - Gedling
12244460,2026-04-29 10:03:00+02,60,"",Nottingham,60,Nottingham - Gedling
12257269,2026-04-29 10:35:00+02,60,"",Gedling,60,Nottingham - Gedling
12278058,2026-04-29 11:13:00+02,60,"",Nottingham,60,Nottingham - Gedling
12291597,2026-04-29 11:45:00+02,60,"",Gedling,60,Nottingham - Gedling
12310119,2026-04-29 12:23:00+02,60,"",Nottingham,60,Nottingham - Gedling
12321426,2026-04-29 12:55:00+02,60,"",Gedling,60,Nottingham - Gedling
12340796,2026-04-29 13:33:00+02,60,"",Nottingham,60,Nottingham - Gedling
12352333,2026-04-29 14:05:00+02,60,"",Gedling,60,Nottingham - Gedling
12369468,2026-04-29 14:43:00+02,60,"",Nottingham,60,Nottingham - Gedling
12384985,2026-04-29 15:15:00+02,60,"",Gedling,60,Nottingham - Gedling
12402005,2026-04-29 15:53:00+02,60,"",Nottingham,60,Nottingham - Gedling
12419512,2026-04-29 16:25:00+02,60,"",Gedling,60,Nottingham - Gedling
12433432,2026-04-29 17:01:00+02,60,"",Nottingham,60,Nottingham - Gedling
12447254,2026-04-29 17:35:00+02,60,"",Gedling,60,Nottingham - Gedling
12462788,2026-04-29 18:13:00+02,60,"",Nottingham,60,Nottingham - Gedling
12477680,2026-04-29 18:45:00+02,60,"",Gedling,60,Nottingham - Gedling
12492095,2026-04-29 19:28:00+02,60,"",Nottingham,60,Nottingham - Gedling
12504234,2026-04-29 20:00:00+02,60,"",Gedling,60,Nottingham - Gedling
12515168,2026-04-29 20:28:00+02,60,"",Nottingham,60,Nottingham - Gedling
12618813,2026-04-30 07:51:00+02,60,"",Nottingham,60,Nottingham - Gedling
12630342,2026-04-30 08:28:00+02,60,"",Gedling,60,Nottingham - Gedling
12652096,2026-04-30 09:01:00+02,60,"",Nottingham,60,Nottingham - Gedling
12663129,2026-04-30 09:38:00+02,60,"",Gedling,60,Nottingham - Gedling
12682776,2026-04-30 10:13:00+02,60,"",Nottingham,60,Nottingham - Gedling
12694460,2026-04-30 10:45:00+02,60,"",Gedling,60,Nottingham - Gedling
12714139,2026-04-30 11:23:00+02,60,"",Nottingham,60,Nottingham - Gedling
12726553,2026-04-30 11:55:00+02,60,"",Gedling,60,Nottingham - Gedling
12745690,2026-04-30 12:33:00+02,60,"",Nottingham,60,Nottingham - Gedling
12758532,2026-04-30 13:05:00+02,60,"",Gedling,60,Nottingham - Gedling
12777738,2026-04-30 13:43:00+02,60,"",Nottingham,60,Nottingham - Gedling
12788495,2026-04-30 14:15:00+02,60,"",Gedling,60,Nottingham - Gedling
12809582,2026-04-30 14:53:00+02,60,"",Nottingham,60,Nottingham - Gedling
12821836,2026-04-30 15:25:00+02,60,"",Gedling,60,Nottingham - Gedling
12839370,2026-04-30 16:01:00+02,60,"",Nottingham,60,Nottingham - Gedling
12856231,2026-04-30 16:35:00+02,60,"",Gedling,60,Nottingham - Gedling
12872481,2026-04-30 17:12:00+02,60,"",Nottingham,60,Nottingham - Gedling
12884295,2026-04-30 17:45:00+02,60,"",Gedling,60,Nottingham - Gedling
12899603,2026-04-30 18:23:00+02,60,"",Nottingham,60,Nottingham - Gedling
12913054,2026-04-30 18:55:00+02,60,"",Gedling,60,Nottingham - Gedling
13034923,2026-05-01 07:14:00+02,60,"",Nottingham,60,Nottingham - Gedling
13046471,2026-05-01 07:45:00+02,60,"",Gedling,60,Nottingham - Gedling
13060012,2026-05-01 08:11:00+02,60,"",Nottingham,60,Nottingham - Gedling
13075539,2026-05-01 08:48:00+02,60,"",Gedling,60,Nottingham - Gedling
13092453,2026-05-01 09:21:00+02,60,"",Nottingham,60,Nottingham - Gedling
13106285,2026-05-01 09:58:00+02,60,"",Gedling,60,Nottingham - Gedling
13124889,2026-05-01 10:33:00+02,60,"",Nottingham,60,Nottingham - Gedling
13138083,2026-05-01 11:05:00+02,60,"",Gedling,60,Nottingham - Gedling
13154557,2026-05-01 11:43:00+02,60,"",Nottingham,60,Nottingham - Gedling
13167129,2026-05-01 12:15:00+02,60,"",Gedling,60,Nottingham - Gedling
13186362,2026-05-01 12:53:00+02,60,"",Nottingham,60,Nottingham - Gedling
13198125,2026-05-01 13:25:00+02,60,"",Gedling,60,Nottingham - Gedling
13218279,2026-05-01 14:03:00+02,60,"",Nottingham,60,Nottingham - Gedling
13229815,2026-05-01 14:35:00+02,60,"",Gedling,60,Nottingham - Gedling
13249663,2026-05-01 15:13:00+02,60,"",Nottingham,60,Nottingham - Gedling
13261600,2026-05-01 15:45:00+02,60,"",Gedling,60,Nottingham - Gedling
13279976,2026-05-01 16:21:00+02,60,"",Nottingham,60,Nottingham - Gedling
13297118,2026-05-01 16:55:00+02,60,"",Gedling,60,Nottingham - Gedling
13311737,2026-05-01 17:33:00+02,60,"",Nottingham,60,Nottingham - Gedling
13324326,2026-05-01 18:05:00+02,60,"",Gedling,60,Nottingham - Gedling
13338003,2026-05-01 18:43:00+02,60,"",Nottingham,60,Nottingham - Gedling
13351492,2026-05-01 19:15:00+02,60,"",Gedling,60,Nottingham - Gedling
13364764,2026-05-01 19:43:00+02,60,"",Nottingham,60,Nottingham - Gedling
13373210,2026-05-01 20:15:00+02,60,"",Gedling,60,Nottingham - Gedling
13381280,2026-05-01 20:43:00+02,60,"",Nottingham,60,Nottingham - Gedling
13387656,2026-05-01 21:15:00+02,60,"",Gedling,60,Nottingham - Gedling
13394981,2026-05-01 21:43:00+02,60,"",Nottingham,60,Nottingham - Gedling
13460788,2026-05-02 07:14:00+02,60,"",Nottingham,60,Nottingham - Gedling
13466562,2026-05-02 07:45:00+02,60,"",Gedling,60,Nottingham - Gedling
13474836,2026-05-02 08:12:00+02,60,"",Nottingham,60,Nottingham - Gedling
13482155,2026-05-02 08:45:00+02,60,"",Gedling,60,Nottingham - Gedling
13493249,2026-05-02 09:11:00+02,60,"",Nottingham,60,Nottingham - Gedling
13504045,2026-05-02 09:45:00+02,60,"",Gedling,60,Nottingham - Gedling
13515054,2026-05-02 10:11:00+02,60,"",Nottingham,60,Nottingham - Gedling
13528649,2026-05-02 10:45:00+02,60,"",Gedling,60,Nottingham - Gedling
13541260,2026-05-02 11:23:00+02,60,"",Nottingham,60,Nottingham - Gedling
13558866,2026-05-02 11:55:00+02,60,"",Gedling,60,Nottingham - Gedling
13573234,2026-05-02 12:33:00+02,60,"",Nottingham,60,Nottingham - Gedling
13587634,2026-05-02 13:05:00+02,60,"",Gedling,60,Nottingham - Gedling
13606622,2026-05-02 13:43:00+02,60,"",Nottingham,60,Nottingham - Gedling
13617447,2026-05-02 14:15:00+02,60,"",Gedling,60,Nottingham - Gedling
13631214,2026-05-02 14:53:00+02,60,"",Nottingham,60,Nottingham - Gedling
13648603,2026-05-02 15:25:00+02,60,"",Gedling,60,Nottingham - Gedling
13661063,2026-05-02 16:03:00+02,60,"",Nottingham,60,Nottingham - Gedling
13677923,2026-05-02 16:35:00+02,60,"",Gedling,60,Nottingham - Gedling
13691368,2026-05-02 17:13:00+02,60,"",Nottingham,60,Nottingham - Gedling
13704709,2026-05-02 17:45:00+02,60,"",Gedling,60,Nottingham - Gedling
13718697,2026-05-02 18:28:00+02,60,"",Nottingham,60,Nottingham - Gedling
13734929,2026-05-02 19:00:00+02,60,"",Gedling,60,Nottingham - Gedling
14105354,2026-05-04 09:31:00+02,60,"",Nottingham,60,Nottingham - Gedling
14111242,2026-05-04 10:00:00+02,60,"",Gedling,60,Nottingham - Gedling
14118312,2026-05-04 10:26:00+02,60,"",Nottingham,60,Nottingham - Gedling
14124886,2026-05-04 10:55:00+02,60,"",Gedling,60,Nottingham - Gedling
14133089,2026-05-04 11:26:00+02,60,"",Nottingham,60,Nottingham - Gedling
14141050,2026-05-04 11:55:00+02,60,"",Gedling,60,Nottingham - Gedling
14148158,2026-05-04 12:26:00+02,60,"",Nottingham,60,Nottingham - Gedling
14157215,2026-05-04 12:55:00+02,60,"",Gedling,60,Nottingham - Gedling
14165230,2026-05-04 13:26:00+02,60,"",Nottingham,60,Nottingham - Gedling
14171459,2026-05-04 13:55:00+02,60,"",Gedling,60,Nottingham - Gedling
14178897,2026-05-04 14:26:00+02,60,"",Nottingham,60,Nottingham - Gedling
14187650,2026-05-04 14:55:00+02,60,"",Gedling,60,Nottingham - Gedling
14195602,2026-05-04 15:26:00+02,60,"",Nottingham,60,Nottingham - Gedling
14204177,2026-05-04 15:55:00+02,60,"",Gedling,60,Nottingham - Gedling
14210870,2026-05-04 16:26:00+02,60,"",Nottingham,60,Nottingham - Gedling
14218418,2026-05-04 16:55:00+02,60,"",Gedling,60,Nottingham - Gedling
14226280,2026-05-04 17:26:00+02,60,"",Nottingham,60,Nottingham - Gedling
14234584,2026-05-04 17:55:00+02,60,"",Gedling,60,Nottingham - Gedling
14337248,2026-05-05 06:31:00+02,60,"",Nottingham,60,Nottingham - Gedling
14343003,2026-05-05 07:02:00+02,60,"",Gedling,60,Nottingham - Gedling
14354296,2026-05-05 07:29:00+02,60,"",Nottingham,60,Nottingham - Gedling
14364508,2026-05-05 08:00:00+02,60,"",Gedling,60,Nottingham - Gedling
14383091,2026-05-05 08:31:00+02,60,"",Nottingham,60,Nottingham - Gedling
14397207,2026-05-05 09:08:00+02,60,"",Gedling,60,Nottingham - Gedling
14412954,2026-05-05 09:42:00+02,60,"",Nottingham,60,Nottingham - Gedling
14423942,2026-05-05 10:16:00+02,60,"",Gedling,60,Nottingham - Gedling
14444291,2026-05-05 10:53:00+02,60,"",Nottingham,60,Nottingham - Gedling
14455287,2026-05-05 11:25:00+02,60,"",Gedling,60,Nottingham - Gedling
14471519,2026-05-05 12:03:00+02,60,"",Nottingham,60,Nottingham - Gedling
14490709,2026-05-05 12:35:00+02,60,"",Gedling,60,Nottingham - Gedling
14507322,2026-05-05 13:13:00+02,60,"",Nottingham,60,Nottingham - Gedling
14518356,2026-05-05 13:45:00+02,60,"",Gedling,60,Nottingham - Gedling
14539081,2026-05-05 14:23:00+02,60,"",Nottingham,60,Nottingham - Gedling
14549681,2026-05-05 14:55:00+02,60,"",Gedling,60,Nottingham - Gedling
14570901,2026-05-05 15:33:00+02,60,"",Nottingham,60,Nottingham - Gedling
14584179,2026-05-05 16:05:00+02,60,"",Gedling,60,Nottingham - Gedling
14600101,2026-05-05 16:41:00+02,60,"",Nottingham,60,Nottingham - Gedling
14617751,2026-05-05 17:15:00+02,60,"",Gedling,60,Nottingham - Gedling
14633024,2026-05-05 17:53:00+02,60,"",Nottingham,60,Nottingham - Gedling
14642588,2026-05-05 18:25:00+02,60,"",Gedling,60,Nottingham - Gedling
14661114,2026-05-05 19:03:00+02,60,"",Nottingham,60,Nottingham - Gedling
14671134,2026-05-05 19:35:00+02,60,"",Gedling,60,Nottingham - Gedling
14787573,2026-05-06 07:41:00+02,60,"",Nottingham,60,Nottingham - Gedling
14802165,2026-05-06 08:15:00+02,60,"",Gedling,60,Nottingham - Gedling
14818562,2026-05-06 08:41:00+02,60,"",Nottingham,60,Nottingham - Gedling
14832588,2026-05-06 09:18:00+02,60,"",Gedling,60,Nottingham - Gedling
14846330,2026-05-06 09:52:00+02,60,"",Nottingham,60,Nottingham - Gedling
14861107,2026-05-06 10:25:00+02,60,"",Gedling,60,Nottingham - Gedling
14880549,2026-05-06 11:03:00+02,60,"",Nottingham,60,Nottingham - Gedling
14894150,2026-05-06 11:35:00+02,60,"",Gedling,60,Nottingham - Gedling
14910536,2026-05-06 12:13:00+02,60,"",Nottingham,60,Nottingham - Gedling
14928341,2026-05-06 12:45:00+02,60,"",Gedling,60,Nottingham - Gedling
14941679,2026-05-06 13:23:00+02,60,"",Nottingham,60,Nottingham - Gedling
14958935,2026-05-06 13:55:00+02,60,"",Gedling,60,Nottingham - Gedling
14973393,2026-05-06 14:33:00+02,60,"",Nottingham,60,Nottingham - Gedling
14990190,2026-05-06 15:05:00+02,60,"",Gedling,60,Nottingham - Gedling
15003115,2026-05-06 15:43:00+02,60,"",Nottingham,60,Nottingham - Gedling
15021066,2026-05-06 16:15:00+02,60,"",Gedling,60,Nottingham - Gedling
15036270,2026-05-06 16:51:00+02,60,"",Nottingham,60,Nottingham - Gedling
15051319,2026-05-06 17:25:00+02,60,"",Gedling,60,Nottingham - Gedling
15067245,2026-05-06 18:03:00+02,60,"",Nottingham,60,Nottingham - Gedling
15084443,2026-05-06 18:35:00+02,60,"",Gedling,60,Nottingham - Gedling
15099644,2026-05-06 19:13:00+02,60,"",Nottingham,60,Nottingham - Gedling
15109185,2026-05-06 19:45:00+02,60,"",Gedling,60,Nottingham - Gedling
15120433,2026-05-06 20:13:00+02,60,"",Nottingham,60,Nottingham - Gedling
15127748,2026-05-06 20:45:00+02,60,"",Gedling,60,Nottingham - Gedling
15136473,2026-05-06 21:13:00+02,60,"",Nottingham,60,Nottingham - Gedling
15143366,2026-05-06 21:45:00+02,60,"",Gedling,60,Nottingham - Gedling
15150529,2026-05-06 22:13:00+02,60,"",Nottingham,60,Nottingham - Gedling
15156992,2026-05-06 22:45:00+02,60,"",Gedling,60,Nottingham - Gedling
15163872,2026-05-06 23:13:00+02,60,"",Nottingham,60,Nottingham - Gedling
15169368,2026-05-06 23:45:00+02,60,"",Gedling,60,Nottingham - Gedling
15175767,2026-05-07 00:10:00+02,60,"",Nottingham,60,Nottingham - Gedling
15198859,2026-05-07 06:01:00+02,60,"",Nottingham,60,Nottingham - Gedling
15203054,2026-05-07 06:32:00+02,60,"",Gedling,60,Nottingham - Gedling
15208549,2026-05-07 06:59:00+02,60,"",Nottingham,60,Nottingham - Gedling
15217630,2026-05-07 07:30:00+02,60,"",Gedling,60,Nottingham - Gedling
15233101,2026-05-07 08:01:00+02,60,"",Nottingham,60,Nottingham - Gedling
15247034,2026-05-07 08:38:00+02,60,"",Gedling,60,Nottingham - Gedling
15266322,2026-05-07 09:11:00+02,60,"",Nottingham,60,Nottingham - Gedling
15278396,2026-05-07 09:48:00+02,60,"",Gedling,60,Nottingham - Gedling
15298807,2026-05-07 10:23:00+02,60,"",Nottingham,60,Nottingham - Gedling
15310662,2026-05-07 10:55:00+02,60,"",Gedling,60,Nottingham - Gedling
15330854,2026-05-07 11:33:00+02,60,"",Nottingham,60,Nottingham - Gedling
15344440,2026-05-07 12:05:00+02,60,"",Gedling,60,Nottingham - Gedling
15357043,2026-05-07 12:43:00+02,60,"",Nottingham,60,Nottingham - Gedling
15373835,2026-05-07 13:15:00+02,60,"",Gedling,60,Nottingham - Gedling
15393101,2026-05-07 13:53:00+02,60,"",Nottingham,60,Nottingham - Gedling
15405309,2026-05-07 14:25:00+02,60,"",Gedling,60,Nottingham - Gedling
15424890,2026-05-07 15:03:00+02,60,"",Nottingham,60,Nottingham - Gedling
15438092,2026-05-07 15:35:00+02,60,"",Gedling,60,Nottingham - Gedling
15456117,2026-05-07 16:11:00+02,60,"",Nottingham,60,Nottingham - Gedling
15469421,2026-05-07 16:45:00+02,60,"",Gedling,60,Nottingham - Gedling
15487148,2026-05-07 17:23:00+02,60,"",Nottingham,60,Nottingham - Gedling
15499663,2026-05-07 17:55:00+02,60,"",Gedling,60,Nottingham - Gedling
15516901,2026-05-07 18:33:00+02,60,"",Nottingham,60,Nottingham - Gedling
15527583,2026-05-07 19:05:00+02,60,"",Gedling,60,Nottingham - Gedling
15646017,2026-05-08 07:14:00+02,60,"",Nottingham,60,Nottingham - Gedling
15657013,2026-05-08 07:45:00+02,60,"",Gedling,60,Nottingham - Gedling
15670298,2026-05-08 08:11:00+02,60,"",Nottingham,60,Nottingham - Gedling
15686099,2026-05-08 08:48:00+02,60,"",Gedling,60,Nottingham - Gedling
15701735,2026-05-08 09:21:00+02,60,"",Nottingham,60,Nottingham - Gedling
15718163,2026-05-08 09:58:00+02,60,"",Gedling,60,Nottingham - Gedling
15734181,2026-05-08 10:33:00+02,60,"",Nottingham,60,Nottingham - Gedling
15751203,2026-05-08 11:05:00+02,60,"",Gedling,60,Nottingham - Gedling
15765031,2026-05-08 11:43:00+02,60,"",Nottingham,60,Nottingham - Gedling
15780330,2026-05-08 12:15:00+02,60,"",Gedling,60,Nottingham - Gedling
15796697,2026-05-08 12:53:00+02,60,"",Nottingham,60,Nottingham - Gedling
15812225,2026-05-08 13:25:00+02,60,"",Gedling,60,Nottingham - Gedling
15830419,2026-05-08 14:03:00+02,60,"",Nottingham,60,Nottingham - Gedling
15843118,2026-05-08 14:35:00+02,60,"",Gedling,60,Nottingham - Gedling
15859067,2026-05-08 15:13:00+02,60,"",Nottingham,60,Nottingham - Gedling
15874201,2026-05-08 15:45:00+02,60,"",Gedling,60,Nottingham - Gedling
15892254,2026-05-08 16:21:00+02,60,"",Nottingham,60,Nottingham - Gedling
15910692,2026-05-08 16:55:00+02,60,"",Gedling,60,Nottingham - Gedling
15927027,2026-05-08 17:33:00+02,60,"",Nottingham,60,Nottingham - Gedling
15942643,2026-05-08 18:05:00+02,60,"",Gedling,60,Nottingham - Gedling
15958246,2026-05-08 18:43:00+02,60,"",Nottingham,60,Nottingham - Gedling
15970070,2026-05-08 19:15:00+02,60,"",Gedling,60,Nottingham - Gedling
15979919,2026-05-08 19:43:00+02,60,"",Nottingham,60,Nottingham - Gedling
15988222,2026-05-08 20:15:00+02,60,"",Gedling,60,Nottingham - Gedling
15997264,2026-05-08 20:43:00+02,60,"",Nottingham,60,Nottingham - Gedling
16003487,2026-05-08 21:15:00+02,60,"",Gedling,60,Nottingham - Gedling
16011656,2026-05-08 21:43:00+02,60,"",Nottingham,60,Nottingham - Gedling
16076503,2026-05-09 07:14:00+02,60,"",Nottingham,60,Nottingham - Gedling
16082081,2026-05-09 07:45:00+02,60,"",Gedling,60,Nottingham - Gedling
16089493,2026-05-09 08:12:00+02,60,"",Nottingham,60,Nottingham - Gedling
16098613,2026-05-09 08:45:00+02,60,"",Gedling,60,Nottingham - Gedling
16108435,2026-05-09 09:11:00+02,60,"",Nottingham,60,Nottingham - Gedling
16119846,2026-05-09 09:45:00+02,60,"",Gedling,60,Nottingham - Gedling
16132397,2026-05-09 10:11:00+02,60,"",Nottingham,60,Nottingham - Gedling
16145972,2026-05-09 10:45:00+02,60,"",Gedling,60,Nottingham - Gedling
16162661,2026-05-09 11:23:00+02,60,"",Nottingham,60,Nottingham - Gedling
16176528,2026-05-09 11:55:00+02,60,"",Gedling,60,Nottingham - Gedling
16192546,2026-05-09 12:33:00+02,60,"",Nottingham,60,Nottingham - Gedling
16205036,2026-05-09 13:05:00+02,60,"",Gedling,60,Nottingham - Gedling
16222660,2026-05-09 13:43:00+02,60,"",Nottingham,60,Nottingham - Gedling
16232728,2026-05-09 14:15:00+02,60,"",Gedling,60,Nottingham - Gedling
16250337,2026-05-09 14:53:00+02,60,"",Nottingham,60,Nottingham - Gedling
16263172,2026-05-09 15:25:00+02,60,"",Gedling,60,Nottingham - Gedling
16281914,2026-05-09 16:03:00+02,60,"",Nottingham,60,Nottingham - Gedling
16293406,2026-05-09 16:35:00+02,60,"",Gedling,60,Nottingham - Gedling
16310575,2026-05-09 17:13:00+02,60,"",Nottingham,60,Nottingham - Gedling
16320428,2026-05-09 17:45:00+02,60,"",Gedling,60,Nottingham - Gedling
16340004,2026-05-09 18:28:00+02,60,"",Nottingham,60,Nottingham - Gedling
16349281,2026-05-09 19:00:00+02,60,"",Gedling,60,Nottingham - Gedling
16712040,2026-05-11 07:14:00+02,60,"",Nottingham,60,Nottingham - Gedling
16722400,2026-05-11 07:45:00+02,60,"",Gedling,60,Nottingham - Gedling
16736597,2026-05-11 08:11:00+02,60,"",Nottingham,60,Nottingham - Gedling
16751616,2026-05-11 08:48:00+02,60,"",Gedling,60,Nottingham - Gedling
16768471,2026-05-11 09:21:00+02,60,"",Nottingham,60,Nottingham - Gedling
16782004,2026-05-11 09:58:00+02,60,"",Gedling,60,Nottingham - Gedling
16797469,2026-05-11 10:33:00+02,60,"",Nottingham,60,Nottingham - Gedling
16814784,2026-05-11 11:05:00+02,60,"",Gedling,60,Nottingham - Gedling
16829559,2026-05-11 11:43:00+02,60,"",Nottingham,60,Nottingham - Gedling
16845551,2026-05-11 12:15:00+02,60,"",Gedling,60,Nottingham - Gedling
16861399,2026-05-11 12:53:00+02,60,"",Nottingham,60,Nottingham - Gedling
16875870,2026-05-11 13:25:00+02,60,"",Gedling,60,Nottingham - Gedling
16895653,2026-05-11 14:03:00+02,60,"",Nottingham,60,Nottingham - Gedling
16907823,2026-05-11 14:35:00+02,60,"",Gedling,60,Nottingham - Gedling
16927576,2026-05-11 15:13:00+02,60,"",Nottingham,60,Nottingham - Gedling
16938872,2026-05-11 15:45:00+02,60,"",Gedling,60,Nottingham - Gedling
16960750,2026-05-11 16:21:00+02,60,"",Nottingham,60,Nottingham - Gedling
16973105,2026-05-11 16:55:00+02,60,"",Gedling,60,Nottingham - Gedling
16990945,2026-05-11 17:33:00+02,60,"",Nottingham,60,Nottingham - Gedling
17002053,2026-05-11 18:05:00+02,60,"",Gedling,60,Nottingham - Gedling
17021030,2026-05-11 18:43:00+02,60,"",Nottingham,60,Nottingham - Gedling
17032074,2026-05-11 19:15:00+02,60,"",Gedling,60,Nottingham - Gedling
17044937,2026-05-11 19:43:00+02,60,"",Nottingham,60,Nottingham - Gedling
17052308,2026-05-11 20:15:00+02,60,"",Gedling,60,Nottingham - Gedling
17062684,2026-05-11 20:43:00+02,60,"",Nottingham,60,Nottingham - Gedling
17069896,2026-05-11 21:15:00+02,60,"",Gedling,60,Nottingham - Gedling
17078782,2026-05-11 21:43:00+02,60,"",Nottingham,60,Nottingham - Gedling
17161841,2026-05-12 07:51:00+02,60,"",Nottingham,60,Nottingham - Gedling
17174168,2026-05-12 08:28:00+02,60,"",Gedling,60,Nottingham - Gedling
17195256,2026-05-12 09:01:00+02,60,"",Nottingham,60,Nottingham - Gedling
17209476,2026-05-12 09:38:00+02,60,"",Gedling,60,Nottingham - Gedling
17225782,2026-05-12 10:13:00+02,60,"",Nottingham,60,Nottingham - Gedling
17238396,2026-05-12 10:45:00+02,60,"",Gedling,60,Nottingham - Gedling
17254241,2026-05-12 11:23:00+02,60,"",Nottingham,60,Nottingham - Gedling
17269105,2026-05-12 11:55:00+02,60,"",Gedling,60,Nottingham - Gedling
17286475,2026-05-12 12:33:00+02,60,"",Nottingham,60,Nottingham - Gedling
17301567,2026-05-12 13:05:00+02,60,"",Gedling,60,Nottingham - Gedling
17319981,2026-05-12 13:43:00+02,60,"",Nottingham,60,Nottingham - Gedling
17332855,2026-05-12 14:15:00+02,60,"",Gedling,60,Nottingham - Gedling
17348957,2026-05-12 14:53:00+02,60,"",Nottingham,60,Nottingham - Gedling
17367234,2026-05-12 15:25:00+02,60,"",Gedling,60,Nottingham - Gedling
17381397,2026-05-12 16:01:00+02,60,"",Nottingham,60,Nottingham - Gedling
17399536,2026-05-12 16:35:00+02,60,"",Gedling,60,Nottingham - Gedling
17415411,2026-05-12 17:12:00+02,60,"",Nottingham,60,Nottingham - Gedling
17429039,2026-05-12 17:45:00+02,60,"",Gedling,60,Nottingham - Gedling
17446108,2026-05-12 18:23:00+02,60,"",Nottingham,60,Nottingham - Gedling
17456688,2026-05-12 18:55:00+02,60,"",Gedling,60,Nottingham - Gedling
17568520,2026-05-13 06:31:00+02,60,"",Nottingham,60,Nottingham - Gedling
17575701,2026-05-13 07:02:00+02,60,"",Gedling,60,Nottingham - Gedling
17584906,2026-05-13 07:29:00+02,60,"",Nottingham,60,Nottingham - Gedling
17597646,2026-05-13 08:00:00+02,60,"",Gedling,60,Nottingham - Gedling
17613561,2026-05-13 08:31:00+02,60,"",Nottingham,60,Nottingham - Gedling
17629810,2026-05-13 09:08:00+02,60,"",Gedling,60,Nottingham - Gedling
17646148,2026-05-13 09:42:00+02,60,"",Nottingham,60,Nottingham - Gedling
17657358,2026-05-13 10:16:00+02,60,"",Gedling,60,Nottingham - Gedling
17672328,2026-05-13 10:53:00+02,60,"",Nottingham,60,Nottingham - Gedling
17690164,2026-05-13 11:25:00+02,60,"",Gedling,60,Nottingham - Gedling
17706486,2026-05-13 12:03:00+02,60,"",Nottingham,60,Nottingham - Gedling
17721827,2026-05-13 12:35:00+02,60,"",Gedling,60,Nottingham - Gedling
17736828,2026-05-13 13:13:00+02,60,"",Nottingham,60,Nottingham - Gedling
17755045,2026-05-13 13:45:00+02,60,"",Gedling,60,Nottingham - Gedling
17767031,2026-05-13 14:23:00+02,60,"",Nottingham,60,Nottingham - Gedling
17783657,2026-05-13 14:55:00+02,60,"",Gedling,60,Nottingham - Gedling
17801504,2026-05-13 15:33:00+02,60,"",Nottingham,60,Nottingham - Gedling
17816944,2026-05-13 16:05:00+02,60,"",Gedling,60,Nottingham - Gedling
17833188,2026-05-13 16:41:00+02,60,"",Nottingham,60,Nottingham - Gedling
17847588,2026-05-13 17:15:00+02,60,"",Gedling,60,Nottingham - Gedling
17864245,2026-05-13 17:53:00+02,60,"",Nottingham,60,Nottingham - Gedling
17878963,2026-05-13 18:25:00+02,60,"",Gedling,60,Nottingham - Gedling
17893558,2026-05-13 19:03:00+02,60,"",Nottingham,60,Nottingham - Gedling
17906874,2026-05-13 19:35:00+02,60,"",Gedling,60,Nottingham - Gedling
18198317,2026-05-14 14:05:00+02,60,"",Gedling,60,Nottingham - Gedling
18215982,2026-05-14 14:43:00+02,60,"",Nottingham,60,Nottingham - Gedling
18230547,2026-05-14 15:15:00+02,60,"",Gedling,60,Nottingham - Gedling
18249645,2026-05-14 15:53:00+02,60,"",Nottingham,60,Nottingham - Gedling
18263353,2026-05-14 16:25:00+02,60,"",Gedling,60,Nottingham - Gedling
18276252,2026-05-14 17:01:00+02,60,"",Nottingham,60,Nottingham - Gedling
18291788,2026-05-14 17:35:00+02,60,"",Gedling,60,Nottingham - Gedling
18308664,2026-05-14 18:13:00+02,60,"",Nottingham,60,Nottingham - Gedling
18323510,2026-05-14 18:45:00+02,60,"",Gedling,60,Nottingham - Gedling
18336074,2026-05-14 19:28:00+02,60,"",Nottingham,60,Nottingham - Gedling
18350327,2026-05-14 20:00:00+02,60,"",Gedling,60,Nottingham - Gedling
18362075,2026-05-14 20:28:00+02,60,"",Nottingham,60,Nottingham - Gedling
18434459,2026-05-15 06:01:00+02,60,"",Nottingham,60,Nottingham - Gedling
18438734,2026-05-15 06:32:00+02,60,"",Gedling,60,Nottingham - Gedling
18445432,2026-05-15 06:59:00+02,60,"",Nottingham,60,Nottingham - Gedling
18454870,2026-05-15 07:30:00+02,60,"",Gedling,60,Nottingham - Gedling
18466594,2026-05-15 08:01:00+02,60,"",Nottingham,60,Nottingham - Gedling
18483164,2026-05-15 08:38:00+02,60,"",Gedling,60,Nottingham - Gedling
18500825,2026-05-15 09:11:00+02,60,"",Nottingham,60,Nottingham - Gedling
18515389,2026-05-15 09:48:00+02,60,"",Gedling,60,Nottingham - Gedling
18534201,2026-05-15 10:23:00+02,60,"",Nottingham,60,Nottingham - Gedling
18547828,2026-05-15 10:55:00+02,60,"",Gedling,60,Nottingham - Gedling
18566413,2026-05-15 11:33:00+02,60,"",Nottingham,60,Nottingham - Gedling
18579598,2026-05-15 12:05:00+02,60,"",Gedling,60,Nottingham - Gedling
18597512,2026-05-15 12:43:00+02,60,"",Nottingham,60,Nottingham - Gedling
18610826,2026-05-15 13:15:00+02,60,"",Gedling,60,Nottingham - Gedling
18627116,2026-05-15 13:53:00+02,60,"",Nottingham,60,Nottingham - Gedling
18642213,2026-05-15 14:25:00+02,60,"",Gedling,60,Nottingham - Gedling
18657015,2026-05-15 15:03:00+02,60,"",Nottingham,60,Nottingham - Gedling
18672775,2026-05-15 15:35:00+02,60,"",Gedling,60,Nottingham - Gedling
18692176,2026-05-15 16:11:00+02,60,"",Nottingham,60,Nottingham - Gedling
18706078,2026-05-15 16:45:00+02,60,"",Gedling,60,Nottingham - Gedling
18722843,2026-05-15 17:23:00+02,60,"",Nottingham,60,Nottingham - Gedling
18733497,2026-05-15 17:55:00+02,60,"",Gedling,60,Nottingham - Gedling
18752948,2026-05-15 18:33:00+02,60,"",Nottingham,60,Nottingham - Gedling
18763549,2026-05-15 19:05:00+02,60,"",Gedling,60,Nottingham - Gedling
18882077,2026-05-16 06:59:00+02,60,"",Nottingham,60,Nottingham - Gedling
18882158,2026-05-16 07:30:00+02,60,"",Gedling,60,Nottingham - Gedling
18887579,2026-05-16 07:58:00+02,60,"",Nottingham,60,Nottingham - Gedling
18896024,2026-05-16 08:30:00+02,60,"",Gedling,60,Nottingham - Gedling
18905614,2026-05-16 08:56:00+02,60,"",Nottingham,60,Nottingham - Gedling
18915532,2026-05-16 09:30:00+02,60,"",Gedling,60,Nottingham - Gedling
18927766,2026-05-16 09:56:00+02,60,"",Nottingham,60,Nottingham - Gedling
18940635,2026-05-16 10:30:00+02,60,"",Gedling,60,Nottingham - Gedling
18958115,2026-05-16 11:13:00+02,60,"",Nottingham,60,Nottingham - Gedling
18971496,2026-05-16 11:45:00+02,60,"",Gedling,60,Nottingham - Gedling
18985155,2026-05-16 12:23:00+02,60,"",Nottingham,60,Nottingham - Gedling
19003016,2026-05-16 12:55:00+02,60,"",Gedling,60,Nottingham - Gedling
19019112,2026-05-16 13:33:00+02,60,"",Nottingham,60,Nottingham - Gedling
19029870,2026-05-16 14:05:00+02,60,"",Gedling,60,Nottingham - Gedling
19047500,2026-05-16 14:43:00+02,60,"",Nottingham,60,Nottingham - Gedling
19059631,2026-05-16 15:15:00+02,60,"",Gedling,60,Nottingham - Gedling
19076950,2026-05-16 15:53:00+02,60,"",Nottingham,60,Nottingham - Gedling
19089203,2026-05-16 16:25:00+02,60,"",Gedling,60,Nottingham - Gedling
19106685,2026-05-16 17:03:00+02,60,"",Nottingham,60,Nottingham - Gedling
19119346,2026-05-16 17:35:00+02,60,"",Gedling,60,Nottingham - Gedling
19134294,2026-05-16 18:13:00+02,60,"",Nottingham,60,Nottingham - Gedling
19145115,2026-05-16 18:45:00+02,60,"",Gedling,60,Nottingham - Gedling
19161490,2026-05-16 19:28:00+02,60,"",Nottingham,60,Nottingham - Gedling
19170768,2026-05-16 20:00:00+02,60,"",Gedling,60,Nottingham - Gedling
19180184,2026-05-16 20:28:00+02,60,"",Nottingham,60,Nottingham - Gedling
19513751,2026-05-18 07:14:00+02,60,"",Nottingham,60,Nottingham - Gedling
19523023,2026-05-18 07:45:00+02,60,"",Gedling,60,Nottingham - Gedling
19539492,2026-05-18 08:11:00+02,60,"",Nottingham,60,Nottingham - Gedling
19551863,2026-05-18 08:48:00+02,60,"",Gedling,60,Nottingham - Gedling
19566126,2026-05-18 09:21:00+02,60,"",Nottingham,60,Nottingham - Gedling
19582907,2026-05-18 09:58:00+02,60,"",Gedling,60,Nottingham - Gedling
19600137,2026-05-18 10:33:00+02,60,"",Nottingham,60,Nottingham - Gedling
19613694,2026-05-18 11:05:00+02,60,"",Gedling,60,Nottingham - Gedling
19632948,2026-05-18 11:43:00+02,60,"",Nottingham,60,Nottingham - Gedling
19644011,2026-05-18 12:15:00+02,60,"",Gedling,60,Nottingham - Gedling
19664138,2026-05-18 12:53:00+02,60,"",Nottingham,60,Nottingham - Gedling
19676021,2026-05-18 13:25:00+02,60,"",Gedling,60,Nottingham - Gedling
19696675,2026-05-18 14:03:00+02,60,"",Nottingham,60,Nottingham - Gedling
19708639,2026-05-18 14:35:00+02,60,"",Gedling,60,Nottingham - Gedling
19727618,2026-05-18 15:13:00+02,60,"",Nottingham,60,Nottingham - Gedling
19739492,2026-05-18 15:45:00+02,60,"",Gedling,60,Nottingham - Gedling
19758483,2026-05-18 16:21:00+02,60,"",Nottingham,60,Nottingham - Gedling
19771913,2026-05-18 16:55:00+02,60,"",Gedling,60,Nottingham - Gedling
19787439,2026-05-18 17:33:00+02,60,"",Nottingham,60,Nottingham - Gedling
19802849,2026-05-18 18:05:00+02,60,"",Gedling,60,Nottingham - Gedling
19819378,2026-05-18 18:43:00+02,60,"",Nottingham,60,Nottingham - Gedling
19830606,2026-05-18 19:15:00+02,60,"",Gedling,60,Nottingham - Gedling
19841967,2026-05-18 19:43:00+02,60,"",Nottingham,60,Nottingham - Gedling
19852120,2026-05-18 20:15:00+02,60,"",Gedling,60,Nottingham - Gedling
19861316,2026-05-18 20:43:00+02,60,"",Nottingham,60,Nottingham - Gedling
19869268,2026-05-18 21:15:00+02,60,"",Gedling,60,Nottingham - Gedling
19876995,2026-05-18 21:43:00+02,60,"",Nottingham,60,Nottingham - Gedling
19991206,2026-05-19 08:51:00+02,60,"",Nottingham,60,Nottingham - Gedling
20002955,2026-05-19 09:28:00+02,60,"",Gedling,60,Nottingham - Gedling
20018274,2026-05-19 10:03:00+02,60,"",Nottingham,60,Nottingham - Gedling
20034937,2026-05-19 10:35:00+02,60,"",Gedling,60,Nottingham - Gedling
20053307,2026-05-19 11:13:00+02,60,"",Nottingham,60,Nottingham - Gedling
20064643,2026-05-19 11:45:00+02,60,"",Gedling,60,Nottingham - Gedling
20081776,2026-05-19 12:23:00+02,60,"",Nottingham,60,Nottingham - Gedling
20096738,2026-05-19 12:55:00+02,60,"",Gedling,60,Nottingham - Gedling
20112848,2026-05-19 13:33:00+02,60,"",Nottingham,60,Nottingham - Gedling
20128954,2026-05-19 14:05:00+02,60,"",Gedling,60,Nottingham - Gedling
20146745,2026-05-19 14:43:00+02,60,"",Nottingham,60,Nottingham - Gedling
20159264,2026-05-19 15:15:00+02,60,"",Gedling,60,Nottingham - Gedling
20177152,2026-05-19 15:53:00+02,60,"",Nottingham,60,Nottingham - Gedling
20191704,2026-05-19 16:25:00+02,60,"",Gedling,60,Nottingham - Gedling
20206245,2026-05-19 17:01:00+02,60,"",Nottingham,60,Nottingham - Gedling
20221959,2026-05-19 17:35:00+02,60,"",Gedling,60,Nottingham - Gedling
20237083,2026-05-19 18:13:00+02,60,"",Nottingham,60,Nottingham - Gedling
20251682,2026-05-19 18:45:00+02,60,"",Gedling,60,Nottingham - Gedling
20270145,2026-05-19 19:28:00+02,60,"",Nottingham,60,Nottingham - Gedling
20280344,2026-05-19 20:00:00+02,60,"",Gedling,60,Nottingham - Gedling
20290905,2026-05-19 20:28:00+02,60,"",Nottingham,60,Nottingham - Gedling
20364567,2026-05-20 06:01:00+02,60,"",Nottingham,60,Nottingham - Gedling
20368299,2026-05-20 06:32:00+02,60,"",Gedling,60,Nottingham - Gedling
20377783,2026-05-20 06:59:00+02,60,"",Nottingham,60,Nottingham - Gedling
20384616,2026-05-20 07:30:00+02,60,"",Gedling,60,Nottingham - Gedling
20399228,2026-05-20 08:01:00+02,60,"",Nottingham,60,Nottingham - Gedling
20411883,2026-05-20 08:38:00+02,60,"",Gedling,60,Nottingham - Gedling
20432032,2026-05-20 09:11:00+02,60,"",Nottingham,60,Nottingham - Gedling
20444691,2026-05-20 09:48:00+02,60,"",Gedling,60,Nottingham - Gedling
20459992,2026-05-20 10:23:00+02,60,"",Nottingham,60,Nottingham - Gedling
20476589,2026-05-20 10:55:00+02,60,"",Gedling,60,Nottingham - Gedling
20492281,2026-05-20 11:33:00+02,60,"",Nottingham,60,Nottingham - Gedling
20508404,2026-05-20 12:05:00+02,60,"",Gedling,60,Nottingham - Gedling
20526127,2026-05-20 12:43:00+02,60,"",Nottingham,60,Nottingham - Gedling
20542666,2026-05-20 13:15:00+02,60,"",Gedling,60,Nottingham - Gedling
20555069,2026-05-20 13:53:00+02,60,"",Nottingham,60,Nottingham - Gedling
20572556,2026-05-20 14:25:00+02,60,"",Gedling,60,Nottingham - Gedling
20587853,2026-05-20 15:03:00+02,60,"",Nottingham,60,Nottingham - Gedling
20603116,2026-05-20 15:35:00+02,60,"",Gedling,60,Nottingham - Gedling
20619803,2026-05-20 16:11:00+02,60,"",Nottingham,60,Nottingham - Gedling
20636631,2026-05-20 16:45:00+02,60,"",Gedling,60,Nottingham - Gedling
20653141,2026-05-20 17:23:00+02,60,"",Nottingham,60,Nottingham - Gedling
20665078,2026-05-20 17:55:00+02,60,"",Gedling,60,Nottingham - Gedling
20684170,2026-05-20 18:33:00+02,60,"",Nottingham,60,Nottingham - Gedling
20693750,2026-05-20 19:05:00+02,60,"",Gedling,60,Nottingham - Gedling
20798528,2026-05-21 06:01:00+02,60,"",Nottingham,60,Nottingham - Gedling
20802066,2026-05-21 06:32:00+02,60,"",Gedling,60,Nottingham - Gedling
20807854,2026-05-21 06:59:00+02,60,"",Nottingham,60,Nottingham - Gedling
20817212,2026-05-21 07:30:00+02,60,"",Gedling,60,Nottingham - Gedling
20828724,2026-05-21 08:01:00+02,60,"",Nottingham,60,Nottingham - Gedling
20845552,2026-05-21 08:38:00+02,60,"",Gedling,60,Nottingham - Gedling
20864204,2026-05-21 09:11:00+02,60,"",Nottingham,60,Nottingham - Gedling
20877662,2026-05-21 09:48:00+02,60,"",Gedling,60,Nottingham - Gedling
20894593,2026-05-21 10:23:00+02,60,"",Nottingham,60,Nottingham - Gedling
20911183,2026-05-21 10:55:00+02,60,"",Gedling,60,Nottingham - Gedling
20925205,2026-05-21 11:33:00+02,60,"",Nottingham,60,Nottingham - Gedling
20941264,2026-05-21 12:05:00+02,60,"",Gedling,60,Nottingham - Gedling
20957959,2026-05-21 12:43:00+02,60,"",Nottingham,60,Nottingham - Gedling
20972297,2026-05-21 13:15:00+02,60,"",Gedling,60,Nottingham - Gedling
20989747,2026-05-21 13:53:00+02,60,"",Nottingham,60,Nottingham - Gedling
21004232,2026-05-21 14:25:00+02,60,"",Gedling,60,Nottingham - Gedling
21021337,2026-05-21 15:03:00+02,60,"",Nottingham,60,Nottingham - Gedling
21033562,2026-05-21 15:35:00+02,60,"",Gedling,60,Nottingham - Gedling
21052276,2026-05-21 16:11:00+02,60,"",Nottingham,60,Nottingham - Gedling
21068212,2026-05-21 16:45:00+02,60,"",Gedling,60,Nottingham - Gedling
21083328,2026-05-21 17:23:00+02,60,"",Nottingham,60,Nottingham - Gedling
21096687,2026-05-21 17:55:00+02,60,"",Gedling,60,Nottingham - Gedling
21109986,2026-05-21 18:33:00+02,60,"",Nottingham,60,Nottingham - Gedling
21126247,2026-05-21 19:05:00+02,60,"",Gedling,60,Nottingham - Gedling
21251826,2026-05-22 07:41:00+02,60,"",Nottingham,60,Nottingham - Gedling
21262794,2026-05-22 08:15:00+02,60,"",Gedling,60,Nottingham - Gedling
21280797,2026-05-22 08:41:00+02,60,"",Nottingham,60,Nottingham - Gedling
21294241,2026-05-22 09:18:00+02,60,"",Gedling,60,Nottingham - Gedling
21311025,2026-05-22 09:52:00+02,60,"",Nottingham,60,Nottingham - Gedling
21322897,2026-05-22 11:35:00+02,60,"",Gedling,60,Nottingham - Gedling
21373052,2026-05-22 12:13:00+02,60,"",Nottingham,60,Nottingham - Gedling
21385087,2026-05-22 12:45:00+02,60,"",Gedling,60,Nottingham - Gedling
21402285,2026-05-22 13:23:00+02,60,"",Nottingham,60,Nottingham - Gedling
21416467,2026-05-22 13:55:00+02,60,"",Gedling,60,Nottingham - Gedling
21433006,2026-05-22 14:33:00+02,60,"",Nottingham,60,Nottingham - Gedling
21448287,2026-05-22 15:05:00+02,60,"",Gedling,60,Nottingham - Gedling
21463934,2026-05-22 15:43:00+02,60,"",Nottingham,60,Nottingham - Gedling
21477008,2026-05-22 16:15:00+02,60,"",Gedling,60,Nottingham - Gedling
21494698,2026-05-22 16:51:00+02,60,"",Nottingham,60,Nottingham - Gedling
21505265,2026-05-22 17:25:00+02,60,"",Gedling,60,Nottingham - Gedling
21531031,2026-05-22 18:03:00+02,60,"",Nottingham,60,Nottingham - Gedling
21540769,2026-05-22 18:35:00+02,60,"",Gedling,60,Nottingham - Gedling
21556295,2026-05-22 19:13:00+02,60,"",Nottingham,60,Nottingham - Gedling
21567639,2026-05-22 19:45:00+02,60,"",Gedling,60,Nottingham - Gedling
21578629,2026-05-22 20:13:00+02,60,"",Nottingham,60,Nottingham - Gedling
21586038,2026-05-22 20:45:00+02,60,"",Gedling,60,Nottingham - Gedling
21595308,2026-05-22 21:13:00+02,60,"",Nottingham,60,Nottingham - Gedling
21601426,2026-05-22 21:45:00+02,60,"",Gedling,60,Nottingham - Gedling
21608939,2026-05-22 22:13:00+02,60,"",Nottingham,60,Nottingham - Gedling
21615097,2026-05-22 22:45:00+02,60,"",Gedling,60,Nottingham - Gedling
21621216,2026-05-22 23:13:00+02,60,"",Nottingham,60,Nottingham - Gedling
21626673,2026-05-22 23:45:00+02,60,"",Gedling,60,Nottingham - Gedling
21632856,2026-05-23 00:10:00+02,60,"",Nottingham,60,Nottingham - Gedling
21740597,2026-05-23 10:53:00+02,60,"",Nottingham,60,Nottingham - Gedling
21752922,2026-05-23 11:25:00+02,60,"",Gedling,60,Nottingham - Gedling
21770664,2026-05-23 12:03:00+02,60,"",Nottingham,60,Nottingham - Gedling
21781689,2026-05-23 12:35:00+02,60,"",Gedling,60,Nottingham - Gedling
21798747,2026-05-23 13:13:00+02,60,"",Nottingham,60,Nottingham - Gedling
21811037,2026-05-23 13:45:00+02,60,"",Gedling,60,Nottingham - Gedling
21827211,2026-05-23 14:23:00+02,60,"",Nottingham,60,Nottingham - Gedling
21839208,2026-05-23 14:55:00+02,60,"",Gedling,60,Nottingham - Gedling
21854126,2026-05-23 15:33:00+02,60,"",Nottingham,60,Nottingham - Gedling
21867359,2026-05-23 16:05:00+02,60,"",Gedling,60,Nottingham - Gedling
21885216,2026-05-23 16:43:00+02,60,"",Nottingham,60,Nottingham - Gedling
21897102,2026-05-23 17:15:00+02,60,"",Gedling,60,Nottingham - Gedling
21911467,2026-05-23 17:53:00+02,60,"",Nottingham,60,Nottingham - Gedling
21925846,2026-05-23 18:25:00+02,60,"",Gedling,60,Nottingham - Gedling
21938930,2026-05-23 18:58:00+02,60,"",Nottingham,60,Nottingham - Gedling
21949440,2026-05-23 19:30:00+02,60,"",Gedling,60,Nottingham - Gedling
21961710,2026-05-23 19:58:00+02,60,"",Nottingham,60,Nottingham - Gedling
21967825,2026-05-23 20:30:00+02,60,"",Gedling,60,Nottingham - Gedling
21975708,2026-05-23 20:58:00+02,60,"",Nottingham,60,Nottingham - Gedling
22062972,2026-05-24 09:31:00+02,60,"",Nottingham,60,Nottingham - Gedling
22068555,2026-05-24 10:00:00+02,60,"",Gedling,60,Nottingham - Gedling
22075204,2026-05-24 10:26:00+02,60,"",Nottingham,60,Nottingham - Gedling
22082170,2026-05-24 10:55:00+02,60,"",Gedling,60,Nottingham - Gedling
22090713,2026-05-24 11:26:00+02,60,"",Nottingham,60,Nottingham - Gedling
22097282,2026-05-24 11:55:00+02,60,"",Gedling,60,Nottingham - Gedling
22104371,2026-05-24 12:26:00+02,60,"",Nottingham,60,Nottingham - Gedling
22112867,2026-05-24 12:55:00+02,60,"",Gedling,60,Nottingham - Gedling
22119687,2026-05-24 13:26:00+02,60,"",Nottingham,60,Nottingham - Gedling
22127375,2026-05-24 13:55:00+02,60,"",Gedling,60,Nottingham - Gedling
22136553,2026-05-24 14:26:00+02,60,"",Nottingham,60,Nottingham - Gedling
22143155,2026-05-24 14:55:00+02,60,"",Gedling,60,Nottingham - Gedling
22151209,2026-05-24 15:26:00+02,60,"",Nottingham,60,Nottingham - Gedling
22159404,2026-05-24 15:55:00+02,60,"",Gedling,60,Nottingham - Gedling
22166506,2026-05-24 16:26:00+02,60,"",Nottingham,60,Nottingham - Gedling
22173470,2026-05-24 16:55:00+02,60,"",Gedling,60,Nottingham - Gedling
22181208,2026-05-24 17:26:00+02,60,"",Nottingham,60,Nottingham - Gedling
22188886,2026-05-24 17:55:00+02,60,"",Gedling,60,Nottingham - Gedling
22405164,2026-05-25 15:46:00+02,60,"",Nottingham,60,Nottingham - Gedling
22413562,2026-05-25 16:15:00+02,60,"",Gedling,60,Nottingham - Gedling
22420370,2026-05-25 16:46:00+02,60,"",Nottingham,60,Nottingham - Gedling
22429131,2026-05-25 17:15:00+02,60,"",Gedling,60,Nottingham - Gedling
22435710,2026-05-25 17:46:00+02,60,"",Nottingham,60,Nottingham - Gedling
22443422,2026-05-25 18:15:00+02,60,"",Gedling,60,Nottingham - Gedling
22450658,2026-05-25 18:46:00+02,60,"",Nottingham,60,Nottingham - Gedling
22458295,2026-05-25 19:15:00+02,60,"",Gedling,60,Nottingham - Gedling
22465109,2026-05-25 19:46:00+02,60,"",Nottingham,60,Nottingham - Gedling
22471221,2026-05-25 20:15:00+02,60,"",Gedling,60,Nottingham - Gedling
22477365,2026-05-25 20:46:00+02,60,"",Nottingham,60,Nottingham - Gedling
22482773,2026-05-25 21:15:00+02,60,"",Gedling,60,Nottingham - Gedling
22488891,2026-05-25 21:46:00+02,60,"",Nottingham,60,Nottingham - Gedling
22493727,2026-05-25 22:15:00+02,60,"",Gedling,60,Nottingham - Gedling
22499242,2026-05-25 22:46:00+02,60,"",Nottingham,60,Nottingham - Gedling
22503977,2026-05-25 23:15:00+02,60,"",Gedling,60,Nottingham - Gedling
22509785,2026-05-25 23:40:00+02,60,"",Nottingham,60,Nottingham - Gedling
22512785,2026-05-26 00:02:00+02,60,"",Gedling,60,Nottingham - Gedling
22562046,2026-05-26 07:41:00+02,60,"",Nottingham,60,Nottingham - Gedling
22571834,2026-05-26 08:15:00+02,60,"",Gedling,60,Nottingham - Gedling
22586773,2026-05-26 08:41:00+02,60,"",Nottingham,60,Nottingham - Gedling
22598992,2026-05-26 09:18:00+02,60,"",Gedling,60,Nottingham - Gedling
22617387,2026-05-26 09:52:00+02,60,"",Nottingham,60,Nottingham - Gedling
22630146,2026-05-26 10:25:00+02,60,"",Gedling,60,Nottingham - Gedling
22645354,2026-05-26 11:03:00+02,60,"",Nottingham,60,Nottingham - Gedling
22662968,2026-05-26 11:35:00+02,60,"",Gedling,60,Nottingham - Gedling
22679992,2026-05-26 12:13:00+02,60,"",Nottingham,60,Nottingham - Gedling
22691220,2026-05-26 12:45:00+02,60,"",Gedling,60,Nottingham - Gedling
22710435,2026-05-26 13:23:00+02,60,"",Nottingham,60,Nottingham - Gedling
22721189,2026-05-26 13:55:00+02,60,"",Gedling,60,Nottingham - Gedling
22741047,2026-05-26 14:33:00+02,60,"",Nottingham,60,Nottingham - Gedling
22757105,2026-05-26 15:05:00+02,60,"",Gedling,60,Nottingham - Gedling
22767754,2026-05-26 15:43:00+02,60,"",Nottingham,60,Nottingham - Gedling
22786377,2026-05-26 16:15:00+02,60,"",Gedling,60,Nottingham - Gedling
22796560,2026-05-26 16:51:00+02,60,"",Nottingham,60,Nottingham - Gedling
22812140,2026-05-26 17:25:00+02,60,"",Gedling,60,Nottingham - Gedling
22826571,2026-05-26 18:03:00+02,60,"",Nottingham,60,Nottingham - Gedling
22843051,2026-05-26 18:35:00+02,60,"",Gedling,60,Nottingham - Gedling
22857250,2026-05-26 19:13:00+02,60,"",Nottingham,60,Nottingham - Gedling
22866088,2026-05-26 19:45:00+02,60,"",Gedling,60,Nottingham - Gedling
22876820,2026-05-26 20:13:00+02,60,"",Nottingham,60,Nottingham - Gedling
22884931,2026-05-26 20:45:00+02,60,"",Gedling,60,Nottingham - Gedling
22893215,2026-05-26 21:13:00+02,60,"",Nottingham,60,Nottingham - Gedling
22899697,2026-05-26 21:45:00+02,60,"",Gedling,60,Nottingham - Gedling
22908135,2026-05-26 22:13:00+02,60,"",Nottingham,60,Nottingham - Gedling
22912694,2026-05-26 22:45:00+02,60,"",Gedling,60,Nottingham - Gedling
22919754,2026-05-26 23:13:00+02,60,"",Nottingham,60,Nottingham - Gedling
22924750,2026-05-26 23:45:00+02,60,"",Porchester,60,Nottingham - Gedling
22967230,2026-05-27 07:14:00+02,60,"",Nottingham,60,Nottingham - Gedling
22977875,2026-05-27 07:45:00+02,60,"",Gedling,60,Nottingham - Gedling
22990352,2026-05-27 08:11:00+02,60,"",Nottingham,60,Nottingham - Gedling
23003700,2026-05-27 08:48:00+02,60,"",Gedling,60,Nottingham - Gedling
23022749,2026-05-27 09:21:00+02,60,"",Nottingham,60,Nottingham - Gedling
23034000,2026-05-27 09:58:00+02,60,"",Gedling,60,Nottingham - Gedling
23049878,2026-05-27 10:33:00+02,60,"",Nottingham,60,Nottingham - Gedling
23066214,2026-05-27 11:05:00+02,60,"",Gedling,60,Nottingham - Gedling
23080852,2026-05-27 11:43:00+02,60,"",Nottingham,60,Nottingham - Gedling
23096184,2026-05-27 12:15:00+02,60,"",Gedling,60,Nottingham - Gedling
23109587,2026-05-27 12:53:00+02,60,"",Nottingham,60,Nottingham - Gedling
23127554,2026-05-27 13:25:00+02,60,"",Gedling,60,Nottingham - Gedling
23144564,2026-05-27 14:03:00+02,60,"",Nottingham,60,Nottingham - Gedling
23155861,2026-05-27 14:35:00+02,60,"",Gedling,60,Nottingham - Gedling
23176313,2026-05-27 15:13:00+02,60,"",Nottingham,60,Nottingham - Gedling
23188507,2026-05-27 15:45:00+02,60,"",Gedling,60,Nottingham - Gedling
23202584,2026-05-27 16:21:00+02,60,"",Nottingham,60,Nottingham - Gedling
23217145,2026-05-27 16:55:00+02,60,"",Gedling,60,Nottingham - Gedling
23232385,2026-05-27 17:33:00+02,60,"",Nottingham,60,Nottingham - Gedling
23246894,2026-05-27 18:05:00+02,60,"",Gedling,60,Nottingham - Gedling
23260895,2026-05-27 18:43:00+02,60,"",Nottingham,60,Nottingham - Gedling
23274695,2026-05-27 19:15:00+02,60,"",Gedling,60,Nottingham - Gedling
23286971,2026-05-27 19:43:00+02,60,"",Nottingham,60,Nottingham - Gedling
23295173,2026-05-27 20:15:00+02,60,"",Gedling,60,Nottingham - Gedling
23304172,2026-05-27 20:43:00+02,60,"",Nottingham,60,Nottingham - Gedling
23311559,2026-05-27 21:15:00+02,60,"",Gedling,60,Nottingham - Gedling
23319651,2026-05-27 21:43:00+02,60,"",Nottingham,60,Nottingham - Gedling
23415926,2026-05-28 08:21:00+02,60,"",Nottingham,60,Nottingham - Gedling
23427297,2026-05-28 08:58:00+02,60,"",Gedling,60,Nottingham - Gedling
23446100,2026-05-28 09:31:00+02,60,"",Nottingham,60,Nottingham - Gedling
23458217,2026-05-28 10:07:00+02,60,"",Gedling,60,Nottingham - Gedling
23477165,2026-05-28 10:43:00+02,60,"",Nottingham,60,Nottingham - Gedling
23489856,2026-05-28 11:15:00+02,60,"",Gedling,60,Nottingham - Gedling
23505420,2026-05-28 11:53:00+02,60,"",Nottingham,60,Nottingham - Gedling
23521207,2026-05-28 12:25:00+02,60,"",Gedling,60,Nottingham - Gedling
23535354,2026-05-28 13:03:00+02,60,"",Nottingham,60,Nottingham - Gedling
23553074,2026-05-28 13:35:00+02,60,"",Gedling,60,Nottingham - Gedling
23566648,2026-05-28 14:13:00+02,60,"",Nottingham,60,Nottingham - Gedling
23579672,2026-05-28 14:45:00+02,60,"",Gedling,60,Nottingham - Gedling
23599528,2026-05-28 15:23:00+02,60,"",Nottingham,60,Nottingham - Gedling
23612211,2026-05-28 15:55:00+02,60,"",Gedling,60,Nottingham - Gedling
23628801,2026-05-28 16:31:00+02,60,"",Nottingham,60,Nottingham - Gedling
23640711,2026-05-28 17:05:00+02,60,"",Gedling,60,Nottingham - Gedling
23659111,2026-05-28 17:43:00+02,60,"",Nottingham,60,Nottingham - Gedling
23670440,2026-05-28 18:15:00+02,60,"",Gedling,60,Nottingham - Gedling
23688512,2026-05-28 18:53:00+02,60,"",Nottingham,60,Nottingham - Gedling
23698558,2026-05-28 19:25:00+02,60,"",Gedling,60,Nottingham - Gedling
23711432,2026-05-28 19:58:00+02,60,"",Nottingham,60,Nottingham - Gedling
23718279,2026-05-28 20:30:00+02,60,"",Gedling,60,Nottingham - Gedling
23727080,2026-05-28 20:58:00+02,60,"",Nottingham,60,Nottingham - Gedling
23832248,2026-05-29 07:51:00+02,60,"",Nottingham,60,Nottingham - Gedling
23834495,2026-05-29 08:28:00+02,60,"",Gedling,60,Nottingham - Gedling
23852926,2026-05-29 09:01:00+02,60,"",Nottingham,60,Nottingham - Gedling
23865872,2026-05-29 09:38:00+02,60,"",Gedling,60,Nottingham - Gedling
23884565,2026-05-29 10:13:00+02,60,"",Nottingham,60,Nottingham - Gedling
23896621,2026-05-29 10:45:00+02,60,"",Gedling,60,Nottingham - Gedling
23912545,2026-05-29 11:23:00+02,60,"",Nottingham,60,Nottingham - Gedling
23926772,2026-05-29 11:55:00+02,60,"",Gedling,60,Nottingham - Gedling
23942290,2026-05-29 12:33:00+02,60,"",Nottingham,60,Nottingham - Gedling
23958237,2026-05-29 13:05:00+02,60,"",Gedling,60,Nottingham - Gedling
23973471,2026-05-29 13:43:00+02,60,"",Nottingham,60,Nottingham - Gedling
23987093,2026-05-29 14:15:00+02,60,"",Gedling,60,Nottingham - Gedling
24003360,2026-05-29 14:53:00+02,60,"",Nottingham,60,Nottingham - Gedling
24017986,2026-05-29 15:25:00+02,60,"",Gedling,60,Nottingham - Gedling
24032476,2026-05-29 16:01:00+02,60,"",Nottingham,60,Nottingham - Gedling
24047119,2026-05-29 16:35:00+02,60,"",Gedling,60,Nottingham - Gedling
24063201,2026-05-29 17:12:00+02,60,"",Nottingham,60,Nottingham - Gedling
24077790,2026-05-29 17:45:00+02,60,"",Gedling,60,Nottingham - Gedling
24091697,2026-05-29 18:23:00+02,60,"",Nottingham,60,Nottingham - Gedling
24107965,2026-05-29 18:55:00+02,60,"",Gedling,60,Nottingham - Gedling
24314458,2026-05-30 11:33:00+02,60,"",Nottingham,60,Nottingham - Gedling
24327977,2026-05-30 12:05:00+02,60,"",Gedling,60,Nottingham - Gedling
24340563,2026-05-30 12:43:00+02,60,"",Nottingham,60,Nottingham - Gedling
24353702,2026-05-30 13:15:00+02,60,"",Gedling,60,Nottingham - Gedling
24369535,2026-05-30 13:53:00+02,60,"",Nottingham,60,Nottingham - Gedling
24383788,2026-05-30 14:25:00+02,60,"",Gedling,60,Nottingham - Gedling
24398556,2026-05-30 15:03:00+02,60,"",Nottingham,60,Nottingham - Gedling
24413011,2026-05-30 15:35:00+02,60,"",Gedling,60,Nottingham - Gedling
24429049,2026-05-30 16:13:00+02,60,"",Nottingham,60,Nottingham - Gedling
24441039,2026-05-30 16:45:00+02,60,"",Gedling,60,Nottingham - Gedling
24457779,2026-05-30 17:23:00+02,60,"",Nottingham,60,Nottingham - Gedling
24468516,2026-05-30 17:55:00+02,60,"",Gedling,60,Nottingham - Gedling
24864256,2026-06-01 07:41:00+02,60,"",Nottingham,60,Nottingham - Gedling
24875941,2026-06-01 08:15:00+02,60,"",Gedling,60,Nottingham - Gedling
24892919,2026-06-01 08:41:00+02,60,"",Nottingham,60,Nottingham - Gedling
24905574,2026-06-01 09:18:00+02,60,"",Gedling,60,Nottingham - Gedling
24922687,2026-06-01 09:52:00+02,60,"",Nottingham,60,Nottingham - Gedling
24935121,2026-06-01 10:25:00+02,60,"",Gedling,60,Nottingham - Gedling
24954679,2026-06-01 11:03:00+02,60,"",Nottingham,60,Nottingham - Gedling
24967333,2026-06-01 11:35:00+02,60,"",Gedling,60,Nottingham - Gedling
24986949,2026-06-01 12:13:00+02,60,"",Nottingham,60,Nottingham - Gedling
24998817,2026-06-01 12:45:00+02,60,"",Gedling,60,Nottingham - Gedling
25017524,2026-06-01 13:23:00+02,60,"",Nottingham,60,Nottingham - Gedling
25029446,2026-06-01 13:55:00+02,60,"",Gedling,60,Nottingham - Gedling
25049625,2026-06-01 14:33:00+02,60,"",Nottingham,60,Nottingham - Gedling
25061353,2026-06-01 15:05:00+02,60,"",Gedling,60,Nottingham - Gedling
25079860,2026-06-01 15:43:00+02,60,"",Nottingham,60,Nottingham - Gedling
25093028,2026-06-01 16:15:00+02,60,"",Gedling,60,Nottingham - Gedling
25109363,2026-06-01 16:51:00+02,60,"",Nottingham,60,Nottingham - Gedling
25123525,2026-06-01 17:25:00+02,60,"",Gedling,60,Nottingham - Gedling
25140778,2026-06-01 18:03:00+02,60,"",Nottingham,60,Nottingham - Gedling
25153863,2026-06-01 18:35:00+02,60,"",Gedling,60,Nottingham - Gedling
25169835,2026-06-01 19:13:00+02,60,"",Nottingham,60,Nottingham - Gedling
25181324,2026-06-01 19:45:00+02,60,"",Gedling,60,Nottingham - Gedling
25192177,2026-06-01 20:13:00+02,60,"",Nottingham,60,Nottingham - Gedling
25200196,2026-06-01 20:45:00+02,60,"",Carlton,60,Nottingham - Gedling
25209624,2026-06-01 21:13:00+02,60,"",Nottingham,60,Nottingham - Gedling
25215163,2026-06-01 21:45:00+02,60,"",Carlton,60,Nottingham - Gedling
25221555,2026-06-01 22:13:00+02,60,"",Nottingham,60,Nottingham - Gedling
25228330,2026-06-01 22:45:00+02,60,"",Carlton,60,Nottingham - Gedling
25234180,2026-06-01 23:13:00+02,60,"",Nottingham,60,Nottingham - Gedling
25240195,2026-06-01 23:45:00+02,60,"",Carlton,60,Nottingham - Gedling
25246091,2026-06-02 00:10:00+02,60,"",Nottingham,60,Nottingham - Gedling
25296355,2026-06-02 07:41:00+02,60,"",Nottingham,60,Nottingham - Gedling
25306440,2026-06-02 08:15:00+02,60,"",Gedling,60,Nottingham - Gedling
25323905,2026-06-02 08:41:00+02,60,"",Nottingham,60,Nottingham - Gedling
25338232,2026-06-02 09:18:00+02,60,"",Gedling,60,Nottingham - Gedling
25350958,2026-06-02 09:52:00+02,60,"",Nottingham,60,Nottingham - Gedling
25364310,2026-06-02 10:25:00+02,60,"",Gedling,60,Nottingham - Gedling
25380905,2026-06-02 11:03:00+02,60,"",Nottingham,60,Nottingham - Gedling
25396866,2026-06-02 11:35:00+02,60,"",Gedling,60,Nottingham - Gedling
25414653,2026-06-02 12:13:00+02,60,"",Nottingham,60,Nottingham - Gedling
25426910,2026-06-02 12:45:00+02,60,"",Gedling,60,Nottingham - Gedling
25445944,2026-06-02 13:23:00+02,60,"",Nottingham,60,Nottingham - Gedling
25459549,2026-06-02 13:55:00+02,60,"",Gedling,60,Nottingham - Gedling
25477448,2026-06-02 14:33:00+02,60,"",Nottingham,60,Nottingham - Gedling
25489668,2026-06-02 15:05:00+02,60,"",Gedling,60,Nottingham - Gedling
25510177,2026-06-02 15:43:00+02,60,"",Nottingham,60,Nottingham - Gedling
25524092,2026-06-02 16:15:00+02,60,"",Gedling,60,Nottingham - Gedling
25540539,2026-06-02 16:51:00+02,60,"",Nottingham,60,Nottingham - Gedling
25551783,2026-06-02 17:25:00+02,60,"",Gedling,60,Nottingham - Gedling
25570429,2026-06-02 18:03:00+02,60,"",Nottingham,60,Nottingham - Gedling
25582010,2026-06-02 18:35:00+02,60,"",Gedling,60,Nottingham - Gedling
25597503,2026-06-02 19:13:00+02,60,"",Nottingham,60,Nottingham - Gedling
25608925,2026-06-02 19:45:00+02,60,"",Gedling,60,Nottingham - Gedling
25619438,2026-06-02 20:13:00+02,60,"",Nottingham,60,Nottingham - Gedling
25627965,2026-06-02 20:45:00+02,60,"",Carlton,60,Nottingham - Gedling
25638575,2026-06-02 21:13:00+02,60,"",Nottingham,60,Nottingham - Gedling
25643106,2026-06-02 21:45:00+02,60,"",Carlton,60,Nottingham - Gedling
25652187,2026-06-02 22:13:00+02,60,"",Nottingham,60,Nottingham - Gedling
25655873,2026-06-02 22:45:00+02,60,"",Carlton,60,Nottingham - Gedling
25664872,2026-06-02 23:13:00+02,60,"",Nottingham,60,Nottingham - Gedling
25668407,2026-06-02 23:45:00+02,60,"",Carlton,60,Nottingham - Gedling
25675369,2026-06-03 00:10:00+02,60,"",Nottingham,60,Nottingham - Gedling
25728086,2026-06-03 07:51:00+02,60,"",Nottingham,60,Nottingham - Gedling
25740601,2026-06-03 08:28:00+02,60,"",Gedling,60,Nottingham - Gedling
25758247,2026-06-03 09:01:00+02,60,"",Nottingham,60,Nottingham - Gedling
25776053,2026-06-03 09:38:00+02,60,"",Gedling,60,Nottingham - Gedling
25788051,2026-06-03 10:13:00+02,60,"",Nottingham,60,Nottingham - Gedling
25804342,2026-06-03 10:45:00+02,60,"",Gedling,60,Nottingham - Gedling
25820292,2026-06-03 11:23:00+02,60,"",Nottingham,60,Nottingham - Gedling
25835895,2026-06-03 11:55:00+02,60,"",Gedling,60,Nottingham - Gedling
25851508,2026-06-03 12:33:00+02,60,"",Nottingham,60,Nottingham - Gedling
25865746,2026-06-03 13:05:00+02,60,"",Gedling,60,Nottingham - Gedling
25885443,2026-06-03 13:43:00+02,60,"",Nottingham,60,Nottingham - Gedling
25897672,2026-06-03 14:15:00+02,60,"",Gedling,60,Nottingham - Gedling
25915420,2026-06-03 14:53:00+02,60,"",Nottingham,60,Nottingham - Gedling
25929234,2026-06-03 15:25:00+02,60,"",Gedling,60,Nottingham - Gedling
25948550,2026-06-03 16:01:00+02,60,"",Nottingham,60,Nottingham - Gedling
25961045,2026-06-03 16:35:00+02,60,"",Gedling,60,Nottingham - Gedling
25978951,2026-06-03 17:12:00+02,60,"",Nottingham,60,Nottingham - Gedling
25992102,2026-06-03 17:45:00+02,60,"",Gedling,60,Nottingham - Gedling
26008652,2026-06-03 18:23:00+02,60,"",Nottingham,60,Nottingham - Gedling
26021510,2026-06-03 18:55:00+02,60,"",Gedling,60,Nottingham - Gedling
26134674,2026-06-04 06:31:00+02,60,"",Nottingham,60,Nottingham - Gedling
26139887,2026-06-04 07:02:00+02,60,"",Gedling,60,Nottingham - Gedling
26149482,2026-06-04 07:29:00+02,60,"",Nottingham,60,Nottingham - Gedling
26161473,2026-06-04 08:00:00+02,60,"",Gedling,60,Nottingham - Gedling
26175849,2026-06-04 08:31:00+02,60,"",Nottingham,60,Nottingham - Gedling
26192594,2026-06-04 09:08:00+02,60,"",Gedling,60,Nottingham - Gedling
26209777,2026-06-04 09:42:00+02,60,"",Nottingham,60,Nottingham - Gedling
26221128,2026-06-04 10:16:00+02,60,"",Gedling,60,Nottingham - Gedling
26240961,2026-06-04 10:53:00+02,60,"",Nottingham,60,Nottingham - Gedling
26253709,2026-06-04 11:25:00+02,60,"",Gedling,60,Nottingham - Gedling
26273114,2026-06-04 12:03:00+02,60,"",Nottingham,60,Nottingham - Gedling
26286294,2026-06-04 12:35:00+02,60,"",Gedling,60,Nottingham - Gedling
26302209,2026-06-04 13:13:00+02,60,"",Nottingham,60,Nottingham - Gedling
26317766,2026-06-04 13:45:00+02,60,"",Gedling,60,Nottingham - Gedling
26333220,2026-06-04 14:23:00+02,60,"",Nottingham,60,Nottingham - Gedling
26348253,2026-06-04 14:55:00+02,60,"",Gedling,60,Nottingham - Gedling
26368903,2026-06-04 15:33:00+02,60,"",Nottingham,60,Nottingham - Gedling
26380032,2026-06-04 16:05:00+02,60,"",Gedling,60,Nottingham - Gedling
26399671,2026-06-04 16:41:00+02,60,"",Nottingham,60,Nottingham - Gedling
26413563,2026-06-04 17:15:00+02,60,"",Gedling,60,Nottingham - Gedling
26428820,2026-06-04 17:53:00+02,60,"",Nottingham,60,Nottingham - Gedling
26439817,2026-06-04 18:25:00+02,60,"",Gedling,60,Nottingham - Gedling
26457302,2026-06-04 19:03:00+02,60,"",Nottingham,60,Nottingham - Gedling
26468110,2026-06-04 19:35:00+02,60,"",Gedling,60,Nottingham - Gedling
26584842,2026-06-05 07:41:00+02,60,"",Nottingham,60,Nottingham - Gedling
26596064,2026-06-05 08:15:00+02,60,"",Gedling,60,Nottingham - Gedling
26613177,2026-06-05 08:41:00+02,60,"",Nottingham,60,Nottingham - Gedling
26626795,2026-06-05 09:18:00+02,60,"",Gedling,60,Nottingham - Gedling
26643051,2026-06-05 09:52:00+02,60,"",Nottingham,60,Nottingham - Gedling
26658244,2026-06-05 10:25:00+02,60,"",Gedling,60,Nottingham - Gedling
26672283,2026-06-05 11:03:00+02,60,"",Nottingham,60,Nottingham - Gedling
26688296,2026-06-05 11:35:00+02,60,"",Gedling,60,Nottingham - Gedling
26704115,2026-06-05 12:13:00+02,60,"",Nottingham,60,Nottingham - Gedling
26721338,2026-06-05 12:45:00+02,60,"",Gedling,60,Nottingham - Gedling
26735065,2026-06-05 13:23:00+02,60,"",Nottingham,60,Nottingham - Gedling
26751593,2026-06-05 13:55:00+02,60,"",Gedling,60,Nottingham - Gedling
26766081,2026-06-05 14:33:00+02,60,"",Nottingham,60,Nottingham - Gedling
26783849,2026-06-05 15:05:00+02,60,"",Gedling,60,Nottingham - Gedling
26798161,2026-06-05 15:43:00+02,60,"",Nottingham,60,Nottingham - Gedling
26816277,2026-06-05 16:15:00+02,60,"",Gedling,60,Nottingham - Gedling
26830387,2026-06-05 16:51:00+02,60,"",Nottingham,60,Nottingham - Gedling
26844299,2026-06-05 17:25:00+02,60,"",Gedling,60,Nottingham - Gedling
26861066,2026-06-05 18:03:00+02,60,"",Nottingham,60,Nottingham - Gedling
26877399,2026-06-05 18:35:00+02,60,"",Gedling,60,Nottingham - Gedling
26891831,2026-06-05 19:13:00+02,60,"",Nottingham,60,Nottingham - Gedling
26903355,2026-06-05 19:45:00+02,60,"",Gedling,60,Nottingham - Gedling
26914370,2026-06-05 20:13:00+02,60,"",Nottingham,60,Nottingham - Gedling
26922260,2026-06-05 20:45:00+02,60,"",Carlton,60,Nottingham - Gedling
26932163,2026-06-05 21:13:00+02,60,"",Nottingham,60,Nottingham - Gedling
26936713,2026-06-05 21:45:00+02,60,"",Carlton,60,Nottingham - Gedling
26945742,2026-06-05 22:13:00+02,60,"",Nottingham,60,Nottingham - Gedling
26949920,2026-06-05 22:45:00+02,60,"",Carlton,60,Nottingham - Gedling
26958564,2026-06-05 23:13:00+02,60,"",Nottingham,60,Nottingham - Gedling
26961907,2026-06-05 23:45:00+02,60,"",Carlton,60,Nottingham - Gedling
26969737,2026-06-06 00:10:00+02,60,"",Nottingham,60,Nottingham - Gedling
27002735,2026-06-06 07:44:00+02,60,"",Nottingham,60,Nottingham - Gedling
27010120,2026-06-06 08:15:00+02,60,"",Gedling,60,Nottingham - Gedling
27018956,2026-06-06 08:41:00+02,60,"",Nottingham,60,Nottingham - Gedling
27027691,2026-06-06 09:15:00+02,60,"",Gedling,60,Nottingham - Gedling
27040600,2026-06-06 09:41:00+02,60,"",Nottingham,60,Nottingham - Gedling
27049994,2026-06-06 10:15:00+02,60,"",Gedling,60,Nottingham - Gedling
27063018,2026-06-06 10:41:00+02,60,"",Nottingham,60,Nottingham - Gedling
27074285,2026-06-06 11:15:00+02,60,"",Gedling,60,Nottingham - Gedling
27089060,2026-06-06 11:53:00+02,60,"",Nottingham,60,Nottingham - Gedling
27105980,2026-06-06 12:25:00+02,60,"",Gedling,60,Nottingham - Gedling
27121118,2026-06-06 13:03:00+02,60,"",Nottingham,60,Nottingham - Gedling
27135568,2026-06-06 13:35:00+02,60,"",Gedling,60,Nottingham - Gedling
27151264,2026-06-06 14:13:00+02,60,"",Nottingham,60,Nottingham - Gedling
27163121,2026-06-06 14:45:00+02,60,"",Gedling,60,Nottingham - Gedling
27178861,2026-06-06 15:23:00+02,60,"",Nottingham,60,Nottingham - Gedling
27190271,2026-06-06 15:55:00+02,60,"",Gedling,60,Nottingham - Gedling
27204797,2026-06-06 16:33:00+02,60,"",Nottingham,60,Nottingham - Gedling
27219004,2026-06-06 17:05:00+02,60,"",Gedling,60,Nottingham - Gedling
27235603,2026-06-06 17:43:00+02,60,"",Nottingham,60,Nottingham - Gedling
27246841,2026-06-06 18:15:00+02,60,"",Gedling,60,Nottingham - Gedling
27609448,2026-06-08 07:14:00+02,60,"",Nottingham,60,Nottingham - Gedling
27619303,2026-06-08 07:45:00+02,60,"",Gedling,60,Nottingham - Gedling
27634149,2026-06-08 08:11:00+02,60,"",Nottingham,60,Nottingham - Gedling
27648637,2026-06-08 08:48:00+02,60,"",Gedling,60,Nottingham - Gedling
27663841,2026-06-08 09:21:00+02,60,"",Nottingham,60,Nottingham - Gedling
27675670,2026-06-08 09:58:00+02,60,"",Gedling,60,Nottingham - Gedling
27690379,2026-06-08 10:33:00+02,60,"",Nottingham,60,Nottingham - Gedling
27707358,2026-06-08 11:05:00+02,60,"",Gedling,60,Nottingham - Gedling
27727692,2026-06-08 11:43:00+02,60,"",Nottingham,60,Nottingham - Gedling
27737397,2026-06-08 12:15:00+02,60,"",Gedling,60,Nottingham - Gedling
27757083,2026-06-08 12:53:00+02,60,"",Nottingham,60,Nottingham - Gedling
27769477,2026-06-08 13:25:00+02,60,"",Gedling,60,Nottingham - Gedling
27788677,2026-06-08 14:03:00+02,60,"",Nottingham,60,Nottingham - Gedling
27800369,2026-06-08 14:35:00+02,60,"",Gedling,60,Nottingham - Gedling
27821881,2026-06-08 15:13:00+02,60,"",Nottingham,60,Nottingham - Gedling
27833628,2026-06-08 15:45:00+02,60,"",Gedling,60,Nottingham - Gedling
27850294,2026-06-08 16:21:00+02,60,"",Nottingham,60,Nottingham - Gedling
27865811,2026-06-08 16:55:00+02,60,"",Gedling,60,Nottingham - Gedling
27881177,2026-06-08 17:33:00+02,60,"",Nottingham,60,Nottingham - Gedling
27894777,2026-06-08 18:05:00+02,60,"",Gedling,60,Nottingham - Gedling
27910077,2026-06-08 18:43:00+02,60,"",Nottingham,60,Nottingham - Gedling
27924024,2026-06-08 19:15:00+02,60,"",Gedling,60,Nottingham - Gedling
27936793,2026-06-08 19:43:00+02,60,"",Nottingham,60,Nottingham - Gedling
27945271,2026-06-08 20:15:00+02,60,"",Gedling,60,Nottingham - Gedling
27955342,2026-06-08 20:43:00+02,60,"",Nottingham,60,Nottingham - Gedling
27962562,2026-06-08 21:15:00+02,60,"",Carlton,60,Nottingham - Gedling
27972181,2026-06-08 21:43:00+02,60,"",Nottingham,60,Nottingham - Gedling
28068187,2026-06-09 08:21:00+02,60,"",Nottingham,60,Nottingham - Gedling
28083317,2026-06-09 08:58:00+02,60,"",Gedling,60,Nottingham - Gedling
28099004,2026-06-09 09:31:00+02,60,"",Nottingham,60,Nottingham - Gedling
28113510,2026-06-09 10:07:00+02,60,"",Gedling,60,Nottingham - Gedling
28130473,2026-06-09 10:43:00+02,60,"",Nottingham,60,Nottingham - Gedling
28144465,2026-06-09 11:15:00+02,60,"",Gedling,60,Nottingham - Gedling
28164008,2026-06-09 11:53:00+02,60,"",Nottingham,60,Nottingham - Gedling
28175852,2026-06-09 12:25:00+02,60,"",Gedling,60,Nottingham - Gedling
28193094,2026-06-09 13:03:00+02,60,"",Nottingham,60,Nottingham - Gedling
28206690,2026-06-09 13:35:00+02,60,"",Gedling,60,Nottingham - Gedling
28225465,2026-06-09 14:13:00+02,60,"",Nottingham,60,Nottingham - Gedling
28238368,2026-06-09 14:45:00+02,60,"",Gedling,60,Nottingham - Gedling
28255470,2026-06-09 15:23:00+02,60,"",Nottingham,60,Nottingham - Gedling
28269246,2026-06-09 15:55:00+02,60,"",Gedling,60,Nottingham - Gedling
28288297,2026-06-09 16:31:00+02,60,"",Nottingham,60,Nottingham - Gedling
28301253,2026-06-09 17:05:00+02,60,"",Gedling,60,Nottingham - Gedling
28319053,2026-06-09 17:43:00+02,60,"",Nottingham,60,Nottingham - Gedling
28331012,2026-06-09 18:15:00+02,60,"",Gedling,60,Nottingham - Gedling
28348490,2026-06-09 18:53:00+02,60,"",Nottingham,60,Nottingham - Gedling
28359427,2026-06-09 19:25:00+02,60,"",Gedling,60,Nottingham - Gedling
28370782,2026-06-09 19:58:00+02,60,"",Nottingham,60,Nottingham - Gedling
28380513,2026-06-09 20:30:00+02,60,"",Gedling,60,Nottingham - Gedling
28390333,2026-06-09 20:58:00+02,60,"",Nottingham,60,Nottingham - Gedling
28455460,2026-06-10 06:01:00+02,60,"",Nottingham,60,Nottingham - Gedling
28460020,2026-06-10 06:32:00+02,60,"",Gedling,60,Nottingham - Gedling
28468159,2026-06-10 06:59:00+02,60,"",Nottingham,60,Nottingham - Gedling
28475391,2026-06-10 07:30:00+02,60,"",Gedling,60,Nottingham - Gedling
28491460,2026-06-10 08:01:00+02,60,"",Nottingham,60,Nottingham - Gedling
28505496,2026-06-10 08:38:00+02,60,"",Gedling,60,Nottingham - Gedling
28525440,2026-06-10 09:11:00+02,60,"",Nottingham,60,Nottingham - Gedling
28539306,2026-06-10 09:48:00+02,60,"",Gedling,60,Nottingham - Gedling
28553431,2026-06-10 10:23:00+02,60,"",Nottingham,60,Nottingham - Gedling
28567114,2026-06-10 10:55:00+02,60,"",Gedling,60,Nottingham - Gedling
28586317,2026-06-10 11:33:00+02,60,"",Nottingham,60,Nottingham - Gedling
28598634,2026-06-10 12:05:00+02,60,"",Gedling,60,Nottingham - Gedling
28615361,2026-06-10 12:43:00+02,60,"",Nottingham,60,Nottingham - Gedling
28629021,2026-06-10 13:15:00+02,60,"",Gedling,60,Nottingham - Gedling
28645185,2026-06-10 13:53:00+02,60,"",Nottingham,60,Nottingham - Gedling
28661709,2026-06-10 14:25:00+02,60,"",Gedling,60,Nottingham - Gedling
28677259,2026-06-10 15:03:00+02,60,"",Nottingham,60,Nottingham - Gedling
28694999,2026-06-10 15:35:00+02,60,"",Gedling,60,Nottingham - Gedling
28710359,2026-06-10 16:11:00+02,60,"",Nottingham,60,Nottingham - Gedling
28726582,2026-06-10 16:45:00+02,60,"",Gedling,60,Nottingham - Gedling
28740525,2026-06-10 17:23:00+02,60,"",Nottingham,60,Nottingham - Gedling
28755371,2026-06-10 17:55:00+02,60,"",Gedling,60,Nottingham - Gedling
28773247,2026-06-10 18:33:00+02,60,"",Nottingham,60,Nottingham - Gedling
28784343,2026-06-10 19:05:00+02,60,"",Gedling,60,Nottingham - Gedling
29761335,2026-06-13 07:14:00+02,60,"",Nottingham,60,Nottingham - Gedling
29767669,2026-06-13 07:45:00+02,60,"",Gedling,60,Nottingham - Gedling
29777583,2026-06-13 08:12:00+02,60,"",Nottingham,60,Nottingham - Gedling
29784122,2026-06-13 08:45:00+02,60,"",Gedling,60,Nottingham - Gedling
29794103,2026-06-13 09:11:00+02,60,"",Nottingham,60,Nottingham - Gedling
29805361,2026-06-13 09:45:00+02,60,"",Gedling,60,Nottingham - Gedling
29817325,2026-06-13 10:11:00+02,60,"",Nottingham,60,Nottingham - Gedling
29828884,2026-06-13 10:45:00+02,60,"",Gedling,60,Nottingham - Gedling
29845804,2026-06-13 11:23:00+02,60,"",Nottingham,60,Nottingham - Gedling
29860489,2026-06-13 11:55:00+02,60,"",Gedling,60,Nottingham - Gedling
29874846,2026-06-13 12:33:00+02,60,"",Nottingham,60,Nottingham - Gedling
29889774,2026-06-13 13:05:00+02,60,"",Gedling,60,Nottingham - Gedling
29908164,2026-06-13 13:43:00+02,60,"",Nottingham,60,Nottingham - Gedling
29918844,2026-06-13 14:15:00+02,60,"",Gedling,60,Nottingham - Gedling
29933727,2026-06-13 14:53:00+02,60,"",Nottingham,60,Nottingham - Gedling
29947500,2026-06-13 15:25:00+02,60,"",Gedling,60,Nottingham - Gedling
29962363,2026-06-13 16:03:00+02,60,"",Nottingham,60,Nottingham - Gedling
29976707,2026-06-13 16:35:00+02,60,"",Gedling,60,Nottingham - Gedling
29992318,2026-06-13 17:13:00+02,60,"",Nottingham,60,Nottingham - Gedling
30005221,2026-06-13 17:45:00+02,60,"",Gedling,60,Nottingham - Gedling
30019919,2026-06-13 18:28:00+02,60,"",Nottingham,60,Nottingham - Gedling
30036436,2026-06-13 19:00:00+02,60,"",Gedling,60,Nottingham - Gedling
30383611,2026-06-15 06:01:00+02,60,"",Nottingham,60,Nottingham - Gedling
30387672,2026-06-15 06:32:00+02,60,"",Gedling,60,Nottingham - Gedling
30395883,2026-06-15 06:59:00+02,60,"",Nottingham,60,Nottingham - Gedling
30403816,2026-06-15 07:30:00+02,60,"",Gedling,60,Nottingham - Gedling
30419859,2026-06-15 08:01:00+02,60,"",Nottingham,60,Nottingham - Gedling
30433353,2026-06-15 08:38:00+02,60,"",Gedling,60,Nottingham - Gedling
30450061,2026-06-15 09:11:00+02,60,"",Nottingham,60,Nottingham - Gedling
30464168,2026-06-15 09:48:00+02,60,"",Gedling,60,Nottingham - Gedling
30478710,2026-06-15 10:23:00+02,60,"",Nottingham,60,Nottingham - Gedling
30494981,2026-06-15 10:55:00+02,60,"",Gedling,60,Nottingham - Gedling
30511975,2026-06-15 11:33:00+02,60,"",Nottingham,60,Nottingham - Gedling
30526395,2026-06-15 12:05:00+02,60,"",Gedling,60,Nottingham - Gedling
30543186,2026-06-15 12:43:00+02,60,"",Nottingham,60,Nottingham - Gedling
30556903,2026-06-15 13:15:00+02,60,"",Gedling,60,Nottingham - Gedling
30575218,2026-06-15 13:53:00+02,60,"",Nottingham,60,Nottingham - Gedling
30588674,2026-06-15 14:25:00+02,60,"",Gedling,60,Nottingham - Gedling
30607114,2026-06-15 15:03:00+02,60,"",Nottingham,60,Nottingham - Gedling
30620212,2026-06-15 15:35:00+02,60,"",Gedling,60,Nottingham - Gedling
30638249,2026-06-15 16:11:00+02,60,"",Nottingham,60,Nottingham - Gedling
30653706,2026-06-15 16:45:00+02,60,"",Gedling,60,Nottingham - Gedling
30671421,2026-06-15 17:23:00+02,60,"",Nottingham,60,Nottingham - Gedling
30684256,2026-06-15 17:55:00+02,60,"",Gedling,60,Nottingham - Gedling
30698479,2026-06-15 18:33:00+02,60,"",Nottingham,60,Nottingham - Gedling
30711765,2026-06-15 19:05:00+02,60,"",Gedling,60,Nottingham - Gedling
30814103,2026-06-16 06:01:00+02,60,"",Nottingham,60,Nottingham - Gedling
30817863,2026-06-16 06:32:00+02,60,"",Gedling,60,Nottingham - Gedling
30824917,2026-06-16 06:59:00+02,60,"",Nottingham,60,Nottingham - Gedling
30833589,2026-06-16 07:30:00+02,60,"",Gedling,60,Nottingham - Gedling
30847366,2026-06-16 08:01:00+02,60,"",Nottingham,60,Nottingham - Gedling
30863247,2026-06-16 08:38:00+02,60,"",Gedling,60,Nottingham - Gedling
30881139,2026-06-16 09:11:00+02,60,"",Nottingham,60,Nottingham - Gedling
30895603,2026-06-16 09:48:00+02,60,"",Gedling,60,Nottingham - Gedling
30912437,2026-06-16 10:23:00+02,60,"",Nottingham,60,Nottingham - Gedling
30925285,2026-06-16 10:55:00+02,60,"",Gedling,60,Nottingham - Gedling
30942239,2026-06-16 11:33:00+02,60,"",Nottingham,60,Nottingham - Gedling
30957758,2026-06-16 12:05:00+02,60,"",Gedling,60,Nottingham - Gedling
30972929,2026-06-16 12:43:00+02,60,"",Nottingham,60,Nottingham - Gedling
30987426,2026-06-16 13:15:00+02,60,"",Gedling,60,Nottingham - Gedling
31005445,2026-06-16 13:53:00+02,60,"",Nottingham,60,Nottingham - Gedling
31019566,2026-06-16 14:25:00+02,60,"",Gedling,60,Nottingham - Gedling
31036204,2026-06-16 15:03:00+02,60,"",Nottingham,60,Nottingham - Gedling
31051873,2026-06-16 15:35:00+02,60,"",Gedling,60,Nottingham - Gedling
31070464,2026-06-16 16:11:00+02,60,"",Nottingham,60,Nottingham - Gedling
31082895,2026-06-16 16:45:00+02,60,"",Gedling,60,Nottingham - Gedling
31101314,2026-06-16 17:23:00+02,60,"",Nottingham,60,Nottingham - Gedling
31111911,2026-06-16 17:55:00+02,60,"",Gedling,60,Nottingham - Gedling
31128964,2026-06-16 18:33:00+02,60,"",Nottingham,60,Nottingham - Gedling
31141343,2026-06-16 19:05:00+02,60,"",Gedling,60,Nottingham - Gedling
31244218,2026-06-17 06:01:00+02,60,"",Nottingham,60,Nottingham - Gedling
31248289,2026-06-17 06:32:00+02,60,"",Gedling,60,Nottingham - Gedling
31255290,2026-06-17 06:59:00+02,60,"",Nottingham,60,Nottingham - Gedling
31264426,2026-06-17 07:30:00+02,60,"",Gedling,60,Nottingham - Gedling
31277515,2026-06-17 08:01:00+02,60,"",Nottingham,60,Nottingham - Gedling
31293065,2026-06-17 08:38:00+02,60,"",Gedling,60,Nottingham - Gedling
31309675,2026-06-17 09:11:00+02,60,"",Nottingham,60,Nottingham - Gedling
31326594,2026-06-17 09:48:00+02,60,"",Gedling,60,Nottingham - Gedling
31342087,2026-06-17 10:23:00+02,60,"",Nottingham,60,Nottingham - Gedling
31355868,2026-06-17 10:55:00+02,60,"",Gedling,60,Nottingham - Gedling
31372174,2026-06-17 11:33:00+02,60,"",Nottingham,60,Nottingham - Gedling
31387946,2026-06-17 12:05:00+02,60,"",Gedling,60,Nottingham - Gedling
31404638,2026-06-17 12:43:00+02,60,"",Nottingham,60,Nottingham - Gedling
31419814,2026-06-17 13:15:00+02,60,"",Gedling,60,Nottingham - Gedling
31434646,2026-06-17 13:53:00+02,60,"",Nottingham,60,Nottingham - Gedling
31450236,2026-06-17 14:25:00+02,60,"",Gedling,60,Nottingham - Gedling
31466329,2026-06-17 15:03:00+02,60,"",Nottingham,60,Nottingham - Gedling
31483018,2026-06-17 15:35:00+02,60,"",Gedling,60,Nottingham - Gedling
31503594,2026-06-17 16:11:00+02,60,"",Nottingham,60,Nottingham - Gedling
31519190,2026-06-17 16:45:00+02,60,"",Gedling,60,Nottingham - Gedling
31538852,2026-06-17 17:23:00+02,60,"",Nottingham,60,Nottingham - Gedling
31551397,2026-06-17 17:55:00+02,60,"",Gedling,60,Nottingham - Gedling
31567075,2026-06-17 19:05:00+02,60,"",Gedling,60,Nottingham - Gedling
31679028,2026-06-18 06:31:00+02,60,"",Nottingham,60,Nottingham - Gedling
31685438,2026-06-18 07:02:00+02,60,"",Gedling,60,Nottingham - Gedling
31695298,2026-06-18 07:29:00+02,60,"",Nottingham,60,Nottingham - Gedling
31706838,2026-06-18 08:00:00+02,60,"",Gedling,60,Nottingham - Gedling
31723037,2026-06-18 08:31:00+02,60,"",Nottingham,60,Nottingham - Gedling
31743454,2026-06-18 09:08:00+02,60,"",Gedling,60,Nottingham - Gedling
31758671,2026-06-18 09:42:00+02,60,"",Nottingham,60,Nottingham - Gedling
31771732,2026-06-18 10:16:00+02,60,"",Gedling,60,Nottingham - Gedling
31785379,2026-06-18 10:53:00+02,60,"",Nottingham,60,Nottingham - Gedling
31800106,2026-06-18 11:25:00+02,60,"",Gedling,60,Nottingham - Gedling
31817380,2026-06-18 12:03:00+02,60,"",Nottingham,60,Nottingham - Gedling
31834240,2026-06-18 12:35:00+02,60,"",Gedling,60,Nottingham - Gedling
31850752,2026-06-18 13:13:00+02,60,"",Nottingham,60,Nottingham - Gedling
31861908,2026-06-18 13:45:00+02,60,"",Gedling,60,Nottingham - Gedling
31881696,2026-06-18 14:23:00+02,60,"",Nottingham,60,Nottingham - Gedling
31894001,2026-06-18 14:55:00+02,60,"",Gedling,60,Nottingham - Gedling
31912953,2026-06-18 15:33:00+02,60,"",Nottingham,60,Nottingham - Gedling
31924782,2026-06-18 16:05:00+02,60,"",Gedling,60,Nottingham - Gedling
31943758,2026-06-18 16:41:00+02,60,"",Nottingham,60,Nottingham - Gedling
31955355,2026-06-18 17:15:00+02,60,"",Gedling,60,Nottingham - Gedling
31974862,2026-06-18 17:53:00+02,60,"",Nottingham,60,Nottingham - Gedling
31986260,2026-06-18 18:25:00+02,60,"",Gedling,60,Nottingham - Gedling
32005106,2026-06-18 19:35:00+02,60,"",Gedling,60,Nottingham - Gedling
32162134,2026-06-19 08:51:00+02,60,"",Nottingham,60,Nottingham - Gedling
32180203,2026-06-19 09:28:00+02,60,"",Gedling,60,Nottingham - Gedling
32191675,2026-06-19 10:03:00+02,60,"",Nottingham,60,Nottingham - Gedling
32207807,2026-06-19 10:35:00+02,60,"",Gedling,60,Nottingham - Gedling
32218926,2026-06-19 11:13:00+02,60,"",Nottingham,60,Nottingham - Gedling
32240686,2026-06-19 11:45:00+02,60,"",Gedling,60,Nottingham - Gedling
32255911,2026-06-19 12:23:00+02,60,"",Nottingham,60,Nottingham - Gedling
32268255,2026-06-19 12:55:00+02,60,"",Gedling,60,Nottingham - Gedling
32285117,2026-06-19 13:33:00+02,60,"",Nottingham,60,Nottingham - Gedling
32299721,2026-06-19 14:05:00+02,60,"",Gedling,60,Nottingham - Gedling
32314828,2026-06-19 14:43:00+02,60,"",Nottingham,60,Nottingham - Gedling
32329707,2026-06-19 15:15:00+02,60,"",Gedling,60,Nottingham - Gedling
32350697,2026-06-19 15:53:00+02,60,"",Nottingham,60,Nottingham - Gedling
32363076,2026-06-19 16:25:00+02,60,"",Gedling,60,Nottingham - Gedling
32378486,2026-06-19 17:01:00+02,60,"",Nottingham,60,Nottingham - Gedling
32390442,2026-06-19 17:35:00+02,60,"",Gedling,60,Nottingham - Gedling
32410806,2026-06-19 18:13:00+02,60,"",Nottingham,60,Nottingham - Gedling
32421925,2026-06-19 18:45:00+02,60,"",Gedling,60,Nottingham - Gedling
32435018,2026-06-19 19:28:00+02,60,"",Nottingham,60,Nottingham - Gedling
32448202,2026-06-19 20:00:00+02,60,"",Gedling,60,Nottingham - Gedling
32459374,2026-06-19 20:28:00+02,60,"",Nottingham,60,Nottingham - Gedling
32547922,2026-06-20 07:44:00+02,60,"",Nottingham,60,Nottingham - Gedling
32555257,2026-06-20 08:15:00+02,60,"",Gedling,60,Nottingham - Gedling
32565453,2026-06-20 08:41:00+02,60,"",Nottingham,60,Nottingham - Gedling
32573853,2026-06-20 09:15:00+02,60,"",Gedling,60,Nottingham - Gedling
32586554,2026-06-20 09:41:00+02,60,"",Nottingham,60,Nottingham - Gedling
32598140,2026-06-20 10:15:00+02,60,"",Gedling,60,Nottingham - Gedling
32611813,2026-06-20 10:41:00+02,60,"",Nottingham,60,Nottingham - Gedling
32625463,2026-06-20 11:15:00+02,60,"",Gedling,60,Nottingham - Gedling
32641086,2026-06-20 11:53:00+02,60,"",Nottingham,60,Nottingham - Gedling
32653719,2026-06-20 12:25:00+02,60,"",Gedling,60,Nottingham - Gedling
32665671,2026-06-20 13:03:00+02,60,"",Nottingham,60,Nottingham - Gedling
32682752,2026-06-20 13:35:00+02,60,"",Gedling,60,Nottingham - Gedling
32701213,2026-06-20 14:13:00+02,60,"",Nottingham,60,Nottingham - Gedling
32711036,2026-06-20 14:45:00+02,60,"",Gedling,60,Nottingham - Gedling
32729519,2026-06-20 15:23:00+02,60,"",Nottingham,60,Nottingham - Gedling
32740169,2026-06-20 15:55:00+02,60,"",Gedling,60,Nottingham - Gedling
32755106,2026-06-20 16:33:00+02,60,"",Nottingham,60,Nottingham - Gedling
32770943,2026-06-20 17:05:00+02,60,"",Gedling,60,Nottingham - Gedling
32786357,2026-06-20 17:43:00+02,60,"",Nottingham,60,Nottingham - Gedling
32797732,2026-06-20 18:15:00+02,60,"",Gedling,60,Nottingham - Gedling
33188134,2026-06-22 07:41:00+02,60,"",Nottingham,60,Nottingham - Gedling
33198734,2026-06-22 08:15:00+02,60,"",Gedling,60,Nottingham - Gedling
33215843,2026-06-22 08:43:00+02,60,"",Nottingham,60,Nottingham - Gedling
33232840,2026-06-22 09:19:00+02,60,"",Gedling,60,Nottingham - Gedling
33247788,2026-06-22 09:52:00+02,60,"",Nottingham,60,Nottingham - Gedling
33261659,2026-06-22 10:25:00+02,60,"",Gedling,60,Nottingham - Gedling
33279090,2026-06-22 11:03:00+02,60,"",Nottingham,60,Nottingham - Gedling
33290416,2026-06-22 11:35:00+02,60,"",Gedling,60,Nottingham - Gedling
33306455,2026-06-22 12:13:00+02,60,"",Nottingham,60,Nottingham - Gedling
33323711,2026-06-22 12:45:00+02,60,"",Gedling,60,Nottingham - Gedling
33337987,2026-06-22 13:23:00+02,60,"",Nottingham,60,Nottingham - Gedling
33352957,2026-06-22 13:55:00+02,60,"",Gedling,60,Nottingham - Gedling
33369090,2026-06-22 14:33:00+02,60,"",Nottingham,60,Nottingham - Gedling
33385606,2026-06-22 15:05:00+02,60,"",Gedling,60,Nottingham - Gedling
33403692,2026-06-22 15:43:00+02,60,"",Nottingham,60,Nottingham - Gedling
33415996,2026-06-22 16:15:00+02,60,"",Gedling,60,Nottingham - Gedling
33434168,2026-06-22 16:51:00+02,60,"",Nottingham,60,Nottingham - Gedling
33445298,2026-06-22 17:25:00+02,60,"",Gedling,60,Nottingham - Gedling
33465720,2026-06-22 18:03:00+02,60,"",Nottingham,60,Nottingham - Gedling
33477846,2026-06-22 18:35:00+02,60,"",Gedling,60,Nottingham - Gedling
33494854,2026-06-22 19:13:00+02,60,"",Nottingham,60,Nottingham - Gedling
33502996,2026-06-22 19:45:00+02,60,"",Gedling,60,Nottingham - Gedling
33514904,2026-06-22 20:13:00+02,60,"",Nottingham,60,Nottingham - Gedling
33523001,2026-06-22 20:45:00+02,60,"",Gedling,60,Nottingham - Gedling
33531663,2026-06-22 21:13:00+02,60,"",Nottingham,60,Nottingham - Gedling
33537689,2026-06-22 21:45:00+02,60,"",Gedling,60,Nottingham - Gedling
33545256,2026-06-22 22:13:00+02,60,"",Nottingham,60,Nottingham - Gedling
33550887,2026-06-22 22:45:00+02,60,"",Gedling,60,Nottingham - Gedling
33558553,2026-06-22 23:13:00+02,60,"",Nottingham,60,Nottingham - Gedling
33563319,2026-06-22 23:45:00+02,60,"",Gedling,60,Nottingham - Gedling
33638432,2026-06-23 08:22:00+02,60,"",Nottingham,60,Nottingham - Gedling
33655652,2026-06-23 08:58:00+02,60,"",Gedling,60,Nottingham - Gedling
33668711,2026-06-23 09:31:00+02,60,"",Nottingham,60,Nottingham - Gedling
33684668,2026-06-23 10:07:00+02,60,"",Gedling,60,Nottingham - Gedling
33699601,2026-06-23 10:43:00+02,60,"",Nottingham,60,Nottingham - Gedling
33713107,2026-06-23 11:15:00+02,60,"",Gedling,60,Nottingham - Gedling
33726257,2026-06-23 11:53:00+02,60,"",Nottingham,60,Nottingham - Gedling
33744548,2026-06-23 12:25:00+02,60,"",Gedling,60,Nottingham - Gedling
33759791,2026-06-23 13:03:00+02,60,"",Nottingham,60,Nottingham - Gedling
33775806,2026-06-23 13:35:00+02,60,"",Gedling,60,Nottingham - Gedling
33789890,2026-06-23 14:13:00+02,60,"",Nottingham,60,Nottingham - Gedling
33804843,2026-06-23 14:45:00+02,60,"",Gedling,60,Nottingham - Gedling
33820677,2026-06-23 15:23:00+02,60,"",Nottingham,60,Nottingham - Gedling
34210392,2026-06-24 13:55:00+02,60,"",Gedling,60,Nottingham - Gedling
34227500,2026-06-24 14:33:00+02,60,"",Nottingham,60,Nottingham - Gedling
34239753,2026-06-24 15:05:00+02,60,"",Gedling,60,Nottingham - Gedling
34257709,2026-06-24 15:43:00+02,60,"",Nottingham,60,Nottingham - Gedling
34271268,2026-06-24 16:15:00+02,60,"",Gedling,60,Nottingham - Gedling
34288434,2026-06-24 16:51:00+02,60,"",Nottingham,60,Nottingham - Gedling
34299361,2026-06-24 17:25:00+02,60,"",Gedling,60,Nottingham - Gedling
34318357,2026-06-24 18:03:00+02,60,"",Nottingham,60,Nottingham - Gedling
34328893,2026-06-24 18:35:00+02,60,"",Gedling,60,Nottingham - Gedling
34343257,2026-06-24 19:13:00+02,60,"",Nottingham,60,Nottingham - Gedling
34355457,2026-06-24 19:45:00+02,60,"",Gedling,60,Nottingham - Gedling
34366639,2026-06-24 20:13:00+02,60,"",Nottingham,60,Nottingham - Gedling
34373185,2026-06-24 20:45:00+02,60,"",Gedling,60,Nottingham - Gedling
34382815,2026-06-24 21:13:00+02,60,"",Nottingham,60,Nottingham - Gedling
34387909,2026-06-24 21:45:00+02,60,"",Gedling,60,Nottingham - Gedling
34396524,2026-06-24 22:13:00+02,60,"",Nottingham,60,Nottingham - Gedling
34401385,2026-06-24 22:45:00+02,60,"",Gedling,60,Nottingham - Gedling
34407948,2026-06-24 23:13:00+02,60,"",Nottingham,60,Nottingham - Gedling
34413240,2026-06-24 23:45:00+02,60,"",Gedling,60,Nottingham - Gedling
34419207,2026-06-25 00:10:00+02,60,"",Nottingham,60,Nottingham - Gedling
34467080,2026-06-25 07:41:00+02,60,"",Nottingham,60,Nottingham - Gedling
34479139,2026-06-25 08:15:00+02,60,"",Gedling,60,Nottingham - Gedling
34497283,2026-06-25 08:43:00+02,60,"",Nottingham,60,Nottingham - Gedling
34509149,2026-06-25 09:19:00+02,60,"",Gedling,60,Nottingham - Gedling
34526938,2026-06-25 09:52:00+02,60,"",Nottingham,60,Nottingham - Gedling
34538180,2026-06-25 10:25:00+02,60,"",Gedling,60,Nottingham - Gedling
34557399,2026-06-25 11:03:00+02,60,"",Nottingham,60,Nottingham - Gedling
34569761,2026-06-25 11:35:00+02,60,"",Gedling,60,Nottingham - Gedling
34585293,2026-06-25 12:13:00+02,60,"",Nottingham,60,Nottingham - Gedling
34601249,2026-06-25 12:45:00+02,60,"",Gedling,60,Nottingham - Gedling
34614212,2026-06-25 13:23:00+02,60,"",Nottingham,60,Nottingham - Gedling
34632490,2026-06-25 13:55:00+02,60,"",Gedling,60,Nottingham - Gedling
34646478,2026-06-25 14:33:00+02,60,"",Nottingham,60,Nottingham - Gedling
34661333,2026-06-25 15:05:00+02,60,"",Gedling,60,Nottingham - Gedling
34681726,2026-06-25 15:43:00+02,60,"",Nottingham,60,Nottingham - Gedling
34694731,2026-06-25 16:15:00+02,60,"",Gedling,60,Nottingham - Gedling
34711988,2026-06-25 16:51:00+02,60,"",Nottingham,60,Nottingham - Gedling
34723359,2026-06-25 17:25:00+02,60,"",Gedling,60,Nottingham - Gedling
34742644,2026-06-25 18:03:00+02,60,"",Nottingham,60,Nottingham - Gedling
34753712,2026-06-25 18:35:00+02,60,"",Gedling,60,Nottingham - Gedling
34768632,2026-06-25 19:13:00+02,60,"",Nottingham,60,Nottingham - Gedling
34780019,2026-06-25 19:45:00+02,60,"",Gedling,60,Nottingham - Gedling
34791387,2026-06-25 20:13:00+02,60,"",Nottingham,60,Nottingham - Gedling
34798172,2026-06-25 20:45:00+02,60,"",Gedling,60,Nottingham - Gedling
34807365,2026-06-25 21:13:00+02,60,"",Nottingham,60,Nottingham - Gedling
34813224,2026-06-25 21:45:00+02,60,"",Gedling,60,Nottingham - Gedling
34821280,2026-06-25 22:13:00+02,60,"",Nottingham,60,Nottingham - Gedling
34826658,2026-06-25 22:45:00+02,60,"",Gedling,60,Nottingham - Gedling
34834422,2026-06-25 23:13:00+02,60,"",Nottingham,60,Nottingham - Gedling
34838778,2026-06-25 23:45:00+02,60,"",Gedling,60,Nottingham - Gedling
34845258,2026-06-26 00:10:00+02,60,"",Nottingham,60,Nottingham - Gedling
34894195,2026-06-26 07:41:00+02,60,"",Nottingham,60,Nottingham - Gedling
34904688,2026-06-26 08:15:00+02,60,"",Gedling,60,Nottingham - Gedling
34922450,2026-06-26 08:43:00+02,60,"",Nottingham,60,Nottingham - Gedling
34934375,2026-06-26 09:19:00+02,60,"",Gedling,60,Nottingham - Gedling
34950272,2026-06-26 09:52:00+02,60,"",Nottingham,60,Nottingham - Gedling
34965731,2026-06-26 10:25:00+02,60,"",Gedling,60,Nottingham - Gedling
34977662,2026-06-26 11:03:00+02,60,"",Nottingham,60,Nottingham - Gedling
34995533,2026-06-26 11:35:00+02,60,"",Gedling,60,Nottingham - Gedling
35011480,2026-06-26 12:13:00+02,60,"",Nottingham,60,Nottingham - Gedling
35025226,2026-06-26 12:45:00+02,60,"",Gedling,60,Nottingham - Gedling
35042225,2026-06-26 13:23:00+02,60,"",Nottingham,60,Nottingham - Gedling
35058468,2026-06-26 13:55:00+02,60,"",Gedling,60,Nottingham - Gedling
35072418,2026-06-26 14:33:00+02,60,"",Nottingham,60,Nottingham - Gedling
35086389,2026-06-26 15:05:00+02,60,"",Gedling,60,Nottingham - Gedling
35105446,2026-06-26 15:43:00+02,60,"",Nottingham,60,Nottingham - Gedling
35117723,2026-06-26 16:15:00+02,60,"",Gedling,60,Nottingham - Gedling
35135893,2026-06-26 16:51:00+02,60,"",Nottingham,60,Nottingham - Gedling
35148597,2026-06-26 17:25:00+02,60,"",Gedling,60,Nottingham - Gedling
35163309,2026-06-26 18:03:00+02,60,"",Nottingham,60,Nottingham - Gedling
35176801,2026-06-26 18:35:00+02,60,"",Gedling,60,Nottingham - Gedling
35190932,2026-06-26 19:13:00+02,60,"",Nottingham,60,Nottingham - Gedling
35200584,2026-06-26 19:45:00+02,60,"",Gedling,60,Nottingham - Gedling
35210886,2026-06-26 20:13:00+02,60,"",Nottingham,60,Nottingham - Gedling
35217151,2026-06-26 20:45:00+02,60,"",Gedling,60,Nottingham - Gedling
35225579,2026-06-26 21:13:00+02,60,"",Nottingham,60,Nottingham - Gedling
35232369,2026-06-26 21:45:00+02,60,"",Gedling,60,Nottingham - Gedling
35241813,2026-06-26 22:13:00+02,60,"",Nottingham,60,Nottingham - Gedling
35246784,2026-06-26 22:45:00+02,60,"",Gedling,60,Nottingham - Gedling
35252669,2026-06-26 23:13:00+02,60,"",Nottingham,60,Nottingham - Gedling
35258192,2026-06-26 23:45:00+02,60,"",Gedling,60,Nottingham - Gedling
35264412,2026-06-27 00:10:00+02,60,"",Nottingham,60,Nottingham - Gedling
35291897,2026-06-27 06:44:00+02,60,"",Nottingham,60,Nottingham - Gedling
35296658,2026-06-27 07:15:00+02,60,"",Gedling,60,Nottingham - Gedling
35303141,2026-06-27 07:44:00+02,60,"",Nottingham,60,Nottingham - Gedling
35310848,2026-06-27 08:15:00+02,60,"",Gedling,60,Nottingham - Gedling
35319777,2026-06-27 08:44:00+02,60,"",Nottingham,60,Nottingham - Gedling
35330341,2026-06-27 09:15:00+02,60,"",Gedling,60,Nottingham - Gedling
35341284,2026-06-27 09:39:00+02,60,"",Nottingham,60,Nottingham - Gedling
35352624,2026-06-27 10:10:00+02,60,"",Gedling,60,Nottingham - Gedling
35364138,2026-06-27 10:43:00+02,60,"",Nottingham,60,Nottingham - Gedling
35380430,2026-06-27 11:15:00+02,60,"",Gedling,60,Nottingham - Gedling
35391473,2026-06-27 11:53:00+02,60,"",Nottingham,60,Nottingham - Gedling
35408338,2026-06-27 12:25:00+02,60,"",Gedling,60,Nottingham - Gedling
35424776,2026-06-27 13:03:00+02,60,"",Nottingham,60,Nottingham - Gedling
35436684,2026-06-27 13:35:00+02,60,"",Gedling,60,Nottingham - Gedling
35454873,2026-06-27 14:13:00+02,60,"",Nottingham,60,Nottingham - Gedling
35465149,2026-06-27 14:45:00+02,60,"",Gedling,60,Nottingham - Gedling
35480474,2026-06-27 15:23:00+02,60,"",Nottingham,60,Nottingham - Gedling
35493527,2026-06-27 15:55:00+02,60,"",Gedling,60,Nottingham - Gedling
35506112,2026-06-27 16:33:00+02,60,"",Nottingham,60,Nottingham - Gedling
35521277,2026-06-27 17:05:00+02,60,"",Gedling,60,Nottingham - Gedling
35538601,2026-06-27 17:43:00+02,60,"",Nottingham,60,Nottingham - Gedling
35550317,2026-06-27 18:15:00+02,60,"",Gedling,60,Nottingham - Gedling
35941053,2026-06-29 07:51:00+02,60,"",Nottingham,60,Nottingham - Gedling
35952472,2026-06-29 08:30:00+02,60,"",Gedling,60,Nottingham - Gedling
35974616,2026-06-29 09:03:00+02,60,"",Nottingham,60,Nottingham - Gedling
35986207,2026-06-29 09:39:00+02,60,"",Gedling,60,Nottingham - Gedling
36004471,2026-06-29 10:13:00+02,60,"",Nottingham,60,Nottingham - Gedling
36016484,2026-06-29 10:45:00+02,60,"",Gedling,60,Nottingham - Gedling
36035479,2026-06-29 11:23:00+02,60,"",Nottingham,60,Nottingham - Gedling
36050043,2026-06-29 11:55:00+02,60,"",Gedling,60,Nottingham - Gedling
36064838,2026-06-29 12:33:00+02,60,"",Nottingham,60,Nottingham - Gedling
36082928,2026-06-29 13:05:00+02,60,"",Gedling,60,Nottingham - Gedling
36096329,2026-06-29 13:43:00+02,60,"",Nottingham,60,Nottingham - Gedling
36109534,2026-06-29 14:15:00+02,60,"",Gedling,60,Nottingham - Gedling
36127909,2026-06-29 14:53:00+02,60,"",Nottingham,60,Nottingham - Gedling
36141180,2026-06-29 15:25:00+02,60,"",Gedling,60,Nottingham - Gedling
36159703,2026-06-29 16:01:00+02,60,"",Nottingham,60,Nottingham - Gedling
36172209,2026-06-29 16:35:00+02,60,"",Gedling,60,Nottingham - Gedling
36187624,2026-06-29 17:12:00+02,60,"",Nottingham,60,Nottingham - Gedling
36203134,2026-06-29 17:45:00+02,60,"",Gedling,60,Nottingham - Gedling
36218740,2026-06-29 18:23:00+02,60,"",Nottingham,60,Nottingham - Gedling
36231250,2026-06-29 18:55:00+02,60,"",Gedling,60,Nottingham - Gedling
36336913,2026-06-30 06:01:00+02,60,"",Nottingham,60,Nottingham - Gedling
36340821,2026-06-30 06:32:00+02,60,"",Gedling,60,Nottingham - Gedling
36347232,2026-06-30 06:59:00+02,60,"",Nottingham,60,Nottingham - Gedling
36355839,2026-06-30 07:30:00+02,60,"",Gedling,60,Nottingham - Gedling
36367852,2026-06-30 08:01:00+02,60,"",Nottingham,60,Nottingham - Gedling
36384463,2026-06-30 08:35:00+02,26B,"",Gedling,26B,Nottingham - Southwell
36403532,2026-06-30 09:13:00+02,60,"",Nottingham,60,Nottingham - Gedling
36417590,2026-06-30 09:49:00+02,60,"",Gedling,60,Nottingham - Gedling
36432148,2026-06-30 10:23:00+02,60,"",Nottingham,60,Nottingham - Gedling
36448689,2026-06-30 10:55:00+02,60,"",Gedling,60,Nottingham - Gedling
36462883,2026-06-30 11:33:00+02,60,"",Nottingham,60,Nottingham - Gedling
36480437,2026-06-30 12:05:00+02,60,"",Gedling,60,Nottingham - Gedling
36494111,2026-06-30 12:43:00+02,60,"",Nottingham,60,Nottingham - Gedling
36509900,2026-06-30 13:15:00+02,60,"",Gedling,60,Nottingham - Gedling
36524917,2026-06-30 13:53:00+02,60,"",Nottingham,60,Nottingham - Gedling
36541608,2026-06-30 14:25:00+02,60,"",Gedling,60,Nottingham - Gedling
36557213,2026-06-30 15:03:00+02,60,"",Nottingham,60,Nottingham - Gedling
36572037,2026-06-30 15:35:00+02,60,"",Gedling,60,Nottingham - Gedling
36588341,2026-06-30 16:11:00+02,60,"",Nottingham,60,Nottingham - Gedling
36602969,2026-06-30 16:45:00+02,60,"",Gedling,60,Nottingham - Gedling
36621428,2026-06-30 17:23:00+02,60,"",Nottingham,60,Nottingham - Gedling
36635409,2026-06-30 17:55:00+02,60,"",Gedling,60,Nottingham - Gedling
36649672,2026-06-30 18:33:00+02,60,"",Nottingham,60,Nottingham - Gedling
36660361,2026-06-30 19:05:00+02,60,"",Gedling,60,Nottingham - Gedling
36809424,2026-07-01 08:22:00+02,60,"",Nottingham,60,Nottingham - Gedling
36821573,2026-07-01 08:58:00+02,60,"",Gedling,60,Nottingham - Gedling
36839572,2026-07-01 09:31:00+02,60,"",Nottingham,60,Nottingham - Gedling
36853599,2026-07-01 10:07:00+02,60,"",Gedling,60,Nottingham - Gedling
36870748,2026-07-01 10:43:00+02,60,"",Nottingham,60,Nottingham - Gedling
36882037,2026-07-01 11:15:00+02,60,"",Gedling,60,Nottingham - Gedling
36901741,2026-07-01 11:53:00+02,60,"",Nottingham,60,Nottingham - Gedling
36914579,2026-07-01 12:25:00+02,60,"",Gedling,60,Nottingham - Gedling
36933676,2026-07-01 13:03:00+02,60,"",Nottingham,60,Nottingham - Gedling
36944769,2026-07-01 13:35:00+02,60,"",Gedling,60,Nottingham - Gedling
36959592,2026-07-01 14:13:00+02,60,"",Nottingham,60,Nottingham - Gedling
36975005,2026-07-01 14:45:00+02,60,"",Gedling,60,Nottingham - Gedling
36992158,2026-07-01 15:23:00+02,60,"",Nottingham,60,Nottingham - Gedling
37007039,2026-07-01 15:55:00+02,60,"",Gedling,60,Nottingham - Gedling
37023859,2026-07-01 16:31:00+02,60,"",Nottingham,60,Nottingham - Gedling
37040168,2026-07-01 17:05:00+02,60,"",Gedling,60,Nottingham - Gedling
37055590,2026-07-01 17:43:00+02,60,"",Nottingham,60,Nottingham - Gedling
37065790,2026-07-01 18:15:00+02,60,"",Gedling,60,Nottingham - Gedling
37082850,2026-07-01 18:53:00+02,60,"",Nottingham,60,Nottingham - Gedling
37094810,2026-07-01 19:25:00+02,60,"",Gedling,60,Nottingham - Gedling
37107573,2026-07-01 19:58:00+02,60,"",Nottingham,60,Nottingham - Gedling
37116429,2026-07-01 20:30:00+02,60,"",Gedling,60,Nottingham - Gedling
37126247,2026-07-01 20:58:00+02,60,"",Nottingham,60,Nottingham - Gedling
37190203,2026-07-02 06:01:00+02,60,"",Nottingham,60,Nottingham - Gedling
37193947,2026-07-02 06:32:00+02,60,"",Gedling,60,Nottingham - Gedling
37199963,2026-07-02 06:59:00+02,60,"",Nottingham,60,Nottingham - Gedling
37209787,2026-07-02 07:30:00+02,60,"",Gedling,60,Nottingham - Gedling
37221443,2026-07-02 08:01:00+02,60,"",Nottingham,60,Nottingham - Gedling
37238089,2026-07-02 08:35:00+02,26B,"",Gedling,26B,Nottingham - Southwell
37259223,2026-07-02 09:13:00+02,60,"",Nottingham,60,Nottingham - Gedling
37270132,2026-07-02 09:49:00+02,60,"",Gedling,60,Nottingham - Gedling
37286619,2026-07-02 10:23:00+02,60,"",Nottingham,60,Nottingham - Gedling
37301537,2026-07-02 10:55:00+02,60,"",Gedling,60,Nottingham - Gedling
37315897,2026-07-02 11:33:00+02,60,"",Nottingham,60,Nottingham - Gedling
37333902,2026-07-02 12:05:00+02,60,"",Gedling,60,Nottingham - Gedling
37349029,2026-07-02 12:43:00+02,60,"",Nottingham,60,Nottingham - Gedling
37363635,2026-07-02 13:15:00+02,60,"",Gedling,60,Nottingham - Gedling
37378806,2026-07-02 13:53:00+02,60,"",Nottingham,60,Nottingham - Gedling
37393453,2026-07-02 14:25:00+02,60,"",Gedling,60,Nottingham - Gedling
37409034,2026-07-02 15:03:00+02,60,"",Nottingham,60,Nottingham - Gedling
37424441,2026-07-02 15:35:00+02,60,"",Gedling,60,Nottingham - Gedling
37440466,2026-07-02 16:11:00+02,60,"",Nottingham,60,Nottingham - Gedling
37456066,2026-07-02 16:45:00+02,60,"",Gedling,60,Nottingham - Gedling
37474571,2026-07-02 17:23:00+02,60,"",Nottingham,60,Nottingham - Gedling
37486230,2026-07-02 17:55:00+02,60,"",Gedling,60,Nottingham - Gedling
37503627,2026-07-02 18:33:00+02,60,"",Nottingham,60,Nottingham - Gedling
37513579,2026-07-02 19:05:00+02,60,"",Gedling,60,Nottingham - Gedling
37615600,2026-07-03 06:01:00+02,60,"",Nottingham,60,Nottingham - Gedling
37619578,2026-07-03 06:32:00+02,60,"",Gedling,60,Nottingham - Gedling
37626970,2026-07-03 06:59:00+02,60,"",Nottingham,60,Nottingham - Gedling
37634176,2026-07-03 07:30:00+02,60,"",Gedling,60,Nottingham - Gedling
37651937,2026-07-03 08:01:00+02,60,"",Nottingham,60,Nottingham - Gedling
37663738,2026-07-03 08:35:00+02,26B,"",Gedling,26B,Nottingham - Southwell
37684506,2026-07-03 09:13:00+02,60,"",Nottingham,60,Nottingham - Gedling
37695666,2026-07-03 09:49:00+02,60,"",Gedling,60,Nottingham - Gedling
37710718,2026-07-03 10:23:00+02,60,"",Nottingham,60,Nottingham - Gedling
37727170,2026-07-03 10:55:00+02,60,"",Gedling,60,Nottingham - Gedling
37744288,2026-07-03 11:33:00+02,60,"",Nottingham,60,Nottingham - Gedling
37755531,2026-07-03 12:05:00+02,60,"",Gedling,60,Nottingham - Gedling
37775473,2026-07-03 12:43:00+02,60,"",Nottingham,60,Nottingham - Gedling
37786113,2026-07-03 13:15:00+02,60,"",Gedling,60,Nottingham - Gedling
37801998,2026-07-03 13:53:00+02,60,"",Nottingham,60,Nottingham - Gedling
37817871,2026-07-03 14:25:00+02,60,"",Gedling,60,Nottingham - Gedling
37834645,2026-07-03 15:03:00+02,60,"",Nottingham,60,Nottingham - Gedling
37849124,2026-07-03 15:35:00+02,60,"",Gedling,60,Nottingham - Gedling
37866615,2026-07-03 16:11:00+02,60,"",Nottingham,60,Nottingham - Gedling
37881282,2026-07-03 16:45:00+02,60,"",Gedling,60,Nottingham - Gedling
37894511,2026-07-03 17:23:00+02,60,"",Nottingham,60,Nottingham - Gedling
37907000,2026-07-03 17:55:00+02,60,"",Gedling,60,Nottingham - Gedling
37924989,2026-07-03 18:33:00+02,60,"",Nottingham,60,Nottingham - Gedling
37935866,2026-07-03 19:05:00+02,60,"",Gedling,60,Nottingham - Gedling
38037493,2026-07-04 06:01:00+02,60,"",Nottingham,60,Nottingham - Gedling
38039931,2026-07-04 06:32:00+02,60,"",Gedling,60,Nottingham - Gedling
38048503,2026-07-04 07:14:00+02,60,"",Nottingham,60,Nottingham - Gedling
38053285,2026-07-04 07:45:00+02,60,"",Gedling,60,Nottingham - Gedling
38063548,2026-07-04 08:14:00+02,60,"",Nottingham,60,Nottingham - Gedling
38069780,2026-07-04 08:45:00+02,60,"",Gedling,60,Nottingham - Gedling
38083193,2026-07-04 09:14:00+02,60,"",Nottingham,60,Nottingham - Gedling
38092071,2026-07-04 09:45:00+02,60,"",Gedling,60,Nottingham - Gedling
38105487,2026-07-04 10:14:00+02,60,"",Nottingham,60,Nottingham - Gedling
38117290,2026-07-04 10:45:00+02,60,"",Gedling,60,Nottingham - Gedling
38129877,2026-07-04 11:23:00+02,60,"",Nottingham,60,Nottingham - Gedling
38148858,2026-07-04 11:55:00+02,60,"",Gedling,60,Nottingham - Gedling
38161598,2026-07-04 12:33:00+02,60,"",Nottingham,60,Nottingham - Gedling
38174943,2026-07-04 13:05:00+02,60,"",Gedling,60,Nottingham - Gedling
38190491,2026-07-04 13:43:00+02,60,"",Nottingham,60,Nottingham - Gedling
38203921,2026-07-04 14:15:00+02,60,"",Gedling,60,Nottingham - Gedling
38219594,2026-07-04 14:53:00+02,60,"",Nottingham,60,Nottingham - Gedling
38232751,2026-07-04 15:25:00+02,60,"",Gedling,60,Nottingham - Gedling
38248773,2026-07-04 16:03:00+02,60,"",Nottingham,60,Nottingham - Gedling
38263772,2026-07-04 16:35:00+02,60,"",Gedling,60,Nottingham - Gedling
38278054,2026-07-04 17:13:00+02,60,"",Nottingham,60,Nottingham - Gedling
38291075,2026-07-04 17:45:00+02,60,"",Gedling,60,Nottingham - Gedling
38306378,2026-07-04 18:28:00+02,60,"",Nottingham,60,Nottingham - Gedling
38319887,2026-07-04 19:00:00+02,60,"",Gedling,60,Nottingham - Gedling
38693889,2026-07-06 07:51:00+02,60,"",Nottingham,60,Nottingham - Gedling
38707617,2026-07-06 08:30:00+02,60,"",Gedling,60,Nottingham - Gedling
38727730,2026-07-06 09:03:00+02,60,"",Nottingham,60,Nottingham - Gedling
38741871,2026-07-06 09:39:00+02,60,"",Gedling,60,Nottingham - Gedling
38757241,2026-07-06 10:13:00+02,60,"",Nottingham,60,Nottingham - Gedling
38770579,2026-07-06 10:45:00+02,60,"",Gedling,60,Nottingham - Gedling
38790176,2026-07-06 11:23:00+02,60,"",Nottingham,60,Nottingham - Gedling
38804321,2026-07-06 11:55:00+02,60,"",Gedling,60,Nottingham - Gedling
38819498,2026-07-06 12:33:00+02,60,"",Nottingham,60,Nottingham - Gedling
38835509,2026-07-06 13:05:00+02,60,"",Gedling,60,Nottingham - Gedling
38853638,2026-07-06 13:43:00+02,60,"",Nottingham,60,Nottingham - Gedling
38866952,2026-07-06 14:15:00+02,60,"",Gedling,60,Nottingham - Gedling
38885406,2026-07-06 14:53:00+02,60,"",Nottingham,60,Nottingham - Gedling
38896446,2026-07-06 15:25:00+02,60,"",Gedling,60,Nottingham - Gedling
38917098,2026-07-06 16:01:00+02,60,"",Nottingham,60,Nottingham - Gedling
38930633,2026-07-06 16:35:00+02,60,"",Gedling,60,Nottingham - Gedling
38948278,2026-07-06 17:12:00+02,60,"",Nottingham,60,Nottingham - Gedling
38959486,2026-07-06 17:45:00+02,60,"",Gedling,60,Nottingham - Gedling
38972622,2026-07-06 18:23:00+02,60,"",Nottingham,60,Nottingham - Gedling
38987688,2026-07-06 18:55:00+02,60,"",Gedling,60,Nottingham - Gedling
39137639,2026-07-07 08:22:00+02,60,"",Nottingham,60,Nottingham - Gedling
39153727,2026-07-07 08:58:00+02,60,"",Gedling,60,Nottingham - Gedling
39167577,2026-07-07 09:31:00+02,60,"",Nottingham,60,Nottingham - Gedling
39180621,2026-07-07 10:07:00+02,60,"",Gedling,60,Nottingham - Gedling
39198515,2026-07-07 10:43:00+02,60,"",Nottingham,60,Nottingham - Gedling
39213154,2026-07-07 11:15:00+02,60,"",Gedling,60,Nottingham - Gedling
39228870,2026-07-07 11:53:00+02,60,"",Nottingham,60,Nottingham - Gedling
39243905,2026-07-07 12:25:00+02,60,"",Gedling,60,Nottingham - Gedling
39260858,2026-07-07 13:03:00+02,60,"",Nottingham,60,Nottingham - Gedling
39275636,2026-07-07 13:35:00+02,60,"",Gedling,60,Nottingham - Gedling
39293121,2026-07-07 14:13:00+02,60,"",Nottingham,60,Nottingham - Gedling
39305717,2026-07-07 14:45:00+02,60,"",Gedling,60,Nottingham - Gedling
39324106,2026-07-07 15:23:00+02,60,"",Nottingham,60,Nottingham - Gedling
39337009,2026-07-07 15:55:00+02,60,"",Gedling,60,Nottingham - Gedling
39349680,2026-07-07 16:31:00+02,60,"",Nottingham,60,Nottingham - Gedling
39359447,2026-07-07 17:05:00+02,60,"",Gedling,60,Nottingham - Gedling
39378416,2026-07-07 17:43:00+02,60,"",Nottingham,60,Nottingham - Gedling
39394785,2026-07-07 18:15:00+02,60,"",Gedling,60,Nottingham - Gedling
39408452,2026-07-07 18:53:00+02,60,"",Nottingham,60,Nottingham - Gedling
39420199,2026-07-07 19:25:00+02,60,"",Gedling,60,Nottingham - Gedling
39431362,2026-07-07 19:58:00+02,60,"",Nottingham,60,Nottingham - Gedling
39442353,2026-07-07 20:30:00+02,60,"",Gedling,60,Nottingham - Gedling
39452959,2026-07-07 20:58:00+02,60,"",Nottingham,60,Nottingham - Gedling
39541379,2026-07-08 07:41:00+02,60,"",Nottingham,60,Nottingham - Gedling
39552355,2026-07-08 08:15:00+02,60,"",Gedling,60,Nottingham - Gedling
39568386,2026-07-08 08:43:00+02,60,"",Nottingham,60,Nottingham - Gedling
39582718,2026-07-08 09:19:00+02,60,"",Gedling,60,Nottingham - Gedling
39599384,2026-07-08 09:52:00+02,60,"",Nottingham,60,Nottingham - Gedling
39611428,2026-07-08 10:25:00+02,60,"",Gedling,60,Nottingham - Gedling
39629983,2026-07-08 11:03:00+02,60,"",Nottingham,60,Nottingham - Gedling
39641956,2026-07-08 11:35:00+02,60,"",Gedling,60,Nottingham - Gedling
39656816,2026-07-08 12:13:00+02,60,"",Nottingham,60,Nottingham - Gedling
39675409,2026-07-08 12:45:00+02,60,"",Gedling,60,Nottingham - Gedling
39689149,2026-07-08 13:23:00+02,60,"",Nottingham,60,Nottingham - Gedling
39704469,2026-07-08 13:55:00+02,60,"",Gedling,60,Nottingham - Gedling
39721379,2026-07-08 14:33:00+02,60,"",Nottingham,60,Nottingham - Gedling
39735942,2026-07-08 15:05:00+02,60,"",Gedling,60,Nottingham - Gedling
39753747,2026-07-08 15:43:00+02,60,"",Nottingham,60,Nottingham - Gedling
39768515,2026-07-08 16:15:00+02,60,"",Gedling,60,Nottingham - Gedling
39785177,2026-07-08 16:51:00+02,60,"",Nottingham,60,Nottingham - Gedling
39797256,2026-07-08 17:25:00+02,60,"",Gedling,60,Nottingham - Gedling
39815179,2026-07-08 18:03:00+02,60,"",Nottingham,60,Nottingham - Gedling
39827176,2026-07-08 18:35:00+02,60,"",Gedling,60,Nottingham - Gedling
39842673,2026-07-08 19:13:00+02,60,"",Nottingham,60,Nottingham - Gedling
39852018,2026-07-08 19:45:00+02,60,"",Gedling,60,Nottingham - Gedling
39862939,2026-07-08 20:13:00+02,60,"",Nottingham,60,Nottingham - Gedling
39870564,2026-07-08 20:45:00+02,60,"",Gedling,60,Nottingham - Gedling
39881387,2026-07-08 21:13:00+02,60,"",Nottingham,60,Nottingham - Gedling
39885496,2026-07-08 21:45:00+02,60,"",Gedling,60,Nottingham - Gedling
39895387,2026-07-08 22:13:00+02,60,"",Nottingham,60,Nottingham - Gedling
39898238,2026-07-08 22:45:00+02,60,"",Gedling,60,Nottingham - Gedling
39907257,2026-07-08 23:13:00+02,60,"",Nottingham,60,Nottingham - Gedling
39910851,2026-07-08 23:45:00+02,60,"",Gedling,60,Nottingham - Gedling
39918118,2026-07-09 00:10:00+02,60,"",Nottingham,60,Nottingham - Gedling
39998173,2026-07-09 08:54:00+02,A2,"",Beechdale,A2,Rise Park - Aspley Schools
40225762,2026-07-09 17:35:00+02,60,"",Gedling,60,Nottingham - Gedling
40241726,2026-07-09 18:13:00+02,60,"",Nottingham,60,Nottingham - Gedling
40254713,2026-07-09 18:45:00+02,60,"",Gedling,60,Nottingham - Gedling
40268301,2026-07-09 19:28:00+02,60,"",Nottingham,60,Nottingham - Gedling
40281279,2026-07-09 20:00:00+02,60,"",Gedling,60,Nottingham - Gedling
40290766,2026-07-09 20:28:00+02,60,"",Nottingham,60,Nottingham - Gedling
40363869,2026-07-10 06:01:00+02,60,"",Nottingham,60,Nottingham - Gedling
40367700,2026-07-10 06:32:00+02,60,"",Gedling,60,Nottingham - Gedling
40373582,2026-07-10 06:59:00+02,60,"",Nottingham,60,Nottingham - Gedling
40383351,2026-07-10 07:30:00+02,60,"",Gedling,60,Nottingham - Gedling
40395898,2026-07-10 08:01:00+02,60,"",Nottingham,60,Nottingham - Gedling
40411930,2026-07-10 08:35:00+02,26B,"",Gedling,26B,Nottingham - Southwell
40430936,2026-07-10 09:13:00+02,60,"",Nottingham,60,Nottingham - Gedling
40445218,2026-07-10 09:49:00+02,60,"",Gedling,60,Nottingham - Gedling
40458905,2026-07-10 10:23:00+02,60,"",Nottingham,60,Nottingham - Gedling
40478007,2026-07-10 10:55:00+02,60,"",Gedling,60,Nottingham - Gedling
40492081,2026-07-10 11:33:00+02,60,"",Nottingham,60,Nottingham - Gedling
40506576,2026-07-10 12:05:00+02,60,"",Gedling,60,Nottingham - Gedling
40522488,2026-07-10 12:43:00+02,60,"",Nottingham,60,Nottingham - Gedling
40536591,2026-07-10 13:15:00+02,60,"",Gedling,60,Nottingham - Gedling
40554471,2026-07-10 13:53:00+02,60,"",Nottingham,60,Nottingham - Gedling
40567154,2026-07-10 14:25:00+02,60,"",Gedling,60,Nottingham - Gedling
40585322,2026-07-10 15:03:00+02,60,"",Nottingham,60,Nottingham - Gedling
40597645,2026-07-10 15:35:00+02,60,"",Gedling,60,Nottingham - Gedling
40613830,2026-07-10 16:11:00+02,60,"",Nottingham,60,Nottingham - Gedling
40630591,2026-07-10 16:45:00+02,60,"",Gedling,60,Nottingham - Gedling
40646955,2026-07-10 17:23:00+02,60,"",Nottingham,60,Nottingham - Gedling
40659281,2026-07-10 17:55:00+02,60,"",Gedling,60,Nottingham - Gedling
40676770,2026-07-10 18:33:00+02,60,"",Nottingham,60,Nottingham - Gedling
40687072,2026-07-10 19:05:00+02,60,"",Gedling,60,Nottingham - Gedling
40789738,2026-07-11 06:01:00+02,60,"",Nottingham,60,Nottingham - Gedling
40792346,2026-07-11 06:32:00+02,60,"",Gedling,60,Nottingham - Gedling
40800016,2026-07-11 07:14:00+02,60,"",Nottingham,60,Nottingham - Gedling
40805754,2026-07-11 07:45:00+02,60,"",Gedling,60,Nottingham - Gedling
40815245,2026-07-11 08:14:00+02,60,"",Nottingham,60,Nottingham - Gedling
40822345,2026-07-11 08:45:00+02,60,"",Gedling,60,Nottingham - Gedling
40833769,2026-07-11 09:14:00+02,60,"",Nottingham,60,Nottingham - Gedling
40845326,2026-07-11 09:45:00+02,60,"",Gedling,60,Nottingham - Gedling
40856808,2026-07-11 10:14:00+02,60,"",Nottingham,60,Nottingham - Gedling
40868445,2026-07-11 10:45:00+02,60,"",Gedling,60,Nottingham - Gedling
40884668,2026-07-11 11:23:00+02,60,"",Nottingham,60,Nottingham - Gedling
40897640,2026-07-11 11:55:00+02,60,"",Gedling,60,Nottingham - Gedling
40914287,2026-07-11 12:33:00+02,60,"",Nottingham,60,Nottingham - Gedling
40927870,2026-07-11 13:05:00+02,60,"",Gedling,60,Nottingham - Gedling
40944862,2026-07-11 13:43:00+02,60,"",Nottingham,60,Nottingham - Gedling
40956227,2026-07-11 14:15:00+02,60,"",Gedling,60,Nottingham - Gedling
40970482,2026-07-11 14:53:00+02,60,"",Nottingham,60,Nottingham - Gedling
40984689,2026-07-11 15:25:00+02,60,"",Gedling,60,Nottingham - Gedling
41000636,2026-07-11 16:03:00+02,60,"",Nottingham,60,Nottingham - Gedling
41014233,2026-07-11 16:35:00+02,60,"",Gedling,60,Nottingham - Gedling
41031544,2026-07-11 17:13:00+02,60,"",Nottingham,60,Nottingham - Gedling
41041639,2026-07-11 17:45:00+02,60,"",Gedling,60,Nottingham - Gedling
41056510,2026-07-11 18:28:00+02,60,"",Nottingham,60,Nottingham - Gedling
41071260,2026-07-11 19:00:00+02,60,"",Gedling,60,Nottingham - Gedling
41416568,2026-07-13 06:01:00+02,60,"",Nottingham,60,Nottingham - Gedling
41421036,2026-07-13 06:32:00+02,60,"",Gedling,60,Nottingham - Gedling
41427598,2026-07-13 06:59:00+02,60,"",Nottingham,60,Nottingham - Gedling
41436530,2026-07-13 07:30:00+02,60,"",Gedling,60,Nottingham - Gedling
41450439,2026-07-13 08:01:00+02,60,"",Nottingham,60,Nottingham - Gedling
41463991,2026-07-13 08:35:00+02,26B,"",Gedling,26B,Nottingham - Southwell
41483029,2026-07-13 09:13:00+02,60,"",Nottingham,60,Nottingham - Gedling
41496868,2026-07-13 09:49:00+02,60,"",Gedling,60,Nottingham - Gedling
41516454,2026-07-13 10:23:00+02,60,"",Nottingham,60,Nottingham - Gedling
41529218,2026-07-13 10:55:00+02,60,"",Gedling,60,Nottingham - Gedling
41547495,2026-07-13 11:33:00+02,60,"",Nottingham,60,Nottingham - Gedling
41559893,2026-07-13 12:05:00+02,60,"",Gedling,60,Nottingham - Gedling
41578211,2026-07-13 12:43:00+02,60,"",Nottingham,60,Nottingham - Gedling
41588353,2026-07-13 13:15:00+02,60,"",Gedling,60,Nottingham - Gedling
41605877,2026-07-13 13:53:00+02,60,"",Nottingham,60,Nottingham - Gedling
41621731,2026-07-13 14:25:00+02,60,"",Gedling,60,Nottingham - Gedling
41888797,2026-07-14 08:22:00+02,60,"",Nottingham,60,Nottingham - Gedling
41901734,2026-07-14 08:58:00+02,60,"",Gedling,60,Nottingham - Gedling
41917616,2026-07-14 09:31:00+02,60,"",Nottingham,60,Nottingham - Gedling
41931484,2026-07-14 10:07:00+02,60,"",Gedling,60,Nottingham - Gedling
41947565,2026-07-14 10:43:00+02,60,"",Nottingham,60,Nottingham - Gedling
41963597,2026-07-14 11:15:00+02,60,"",Gedling,60,Nottingham - Gedling
41976583,2026-07-14 11:53:00+02,60,"",Nottingham,60,Nottingham - Gedling
41993027,2026-07-14 12:25:00+02,60,"",Gedling,60,Nottingham - Gedling
42008797,2026-07-14 13:03:00+02,60,"",Nottingham,60,Nottingham - Gedling
42026300,2026-07-14 13:35:00+02,60,"",Gedling,60,Nottingham - Gedling
42042244,2026-07-14 14:13:00+02,60,"",Nottingham,60,Nottingham - Gedling
42054678,2026-07-14 14:45:00+02,60,"",Gedling,60,Nottingham - Gedling
42074739,2026-07-14 15:23:00+02,60,"",Nottingham,60,Nottingham - Gedling
42087037,2026-07-14 15:55:00+02,60,"",Gedling,60,Nottingham - Gedling
42103483,2026-07-14 16:31:00+02,60,"",Nottingham,60,Nottingham - Gedling
42118474,2026-07-14 17:05:00+02,60,"",Gedling,60,Nottingham - Gedling
42133000,2026-07-14 17:43:00+02,60,"",Nottingham,60,Nottingham - Gedling
42148238,2026-07-14 18:15:00+02,60,"",Gedling,60,Nottingham - Gedling
42163058,2026-07-14 18:53:00+02,60,"",Nottingham,60,Nottingham - Gedling
42176460,2026-07-14 19:25:00+02,60,"",Gedling,60,Nottingham - Gedling
42187057,2026-07-14 19:58:00+02,60,"",Nottingham,60,Nottingham - Gedling
42196699,2026-07-14 20:30:00+02,60,"",Gedling,60,Nottingham - Gedling
42205337,2026-07-14 20:58:00+02,60,"",Nottingham,60,Nottingham - Gedling
42285576,2026-07-15 07:14:00+02,60,"",Nottingham,60,Nottingham - Gedling
42296135,2026-07-15 07:45:00+02,60,"",Gedling,60,Nottingham - Gedling
42309369,2026-07-15 08:12:00+02,60,"",Nottingham,60,Nottingham - Gedling
42324684,2026-07-15 08:45:00+02,60,"",Gedling,60,Nottingham - Gedling
42337739,2026-07-15 09:21:00+02,60,"",Nottingham,60,Nottingham - Gedling
42356568,2026-07-15 09:58:00+02,60,"",Gedling,60,Nottingham - Gedling
42369968,2026-07-15 10:33:00+02,60,"",Nottingham,60,Nottingham - Gedling
42389106,2026-07-15 11:05:00+02,60,"",Gedling,60,Nottingham - Gedling
42401888,2026-07-15 11:43:00+02,60,"",Nottingham,60,Nottingham - Gedling
42417309,2026-07-15 12:15:00+02,60,"",Gedling,60,Nottingham - Gedling
42433925,2026-07-15 12:53:00+02,60,"",Nottingham,60,Nottingham - Gedling
42447252,2026-07-15 13:25:00+02,60,"",Gedling,60,Nottingham - Gedling
42463816,2026-07-15 14:03:00+02,60,"",Nottingham,60,Nottingham - Gedling
42481256,2026-07-15 14:35:00+02,60,"",Gedling,60,Nottingham - Gedling
42500225,2026-07-15 15:13:00+02,60,"",Nottingham,60,Nottingham - Gedling
42512132,2026-07-15 15:45:00+02,60,"",Gedling,60,Nottingham - Gedling
42529180,2026-07-15 16:21:00+02,60,"",Nottingham,60,Nottingham - Gedling
42543006,2026-07-15 16:55:00+02,60,"",Gedling,60,Nottingham - Gedling
42559712,2026-07-15 17:33:00+02,60,"",Nottingham,60,Nottingham - Gedling
42570650,2026-07-15 18:05:00+02,60,"",Gedling,60,Nottingham - Gedling
42588532,2026-07-15 18:43:00+02,60,"",Nottingham,60,Nottingham - Gedling
42598713,2026-07-15 19:15:00+02,60,"",Gedling,60,Nottingham - Gedling
42611101,2026-07-15 19:43:00+02,60,"",Nottingham,60,Nottingham - Gedling
42618651,2026-07-15 20:15:00+02,60,"",Gedling,60,Nottingham - Gedling
42628845,2026-07-15 20:43:00+02,60,"",Nottingham,60,Nottingham - Gedling
42635599,2026-07-15 21:15:00+02,60,"",Gedling,60,Nottingham - Gedling
42644733,2026-07-15 21:43:00+02,60,"",Nottingham,60,Nottingham - Gedling
42656820,2026-07-15 22:13:00+02,60,"",Nottingham,60,Nottingham - Gedling
42656909,2026-07-15 22:45:00+02,60,"",Gedling,60,Nottingham - Gedling
42662875,2026-07-15 23:13:00+02,60,"",Nottingham,60,Nottingham - Gedling
42668309,2026-07-15 23:45:00+02,60,"",Gedling,60,Nottingham - Gedling
42674476,2026-07-16 00:10:00+02,60,"",Nottingham,60,Nottingham - Gedling
42757696,2026-07-16 08:53:00+02,60,"",Nottingham,60,Nottingham - Gedling
42769327,2026-07-16 09:29:00+02,60,"",Gedling,60,Nottingham - Gedling
42787612,2026-07-16 10:03:00+02,60,"",Nottingham,60,Nottingham - Gedling
42800366,2026-07-16 10:35:00+02,60,"",Gedling,60,Nottingham - Gedling
42814017,2026-07-16 11:13:00+02,60,"",Nottingham,60,Nottingham - Gedling
42830137,2026-07-16 11:45:00+02,60,"",Gedling,60,Nottingham - Gedling
42846214,2026-07-16 12:23:00+02,60,"",Nottingham,60,Nottingham - Gedling
42860562,2026-07-16 12:55:00+02,60,"",Gedling,60,Nottingham - Gedling
42874300,2026-07-16 13:33:00+02,60,"",Nottingham,60,Nottingham - Gedling
42892121,2026-07-16 14:05:00+02,60,outbound,Gedling,60,Nottingham - Gedling
42902629,2026-07-16 14:43:00+02,60,"",Nottingham,60,Nottingham - Gedling
42925112,2026-07-16 15:15:00+02,60,"",Gedling,60,Nottingham - Gedling
42941853,2026-07-16 15:53:00+02,60,"",Nottingham,60,Nottingham - Gedling
42954338,2026-07-16 16:25:00+02,60,"",Gedling,60,Nottingham - Gedling
42970128,2026-07-16 17:01:00+02,60,"",Nottingham,60,Nottingham - Gedling
42985191,2026-07-16 17:35:00+02,60,"",Gedling,60,Nottingham - Gedling
43000274,2026-07-16 18:13:00+02,60,"",Nottingham,60,Nottingham - Gedling
43014504,2026-07-16 18:45:00+02,60,"",Gedling,60,Nottingham - Gedling
43032677,2026-07-16 19:28:00+02,60,"",Nottingham,60,Nottingham - Gedling
43040404,2026-07-16 20:00:00+02,60,"",Gedling,60,Nottingham - Gedling
43051462,2026-07-16 20:28:00+02,60,"",Nottingham,60,Nottingham - Gedling
43122776,2026-07-17 06:01:00+02,60,"",Nottingham,60,Nottingham - Gedling
43126096,2026-07-17 06:32:00+02,60,"",Gedling,60,Nottingham - Gedling
43134193,2026-07-17 06:59:00+02,60,"",Nottingham,60,Nottingham - Gedling
43141681,2026-07-17 07:30:00+02,60,"",Gedling,60,Nottingham - Gedling
43154101,2026-07-17 08:01:00+02,60,"",Nottingham,60,Nottingham - Gedling
43171617,2026-07-17 08:35:00+02,26B,"",Gedling,26B,Nottingham - Southwell
43191224,2026-07-17 09:13:00+02,60,"",Nottingham,60,Nottingham - Gedling
43201364,2026-07-17 09:49:00+02,60,"",Gedling,60,Nottingham - Gedling
43216495,2026-07-17 10:23:00+02,60,"",Nottingham,60,Nottingham - Gedling
43231864,2026-07-17 10:55:00+02,60,"",Gedling,60,Nottingham - Gedling
43247941,2026-07-17 11:33:00+02,60,"",Nottingham,60,Nottingham - Gedling
43263961,2026-07-17 12:05:00+02,60,"",Gedling,60,Nottingham - Gedling
43278945,2026-07-17 12:43:00+02,60,"",Nottingham,60,Nottingham - Gedling
43294411,2026-07-17 13:15:00+02,60,"",Gedling,60,Nottingham - Gedling
43310902,2026-07-17 13:53:00+02,60,"",Nottingham,60,Nottingham - Gedling
43324165,2026-07-17 14:25:00+02,60,"",Gedling,60,Nottingham - Gedling
43340097,2026-07-17 15:03:00+02,60,"",Nottingham,60,Nottingham - Gedling
43354939,2026-07-17 15:35:00+02,60,"",Gedling,60,Nottingham - Gedling
43369652,2026-07-17 16:11:00+02,60,"",Nottingham,60,Nottingham - Gedling
43384619,2026-07-17 16:45:00+02,60,"",Gedling,60,Nottingham - Gedling
43401688,2026-07-17 17:23:00+02,60,"",Nottingham,60,Nottingham - Gedling
43415530,2026-07-17 17:55:00+02,60,"",Gedling,60,Nottingham - Gedling
43431080,2026-07-17 18:33:00+02,60,"",Nottingham,60,Nottingham - Gedling
43442428,2026-07-17 19:05:00+02,60,"",Gedling,60,Nottingham - Gedling
43545188,2026-07-18 06:01:00+02,60,"",Nottingham,60,Nottingham - Gedling
43548011,2026-07-18 06:32:00+02,60,"",Gedling,60,Nottingham - Gedling
43556419,2026-07-18 07:14:00+02,60,"",Nottingham,60,Nottingham - Gedling
43561161,2026-07-18 07:45:00+02,60,"",Gedling,60,Nottingham - Gedling
43568902,2026-07-18 08:14:00+02,60,"",Nottingham,60,Nottingham - Gedling
43578202,2026-07-18 08:45:00+02,60,"",Gedling,60,Nottingham - Gedling
43589472,2026-07-18 09:14:00+02,60,"",Nottingham,60,Nottingham - Gedling
43599531,2026-07-18 09:45:00+02,60,"",Gedling,60,Nottingham - Gedling
43612720,2026-07-18 10:14:00+02,60,"",Nottingham,60,Nottingham - Gedling
43626329,2026-07-18 10:45:00+02,60,"",Gedling,60,Nottingham - Gedling
43638989,2026-07-18 11:23:00+02,60,"",Nottingham,60,Nottingham - Gedling
43656927,2026-07-18 11:55:00+02,60,"",Gedling,60,Nottingham - Gedling
44203524,2026-07-20 07:51:00+02,60,"",Nottingham,60,Nottingham - Gedling
44215970,2026-07-20 08:30:00+02,60,"",Gedling,60,Nottingham - Gedling
44233628,2026-07-20 09:03:00+02,60,"",Nottingham,60,Nottingham - Gedling
44248779,2026-07-20 09:39:00+02,60,"",Gedling,60,Nottingham - Gedling
44261881,2026-07-20 10:13:00+02,60,"",Nottingham,60,Nottingham - Gedling
44275713,2026-07-20 10:45:00+02,60,"",Gedling,60,Nottingham - Gedling
44297425,2026-07-20 11:23:00+02,60,"",Nottingham,60,Nottingham - Gedling
44309099,2026-07-20 11:55:00+02,60,"",Gedling,60,Nottingham - Gedling
44322275,2026-07-20 12:33:00+02,60,"",Nottingham,60,Nottingham - Gedling
44339705,2026-07-20 13:05:00+02,60,"",Gedling,60,Nottingham - Gedling
44355342,2026-07-20 13:43:00+02,60,"",Nottingham,60,Nottingham - Gedling
44370207,2026-07-20 14:15:00+02,60,"",Gedling,60,Nottingham - Gedling
44384425,2026-07-20 14:53:00+02,60,"",Nottingham,60,Nottingham - Gedling
44399127,2026-07-20 15:25:00+02,60,"",Gedling,60,Nottingham - Gedling
44415016,2026-07-20 16:01:00+02,60,"",Nottingham,60,Nottingham - Gedling
44430878,2026-07-20 16:35:00+02,60,"",Gedling,60,Nottingham - Gedling
44445323,2026-07-20 17:12:00+02,60,"",Nottingham,60,Nottingham - Gedling
44459193,2026-07-20 17:45:00+02,60,"",Gedling,60,Nottingham - Gedling
44472941,2026-07-20 18:23:00+02,60,"",Nottingham,60,Nottingham - Gedling
44486931,2026-07-20 18:55:00+02,60,"",Gedling,60,Nottingham - Gedling
44605594,2026-07-21 07:14:00+02,60,"",Nottingham,60,Nottingham - Gedling
44614874,2026-07-21 07:45:00+02,60,"",Gedling,60,Nottingham - Gedling
44627979,2026-07-21 08:12:00+02,60,"",Nottingham,60,Nottingham - Gedling
44642554,2026-07-21 08:45:00+02,60,"",Gedling,60,Nottingham - Gedling
44655398,2026-07-21 09:21:00+02,60,"",Nottingham,60,Nottingham - Gedling
44671902,2026-07-21 09:58:00+02,60,"",Gedling,60,Nottingham - Gedling
44690799,2026-07-21 10:33:00+02,60,"",Nottingham,60,Nottingham - Gedling
44704331,2026-07-21 11:05:00+02,60,"",Gedling,60,Nottingham - Gedling
44720003,2026-07-21 11:43:00+02,60,"",Nottingham,60,Nottingham - Gedling
44733745,2026-07-21 12:15:00+02,60,"",Gedling,60,Nottingham - Gedling
44751049,2026-07-21 12:53:00+02,60,"",Nottingham,60,Nottingham - Gedling
44764161,2026-07-21 13:25:00+02,60,"",Gedling,60,Nottingham - Gedling
44783892,2026-07-21 14:03:00+02,60,"",Nottingham,60,Nottingham - Gedling
44794949,2026-07-21 14:35:00+02,60,"",Gedling,60,Nottingham - Gedling
44813520,2026-07-21 15:13:00+02,60,"",Nottingham,60,Nottingham - Gedling
44825633,2026-07-21 15:45:00+02,60,"",Gedling,60,Nottingham - Gedling
44846182,2026-07-21 16:21:00+02,60,"",Nottingham,60,Nottingham - Gedling
44859204,2026-07-21 16:55:00+02,60,"",Gedling,60,Nottingham - Gedling
44876037,2026-07-21 17:33:00+02,60,"",Nottingham,60,Nottingham - Gedling
44888908,2026-07-21 18:05:00+02,60,"",Gedling,60,Nottingham - Gedling
44905268,2026-07-21 18:43:00+02,60,"",Nottingham,60,Nottingham - Gedling
44915054,2026-07-21 19:15:00+02,60,"",Gedling,60,Nottingham - Gedling
44926975,2026-07-21 19:43:00+02,60,"",Nottingham,60,Nottingham - Gedling
44936201,2026-07-21 20:15:00+02,60,"",Gedling,60,Nottingham - Gedling
44945627,2026-07-21 20:43:00+02,60,"",Nottingham,60,Nottingham - Gedling
44952645,2026-07-21 21:15:00+02,60,"",Gedling,60,Nottingham - Gedling
44960989,2026-07-21 21:43:00+02,60,"",Nottingham,60,Nottingham - Gedling
45029312,2026-07-22 07:14:00+02,60,"",Nottingham,60,Nottingham - Gedling
45038718,2026-07-22 07:45:00+02,60,"",Gedling,60,Nottingham - Gedling
45053368,2026-07-22 08:12:00+02,60,"",Nottingham,60,Nottingham - Gedling
45065383,2026-07-22 08:45:00+02,60,"",Gedling,60,Nottingham - Gedling
45082013,2026-07-22 09:21:00+02,60,"",Nottingham,60,Nottingham - Gedling
45094358,2026-07-22 09:58:00+02,60,"",Gedling,60,Nottingham - Gedling
45113022,2026-07-22 10:33:00+02,60,"",Nottingham,60,Nottingham - Gedling
45127863,2026-07-22 11:05:00+02,60,"",Gedling,60,Nottingham - Gedling
45139375,2026-07-22 11:43:00+02,60,"",Nottingham,60,Nottingham - Gedling
45158561,2026-07-22 12:15:00+02,60,"",Gedling,60,Nottingham - Gedling
45174104,2026-07-22 12:53:00+02,60,"",Nottingham,60,Nottingham - Gedling
45188387,2026-07-22 13:25:00+02,60,"",Gedling,60,Nottingham - Gedling
45202689,2026-07-22 14:03:00+02,60,"",Nottingham,60,Nottingham - Gedling
45219926,2026-07-22 14:35:00+02,60,"",Gedling,60,Nottingham - Gedling
45233513,2026-07-22 15:13:00+02,60,"",Nottingham,60,Nottingham - Gedling
45249105,2026-07-22 15:45:00+02,60,"",Gedling,60,Nottingham - Gedling
45267488,2026-07-22 16:21:00+02,60,"",Nottingham,60,Nottingham - Gedling
45280689,2026-07-22 16:55:00+02,60,"",Gedling,60,Nottingham - Gedling
45299402,2026-07-22 17:33:00+02,60,"",Nottingham,60,Nottingham - Gedling
45311181,2026-07-22 18:05:00+02,60,"",Gedling,60,Nottingham - Gedling
45327125,2026-07-22 18:43:00+02,60,"",Nottingham,60,Nottingham - Gedling
45338020,2026-07-22 19:15:00+02,60,"",Gedling,60,Nottingham - Gedling
45349886,2026-07-22 19:43:00+02,60,"",Nottingham,60,Nottingham - Gedling
45357963,2026-07-22 20:15:00+02,60,"",Gedling,60,Nottingham - Gedling
45366979,2026-07-22 20:43:00+02,60,"",Nottingham,60,Nottingham - Gedling
45375398,2026-07-22 21:15:00+02,60,"",Gedling,60,Nottingham - Gedling
45382404,2026-07-22 21:43:00+02,60,"",Nottingham,60,Nottingham - Gedling
45460980,2026-07-23 07:41:00+02,60,"",Nottingham,60,Nottingham - Gedling
45471794,2026-07-23 08:15:00+02,60,"",Gedling,60,Nottingham - Gedling
45488196,2026-07-23 08:43:00+02,60,"",Nottingham,60,Nottingham - Gedling
45500949,2026-07-23 09:19:00+02,60,"",Gedling,60,Nottingham - Gedling
45517527,2026-07-23 09:52:00+02,60,"",Nottingham,60,Nottingham - Gedling
45529140,2026-07-23 10:25:00+02,60,"",Gedling,60,Nottingham - Gedling
45548443,2026-07-23 11:03:00+02,60,"",Nottingham,60,Nottingham - Gedling
45565201,2026-07-23 11:35:00+02,60,"",Gedling,60,Nottingham - Gedling
45578412,2026-07-23 12:13:00+02,60,"",Nottingham,60,Nottingham - Gedling
45593428,2026-07-23 12:45:00+02,60,"",Gedling,60,Nottingham - Gedling
45611463,2026-07-23 13:23:00+02,60,"",Nottingham,60,Nottingham - Gedling
45626193,2026-07-23 13:55:00+02,60,"",Gedling,60,Nottingham - Gedling
45642271,2026-07-23 14:33:00+02,60,"",Nottingham,60,Nottingham - Gedling
45653545,2026-07-23 15:05:00+02,60,"",Gedling,60,Nottingham - Gedling
45671331,2026-07-23 15:43:00+02,60,"",Nottingham,60,Nottingham - Gedling
45684184,2026-07-23 16:15:00+02,60,"",Gedling,60,Nottingham - Gedling
45702539,2026-07-23 16:51:00+02,60,"",Nottingham,60,Nottingham - Gedling
45717306,2026-07-23 17:25:00+02,60,"",Gedling,60,Nottingham - Gedling
45732831,2026-07-23 18:03:00+02,60,"",Nottingham,60,Nottingham - Gedling
45743852,2026-07-23 18:35:00+02,60,"",Gedling,60,Nottingham - Gedling
45758103,2026-07-23 19:13:00+02,60,"",Nottingham,60,Nottingham - Gedling
45769185,2026-07-23 19:45:00+02,60,"",Gedling,60,Nottingham - Gedling
45781892,2026-07-23 20:13:00+02,60,"",Nottingham,60,Nottingham - Gedling
45788504,2026-07-23 20:45:00+02,60,"",Gedling,60,Nottingham - Gedling
45798127,2026-07-23 21:13:00+02,60,"",Nottingham,60,Nottingham - Gedling
45803760,2026-07-23 21:45:00+02,60,"",Gedling,60,Nottingham - Gedling
45811765,2026-07-23 22:13:00+02,60,"",Nottingham,60,Nottingham - Gedling
45817310,2026-07-23 22:45:00+02,60,"",Gedling,60,Nottingham - Gedling
45823704,2026-07-23 23:13:00+02,60,"",Nottingham,60,Nottingham - Gedling
45829156,2026-07-23 23:45:00+02,60,"",Gedling,60,Nottingham - Gedling
45835241,2026-07-24 00:10:00+02,60,"",Nottingham,60,Nottingham - Gedling
45857968,2026-07-24 06:01:00+02,60,"",Nottingham,60,Nottingham - Gedling
45862032,2026-07-24 06:32:00+02,60,"",Gedling,60,Nottingham - Gedling
45868495,2026-07-24 06:59:00+02,60,"",Nottingham,60,Nottingham - Gedling
45877272,2026-07-24 07:30:00+02,60,"",Gedling,60,Nottingham - Gedling
45893751,2026-07-24 08:01:00+02,60,"",Nottingham,60,Nottingham - Gedling
45908300,2026-07-24 08:35:00+02,26B,"",Gedling,26B,Nottingham - Southwell
45922955,2026-07-24 09:13:00+02,60,"",Nottingham,60,Nottingham - Gedling
45936685,2026-07-24 09:49:00+02,60,"",Gedling,60,Nottingham - Gedling
45951818,2026-07-24 10:23:00+02,60,"",Nottingham,60,Nottingham - Gedling
45968946,2026-07-24 10:55:00+02,60,"",Gedling,60,Nottingham - Gedling
45981769,2026-07-24 11:33:00+02,60,"",Nottingham,60,Nottingham - Gedling
45997256,2026-07-24 12:05:00+02,60,"",Gedling,60,Nottingham - Gedling
46012680,2026-07-24 12:43:00+02,60,"",Nottingham,60,Nottingham - Gedling
46029149,2026-07-24 13:15:00+02,60,"",Gedling,60,Nottingham - Gedling
46042970,2026-07-24 13:53:00+02,60,"",Nottingham,60,Nottingham - Gedling
46060913,2026-07-24 14:25:00+02,60,"",Gedling,60,Nottingham - Gedling
46074162,2026-07-24 15:03:00+02,60,"",Nottingham,60,Nottingham - Gedling
46089372,2026-07-24 15:35:00+02,60,"",Gedling,60,Nottingham - Gedling
46105527,2026-07-24 16:11:00+02,60,"",Nottingham,60,Nottingham - Gedling
46120074,2026-07-24 16:45:00+02,60,"",Gedling,60,Nottingham - Gedling
46138097,2026-07-24 17:23:00+02,60,"",Nottingham,60,Nottingham - Gedling
46150350,2026-07-24 17:55:00+02,60,"",Gedling,60,Nottingham - Gedling
46167536,2026-07-24 18:33:00+02,60,"",Nottingham,60,Nottingham - Gedling
46179173,2026-07-24 19:05:00+02,60,"",Gedling,60,Nottingham - Gedling
46285946,2026-07-25 06:44:00+02,60,"",Nottingham,60,Nottingham - Gedling
46290831,2026-07-25 07:15:00+02,60,"",Gedling,60,Nottingham - Gedling
46297155,2026-07-25 07:44:00+02,60,"",Nottingham,60,Nottingham - Gedling
46304937,2026-07-25 08:15:00+02,60,"",Gedling,60,Nottingham - Gedling
46315057,2026-07-25 08:44:00+02,60,"",Nottingham,60,Nottingham - Gedling
46324157,2026-07-25 09:15:00+02,60,"",Gedling,60,Nottingham - Gedling
46334921,2026-07-25 09:39:00+02,60,"",Nottingham,60,Nottingham - Gedling
46345541,2026-07-25 10:10:00+02,60,"",Gedling,60,Nottingham - Gedling
46357867,2026-07-25 10:43:00+02,60,"",Nottingham,60,Nottingham - Gedling
46373278,2026-07-25 11:15:00+02,60,"",Gedling,60,Nottingham - Gedling
46386942,2026-07-25 11:53:00+02,60,"",Nottingham,60,Nottingham - Gedling
46403247,2026-07-25 12:25:00+02,60,"",Gedling,60,Nottingham - Gedling
46420916,2026-07-25 13:03:00+02,60,"",Nottingham,60,Nottingham - Gedling
46433322,2026-07-25 13:35:00+02,60,"",Gedling,60,Nottingham - Gedling
46450734,2026-07-25 14:13:00+02,60,"",Nottingham,60,Nottingham - Gedling
46466397,2026-07-25 14:45:00+02,60,"",Gedling,60,Nottingham - Gedling
46481462,2026-07-25 15:23:00+02,60,"",Nottingham,60,Nottingham - Gedling
46494744,2026-07-25 15:55:00+02,60,"",Gedling,60,Nottingham - Gedling
46507837,2026-07-25 16:33:00+02,60,"",Nottingham,60,Nottingham - Gedling
46518518,2026-07-25 17:05:00+02,60,"",Gedling,60,Nottingham - Gedling
46535751,2026-07-25 17:43:00+02,60,"",Nottingham,60,Nottingham - Gedling
46546046,2026-07-25 18:15:00+02,60,"",Gedling,60,Nottingham - Gedling
46910999,2026-07-27 06:01:00+02,60,"",Nottingham,60,Nottingham - Gedling
46915083,2026-07-27 06:32:00+02,60,"",Gedling,60,Nottingham - Gedling
46921628,2026-07-27 06:59:00+02,60,"",Nottingham,60,Nottingham - Gedling
46930532,2026-07-27 07:30:00+02,60,"",Gedling,60,Nottingham - Gedling
46942435,2026-07-27 08:01:00+02,60,"",Nottingham,60,Nottingham - Gedling
46957095,2026-07-27 08:35:00+02,26B,"",Gedling,26B,Nottingham - Southwell
46973007,2026-07-27 09:13:00+02,60,"",Nottingham,60,Nottingham - Gedling
46987963,2026-07-27 09:49:00+02,60,"",Gedling,60,Nottingham - Gedling
47005689,2026-07-27 10:23:00+02,60,"",Nottingham,60,Nottingham - Gedling
47021129,2026-07-27 10:55:00+02,60,"",Gedling,60,Nottingham - Gedling
47038310,2026-07-27 11:33:00+02,60,"",Nottingham,60,Nottingham - Gedling
47047488,2026-07-27 12:05:00+02,60,"",Gedling,60,Nottingham - Gedling
47064892,2026-07-27 12:43:00+02,60,"",Nottingham,60,Nottingham - Gedling
47080979,2026-07-27 13:15:00+02,60,"",Gedling,60,Nottingham - Gedling
47096181,2026-07-27 13:53:00+02,60,"",Nottingham,60,Nottingham - Gedling
47110030,2026-07-27 14:25:00+02,60,"",Gedling,60,Nottingham - Gedling
47129170,2026-07-27 15:03:00+02,60,"",Nottingham,60,Nottingham - Gedling
47141909,2026-07-27 15:35:00+02,60,"",Gedling,60,Nottingham - Gedling
47157956,2026-07-27 16:11:00+02,60,"",Nottingham,60,Nottingham - Gedling
47171819,2026-07-27 16:45:00+02,60,"",Gedling,60,Nottingham - Gedling
47190251,2026-07-27 17:23:00+02,60,"",Nottingham,60,Nottingham - Gedling
47201378,2026-07-27 17:55:00+02,60,"",Gedling,60,Nottingham - Gedling
47218778,2026-07-27 18:33:00+02,60,"",Nottingham,60,Nottingham - Gedling
47229273,2026-07-27 19:05:00+02,60,"",Gedling,60,Nottingham - Gedling
47336089,2026-07-28 06:31:00+02,60,"",Nottingham,60,Nottingham - Gedling
47341809,2026-07-28 07:02:00+02,60,"",Gedling,60,Nottingham - Gedling
47350797,2026-07-28 07:29:00+02,60,"",Nottingham,60,Nottingham - Gedling
47362214,2026-07-28 08:00:00+02,60,"",Gedling,60,Nottingham - Gedling
47379581,2026-07-28 08:32:00+02,60,"",Nottingham,60,Nottingham - Gedling
47390709,2026-07-28 09:08:00+02,60,"",Gedling,60,Nottingham - Gedling
47409989,2026-07-28 09:42:00+02,60,"",Nottingham,60,Nottingham - Gedling
47419975,2026-07-28 10:16:00+02,60,"",Gedling,60,Nottingham - Gedling
47441032,2026-07-28 10:53:00+02,60,"",Nottingham,60,Nottingham - Gedling
47455288,2026-07-28 11:25:00+02,60,"",Gedling,60,Nottingham - Gedling
47464874,2026-07-28 12:03:00+02,60,"",Nottingham,60,Nottingham - Gedling
47482985,2026-07-28 12:35:00+02,60,"",Gedling,60,Nottingham - Gedling
47498323,2026-07-28 13:13:00+02,60,"",Nottingham,60,Nottingham - Gedling
47515896,2026-07-28 13:45:00+02,60,"",Gedling,60,Nottingham - Gedling
47530275,2026-07-28 14:23:00+02,60,"",Nottingham,60,Nottingham - Gedling
47544874,2026-07-28 14:55:00+02,60,"",Gedling,60,Nottingham - Gedling
47563761,2026-07-28 15:33:00+02,60,"",Nottingham,60,Nottingham - Gedling
47576287,2026-07-28 16:05:00+02,60,"",Gedling,60,Nottingham - Gedling
47594293,2026-07-28 16:41:00+02,60,"",Nottingham,60,Nottingham - Gedling
47604752,2026-07-28 17:15:00+02,60,"",Gedling,60,Nottingham - Gedling
47620062,2026-07-28 17:53:00+02,60,"",Nottingham,60,Nottingham - Gedling
47633906,2026-07-28 18:25:00+02,60,"",Gedling,60,Nottingham - Gedling
47648960,2026-07-28 19:03:00+02,60,"",Nottingham,60,Nottingham - Gedling
47660862,2026-07-28 19:35:00+02,60,"",Gedling,60,Nottingham - Gedling
47776324,2026-07-29 07:41:00+02,60,"",Nottingham,60,Nottingham - Gedling
47787408,2026-07-29 08:15:00+02,60,"",Gedling,60,Nottingham - Gedling
47802337,2026-07-29 08:43:00+02,60,"",Nottingham,60,Nottingham - Gedling
47815794,2026-07-29 09:19:00+02,60,"",Gedling,60,Nottingham - Gedling
47830097,2026-07-29 09:52:00+02,60,"",Nottingham,60,Nottingham - Gedling
47844859,2026-07-29 10:25:00+02,60,"",Gedling,60,Nottingham - Gedling
47862005,2026-07-29 11:03:00+02,60,"",Nottingham,60,Nottingham - Gedling
47875534,2026-07-29 11:35:00+02,60,"",Gedling,60,Nottingham - Gedling
47894383,2026-07-29 12:13:00+02,60,"",Nottingham,60,Nottingham - Gedling
47906747,2026-07-29 12:45:00+02,60,"",Gedling,60,Nottingham - Gedling
47924959,2026-07-29 13:23:00+02,60,"",Nottingham,60,Nottingham - Gedling
47937289,2026-07-29 13:55:00+02,60,"",Gedling,60,Nottingham - Gedling
47955814,2026-07-29 14:33:00+02,60,"",Nottingham,60,Nottingham - Gedling
47968990,2026-07-29 15:05:00+02,60,"",Gedling,60,Nottingham - Gedling
47988459,2026-07-29 15:43:00+02,60,"",Nottingham,60,Nottingham - Gedling
47998103,2026-07-29 16:15:00+02,60,"",Gedling,60,Nottingham - Gedling
48014116,2026-07-29 16:51:00+02,60,"",Nottingham,60,Nottingham - Gedling
48027051,2026-07-29 17:25:00+02,60,"",Gedling,60,Nottingham - Gedling
48045013,2026-07-29 18:03:00+02,60,"",Nottingham,60,Nottingham - Gedling
48056287,2026-07-29 18:35:00+02,60,"",Gedling,60,Nottingham - Gedling
48075173,2026-07-29 19:13:00+02,60,"",Nottingham,60,Nottingham - Gedling
48084228,2026-07-29 19:45:00+02,60,"",Gedling,60,Nottingham - Gedling
48095539,2026-07-29 20:13:00+02,60,"",Nottingham,60,Nottingham - Gedling
48101528,2026-07-29 20:45:00+02,60,"",Gedling,60,Nottingham - Gedling
48111973,2026-07-29 21:13:00+02,60,"",Nottingham,60,Nottingham - Gedling
48116992,2026-07-29 21:45:00+02,60,"",Gedling,60,Nottingham - Gedling
48124396,2026-07-29 22:13:00+02,60,"",Nottingham,60,Nottingham - Gedling
48129738,2026-07-29 22:45:00+02,60,"",Gedling,60,Nottingham - Gedling
48137193,2026-07-29 23:13:00+02,60,"",Nottingham,60,Nottingham - Gedling
48141763,2026-07-29 23:45:00+02,60,"",Gedling,60,Nottingham - Gedling
48148371,2026-07-30 00:10:00+02,60,"",Nottingham,60,Nottingham - Gedling
48214954,2026-07-30 08:22:00+02,60,"",Nottingham,60,Nottingham - Gedling
48226822,2026-07-30 08:58:00+02,60,"",Gedling,60,Nottingham - Gedling
48242341,2026-07-30 09:31:00+02,60,"",Nottingham,60,Nottingham - Gedling
48257792,2026-07-30 10:07:00+02,60,"",Gedling,60,Nottingham - Gedling
48272045,2026-07-30 10:43:00+02,60,"",Nottingham,60,Nottingham - Gedling
48286433,2026-07-30 11:15:00+02,60,"",Gedling,60,Nottingham - Gedling
48306122,2026-07-30 11:53:00+02,60,"",Nottingham,60,Nottingham - Gedling
48317091,2026-07-30 12:25:00+02,60,"",Gedling,60,Nottingham - Gedling
48337073,2026-07-30 13:03:00+02,60,"",Nottingham,60,Nottingham - Gedling
48348079,2026-07-30 13:35:00+02,60,"",Gedling,60,Nottingham - Gedling
48362307,2026-07-30 14:13:00+02,60,"",Nottingham,60,Nottingham - Gedling
48380274,2026-07-30 14:45:00+02,60,"",Gedling,60,Nottingham - Gedling
48396267,2026-07-30 15:23:00+02,60,"",Nottingham,60,Nottingham - Gedling
48412283,2026-07-30 15:55:00+02,60,"",Gedling,60,Nottingham - Gedling
48427494,2026-07-30 16:31:00+02,60,"",Nottingham,60,Nottingham - Gedling
48440384,2026-07-30 17:05:00+02,60,"",Gedling,60,Nottingham - Gedling
48457581,2026-07-30 17:43:00+02,60,"",Nottingham,60,Nottingham - Gedling
48468623,2026-07-30 18:15:00+02,60,"",Gedling,60,Nottingham - Gedling
48486026,2026-07-30 18:53:00+02,60,"",Nottingham,60,Nottingham - Gedling
48497008,2026-07-30 19:25:00+02,60,"",Gedling,60,Nottingham - Gedling
48510999,2026-07-30 19:58:00+02,60,"",Nottingham,60,Nottingham - Gedling
48517391,2026-07-30 20:30:00+02,60,"",Gedling,60,Nottingham - Gedling
48527899,2026-07-30 20:58:00+02,60,"",Nottingham,60,Nottingham - Gedling
48604098,2026-07-31 07:14:00+02,60,"",Nottingham,60,Nottingham - Gedling
48614772,2026-07-31 07:45:00+02,60,"",Gedling,60,Nottingham - Gedling
48627435,2026-07-31 08:12:00+02,60,"",Nottingham,60,Nottingham - Gedling
48639852,2026-07-31 08:45:00+02,60,"",Gedling,60,Nottingham - Gedling
48656322,2026-07-31 09:21:00+02,60,"",Nottingham,60,Nottingham - Gedling
48669592,2026-07-31 09:58:00+02,60,"",Gedling,60,Nottingham - Gedling
48686654,2026-07-31 10:33:00+02,60,"",Nottingham,60,Nottingham - Gedling
48700594,2026-07-31 11:05:00+02,60,"",Gedling,60,Nottingham - Gedling
48717704,2026-07-31 11:43:00+02,60,"",Nottingham,60,Nottingham - Gedling
48728869,2026-07-31 12:15:00+02,60,"",Gedling,60,Nottingham - Gedling
48747696,2026-07-31 12:53:00+02,60,"",Nottingham,60,Nottingham - Gedling
48759851,2026-07-31 13:25:00+02,60,"",Gedling,60,Nottingham - Gedling
48778061,2026-07-31 14:03:00+02,60,"",Nottingham,60,Nottingham - Gedling
48791430,2026-07-31 14:35:00+02,60,"",Gedling,60,Nottingham - Gedling
48806895,2026-07-31 15:13:00+02,60,"",Nottingham,60,Nottingham - Gedling
48821698,2026-07-31 15:45:00+02,60,"",Gedling,60,Nottingham - Gedling
48836324,2026-07-31 16:21:00+02,60,"",Nottingham,60,Nottingham - Gedling
48851081,2026-07-31 16:55:00+02,60,"",Gedling,60,Nottingham - Gedling
48865831,2026-07-31 17:33:00+02,60,"",Nottingham,60,Nottingham - Gedling
48880330,2026-07-31 18:05:00+02,60,"",Gedling,60,Nottingham - Gedling
48895302,2026-07-31 18:43:00+02,60,"",Nottingham,60,Nottingham - Gedling
48908691,2026-07-31 19:15:00+02,60,"",Gedling,60,Nottingham - Gedling
48919153,2026-07-31 19:43:00+02,60,"",Nottingham,60,Nottingham - Gedling
48927153,2026-07-31 20:15:00+02,60,"",Gedling,60,Nottingham - Gedling
49671298,2026-08-03 08:06:00+02,40,"",Nottingham,40,Nottingham - Edwards Lane Estate
49688431,2026-08-03 08:53:00+02,60,"",Nottingham,60,Nottingham - Gedling
49688021,2026-08-03 09:29:00+02,60,"",Gedling,60,Nottingham - Gedling
49719384,2026-08-03 10:03:00+02,60,"",Nottingham,60,Nottingham - Gedling
49731557,2026-08-03 10:35:00+02,60,"",Gedling,60,Nottingham - Gedling
49750027,2026-08-03 11:13:00+02,60,"",Nottingham,60,Nottingham - Gedling
49762137,2026-08-03 11:45:00+02,60,"",Gedling,60,Nottingham - Gedling
49779330,2026-08-03 12:23:00+02,60,"",Nottingham,60,Nottingham - Gedling
49792647,2026-08-03 12:55:00+02,60,"",Gedling,60,Nottingham - Gedling
49810143,2026-08-03 13:33:00+02,60,"",Nottingham,60,Nottingham - Gedling
49823724,2026-08-03 14:05:00+02,60,"",Gedling,60,Nottingham - Gedling
49842352,2026-08-03 14:43:00+02,60,"",Nottingham,60,Nottingham - Gedling
49854755,2026-08-03 15:15:00+02,60,"",Gedling,60,Nottingham - Gedling
49874715,2026-08-03 15:53:00+02,60,"",Nottingham,60,Nottingham - Gedling
49884167,2026-08-03 16:25:00+02,60,"",Gedling,60,Nottingham - Gedling
49898031,2026-08-03 17:01:00+02,60,"",Nottingham,60,Nottingham - Gedling
49913432,2026-08-03 17:35:00+02,60,"",Gedling,60,Nottingham - Gedling
49930421,2026-08-03 18:13:00+02,60,"",Nottingham,60,Nottingham - Gedling
49941562,2026-08-03 18:45:00+02,60,"",Gedling,60,Nottingham - Gedling
49955295,2026-08-03 19:28:00+02,60,"",Nottingham,60,Nottingham - Gedling
49968917,2026-08-03 20:00:00+02,60,"",Gedling,60,Nottingham - Gedling
49978645,2026-08-03 20:28:00+02,60,"",Nottingham,60,Nottingham - Gedling
50066922,2026-08-04 07:14:00+02,60,"",Nottingham,60,Nottingham - Gedling
50076956,2026-08-04 07:45:00+02,60,"",Gedling,60,Nottingham - Gedling
50089074,2026-08-04 08:12:00+02,60,"",Nottingham,60,Nottingham - Gedling
50103074,2026-08-04 08:45:00+02,60,"",Gedling,60,Nottingham - Gedling
50122343,2026-08-04 09:21:00+02,60,"",Nottingham,60,Nottingham - Gedling
50133262,2026-08-04 09:58:00+02,60,"",Gedling,60,Nottingham - Gedling
50152308,2026-08-04 10:33:00+02,60,"",Nottingham,60,Nottingham - Gedling
50164100,2026-08-04 11:05:00+02,60,"",Gedling,60,Nottingham - Gedling
50182798,2026-08-04 11:43:00+02,60,"",Nottingham,60,Nottingham - Gedling
50195092,2026-08-04 12:15:00+02,60,"",Gedling,60,Nottingham - Gedling
50213894,2026-08-04 12:53:00+02,60,"",Nottingham,60,Nottingham - Gedling
50225440,2026-08-04 13:25:00+02,60,"",Gedling,60,Nottingham - Gedling
50241022,2026-08-04 14:03:00+02,60,"",Nottingham,60,Nottingham - Gedling
50257434,2026-08-04 14:35:00+02,60,"",Gedling,60,Nottingham - Gedling
50271827,2026-08-04 15:13:00+02,60,"",Nottingham,60,Nottingham - Gedling
50286238,2026-08-04 15:45:00+02,60,"",Gedling,60,Nottingham - Gedling
50305509,2026-08-04 16:21:00+02,60,"",Nottingham,60,Nottingham - Gedling
50315928,2026-08-04 16:55:00+02,60,"",Gedling,60,Nottingham - Gedling
50331570,2026-08-04 17:33:00+02,60,"",Nottingham,60,Nottingham - Gedling
50346221,2026-08-04 18:05:00+02,60,"",Gedling,60,Nottingham - Gedling
50360274,2026-08-04 18:43:00+02,60,"",Nottingham,60,Nottingham - Gedling
50374156,2026-08-04 19:15:00+02,60,"",Gedling,60,Nottingham - Gedling
50384730,2026-08-04 19:43:00+02,60,"",Nottingham,60,Nottingham - Gedling
50392841,2026-08-04 20:15:00+02,60,"",Gedling,60,Nottingham - Gedling
50403122,2026-08-04 20:43:00+02,60,"",Nottingham,60,Nottingham - Gedling
50409635,2026-08-04 21:15:00+02,60,"",Gedling,60,Nottingham - Gedling
50417858,2026-08-04 21:43:00+02,60,"",Nottingham,60,Nottingham - Gedling
50484389,2026-08-05 07:14:00+02,60,"",Nottingham,60,Nottingham - Gedling
50496054,2026-08-05 07:45:00+02,60,"",Gedling,60,Nottingham - Gedling
50508741,2026-08-05 08:12:00+02,60,"",Nottingham,60,Nottingham - Gedling
50522294,2026-08-05 08:45:00+02,60,"",Gedling,60,Nottingham - Gedling
50537362,2026-08-05 09:21:00+02,60,"",Nottingham,60,Nottingham - Gedling
50551211,2026-08-05 09:58:00+02,60,"",Gedling,60,Nottingham - Gedling
50568088,2026-08-05 10:33:00+02,60,"",Nottingham,60,Nottingham - Gedling
50581943,2026-08-05 11:05:00+02,60,"",Gedling,60,Nottingham - Gedling
50597987,2026-08-05 11:43:00+02,60,"",Nottingham,60,Nottingham - Gedling
50613541,2026-08-05 12:15:00+02,60,"",Gedling,60,Nottingham - Gedling
50628748,2026-08-05 12:53:00+02,60,"",Nottingham,60,Nottingham - Gedling
50644989,2026-08-05 13:25:00+02,60,"",Gedling,60,Nottingham - Gedling
50661782,2026-08-05 14:03:00+02,60,"",Nottingham,60,Nottingham - Gedling
50674504,2026-08-05 14:35:00+02,60,"",Gedling,60,Nottingham - Gedling
50692578,2026-08-05 15:13:00+02,60,"",Nottingham,60,Nottingham - Gedling
50705196,2026-08-05 15:45:00+02,60,"",Gedling,60,Nottingham - Gedling
50721415,2026-08-05 16:21:00+02,60,"",Nottingham,60,Nottingham - Gedling
50734566,2026-08-05 16:55:00+02,60,"",Gedling,60,Nottingham - Gedling
50751573,2026-08-05 17:33:00+02,60,"",Nottingham,60,Nottingham - Gedling
50766286,2026-08-05 18:05:00+02,60,"",Gedling,60,Nottingham - Gedling
50781354,2026-08-05 18:43:00+02,60,"",Nottingham,60,Nottingham - Gedling
50793662,2026-08-05 19:15:00+02,60,"",Gedling,60,Nottingham - Gedling
50804031,2026-08-05 19:43:00+02,60,"",Nottingham,60,Nottingham - Gedling
50812694,2026-08-05 20:15:00+02,60,"",Gedling,60,Nottingham - Gedling
50821959,2026-08-05 20:43:00+02,60,"",Nottingham,60,Nottingham - Gedling
50829884,2026-08-05 21:15:00+02,60,"",Gedling,60,Nottingham - Gedling
50837199,2026-08-05 21:43:00+02,60,"",Nottingham,60,Nottingham - Gedling
51354691,2026-08-07 08:22:00+02,60,"",Nottingham,60,Nottingham - Gedling
51367207,2026-08-07 08:58:00+02,60,"",Gedling,60,Nottingham - Gedling
51382673,2026-08-07 09:31:00+02,60,"",Nottingham,60,Nottingham - Gedling
51397482,2026-08-07 10:07:00+02,60,"",Gedling,60,Nottingham - Gedling
51414062,2026-08-07 10:43:00+02,60,"",Nottingham,60,Nottingham - Gedling
51428404,2026-08-07 11:15:00+02,60,"",Gedling,60,Nottingham - Gedling
51443521,2026-08-07 11:53:00+02,60,"",Nottingham,60,Nottingham - Gedling
51459537,2026-08-07 12:25:00+02,60,"",Gedling,60,Nottingham - Gedling
51474121,2026-08-07 13:03:00+02,60,"",Nottingham,60,Nottingham - Gedling
51490562,2026-08-07 13:35:00+02,60,"",Gedling,60,Nottingham - Gedling
51505972,2026-08-07 14:13:00+02,60,"",Nottingham,60,Nottingham - Gedling
51520671,2026-08-07 14:45:00+02,60,"",Gedling,60,Nottingham - Gedling
51535405,2026-08-07 15:23:00+02,60,"",Nottingham,60,Nottingham - Gedling
51550739,2026-08-07 15:55:00+02,60,"",Gedling,60,Nottingham - Gedling
51563865,2026-08-07 16:31:00+02,60,"",Nottingham,60,Nottingham - Gedling
51579614,2026-08-07 17:05:00+02,60,"",Gedling,60,Nottingham - Gedling
51593629,2026-08-07 17:43:00+02,60,"",Nottingham,60,Nottingham - Gedling
51609495,2026-08-07 18:15:00+02,60,"",Gedling,60,Nottingham - Gedling
51625065,2026-08-07 18:53:00+02,60,"",Nottingham,60,Nottingham - Gedling
51636569,2026-08-07 19:25:00+02,60,"",Gedling,60,Nottingham - Gedling
51648846,2026-08-07 19:58:00+02,60,"",Nottingham,60,Nottingham - Gedling
51658069,2026-08-07 20:30:00+02,60,"",Gedling,60,Nottingham - Gedling
51667694,2026-08-07 20:58:00+02,60,"",Nottingham,60,Nottingham - Gedling
51816021,2026-08-08 10:53:00+02,60,"",Nottingham,60,Nottingham - Gedling
51828453,2026-08-08 11:25:00+02,60,"",Gedling,60,Nottingham - Gedling
51846214,2026-08-08 12:03:00+02,60,"",Nottingham,60,Nottingham - Gedling
51858218,2026-08-08 12:35:00+02,60,"",Gedling,60,Nottingham - Gedling
51874761,2026-08-08 13:13:00+02,60,"",Nottingham,60,Nottingham - Gedling
51888826,2026-08-08 13:45:00+02,60,"",Gedling,60,Nottingham - Gedling
51902194,2026-08-08 14:23:00+02,60,"",Nottingham,60,Nottingham - Gedling
51917810,2026-08-08 14:55:00+02,60,"",Gedling,60,Nottingham - Gedling
51932019,2026-08-08 15:33:00+02,60,"",Nottingham,60,Nottingham - Gedling
51947895,2026-08-08 16:05:00+02,60,"",Gedling,60,Nottingham - Gedling
51964758,2026-08-08 16:43:00+02,60,"",Nottingham,60,Nottingham - Gedling
51976543,2026-08-08 17:15:00+02,60,"",Gedling,60,Nottingham - Gedling
51991715,2026-08-08 17:53:00+02,60,"",Nottingham,60,Nottingham - Gedling
52004319,2026-08-08 18:25:00+02,60,"",Gedling,60,Nottingham - Gedling
52015743,2026-08-08 18:58:00+02,60,"",Nottingham,60,Nottingham - Gedling
52026434,2026-08-08 19:30:00+02,60,"",Gedling,60,Nottingham - Gedling
52036413,2026-08-08 19:58:00+02,60,"",Nottingham,60,Nottingham - Gedling
52043572,2026-08-08 20:30:00+02,60,"",Gedling,60,Nottingham - Gedling
52052701,2026-08-08 20:58:00+02,60,"",Nottingham,60,Nottingham - Gedling
52167298,2026-08-09 11:26:00+02,60,"",Nottingham,60,Nottingham - Gedling
52174566,2026-08-09 11:55:00+02,60,"",Gedling,60,Nottingham - Gedling
52181389,2026-08-09 12:26:00+02,60,"",Nottingham,60,Nottingham - Gedling
52189338,2026-08-09 12:55:00+02,60,"",Gedling,60,Nottingham - Gedling
52197631,2026-08-09 13:26:00+02,60,"",Nottingham,60,Nottingham - Gedling
52204446,2026-08-09 13:55:00+02,60,"",Gedling,60,Nottingham - Gedling
52213305,2026-08-09 14:26:00+02,60,"",Nottingham,60,Nottingham - Gedling
52220699,2026-08-09 14:55:00+02,60,"",Gedling,60,Nottingham - Gedling
52228472,2026-08-09 15:26:00+02,60,"",Nottingham,60,Nottingham - Gedling
52235779,2026-08-09 15:55:00+02,60,"",Gedling,60,Nottingham - Gedling
52243681,2026-08-09 16:26:00+02,60,"",Nottingham,60,Nottingham - Gedling
52251260,2026-08-09 16:55:00+02,60,"",Gedling,60,Nottingham - Gedling
52258744,2026-08-09 17:26:00+02,60,"",Nottingham,60,Nottingham - Gedling
52266802,2026-08-09 17:55:00+02,60,"",Gedling,60,Nottingham - Gedling
52406184,2026-08-10 08:22:00+02,60,"",Nottingham,60,Nottingham - Gedling
52419148,2026-08-10 08:58:00+02,60,"",Gedling,60,Nottingham - Gedling
52435697,2026-08-10 09:31:00+02,60,"",Nottingham,60,Nottingham - Gedling
52448121,2026-08-10 10:07:00+02,60,"",Gedling,60,Nottingham - Gedling
52467016,2026-08-10 10:43:00+02,60,"",Nottingham,60,Nottingham - Gedling
52477665,2026-08-10 11:15:00+02,60,"",Gedling,60,Nottingham - Gedling
52498220,2026-08-10 11:53:00+02,60,"",Nottingham,60,Nottingham - Gedling
52510232,2026-08-10 12:25:00+02,60,"",Gedling,60,Nottingham - Gedling
52524730,2026-08-10 13:03:00+02,60,"",Nottingham,60,Nottingham - Gedling
52542105,2026-08-10 13:35:00+02,60,"",Gedling,60,Nottingham - Gedling
52560538,2026-08-10 14:13:00+02,60,"",Nottingham,60,Nottingham - Gedling
52571900,2026-08-10 14:45:00+02,60,"",Gedling,60,Nottingham - Gedling
52590152,2026-08-10 15:23:00+02,60,"",Nottingham,60,Nottingham - Gedling
52602525,2026-08-10 15:55:00+02,60,"",Gedling,60,Nottingham - Gedling
52615360,2026-08-10 16:31:00+02,60,"",Nottingham,60,Nottingham - Gedling
52632626,2026-08-10 17:05:00+02,60,"",Gedling,60,Nottingham - Gedling
52646590,2026-08-10 17:43:00+02,60,"",Nottingham,60,Nottingham - Gedling
52661211,2026-08-10 18:15:00+02,60,"",Gedling,60,Nottingham - Gedling
52674765,2026-08-10 18:53:00+02,60,"",Nottingham,60,Nottingham - Gedling
52689069,2026-08-10 19:25:00+02,60,"",Gedling,60,Nottingham - Gedling
52703475,2026-08-10 19:58:00+02,60,"",Nottingham,60,Nottingham - Gedling
52710142,2026-08-10 20:30:00+02,60,"",Gedling,60,Nottingham - Gedling
52720839,2026-08-10 20:58:00+02,60,"",Nottingham,60,Nottingham - Gedling
52800194,2026-08-11 07:14:00+02,60,"",Nottingham,60,Nottingham - Gedling
52809990,2026-08-11 07:45:00+02,60,"",Gedling,60,Nottingham - Gedling
52823070,2026-08-11 08:12:00+02,60,"",Nottingham,60,Nottingham - Gedling
52835964,2026-08-11 08:45:00+02,60,"",Gedling,60,Nottingham - Gedling
52854119,2026-08-11 09:21:00+02,60,"",Nottingham,60,Nottingham - Gedling
52865831,2026-08-11 09:58:00+02,60,"",Gedling,60,Nottingham - Gedling
52883851,2026-08-11 10:33:00+02,60,"",Nottingham,60,Nottingham - Gedling
52899851,2026-08-11 11:05:00+02,60,"",Gedling,60,Nottingham - Gedling
52911732,2026-08-11 11:43:00+02,60,"",Nottingham,60,Nottingham - Gedling
52928439,2026-08-11 12:15:00+02,60,"",Gedling,60,Nottingham - Gedling
52946858,2026-08-11 12:53:00+02,60,"",Nottingham,60,Nottingham - Gedling
52959244,2026-08-11 13:25:00+02,60,"",Gedling,60,Nottingham - Gedling
52975176,2026-08-11 14:03:00+02,60,"",Nottingham,60,Nottingham - Gedling
52988218,2026-08-11 14:35:00+02,60,"",Gedling,60,Nottingham - Gedling
53005465,2026-08-11 15:13:00+02,60,"",Nottingham,60,Nottingham - Gedling
53019170,2026-08-11 15:45:00+02,60,"",Gedling,60,Nottingham - Gedling
53036314,2026-08-11 16:21:00+02,60,"",Nottingham,60,Nottingham - Gedling
53048968,2026-08-11 16:55:00+02,60,"",Gedling,60,Nottingham - Gedling
53064118,2026-08-11 17:33:00+02,60,"",Nottingham,60,Nottingham - Gedling
53081741,2026-08-11 18:05:00+02,60,"",Gedling,60,Nottingham - Gedling
53094916,2026-08-11 18:43:00+02,60,"",Nottingham,60,Nottingham - Gedling
53106450,2026-08-11 19:15:00+02,60,"",Gedling,60,Nottingham - Gedling
53118069,2026-08-11 19:43:00+02,60,"",Nottingham,60,Nottingham - Gedling
53127173,2026-08-11 20:15:00+02,60,"",Gedling,60,Nottingham - Gedling
53136887,2026-08-11 20:43:00+02,60,"",Nottingham,60,Nottingham - Gedling
53143305,2026-08-11 21:15:00+02,60,"",Gedling,60,Nottingham - Gedling
53151304,2026-08-11 21:43:00+02,60,"",Nottingham,60,Nottingham - Gedling
53263398,2026-08-12 08:53:00+02,60,"",Nottingham,60,Nottingham - Gedling
53275367,2026-08-12 09:29:00+02,60,"",Gedling,60,Nottingham - Gedling
53292723,2026-08-12 10:03:00+02,60,"",Nottingham,60,Nottingham - Gedling
53304828,2026-08-12 10:35:00+02,60,"",Gedling,60,Nottingham - Gedling
53323576,2026-08-12 11:13:00+02,60,"",Nottingham,60,Nottingham - Gedling
53337118,2026-08-12 11:45:00+02,60,"",Gedling,60,Nottingham - Gedling
53350533,2026-08-12 12:23:00+02,60,"",Nottingham,60,Nottingham - Gedling
53366097,2026-08-12 12:55:00+02,60,"",Gedling,60,Nottingham - Gedling
53380930,2026-08-12 13:33:00+02,60,"",Nottingham,60,Nottingham - Gedling
53396522,2026-08-12 14:05:00+02,60,"",Gedling,60,Nottingham - Gedling
53414752,2026-08-12 14:43:00+02,60,"",Nottingham,60,Nottingham - Gedling
53427817,2026-08-12 15:15:00+02,60,"",Gedling,60,Nottingham - Gedling
53446151,2026-08-12 15:53:00+02,60,"",Nottingham,60,Nottingham - Gedling
53458133,2026-08-12 16:25:00+02,60,"",Gedling,60,Nottingham - Gedling
53472221,2026-08-12 17:01:00+02,60,"",Nottingham,60,Nottingham - Gedling
53487867,2026-08-12 17:35:00+02,60,"",Gedling,60,Nottingham - Gedling
53504309,2026-08-12 18:13:00+02,60,"",Nottingham,60,Nottingham - Gedling
53514908,2026-08-12 18:45:00+02,60,"",Gedling,60,Nottingham - Gedling
53531399,2026-08-12 19:28:00+02,60,"",Nottingham,60,Nottingham - Gedling
53542898,2026-08-12 20:00:00+02,60,"",Gedling,60,Nottingham - Gedling
53552514,2026-08-12 20:28:00+02,60,"",Nottingham,60,Nottingham - Gedling
53683212,2026-08-13 08:53:00+02,60,"",Nottingham,60,Nottingham - Gedling
53696250,2026-08-13 09:29:00+02,60,"",Gedling,60,Nottingham - Gedling
53712419,2026-08-13 10:03:00+02,60,"",Nottingham,60,Nottingham - Gedling
53724516,2026-08-13 10:35:00+02,60,"",Gedling,60,Nottingham - Gedling
53743350,2026-08-13 11:13:00+02,60,"",Nottingham,60,Nottingham - Gedling
53754961,2026-08-13 11:45:00+02,60,"",Gedling,60,Nottingham - Gedling
53771515,2026-08-13 12:23:00+02,60,"",Nottingham,60,Nottingham - Gedling
53788504,2026-08-13 12:55:00+02,60,"",Gedling,60,Nottingham - Gedling
53803884,2026-08-13 13:33:00+02,60,"",Nottingham,60,Nottingham - Gedling
53816270,2026-08-13 14:05:00+02,60,"",Gedling,60,Nottingham - Gedling
53835679,2026-08-13 14:43:00+02,60,"",Nottingham,60,Nottingham - Gedling
53847280,2026-08-13 15:15:00+02,60,"",Gedling,60,Nottingham - Gedling
53866122,2026-08-13 15:53:00+02,60,"",Nottingham,60,Nottingham - Gedling
53877069,2026-08-13 16:25:00+02,60,"",Gedling,60,Nottingham - Gedling
53891347,2026-08-13 17:01:00+02,60,"",Nottingham,60,Nottingham - Gedling
53907094,2026-08-13 17:35:00+02,60,"",Gedling,60,Nottingham - Gedling
53920928,2026-08-13 18:13:00+02,60,"",Nottingham,60,Nottingham - Gedling
53936206,2026-08-13 18:45:00+02,60,"",Gedling,60,Nottingham - Gedling
53950315,2026-08-13 19:28:00+02,60,"",Nottingham,60,Nottingham - Gedling
53961216,2026-08-13 20:00:00+02,60,"",Gedling,60,Nottingham - Gedling
53970971,2026-08-13 20:28:00+02,60,"",Nottingham,60,Nottingham - Gedling
54060918,2026-08-14 07:14:00+02,60,"",Nottingham,60,Nottingham - Gedling
54069478,2026-08-14 07:45:00+02,60,"",Gedling,60,Nottingham - Gedling
54083524,2026-08-14 08:12:00+02,60,"",Nottingham,60,Nottingham - Gedling
54094561,2026-08-14 08:45:00+02,60,"",Gedling,60,Nottingham - Gedling
54112144,2026-08-14 09:21:00+02,60,"",Nottingham,60,Nottingham - Gedling
54123647,2026-08-14 09:58:00+02,60,"",Gedling,60,Nottingham - Gedling
54141992,2026-08-14 10:33:00+02,60,"",Nottingham,60,Nottingham - Gedling
54154373,2026-08-14 11:05:00+02,60,"",Gedling,60,Nottingham - Gedling
54172542,2026-08-14 11:43:00+02,60,"",Nottingham,60,Nottingham - Gedling
54183513,2026-08-14 12:15:00+02,60,"",Gedling,60,Nottingham - Gedling
54202718,2026-08-14 12:53:00+02,60,"",Nottingham,60,Nottingham - Gedling
54213245,2026-08-14 13:25:00+02,60,"",Gedling,60,Nottingham - Gedling
54230683,2026-08-14 14:03:00+02,60,"",Nottingham,60,Nottingham - Gedling
54242852,2026-08-14 14:35:00+02,60,"",Gedling,60,Nottingham - Gedling
54260869,2026-08-14 15:13:00+02,60,"",Nottingham,60,Nottingham - Gedling
54272364,2026-08-14 15:45:00+02,60,"",Gedling,60,Nottingham - Gedling
54287665,2026-08-14 16:21:00+02,60,"",Nottingham,60,Nottingham - Gedling
54301151,2026-08-14 16:55:00+02,60,"",Gedling,60,Nottingham - Gedling
54315324,2026-08-14 17:33:00+02,60,"",Nottingham,60,Nottingham - Gedling
54330322,2026-08-14 18:05:00+02,60,"",Gedling,60,Nottingham - Gedling
54344118,2026-08-14 18:43:00+02,60,"",Nottingham,60,Nottingham - Gedling
54358197,2026-08-14 19:15:00+02,60,"",Gedling,60,Nottingham - Gedling
54368844,2026-08-14 19:43:00+02,60,"",Nottingham,60,Nottingham - Gedling
55131922,2026-08-17 08:53:00+02,60,"",Nottingham,60,Nottingham - Gedling
55147713,2026-08-17 09:29:00+02,60,"",Gedling,60,Nottingham - Gedling
55161320,2026-08-17 10:03:00+02,60,"",Nottingham,60,Nottingham - Gedling
55176536,2026-08-17 10:35:00+02,60,"",Gedling,60,Nottingham - Gedling
55192630,2026-08-17 11:13:00+02,60,"",Nottingham,60,Nottingham - Gedling
55205397,2026-08-17 11:45:00+02,60,"",Gedling,60,Nottingham - Gedling
55222155,2026-08-17 12:23:00+02,60,"",Nottingham,60,Nottingham - Gedling
55240434,2026-08-17 12:55:00+02,60,"",Gedling,60,Nottingham - Gedling
55254759,2026-08-17 13:33:00+02,60,"",Nottingham,60,Nottingham - Gedling
55266435,2026-08-17 14:05:00+02,60,"",Gedling,60,Nottingham - Gedling
55279831,2026-08-17 14:43:00+02,60,"",Nottingham,60,Nottingham - Gedling
55296629,2026-08-17 15:15:00+02,60,"",Gedling,60,Nottingham - Gedling
55312537,2026-08-17 15:53:00+02,60,"",Nottingham,60,Nottingham - Gedling
55325358,2026-08-17 16:25:00+02,60,"",Gedling,60,Nottingham - Gedling
55341323,2026-08-17 17:01:00+02,60,"",Nottingham,60,Nottingham - Gedling
55355301,2026-08-17 17:35:00+02,60,"",Gedling,60,Nottingham - Gedling
55372340,2026-08-17 18:13:00+02,60,"",Nottingham,60,Nottingham - Gedling
55385123,2026-08-17 18:45:00+02,60,"",Gedling,60,Nottingham - Gedling
55404948,2026-08-17 19:28:00+02,60,"",Nottingham,60,Nottingham - Gedling
55411914,2026-08-17 20:00:00+02,60,"",Gedling,60,Nottingham - Gedling
55422768,2026-08-17 20:28:00+02,60,"",Nottingham,60,Nottingham - Gedling
55517768,2026-08-18 07:41:00+02,60,"",Nottingham,60,Nottingham - Gedling
55528693,2026-08-18 08:15:00+02,60,"",Gedling,60,Nottingham - Gedling
55544057,2026-08-18 08:43:00+02,60,"",Nottingham,60,Nottingham - Gedling
55555620,2026-08-18 09:19:00+02,60,"",Gedling,60,Nottingham - Gedling
55573046,2026-08-18 09:52:00+02,60,"",Nottingham,60,Nottingham - Gedling
55583633,2026-08-18 10:25:00+02,60,"",Gedling,60,Nottingham - Gedling
55602987,2026-08-18 11:03:00+02,60,"",Nottingham,60,Nottingham - Gedling
55614022,2026-08-18 11:35:00+02,60,"",Gedling,60,Nottingham - Gedling
55630503,2026-08-18 12:13:00+02,60,"",Nottingham,60,Nottingham - Gedling
55645895,2026-08-18 12:45:00+02,60,"",Gedling,60,Nottingham - Gedling
55661282,2026-08-18 13:23:00+02,60,"",Nottingham,60,Nottingham - Gedling
55676780,2026-08-18 13:55:00+02,60,"",Gedling,60,Nottingham - Gedling
55691553,2026-08-18 14:33:00+02,60,"",Nottingham,60,Nottingham - Gedling
55707420,2026-08-18 15:05:00+02,60,"",Gedling,60,Nottingham - Gedling
55721761,2026-08-18 15:43:00+02,60,"",Nottingham,60,Nottingham - Gedling
55734379,2026-08-18 16:15:00+02,60,"",Gedling,60,Nottingham - Gedling
55750709,2026-08-18 16:51:00+02,60,"",Nottingham,60,Nottingham - Gedling
55763576,2026-08-18 17:25:00+02,60,"",Gedling,60,Nottingham - Gedling
55779115,2026-08-18 18:03:00+02,60,"",Nottingham,60,Nottingham - Gedling
55791497,2026-08-18 18:35:00+02,60,"",Gedling,60,Nottingham - Gedling
55809684,2026-08-18 19:13:00+02,60,"",Nottingham,60,Nottingham - Gedling
55817432,2026-08-18 19:45:00+02,60,"",Gedling,60,Nottingham - Gedling
55828486,2026-08-18 20:13:00+02,60,"",Nottingham,60,Nottingham - Gedling
55836144,2026-08-18 20:45:00+02,60,"",Gedling,60,Nottingham - Gedling
55845069,2026-08-18 21:13:00+02,60,"",Nottingham,60,Nottingham - Gedling
55851738,2026-08-18 21:45:00+02,60,"",Gedling,60,Nottingham - Gedling
55857646,2026-08-18 22:13:00+02,60,"",Nottingham,60,Nottingham - Gedling
55862836,2026-08-18 22:45:00+02,60,"",Gedling,60,Nottingham - Gedling
55870020,2026-08-18 23:13:00+02,60,"",Nottingham,60,Nottingham - Gedling
55874420,2026-08-18 23:45:00+02,60,"",Gedling,60,Nottingham - Gedling
55880528,2026-08-19 00:10:00+02,60,"",Nottingham,60,Nottingham - Gedling
55946271,2026-08-19 08:22:00+02,60,"",Nottingham,60,Nottingham - Gedling
55958744,2026-08-19 08:58:00+02,60,"",Gedling,60,Nottingham - Gedling
55975969,2026-08-19 09:31:00+02,60,"",Nottingham,60,Nottingham - Gedling
55988147,2026-08-19 10:07:00+02,60,"",Gedling,60,Nottingham - Gedling
56005580,2026-08-19 10:43:00+02,60,"",Nottingham,60,Nottingham - Gedling
56020038,2026-08-19 11:15:00+02,60,"",Gedling,60,Nottingham - Gedling
56033384,2026-08-19 11:53:00+02,60,"",Nottingham,60,Nottingham - Gedling
56049088,2026-08-19 12:25:00+02,60,"",Gedling,60,Nottingham - Gedling
56064095,2026-08-19 13:03:00+02,60,"",Nottingham,60,Nottingham - Gedling
56081403,2026-08-19 13:35:00+02,60,"",Gedling,60,Nottingham - Gedling
56098286,2026-08-19 14:13:00+02,60,"",Nottingham,60,Nottingham - Gedling
56110198,2026-08-19 14:45:00+02,60,"",Gedling,60,Nottingham - Gedling
56127234,2026-08-19 15:23:00+02,60,"",Nottingham,60,Nottingham - Gedling
56141400,2026-08-19 15:55:00+02,60,"",Gedling,60,Nottingham - Gedling
56156195,2026-08-19 16:31:00+02,60,"",Nottingham,60,Nottingham - Gedling
56171225,2026-08-19 17:05:00+02,60,"",Gedling,60,Nottingham - Gedling
56186956,2026-08-19 17:43:00+02,60,"",Nottingham,60,Nottingham - Gedling
56202631,2026-08-19 18:15:00+02,60,"",Gedling,60,Nottingham - Gedling
56217140,2026-08-19 18:53:00+02,60,"",Nottingham,60,Nottingham - Gedling
56227238,2026-08-19 19:25:00+02,60,"",Gedling,60,Nottingham - Gedling
56240780,2026-08-19 19:58:00+02,60,"",Nottingham,60,Nottingham - Gedling
56248248,2026-08-19 20:30:00+02,60,"",Gedling,60,Nottingham - Gedling
56257928,2026-08-19 20:58:00+02,60,"",Nottingham,60,Nottingham - Gedling
56377980,2026-08-20 08:53:00+02,60,"",Nottingham,60,Nottingham - Gedling
56390376,2026-08-20 09:29:00+02,60,"",Gedling,60,Nottingham - Gedling
56409123,2026-08-20 10:03:00+02,60,"",Nottingham,60,Nottingham - Gedling
56419963,2026-08-20 10:35:00+02,60,"",Gedling,60,Nottingham - Gedling
56439299,2026-08-20 11:13:00+02,60,"",Nottingham,60,Nottingham - Gedling
56450735,2026-08-20 11:45:00+02,60,"",Gedling,60,Nottingham - Gedling
56468285,2026-08-20 12:23:00+02,60,"",Nottingham,60,Nottingham - Gedling
56481243,2026-08-20 12:55:00+02,60,"",Gedling,60,Nottingham - Gedling
56498805,2026-08-20 13:33:00+02,60,"",Nottingham,60,Nottingham - Gedling
56513825,2026-08-20 14:05:00+02,60,"",Gedling,60,Nottingham - Gedling
56530901,2026-08-20 14:43:00+02,60,"",Nottingham,60,Nottingham - Gedling
56542108,2026-08-20 15:15:00+02,60,"",Gedling,60,Nottingham - Gedling
56556892,2026-08-20 15:53:00+02,60,"",Nottingham,60,Nottingham - Gedling
56571854,2026-08-20 16:25:00+02,60,"",Gedling,60,Nottingham - Gedling
56590044,2026-08-20 17:01:00+02,60,"",Nottingham,60,Nottingham - Gedling
56602509,2026-08-20 17:35:00+02,60,"",Gedling,60,Nottingham - Gedling
56617114,2026-08-20 18:13:00+02,60,"",Nottingham,60,Nottingham - Gedling
56631803,2026-08-20 18:45:00+02,60,"",Gedling,60,Nottingham - Gedling
56645019,2026-08-20 19:28:00+02,60,"",Nottingham,60,Nottingham - Gedling
56658094,2026-08-20 20:00:00+02,60,"",Gedling,60,Nottingham - Gedling
56667587,2026-08-20 20:28:00+02,60,"",Nottingham,60,Nottingham - Gedling
56817712,2026-08-21 09:42:00+02,60,"",Nottingham,60,Nottingham - Gedling
56828430,2026-08-21 10:16:00+02,60,"",Gedling,60,Nottingham - Gedling
56844692,2026-08-21 10:53:00+02,60,"",Nottingham,60,Nottingham - Gedling
56862251,2026-08-21 11:25:00+02,60,"",Gedling,60,Nottingham - Gedling
56873011,2026-08-21 12:03:00+02,60,"",Nottingham,60,Nottingham - Gedling
56889696,2026-08-21 12:35:00+02,60,"",Gedling,60,Nottingham - Gedling
56906829,2026-08-21 13:13:00+02,60,"",Nottingham,60,Nottingham - Gedling
56924702,2026-08-21 13:45:00+02,60,"",Gedling,60,Nottingham - Gedling
56938234,2026-08-21 14:23:00+02,60,"",Nottingham,60,Nottingham - Gedling
56952266,2026-08-21 14:55:00+02,60,"",Gedling,60,Nottingham - Gedling
56970587,2026-08-21 15:33:00+02,60,"",Nottingham,60,Nottingham - Gedling
56986269,2026-08-21 16:05:00+02,60,"",Gedling,60,Nottingham - Gedling
57002350,2026-08-21 16:41:00+02,60,"",Nottingham,60,Nottingham - Gedling
57013649,2026-08-21 17:15:00+02,60,"",Gedling,60,Nottingham - Gedling
57028210,2026-08-21 17:53:00+02,60,"",Nottingham,60,Nottingham - Gedling
57042060,2026-08-21 18:25:00+02,60,"",Gedling,60,Nottingham - Gedling
57059559,2026-08-21 19:03:00+02,60,"",Nottingham,60,Nottingham - Gedling
57068000,2026-08-21 19:35:00+02,60,"",Gedling,60,Nottingham - Gedling
57158481,2026-08-22 06:01:00+02,60,"",Nottingham,60,Nottingham - Gedling
57161243,2026-08-22 06:32:00+02,60,"",Gedling,60,Nottingham - Gedling
57166495,2026-08-22 07:14:00+02,60,"",Nottingham,60,Nottingham - Gedling
57174329,2026-08-22 07:45:00+02,60,"",Gedling,60,Nottingham - Gedling
57183586,2026-08-22 08:14:00+02,60,"",Nottingham,60,Nottingham - Gedling
57191300,2026-08-22 08:45:00+02,60,"",Gedling,60,Nottingham - Gedling
57201922,2026-08-22 09:14:00+02,60,"",Nottingham,60,Nottingham - Gedling
57212707,2026-08-22 09:45:00+02,60,"",Gedling,60,Nottingham - Gedling
57224399,2026-08-22 10:14:00+02,60,"",Nottingham,60,Nottingham - Gedling
57236460,2026-08-22 10:45:00+02,60,"",Gedling,60,Nottingham - Gedling
57254922,2026-08-22 11:23:00+02,60,"",Nottingham,60,Nottingham - Gedling
57265007,2026-08-22 11:55:00+02,60,"",Gedling,60,Nottingham - Gedling
57281293,2026-08-22 12:33:00+02,60,"",Nottingham,60,Nottingham - Gedling
57295050,2026-08-22 13:05:00+02,60,"",Gedling,60,Nottingham - Gedling
57309866,2026-08-22 13:43:00+02,60,"",Nottingham,60,Nottingham - Gedling
57324458,2026-08-22 14:15:00+02,60,"",Gedling,60,Nottingham - Gedling
57342346,2026-08-22 14:53:00+02,60,"",Nottingham,60,Nottingham - Gedling
57353541,2026-08-22 15:25:00+02,60,"",Gedling,60,Nottingham - Gedling
57366905,2026-08-22 16:03:00+02,60,"",Nottingham,60,Nottingham - Gedling
57381305,2026-08-22 16:35:00+02,60,"",Gedling,60,Nottingham - Gedling
57393300,2026-08-22 17:13:00+02,60,"",Nottingham,60,Nottingham - Gedling
57408838,2026-08-22 17:45:00+02,60,"",Gedling,60,Nottingham - Gedling
57426996,2026-08-22 18:28:00+02,60,"",Nottingham,60,Nottingham - Gedling
57439080,2026-08-22 19:00:00+02,60,"",Gedling,60,Nottingham - Gedling
57590772,2026-08-23 11:26:00+02,60,"",Nottingham,60,Nottingham - Gedling
57598285,2026-08-23 11:55:00+02,60,"",Gedling,60,Nottingham - Gedling
57605379,2026-08-23 12:26:00+02,60,"",Nottingham,60,Nottingham - Gedling
57612439,2026-08-23 12:55:00+02,60,"",Gedling,60,Nottingham - Gedling
57620637,2026-08-23 13:26:00+02,60,"",Nottingham,60,Nottingham - Gedling
57627292,2026-08-23 13:55:00+02,60,"",Gedling,60,Nottingham - Gedling
57634259,2026-08-23 14:26:00+02,60,"",Nottingham,60,Nottingham - Gedling
57643060,2026-08-23 14:55:00+02,60,"",Gedling,60,Nottingham - Gedling
57650271,2026-08-23 15:26:00+02,60,"",Nottingham,60,Nottingham - Gedling
57660008,2026-08-23 15:55:00+02,60,"",Gedling,60,Nottingham - Gedling
57667132,2026-08-23 16:26:00+02,60,"",Nottingham,60,Nottingham - Gedling
57673775,2026-08-23 16:55:00+02,60,"",Gedling,60,Nottingham - Gedling
57684046,2026-08-23 17:26:00+02,60,"",Nottingham,60,Nottingham - Gedling
57690233,2026-08-23 17:55:00+02,60,"",Gedling,60,Nottingham - Gedling
57812237,2026-08-24 07:41:00+02,60,"",Nottingham,60,Nottingham - Gedling
57822052,2026-08-24 08:15:00+02,60,"",Gedling,60,Nottingham - Gedling
57836619,2026-08-24 08:43:00+02,60,"",Nottingham,60,Nottingham - Gedling
57849406,2026-08-24 09:19:00+02,60,"",Gedling,60,Nottingham - Gedling
57864047,2026-08-24 09:52:00+02,60,"",Nottingham,60,Nottingham - Gedling
57878752,2026-08-24 10:25:00+02,60,"",Gedling,60,Nottingham - Gedling
57894738,2026-08-24 11:03:00+02,60,"",Nottingham,60,Nottingham - Gedling
57910765,2026-08-24 11:35:00+02,60,"",Gedling,60,Nottingham - Gedling
57926532,2026-08-24 12:13:00+02,60,"",Nottingham,60,Nottingham - Gedling
57940781,2026-08-24 12:45:00+02,60,"",Gedling,60,Nottingham - Gedling
57956689,2026-08-24 13:23:00+02,60,"",Nottingham,60,Nottingham - Gedling
57972993,2026-08-24 13:55:00+02,60,"",Gedling,60,Nottingham - Gedling
57987048,2026-08-24 14:33:00+02,60,"",Nottingham,60,Nottingham - Gedling
58003793,2026-08-24 15:05:00+02,60,"",Gedling,60,Nottingham - Gedling
58021657,2026-08-24 15:43:00+02,60,"",Nottingham,60,Nottingham - Gedling
58032004,2026-08-24 16:15:00+02,60,"",Gedling,60,Nottingham - Gedling
58050771,2026-08-24 16:51:00+02,60,"",Nottingham,60,Nottingham - Gedling
58061653,2026-08-24 17:25:00+02,60,"",Gedling,60,Nottingham - Gedling
58080033,2026-08-24 18:03:00+02,60,"",Nottingham,60,Nottingham - Gedling
58091077,2026-08-24 18:35:00+02,60,"",Gedling,60,Nottingham - Gedling
58109782,2026-08-24 19:13:00+02,60,"",Nottingham,60,Nottingham - Gedling
58117987,2026-08-24 19:45:00+02,60,"",Gedling,60,Nottingham - Gedling
58128496,2026-08-24 20:13:00+02,60,"",Nottingham,60,Nottingham - Gedling
58136722,2026-08-24 20:45:00+02,60,"",Gedling,60,Nottingham - Gedling
58145542,2026-08-24 21:13:00+02,60,"",Nottingham,60,Nottingham - Gedling
58151221,2026-08-24 21:45:00+02,60,"",Gedling,60,Nottingham - Gedling
58159655,2026-08-24 22:13:00+02,60,"",Nottingham,60,Nottingham - Gedling
58164471,2026-08-24 22:45:00+02,60,"",Gedling,60,Nottingham - Gedling
58171470,2026-08-24 23:13:00+02,60,"",Nottingham,60,Nottingham - Gedling
58176830,2026-08-24 23:45:00+02,60,"",Gedling,60,Nottingham - Gedling
58183302,2026-08-25 00:10:00+02,60,"",Nottingham,60,Nottingham - Gedling
58221105,2026-08-25 07:14:00+02,60,"",Nottingham,60,Nottingham - Gedling
58228799,2026-08-25 07:45:00+02,60,"",Gedling,60,Nottingham - Gedling
58243828,2026-08-25 08:12:00+02,60,"",Nottingham,60,Nottingham - Gedling
58254525,2026-08-25 08:45:00+02,60,"",Gedling,60,Nottingham - Gedling
58272984,2026-08-25 09:21:00+02,60,"",Nottingham,60,Nottingham - Gedling
58283844,2026-08-25 09:58:00+02,60,"",Gedling,60,Nottingham - Gedling
58298106,2026-08-25 10:33:00+02,60,"",Nottingham,60,Nottingham - Gedling
58314894,2026-08-25 11:05:00+02,60,"",Gedling,60,Nottingham - Gedling
58329046,2026-08-25 11:43:00+02,60,"",Nottingham,60,Nottingham - Gedling
58345360,2026-08-25 12:15:00+02,60,"",Gedling,60,Nottingham - Gedling
58358899,2026-08-25 12:53:00+02,60,"",Nottingham,60,Nottingham - Gedling
58373218,2026-08-25 13:25:00+02,60,"",Gedling,60,Nottingham - Gedling
58392587,2026-08-25 14:03:00+02,60,"",Nottingham,60,Nottingham - Gedling
58404126,2026-08-25 14:35:00+02,60,"",Gedling,60,Nottingham - Gedling
58421222,2026-08-25 15:13:00+02,60,"",Nottingham,60,Nottingham - Gedling
58435367,2026-08-25 15:45:00+02,60,"",Gedling,60,Nottingham - Gedling
58451052,2026-08-25 16:21:00+02,60,"",Nottingham,60,Nottingham - Gedling
58463083,2026-08-25 16:55:00+02,60,"",Gedling,60,Nottingham - Gedling
58481069,2026-08-25 17:33:00+02,60,"",Nottingham,60,Nottingham - Gedling
58490564,2026-08-25 18:05:00+02,60,"",Gedling,60,Nottingham - Gedling
58509301,2026-08-25 18:43:00+02,60,"",Nottingham,60,Nottingham - Gedling
58518478,2026-08-25 19:15:00+02,60,"",Gedling,60,Nottingham - Gedling
58531676,2026-08-25 19:43:00+02,60,"",Nottingham,60,Nottingham - Gedling
58539379,2026-08-25 20:15:00+02,60,"",Gedling,60,Nottingham - Gedling
58547707,2026-08-25 20:43:00+02,60,"",Nottingham,60,Nottingham - Gedling
58554168,2026-08-25 21:15:00+02,60,"",Gedling,60,Nottingham - Gedling
58562266,2026-08-25 21:43:00+02,60,"",Nottingham,60,Nottingham - Gedling
58692571,2026-08-26 09:39:00+02,60,"",Gedling,60,Nottingham - Gedling
58702634,2026-08-26 10:13:00+02,60,"",Nottingham,60,Nottingham - Gedling
58713129,2026-08-26 10:45:00+02,60,"",Gedling,60,Nottingham - Gedling
58730317,2026-08-26 11:23:00+02,60,"",Nottingham,60,Nottingham - Gedling
58743273,2026-08-26 11:55:00+02,60,"",Gedling,60,Nottingham - Gedling
58761650,2026-08-26 12:33:00+02,60,"",Nottingham,60,Nottingham - Gedling
58774222,2026-08-26 13:05:00+02,60,"",Gedling,60,Nottingham - Gedling
58792419,2026-08-26 13:43:00+02,60,"",Nottingham,60,Nottingham - Gedling
58805071,2026-08-26 14:15:00+02,60,"",Gedling,60,Nottingham - Gedling
58821748,2026-08-26 14:53:00+02,60,"",Nottingham,60,Nottingham - Gedling
58832870,2026-08-26 15:25:00+02,60,"",Gedling,60,Nottingham - Gedling
58852209,2026-08-26 16:01:00+02,60,"",Nottingham,60,Nottingham - Gedling
58861774,2026-08-26 16:35:00+02,60,"",Gedling,60,Nottingham - Gedling
58880037,2026-08-26 17:12:00+02,60,"",Nottingham,60,Nottingham - Gedling
58894271,2026-08-26 17:45:00+02,60,"",Gedling,60,Nottingham - Gedling
58911201,2026-08-26 18:23:00+02,60,"",Nottingham,60,Nottingham - Gedling
58920308,2026-08-26 18:55:00+02,60,"",Gedling,60,Nottingham - Gedling
59021520,2026-08-27 06:01:00+02,60,"",Nottingham,60,Nottingham - Gedling
59025189,2026-08-27 06:32:00+02,60,"",Gedling,60,Nottingham - Gedling
59031264,2026-08-27 06:59:00+02,60,"",Nottingham,60,Nottingham - Gedling
59040147,2026-08-27 07:30:00+02,60,"",Gedling,60,Nottingham - Gedling
59051452,2026-08-27 08:01:00+02,60,"",Nottingham,60,Nottingham - Gedling
59066472,2026-08-27 08:35:00+02,26B,"",Gedling,26B,Nottingham - Southwell
59081967,2026-08-27 09:13:00+02,60,"",Nottingham,60,Nottingham - Gedling
59096209,2026-08-27 09:49:00+02,60,"",Gedling,60,Nottingham - Gedling
59111485,2026-08-27 10:23:00+02,60,"",Nottingham,60,Nottingham - Gedling
59126414,2026-08-27 10:55:00+02,60,"",Gedling,60,Nottingham - Gedling
59143272,2026-08-27 11:33:00+02,60,"",Nottingham,60,Nottingham - Gedling
59156650,2026-08-27 12:05:00+02,60,"",Gedling,60,Nottingham - Gedling
59173135,2026-08-27 12:43:00+02,60,"",Nottingham,60,Nottingham - Gedling
59186056,2026-08-27 13:15:00+02,60,"",Gedling,60,Nottingham - Gedling
59202507,2026-08-27 13:53:00+02,60,"",Nottingham,60,Nottingham - Gedling
59215752,2026-08-27 14:25:00+02,60,"",Gedling,60,Nottingham - Gedling
59234346,2026-08-27 15:03:00+02,60,"",Nottingham,60,Nottingham - Gedling
59245729,2026-08-27 15:35:00+02,60,"",Gedling,60,Nottingham - Gedling
59264241,2026-08-27 16:11:00+02,60,"",Nottingham,60,Nottingham - Gedling
59278308,2026-08-27 16:45:00+02,60,"",Gedling,60,Nottingham - Gedling
59294085,2026-08-27 17:23:00+02,60,"",Nottingham,60,Nottingham - Gedling
59307901,2026-08-27 17:55:00+02,60,"",Gedling,60,Nottingham - Gedling
59443512,2026-08-28 07:14:00+02,60,"",Nottingham,60,Nottingham - Gedling
59456791,2026-08-28 07:45:00+02,60,"",Gedling,60,Nottingham - Gedling
59466784,2026-08-28 08:12:00+02,60,"",Nottingham,60,Nottingham - Gedling
59481462,2026-08-28 08:45:00+02,60,"",Gedling,60,Nottingham - Gedling
59494156,2026-08-28 09:21:00+02,60,"",Nottingham,60,Nottingham - Gedling
59509976,2026-08-28 09:58:00+02,60,"",Gedling,60,Nottingham - Gedling
59524383,2026-08-28 10:33:00+02,60,"",Nottingham,60,Nottingham - Gedling
59543046,2026-08-28 11:05:00+02,60,"",Gedling,60,Nottingham - Gedling
59560396,2026-08-28 11:43:00+02,60,"",Nottingham,60,Nottingham - Gedling
59574376,2026-08-28 12:15:00+02,60,"",Gedling,60,Nottingham - Gedling
59585247,2026-08-28 12:53:00+02,60,"",Nottingham,60,Nottingham - Gedling
59601524,2026-08-28 13:25:00+02,60,"",Gedling,60,Nottingham - Gedling
59619537,2026-08-28 14:03:00+02,60,"",Nottingham,60,Nottingham - Gedling
59632299,2026-08-28 14:35:00+02,60,"",Gedling,60,Nottingham - Gedling
59647303,2026-08-28 15:13:00+02,60,"",Nottingham,60,Nottingham - Gedling
59662532,2026-08-28 15:45:00+02,60,"",Gedling,60,Nottingham - Gedling
59677002,2026-08-28 16:21:00+02,60,"",Nottingham,60,Nottingham - Gedling
59691176,2026-08-28 16:55:00+02,60,"",Gedling,60,Nottingham - Gedling
59706880,2026-08-28 17:33:00+02,60,"",Nottingham,60,Nottingham - Gedling
59720100,2026-08-28 18:05:00+02,60,"",Gedling,60,Nottingham - Gedling
59734307,2026-08-28 18:43:00+02,60,"",Nottingham,60,Nottingham - Gedling
59748316,2026-08-28 19:15:00+02,60,"",Gedling,60,Nottingham - Gedling
59758754,2026-08-28 19:43:00+02,60,"",Nottingham,60,Nottingham - Gedling
59768119,2026-08-28 20:15:00+02,60,"",Gedling,60,Nottingham - Gedling
59777591,2026-08-28 20:43:00+02,60,"",Nottingham,60,Nottingham - Gedling
59783885,2026-08-28 21:15:00+02,60,"",Gedling,60,Nottingham - Gedling
59792002,2026-08-28 21:43:00+02,60,"",Nottingham,60,Nottingham - Gedling
59920062,2026-08-29 10:28:00+02,60,"",Nottingham,60,Nottingham - Gedling
59931104,2026-08-29 11:00:00+02,60,"",Gedling,60,Nottingham - Gedling
59948502,2026-08-29 11:33:00+02,60,"",Nottingham,60,Nottingham - Gedling
59959503,2026-08-29 12:05:00+02,60,"",Gedling,60,Nottingham - Gedling
59976687,2026-08-29 12:43:00+02,60,"",Nottingham,60,Nottingham - Gedling
59987673,2026-08-29 13:15:00+02,60,"",Gedling,60,Nottingham - Gedling
60004285,2026-08-29 13:53:00+02,60,"",Nottingham,60,Nottingham - Gedling
60016756,2026-08-29 14:25:00+02,60,"",Gedling,60,Nottingham - Gedling
60034562,2026-08-29 15:03:00+02,60,"",Nottingham,60,Nottingham - Gedling
60046533,2026-08-29 15:35:00+02,60,"",Gedling,60,Nottingham - Gedling
60064507,2026-08-29 16:13:00+02,60,"",Nottingham,60,Nottingham - Gedling
60079098,2026-08-29 16:45:00+02,60,"",Gedling,60,Nottingham - Gedling
60093430,2026-08-29 17:23:00+02,60,"",Nottingham,60,Nottingham - Gedling
60107561,2026-08-29 17:55:00+02,60,"",Gedling,60,Nottingham - Gedling
60525802,2026-08-31 11:06:00+02,60,"",Nottingham,60,Nottingham - Gedling
60533132,2026-08-31 11:35:00+02,60,"",Gedling,60,Nottingham - Gedling
60540824,2026-08-31 12:06:00+02,60,"",Nottingham,60,Nottingham - Gedling
60549337,2026-08-31 12:35:00+02,60,"",Gedling,60,Nottingham - Gedling
60556095,2026-08-31 13:06:00+02,60,"",Nottingham,60,Nottingham - Gedling
60564644,2026-08-31 13:35:00+02,60,"",Gedling,60,Nottingham - Gedling
60571959,2026-08-31 14:06:00+02,60,"",Nottingham,60,Nottingham - Gedling
60579031,2026-08-31 14:35:00+02,60,"",Gedling,60,Nottingham - Gedling
60585884,2026-08-31 15:06:00+02,60,"",Nottingham,60,Nottingham - Gedling
60593963,2026-08-31 15:35:00+02,60,"",Gedling,60,Nottingham - Gedling
60601601,2026-08-31 16:06:00+02,60,"",Nottingham,60,Nottingham - Gedling
60609667,2026-08-31 16:35:00+02,60,"",Gedling,60,Nottingham - Gedling
60619296,2026-08-31 17:06:00+02,60,"",Nottingham,60,Nottingham - Gedling
60625979,2026-08-31 17:35:00+02,60,"",Gedling,60,Nottingham - Gedling
60634682,2026-08-31 18:16:00+02,60,"",Nottingham,60,Nottingham - Gedling
60645694,2026-08-31 18:45:00+02,60,"",Gedling,60,Nottingham - Gedling
60653457,2026-08-31 19:16:00+02,60,"",Nottingham,60,Nottingham - Gedling
60658674,2026-08-31 19:45:00+02,60,"",Gedling,60,Nottingham - Gedling
60665361,2026-08-31 20:16:00+02,60,"",Nottingham,60,Nottingham - Gedling
60669906,2026-08-31 20:45:00+02,60,"",Gedling,60,Nottingham - Gedling
60675722,2026-08-31 21:16:00+02,60,"",Nottingham,60,Nottingham - Gedling
60681134,2026-08-31 21:45:00+02,60,"",Gedling,60,Nottingham - Gedling
60686962,2026-08-31 22:16:00+02,60,"",Nottingham,60,Nottingham - Gedling
60692118,2026-08-31 22:45:00+02,60,"",Gedling,60,Nottingham - Gedling
60809593,2026-09-01 09:13:00+02,60,"",Nottingham,60,Nottingham - Gedling
60809775,2026-09-01 09:49:00+02,60,"",Gedling,60,Nottingham - Gedling
60820114,2026-09-01 10:23:00+02,60,"",Nottingham,60,Nottingham - Gedling
60836107,2026-09-01 10:55:00+02,60,"",Gedling,60,Nottingham - Gedling
60854030,2026-09-01 11:33:00+02,60,"",Nottingham,60,Nottingham - Gedling
60867166,2026-09-01 12:05:00+02,60,"",Gedling,60,Nottingham - Gedling
60885297,2026-09-01 12:43:00+02,60,"",Nottingham,60,Nottingham - Gedling
60898326,2026-09-01 13:15:00+02,60,"",Gedling,60,Nottingham - Gedling
60914273,2026-09-01 13:53:00+02,60,"",Nottingham,60,Nottingham - Gedling
60927589,2026-09-01 14:25:00+02,60,"",Gedling,60,Nottingham - Gedling
60944274,2026-09-01 15:03:00+02,60,"",Nottingham,60,Nottingham - Gedling
60957447,2026-09-01 15:35:00+02,60,"",Gedling,60,Nottingham - Gedling
60976913,2026-09-01 16:11:00+02,60,"",Nottingham,60,Nottingham - Gedling
60991731,2026-09-01 16:45:00+02,60,"",Gedling,60,Nottingham - Gedling
61007660,2026-09-01 17:23:00+02,60,"",Nottingham,60,Nottingham - Gedling
61021628,2026-09-01 17:55:00+02,60,"",Gedling,60,Nottingham - Gedling
61037594,2026-09-01 18:33:00+02,60,"",Nottingham,60,Nottingham - Gedling
61049448,2026-09-01 19:05:00+02,60,"",Gedling,60,Nottingham - Gedling
